solid 
 facet normal  0.000000e+00 -3.144787e-03  9.999951e-01
   outer loop
     vertex -1.049699e+00 -2.515724e-02  3.999921e+00
     vertex -1.050000e+00  9.797174e-16  4.000000e+00
     vertex -2.500000e+00  9.797174e-16  4.000000e+00
   endloop
 endfacet
 facet normal -1.089871e-04 -9.427712e-03  9.999556e-01
   outer loop
     vertex -1.048798e+00 -5.023111e-02  3.999685e+00
     vertex -1.049699e+00 -2.515724e-02  3.999921e+00
     vertex -2.500000e+00  9.797174e-16  4.000000e+00
   endloop
 endfacet
 facet normal -2.575105e-04 -1.371831e-02  9.999059e-01
   outer loop
     vertex -1.048798e+00 -5.023111e-02  3.999685e+00
     vertex -2.500000e+00  9.797174e-16  4.000000e+00
     vertex -2.500000e+00 -1.097362e-01  3.998494e+00
   endloop
 endfacet
 facet normal -1.766141e-04 -1.569062e-02  9.998769e-01
   outer loop
     vertex -1.047303e+00 -7.520746e-02  3.999293e+00
     vertex -1.048798e+00 -5.023111e-02  3.999685e+00
     vertex -2.500000e+00 -1.097362e-01  3.998494e+00
   endloop
 endfacet
 facet normal -2.866302e-05 -2.191253e-02  9.997599e-01
   outer loop
     vertex -1.045220e+00 -1.000723e-01  3.998748e+00
     vertex -1.047303e+00 -7.520746e-02  3.999293e+00
     vertex -2.500000e+00 -1.097362e-01  3.998494e+00
   endloop
 endfacet
 facet normal  1.252781e-05 -2.810926e-02  9.996049e-01
   outer loop
     vertex -1.042556e+00 -1.248120e-01  3.998052e+00
     vertex -1.045220e+00 -1.000723e-01  3.998748e+00
     vertex -2.500000e+00 -1.097362e-01  3.998494e+00
   endloop
 endfacet
 facet normal -5.141088e-05 -3.428486e-02  9.994121e-01
   outer loop
     vertex -1.039315e+00 -1.494127e-01  3.997208e+00
     vertex -1.042556e+00 -1.248120e-01  3.998052e+00
     vertex -2.500000e+00 -1.097362e-01  3.998494e+00
   endloop
 endfacet
 facet normal  9.056926e-05 -8.594258e-03  9.999631e-01
   outer loop
     vertex  2.500000e+00  9.797174e-16  4.000000e+00
     vertex  1.049750e+00 -2.293193e-02  3.999934e+00
     vertex  1.049001e+00 -4.579648e-02  3.999738e+00
   endloop
 endfacet
 facet normal  1.222653e-18 -2.866613e-03  9.999959e-01
   outer loop
     vertex  2.500000e+00  9.797174e-16  4.000000e+00
     vertex  1.050000e+00  3.612708e-16  4.000000e+00
     vertex  1.049750e+00 -2.293193e-02  3.999934e+00
   endloop
 endfacet
 facet normal -2.496482e-04 -4.114462e-02  9.991532e-01
   outer loop
     vertex -1.035506e+00 -1.738612e-01  3.996220e+00
     vertex -2.500000e+00 -1.097362e-01  3.998494e+00
     vertex -2.500000e+00 -2.193898e-01  3.993979e+00
   endloop
 endfacet
 facet normal -2.188944e-04 -4.044327e-02  9.991818e-01
   outer loop
     vertex -1.035506e+00 -1.738612e-01  3.996220e+00
     vertex -1.039315e+00 -1.494127e-01  3.997208e+00
     vertex -2.500000e+00 -1.097362e-01  3.998494e+00
   endloop
 endfacet
 facet normal -8.231749e-05 -4.651546e-02  9.989176e-01
   outer loop
     vertex -1.031135e+00 -1.981442e-01  3.995089e+00
     vertex -1.035506e+00 -1.738612e-01  3.996220e+00
     vertex -2.500000e+00 -2.193898e-01  3.993979e+00
   endloop
 endfacet
 facet normal  5.164582e-06 -5.254811e-02  9.986184e-01
   outer loop
     vertex -1.026209e+00 -2.222486e-01  3.993821e+00
     vertex -1.031135e+00 -1.981442e-01  3.995089e+00
     vertex -2.500000e+00 -2.193898e-01  3.993979e+00
   endloop
 endfacet
 facet normal -6.519387e-06 -5.855292e-02  9.982843e-01
   outer loop
     vertex -1.020737e+00 -2.461618e-01  3.992418e+00
     vertex -1.026209e+00 -2.222486e-01  3.993821e+00
     vertex -2.500000e+00 -2.193898e-01  3.993979e+00
   endloop
 endfacet
 facet normal  1.829605e-04 -3.939170e-02  9.992238e-01
   outer loop
     vertex  2.500000e+00 -1.097362e-01  3.998494e+00
     vertex  1.039912e+00 -1.452005e-01  3.997364e+00
     vertex  1.036194e+00 -1.697115e-01  3.996398e+00
   endloop
 endfacet
 facet normal  2.523052e-04 -1.371831e-02  9.999059e-01
   outer loop
     vertex  2.500000e+00 -1.097362e-01  3.998494e+00
     vertex  2.500000e+00  9.797174e-16  4.000000e+00
     vertex  1.049001e+00 -4.579648e-02  3.999738e+00
   endloop
 endfacet
 facet normal  3.292432e-05 -3.322176e-02  9.994480e-01
   outer loop
     vertex  2.500000e+00 -1.097362e-01  3.998494e+00
     vertex  1.043058e+00 -1.205398e-01  3.998183e+00
     vertex  1.039912e+00 -1.452005e-01  3.997364e+00
   endloop
 endfacet
 facet normal -1.299877e-05 -2.703411e-02  9.996345e-01
   outer loop
     vertex  2.500000e+00 -1.097362e-01  3.998494e+00
     vertex  1.045626e+00 -9.574309e-02  3.998854e+00
     vertex  1.043058e+00 -1.205398e-01  3.998183e+00
   endloop
 endfacet
 facet normal  4.678034e-05 -2.082478e-02  9.997831e-01
   outer loop
     vertex  2.500000e+00 -1.097362e-01  3.998494e+00
     vertex  1.047609e+00 -7.082399e-02  3.999373e+00
     vertex  1.045626e+00 -9.574309e-02  3.998854e+00
   endloop
 endfacet
 facet normal  2.138963e-04 -1.458970e-02  9.998935e-01
   outer loop
     vertex  2.500000e+00 -1.097362e-01  3.998494e+00
     vertex  1.049001e+00 -4.579648e-02  3.999738e+00
     vertex  1.047609e+00 -7.082399e-02  3.999373e+00
   endloop
 endfacet
 facet normal -2.518744e-04 -6.853995e-02  9.976483e-01
   outer loop
     vertex -1.014726e+00 -2.698709e-01  3.990886e+00
     vertex -2.500000e+00 -2.193898e-01  3.993979e+00
     vertex -2.500000e+00 -3.288782e-01  3.986457e+00
   endloop
 endfacet
 facet normal -1.151440e-04 -6.453339e-02  9.979155e-01
   outer loop
     vertex -1.014726e+00 -2.698709e-01  3.990886e+00
     vertex -1.020737e+00 -2.461618e-01  3.992418e+00
     vertex -2.500000e+00 -2.193898e-01  3.993979e+00
   endloop
 endfacet
 facet normal -1.754635e-04 -7.045328e-02  9.975151e-01
   outer loop
     vertex -1.008185e+00 -2.933638e-01  3.989228e+00
     vertex -1.014726e+00 -2.698709e-01  3.990886e+00
     vertex -2.500000e+00 -3.288782e-01  3.986457e+00
   endloop
 endfacet
 facet normal -3.642468e-05 -7.626041e-02  9.970879e-01
   outer loop
     vertex -1.001123e+00 -3.166281e-01  3.987449e+00
     vertex -1.008185e+00 -2.933638e-01  3.989228e+00
     vertex -2.500000e+00 -3.288782e-01  3.986457e+00
   endloop
 endfacet
 facet normal  1.104803e-05 -8.203191e-02  9.966297e-01
   outer loop
     vertex -9.935474e-01 -3.396521e-01  3.985553e+00
     vertex -1.001123e+00 -3.166281e-01  3.987449e+00
     vertex -2.500000e+00 -3.288782e-01  3.986457e+00
   endloop
 endfacet
 facet normal -3.028815e-05 -8.777071e-02  9.961407e-01
   outer loop
     vertex -9.854688e-01 -3.624240e-01  3.983547e+00
     vertex -9.935474e-01 -3.396521e-01  3.985553e+00
     vertex -2.500000e+00 -3.288782e-01  3.986457e+00
   endloop
 endfacet
 facet normal  9.061244e-05 -6.354875e-02  9.979787e-01
   outer loop
     vertex  2.500000e+00 -2.193898e-01  3.993979e+00
     vertex  1.021681e+00 -2.422138e-01  3.992660e+00
     vertex  1.015749e+00 -2.659944e-01  3.991146e+00
   endloop
 endfacet
 facet normal -2.246692e-06 -5.755524e-02  9.983423e-01
   outer loop
     vertex  2.500000e+00 -2.193898e-01  3.993979e+00
     vertex  1.027071e+00 -2.182312e-01  3.994042e+00
     vertex  1.021681e+00 -2.422138e-01  3.992660e+00
   endloop
 endfacet
 facet normal  2.501405e-06 -5.153688e-02  9.986711e-01
   outer loop
     vertex  2.500000e+00 -2.193898e-01  3.993979e+00
     vertex  1.031911e+00 -1.940595e-01  3.995290e+00
     vertex  1.027071e+00 -2.182312e-01  3.994042e+00
   endloop
 endfacet
 facet normal  1.070933e-04 -4.549016e-02  9.989648e-01
   outer loop
     vertex  2.500000e+00 -2.193898e-01  3.993979e+00
     vertex  1.036194e+00 -1.697115e-01  3.996398e+00
     vertex  1.031911e+00 -1.940595e-01  3.995290e+00
   endloop
 endfacet
 facet normal  2.548827e-04 -4.114462e-02  9.991532e-01
   outer loop
     vertex  2.500000e+00 -2.193898e-01  3.993979e+00
     vertex  2.500000e+00 -1.097362e-01  3.998494e+00
     vertex  1.036194e+00 -1.697115e-01  3.996398e+00
   endloop
 endfacet
 facet normal -1.577349e-04 -9.347964e-02  9.956212e-01
   outer loop
     vertex -9.768967e-01 -3.849323e-01  3.981435e+00
     vertex -9.854688e-01 -3.624240e-01  3.983547e+00
     vertex -2.500000e+00 -3.288782e-01  3.986457e+00
   endloop
 endfacet
 facet normal -2.469639e-04 -9.588368e-02  9.953925e-01
   outer loop
     vertex -9.768967e-01 -3.849323e-01  3.981435e+00
     vertex -2.500000e+00 -3.288782e-01  3.986457e+00
     vertex -2.500000e+00 -4.381191e-01  3.975934e+00
   endloop
 endfacet
 facet normal -1.346714e-04 -9.906714e-02  9.950807e-01
   outer loop
     vertex -9.678408e-01 -4.071660e-01  3.979223e+00
     vertex -9.768967e-01 -3.849323e-01  3.981435e+00
     vertex -2.500000e+00 -4.381191e-01  3.975934e+00
   endloop
 endfacet
 facet normal -2.279698e-05 -1.045453e-01  9.945201e-01
   outer loop
     vertex -9.583116e-01 -4.291141e-01  3.976916e+00
     vertex -9.678408e-01 -4.071660e-01  3.979223e+00
     vertex -2.500000e+00 -4.381191e-01  3.975934e+00
   endloop
 endfacet
 facet normal  9.327557e-06 -1.099812e-01  9.939337e-01
   outer loop
     vertex -9.483196e-01 -4.507659e-01  3.974520e+00
     vertex -9.583116e-01 -4.291141e-01  3.976916e+00
     vertex -2.500000e+00 -4.381191e-01  3.975934e+00
   endloop
 endfacet
 facet normal -3.520815e-05 -1.153770e-01  9.933218e-01
   outer loop
     vertex -9.378758e-01 -4.721111e-01  3.972041e+00
     vertex -9.483196e-01 -4.507659e-01  3.974520e+00
     vertex -2.500000e+00 -4.381191e-01  3.975934e+00
   endloop
 endfacet
 facet normal  2.479637e-04 -6.853995e-02  9.976483e-01
   outer loop
     vertex  2.500000e+00 -3.288782e-01  3.986457e+00
     vertex  2.500000e+00 -2.193898e-01  3.993979e+00
     vertex  1.015749e+00 -2.659944e-01  3.991146e+00
   endloop
 endfacet
 facet normal  1.321200e-04 -9.258591e-02  9.957047e-01
   outer loop
     vertex  2.500000e+00 -3.288782e-01  3.986457e+00
     vertex  9.867758e-01 -3.588503e-01  3.983871e+00
     vertex  9.782664e-01 -3.814378e-01  3.981772e+00
   endloop
 endfacet
 facet normal  1.788858e-05 -8.686310e-02  9.962203e-01
   outer loop
     vertex  2.500000e+00 -3.288782e-01  3.986457e+00
     vertex  9.947883e-01 -3.360004e-01  3.985863e+00
     vertex  9.867758e-01 -3.588503e-01  3.983871e+00
   endloop
 endfacet
 facet normal -9.524961e-06 -8.110996e-02  9.967052e-01
   outer loop
     vertex  2.500000e+00 -3.288782e-01  3.986457e+00
     vertex  1.002294e+00 -3.128999e-01  3.987743e+00
     vertex  9.947883e-01 -3.360004e-01  3.985863e+00
   endloop
 endfacet
 facet normal  5.259628e-05 -7.532364e-02  9.971591e-01
   outer loop
     vertex  2.500000e+00 -3.288782e-01  3.986457e+00
     vertex  1.009284e+00 -2.895605e-01  3.989506e+00
     vertex  1.002294e+00 -3.128999e-01  3.987743e+00
   endloop
 endfacet
 facet normal  2.070273e-04 -6.950121e-02  9.975818e-01
   outer loop
     vertex  2.500000e+00 -3.288782e-01  3.986457e+00
     vertex  1.015749e+00 -2.659944e-01  3.991146e+00
     vertex  1.009284e+00 -2.895605e-01  3.989506e+00
   endloop
 endfacet
 facet normal -1.533843e-04 -1.207349e-01  9.926848e-01
   outer loop
     vertex -9.269915e-01 -4.931397e-01  3.969485e+00
     vertex -9.378758e-01 -4.721111e-01  3.972041e+00
     vertex -2.500000e+00 -4.381191e-01  3.975934e+00
   endloop
 endfacet
 facet normal -2.392620e-04 -1.231552e-01  9.923874e-01
   outer loop
     vertex -9.269915e-01 -4.931397e-01  3.969485e+00
     vertex -2.500000e+00 -4.381191e-01  3.975934e+00
     vertex -2.500000e+00 -5.470301e-01  3.962418e+00
   endloop
 endfacet
 facet normal -1.419631e-04 -1.259493e-01  9.920367e-01
   outer loop
     vertex -9.156782e-01 -5.138419e-01  3.966859e+00
     vertex -9.269915e-01 -4.931397e-01  3.969485e+00
     vertex -2.500000e+00 -5.470301e-01  3.962418e+00
   endloop
 endfacet
 facet normal -3.378186e-05 -1.310256e-01  9.913790e-01
   outer loop
     vertex -9.039478e-01 -5.342081e-01  3.964167e+00
     vertex -9.156782e-01 -5.138419e-01  3.966859e+00
     vertex -2.500000e+00 -5.470301e-01  3.962418e+00
   endloop
 endfacet
 facet normal  7.328505e-06 -1.360506e-01  9.907019e-01
   outer loop
     vertex -8.918126e-01 -5.542294e-01  3.961418e+00
     vertex -9.039478e-01 -5.342081e-01  3.964167e+00
     vertex -2.500000e+00 -5.470301e-01  3.962418e+00
   endloop
 endfacet
 facet normal -1.537602e-05 -1.410256e-01  9.900059e-01
   outer loop
     vertex -8.792852e-01 -5.738968e-01  3.958616e+00
     vertex -8.918126e-01 -5.542294e-01  3.961418e+00
     vertex -2.500000e+00 -5.470301e-01  3.962418e+00
   endloop
 endfacet
 facet normal  2.469839e-04 -9.588368e-02  9.953925e-01
   outer loop
     vertex  2.500000e+00 -4.381191e-01  3.975934e+00
     vertex  2.500000e+00 -3.288782e-01  3.986457e+00
     vertex  9.782664e-01 -3.814378e-01  3.981772e+00
   endloop
 endfacet
 facet normal  1.312603e-04 -1.199414e-01  9.927810e-01
   outer loop
     vertex  2.500000e+00 -4.381191e-01  3.975934e+00
     vertex  9.394640e-01 -4.689428e-01  3.972416e+00
     vertex  9.286262e-01 -4.900546e-01  3.969867e+00
   endloop
 endfacet
 facet normal  2.371370e-05 -1.145689e-01  9.934153e-01
   outer loop
     vertex  2.500000e+00 -4.381191e-01  3.975934e+00
     vertex  9.498581e-01 -4.475149e-01  3.974887e+00
     vertex  9.394640e-01 -4.689428e-01  3.972416e+00
   endloop
 endfacet
 facet normal -9.493853e-06 -1.091582e-01  9.940244e-01
   outer loop
     vertex  2.500000e+00 -4.381191e-01  3.975934e+00
     vertex  9.597971e-01 -4.257811e-01  3.977274e+00
     vertex  9.498581e-01 -4.475149e-01  3.974887e+00
   endloop
 endfacet
 facet normal  3.468223e-05 -1.037069e-01  9.946079e-01
   outer loop
     vertex  2.500000e+00 -4.381191e-01  3.975934e+00
     vertex  9.692701e-01 -4.037518e-01  3.979571e+00
     vertex  9.597971e-01 -4.257811e-01  3.977274e+00
   endloop
 endfacet
 facet normal  1.593557e-04 -9.821287e-02  9.951654e-01
   outer loop
     vertex  2.500000e+00 -4.381191e-01  3.975934e+00
     vertex  9.782664e-01 -3.814378e-01  3.981772e+00
     vertex  9.692701e-01 -4.037518e-01  3.979571e+00
   endloop
 endfacet
 facet normal -9.872071e-05 -1.459523e-01  9.892916e-01
   outer loop
     vertex -8.663783e-01 -5.932019e-01  3.955769e+00
     vertex -8.792852e-01 -5.738968e-01  3.958616e+00
     vertex -2.500000e+00 -5.470301e-01  3.962418e+00
   endloop
 endfacet
 facet normal -2.252376e-04 -1.503341e-01  9.886352e-01
   outer loop
     vertex -8.663783e-01 -5.932019e-01  3.955769e+00
     vertex -2.500000e+00 -5.470301e-01  3.962418e+00
     vertex -2.500000e+00 -6.555294e-01  3.945920e+00
   endloop
 endfacet
 facet normal -2.066696e-04 -1.508093e-01  9.885628e-01
   outer loop
     vertex -8.531053e-01 -6.121366e-01  3.952884e+00
     vertex -8.663783e-01 -5.932019e-01  3.955769e+00
     vertex -2.500000e+00 -6.555294e-01  3.945920e+00
   endloop
 endfacet
 facet normal -8.234775e-05 -1.554133e-01  9.878495e-01
   outer loop
     vertex -8.394797e-01 -6.306932e-01  3.949965e+00
     vertex -8.531053e-01 -6.121366e-01  3.952884e+00
     vertex -2.500000e+00 -6.555294e-01  3.945920e+00
   endloop
 endfacet
 facet normal -1.265399e-05 -1.599548e-01  9.871243e-01
   outer loop
     vertex -8.255152e-01 -6.488641e-01  3.947021e+00
     vertex -8.394797e-01 -6.306932e-01  3.949965e+00
     vertex -2.500000e+00 -6.555294e-01  3.945920e+00
   endloop
 endfacet
 facet normal  5.662473e-06 -1.644346e-01  9.863880e-01
   outer loop
     vertex -8.112261e-01 -6.666424e-01  3.944057e+00
     vertex -8.255152e-01 -6.488641e-01  3.947021e+00
     vertex -2.500000e+00 -6.555294e-01  3.945920e+00
   endloop
 endfacet
 facet normal -2.423995e-05 -1.688535e-01  9.856412e-01
   outer loop
     vertex -7.966269e-01 -6.840216e-01  3.941080e+00
     vertex -8.112261e-01 -6.666424e-01  3.944057e+00
     vertex -2.500000e+00 -6.555294e-01  3.945920e+00
   endloop
 endfacet
 facet normal  2.390004e-04 -1.231552e-01  9.923874e-01
   outer loop
     vertex  2.500000e+00 -5.470301e-01  3.962418e+00
     vertex  2.500000e+00 -4.381191e-01  3.975934e+00
     vertex  9.286262e-01 -4.900546e-01  3.969867e+00
   endloop
 endfacet
 facet normal  8.348062e-05 -1.452648e-01  9.893928e-01
   outer loop
     vertex  2.500000e+00 -5.470301e-01  3.962418e+00
     vertex  8.810742e-01 -5.711465e-01  3.959014e+00
     vertex  8.681983e-01 -5.905352e-01  3.956168e+00
   endloop
 endfacet
 facet normal  8.368559e-06 -1.403232e-01  9.901058e-01
   outer loop
     vertex  2.500000e+00 -5.470301e-01  3.962418e+00
     vertex  8.935677e-01 -5.513953e-01  3.961813e+00
     vertex  8.810742e-01 -5.711465e-01  3.959014e+00
   endloop
 endfacet
 facet normal -5.453626e-06 -1.353327e-01  9.908002e-01
   outer loop
     vertex  2.500000e+00 -5.470301e-01  3.962418e+00
     vertex  9.056659e-01 -5.312902e-01  3.964559e+00
     vertex  8.935677e-01 -5.513953e-01  3.961813e+00
   endloop
 endfacet
 facet normal  4.521778e-05 -1.302920e-01  9.914757e-01
   outer loop
     vertex  2.500000e+00 -5.470301e-01  3.962418e+00
     vertex  9.173561e-01 -5.108402e-01  3.967246e+00
     vertex  9.056659e-01 -5.312902e-01  3.964559e+00
   endloop
 endfacet
 facet normal  1.636673e-04 -1.251995e-01  9.921316e-01
   outer loop
     vertex  2.500000e+00 -5.470301e-01  3.962418e+00
     vertex  9.286262e-01 -4.900546e-01  3.969867e+00
     vertex  9.173561e-01 -5.108402e-01  3.967246e+00
   endloop
 endfacet
 facet normal -2.134946e-04 -1.773998e-01  9.841388e-01
   outer loop
     vertex -7.817325e-01 -7.009953e-01  3.938097e+00
     vertex -2.500000e+00 -6.555294e-01  3.945920e+00
     vertex -2.500000e+00 -7.635352e-01  3.926451e+00
   endloop
 endfacet
 facet normal -9.929895e-05 -1.732123e-01  9.848845e-01
   outer loop
     vertex -7.817325e-01 -7.009953e-01  3.938097e+00
     vertex -7.966269e-01 -6.840216e-01  3.941080e+00
     vertex -2.500000e+00 -6.555294e-01  3.945920e+00
   endloop
 endfacet
 facet normal -2.095122e-04 -1.775056e-01  9.841198e-01
   outer loop
     vertex -7.665578e-01 -7.175577e-01  3.935113e+00
     vertex -7.817325e-01 -7.009953e-01  3.938097e+00
     vertex -2.500000e+00 -7.635352e-01  3.926451e+00
   endloop
 endfacet
 facet normal -9.991138e-05 -1.815005e-01  9.833909e-01
   outer loop
     vertex -7.511186e-01 -7.337036e-01  3.932134e+00
     vertex -7.665578e-01 -7.175577e-01  3.935113e+00
     vertex -2.500000e+00 -7.635352e-01  3.926451e+00
   endloop
 endfacet
 facet normal -3.065593e-05 -1.854212e-01  9.826591e-01
   outer loop
     vertex -7.354304e-01 -7.494279e-01  3.929168e+00
     vertex -7.511186e-01 -7.337036e-01  3.932134e+00
     vertex -2.500000e+00 -7.635352e-01  3.926451e+00
   endloop
 endfacet
 facet normal  1.228663e-06 -1.892680e-01  9.819255e-01
   outer loop
     vertex -7.195095e-01 -7.647262e-01  3.926219e+00
     vertex -7.354304e-01 -7.494279e-01  3.929168e+00
     vertex -2.500000e+00 -7.635352e-01  3.926451e+00
   endloop
 endfacet
 facet normal -1.391034e-06 -1.930415e-01  9.811906e-01
   outer loop
     vertex -7.033722e-01 -7.795945e-01  3.923294e+00
     vertex -7.195095e-01 -7.647262e-01  3.926219e+00
     vertex -2.500000e+00 -7.635352e-01  3.926451e+00
   endloop
 endfacet
 facet normal  1.991608e-04 -1.769611e-01  9.842178e-01
   outer loop
     vertex  2.500000e+00 -6.555294e-01  3.945920e+00
     vertex  7.836791e-01 -6.988184e-01  3.938484e+00
     vertex  7.685166e-01 -7.154595e-01  3.935495e+00
   endloop
 endfacet
 facet normal  8.703974e-05 -1.726473e-01  9.849837e-01
   outer loop
     vertex  2.500000e+00 -6.555294e-01  3.945920e+00
     vertex  7.985590e-01 -6.817650e-01  3.941471e+00
     vertex  7.836791e-01 -6.988184e-01  3.938484e+00
   endloop
 endfacet
 facet normal  1.762396e-05 -1.682738e-01  9.857403e-01
   outer loop
     vertex  2.500000e+00 -6.555294e-01  3.945920e+00
     vertex  8.131411e-01 -6.643053e-01  3.944452e+00
     vertex  7.985590e-01 -6.817650e-01  3.941471e+00
   endloop
 endfacet
 facet normal -6.093711e-06 -1.638398e-01  9.864870e-01
   outer loop
     vertex  2.500000e+00 -6.555294e-01  3.945920e+00
     vertex  8.274106e-01 -6.464455e-01  3.947418e+00
     vertex  8.131411e-01 -6.643053e-01  3.944452e+00
   endloop
 endfacet
 facet normal  1.898019e-05 -1.593445e-01  9.872230e-01
   outer loop
     vertex  2.500000e+00 -6.555294e-01  3.945920e+00
     vertex  8.413527e-01 -6.281924e-01  3.950364e+00
     vertex  8.274106e-01 -6.464455e-01  3.947418e+00
   endloop
 endfacet
 facet normal  9.603502e-05 -1.547871e-01  9.879478e-01
   outer loop
     vertex  2.500000e+00 -6.555294e-01  3.945920e+00
     vertex  8.549532e-01 -6.095531e-01  3.953283e+00
     vertex  8.413527e-01 -6.281924e-01  3.950364e+00
   endloop
 endfacet
 facet normal  2.283524e-04 -1.501669e-01  9.886606e-01
   outer loop
     vertex  2.500000e+00 -6.555294e-01  3.945920e+00
     vertex  8.681983e-01 -5.905352e-01  3.956168e+00
     vertex  8.549532e-01 -6.095531e-01  3.953283e+00
   endloop
 endfacet
 facet normal  2.215332e-04 -1.503341e-01  9.886352e-01
   outer loop
     vertex  2.500000e+00 -6.555294e-01  3.945920e+00
     vertex  2.500000e+00 -5.470301e-01  3.962418e+00
     vertex  8.681983e-01 -5.905352e-01  3.956168e+00
   endloop
 endfacet
 facet normal -3.576671e-05 -1.967427e-01  9.804551e-01
   outer loop
     vertex -6.870304e-01 -7.940336e-01  3.920397e+00
     vertex -7.033722e-01 -7.795945e-01  3.923294e+00
     vertex -2.500000e+00 -7.635352e-01  3.926451e+00
   endloop
 endfacet
 facet normal -9.935790e-05 -2.003768e-01  9.797189e-01
   outer loop
     vertex -6.704600e-01 -8.080739e-01  3.917527e+00
     vertex -6.870304e-01 -7.940336e-01  3.920397e+00
     vertex -2.500000e+00 -7.635352e-01  3.926451e+00
   endloop
 endfacet
 facet normal -1.996291e-04 -2.043319e-01  9.789016e-01
   outer loop
     vertex -6.704600e-01 -8.080739e-01  3.917527e+00
     vertex -2.500000e+00 -7.635352e-01  3.926451e+00
     vertex -2.500000e+00 -8.709663e-01  3.904026e+00
   endloop
 endfacet
 facet normal -2.124159e-04 -2.039759e-01  9.789759e-01
   outer loop
     vertex -6.536622e-01 -8.217212e-01  3.914687e+00
     vertex -6.704600e-01 -8.080739e-01  3.917527e+00
     vertex -2.500000e+00 -8.709663e-01  3.904026e+00
   endloop
 endfacet
 facet normal -1.214779e-04 -2.072371e-01  9.782907e-01
   outer loop
     vertex -6.366453e-01 -8.349747e-01  3.911882e+00
     vertex -6.536622e-01 -8.217212e-01  3.914687e+00
     vertex -2.500000e+00 -8.709663e-01  3.904026e+00
   endloop
 endfacet
 facet normal -5.703824e-05 -2.104247e-01  9.776101e-01
   outer loop
     vertex -6.194173e-01 -8.478338e-01  3.909115e+00
     vertex -6.366453e-01 -8.349747e-01  3.911882e+00
     vertex -2.500000e+00 -8.709663e-01  3.904026e+00
   endloop
 endfacet
 facet normal -1.689798e-05 -2.135393e-01  9.769345e-01
   outer loop
     vertex -6.019861e-01 -8.602980e-01  3.906391e+00
     vertex -6.194173e-01 -8.478338e-01  3.909115e+00
     vertex -2.500000e+00 -8.709663e-01  3.904026e+00
   endloop
 endfacet
 facet normal  1.036798e-06 -2.165816e-01  9.762645e-01
   outer loop
     vertex -5.843597e-01 -8.723667e-01  3.903713e+00
     vertex -6.019861e-01 -8.602980e-01  3.906391e+00
     vertex -2.500000e+00 -8.709663e-01  3.904026e+00
   endloop
 endfacet
 facet normal -1.243271e-06 -2.195523e-01  9.756007e-01
   outer loop
     vertex -5.665458e-01 -8.840395e-01  3.901086e+00
     vertex -5.843597e-01 -8.723667e-01  3.903713e+00
     vertex -2.500000e+00 -8.709663e-01  3.904026e+00
   endloop
 endfacet
 facet normal  1.777565e-04 -2.035256e-01  9.790696e-01
   outer loop
     vertex  2.500000e+00 -7.635352e-01  3.926451e+00
     vertex  6.724580e-01 -8.064120e-01  3.917869e+00
     vertex  6.556672e-01 -8.201223e-01  3.915022e+00
   endloop
 endfacet
 facet normal  9.020831e-05 -1.999418e-01  9.798078e-01
   outer loop
     vertex  2.500000e+00 -7.635352e-01  3.926451e+00
     vertex  6.890208e-01 -7.923070e-01  3.920746e+00
     vertex  6.724580e-01 -8.064120e-01  3.917869e+00
   endloop
 endfacet
 facet normal  2.996152e-05 -1.962958e-01  9.805447e-01
   outer loop
     vertex  2.500000e+00 -7.635352e-01  3.926451e+00
     vertex  7.053581e-01 -7.777981e-01  3.923650e+00
     vertex  6.890208e-01 -7.923070e-01  3.920746e+00
   endloop
 endfacet
 facet normal -7.102591e-07 -1.925811e-01  9.812811e-01
   outer loop
     vertex  2.500000e+00 -7.635352e-01  3.926451e+00
     vertex  7.214915e-01 -7.628565e-01  3.926582e+00
     vertex  7.053581e-01 -7.777981e-01  3.923650e+00
   endloop
 endfacet
 facet normal  7.899198e-07 -1.887933e-01  9.820168e-01
   outer loop
     vertex  2.500000e+00 -7.635352e-01  3.926451e+00
     vertex  7.374067e-01 -7.474833e-01  3.929538e+00
     vertex  7.214915e-01 -7.628565e-01  3.926582e+00
   endloop
 endfacet
 facet normal  3.724406e-05 -1.849317e-01  9.827514e-01
   outer loop
     vertex  2.500000e+00 -7.635352e-01  3.926451e+00
     vertex  7.530872e-01 -7.316828e-01  3.932511e+00
     vertex  7.374067e-01 -7.474833e-01  3.929538e+00
   endloop
 endfacet
 facet normal  1.115494e-04 -1.809959e-01  9.834839e-01
   outer loop
     vertex  2.500000e+00 -7.635352e-01  3.926451e+00
     vertex  7.685166e-01 -7.154595e-01  3.935495e+00
     vertex  7.530872e-01 -7.316828e-01  3.932511e+00
   endloop
 endfacet
 facet normal  2.148181e-04 -1.773998e-01  9.841388e-01
   outer loop
     vertex  2.500000e+00 -7.635352e-01  3.926451e+00
     vertex  2.500000e+00 -6.555294e-01  3.945920e+00
     vertex  7.685166e-01 -7.154595e-01  3.935495e+00
   endloop
 endfacet
 facet normal -2.184974e-05 -2.224521e-01  9.749436e-01
   outer loop
     vertex -5.485519e-01 -8.953161e-01  3.898514e+00
     vertex -5.665458e-01 -8.840395e-01  3.901086e+00
     vertex -2.500000e+00 -8.709663e-01  3.904026e+00
   endloop
 endfacet
 facet normal -5.899596e-05 -2.252820e-01  9.742936e-01
   outer loop
     vertex -5.303855e-01 -9.061960e-01  3.895999e+00
     vertex -5.485519e-01 -8.953161e-01  3.898514e+00
     vertex -2.500000e+00 -8.709663e-01  3.904026e+00
   endloop
 endfacet
 facet normal -1.109976e-04 -2.280429e-01  9.736511e-01
   outer loop
     vertex -5.120540e-01 -9.166792e-01  3.893546e+00
     vertex -5.303855e-01 -9.061960e-01  3.895999e+00
     vertex -2.500000e+00 -8.709663e-01  3.904026e+00
   endloop
 endfacet
 facet normal -1.853463e-04 -2.311102e-01  9.729276e-01
   outer loop
     vertex -5.120540e-01 -9.166792e-01  3.893546e+00
     vertex -2.500000e+00 -8.709663e-01  3.904026e+00
     vertex -2.500000e+00 -9.777417e-01  3.878662e+00
   endloop
 endfacet
 facet normal -1.963708e-04 -2.307710e-01  9.730081e-01
   outer loop
     vertex -4.935646e-01 -9.267653e-01  3.891157e+00
     vertex -5.120540e-01 -9.166792e-01  3.893546e+00
     vertex -2.500000e+00 -9.777417e-01  3.878662e+00
   endloop
 endfacet
 facet normal -1.325728e-04 -2.331434e-01  9.724424e-01
   outer loop
     vertex -4.749245e-01 -9.364543e-01  3.888837e+00
     vertex -4.935646e-01 -9.267653e-01  3.891157e+00
     vertex -2.500000e+00 -9.777417e-01  3.878662e+00
   endloop
 endfacet
 facet normal -8.310448e-05 -2.354337e-01  9.718904e-01
   outer loop
     vertex -4.561408e-01 -9.457461e-01  3.886588e+00
     vertex -4.749245e-01 -9.364543e-01  3.888837e+00
     vertex -2.500000e+00 -9.777417e-01  3.878662e+00
   endloop
 endfacet
 facet normal -4.645357e-05 -2.376418e-01  9.713529e-01
   outer loop
     vertex -4.372202e-01 -9.546405e-01  3.884413e+00
     vertex -4.561408e-01 -9.457461e-01  3.886588e+00
     vertex -2.500000e+00 -9.777417e-01  3.878662e+00
   endloop
 endfacet
 facet normal -2.119046e-05 -2.397675e-01  9.708303e-01
   outer loop
     vertex -4.181698e-01 -9.631376e-01  3.882315e+00
     vertex -4.372202e-01 -9.546405e-01  3.884413e+00
     vertex -2.500000e+00 -9.777417e-01  3.878662e+00
   endloop
 endfacet
 facet normal -5.966716e-06 -2.418109e-01  9.703234e-01
   outer loop
     vertex -3.989961e-01 -9.712374e-01  3.880296e+00
     vertex -4.181698e-01 -9.631376e-01  3.882315e+00
     vertex -2.500000e+00 -9.777417e-01  3.878662e+00
   endloop
 endfacet
 facet normal  4.859841e-07 -2.437720e-01  9.698326e-01
   outer loop
     vertex -3.797059e-01 -9.789400e-01  3.878360e+00
     vertex -3.989961e-01 -9.712374e-01  3.880296e+00
     vertex -2.500000e+00 -9.777417e-01  3.878662e+00
   endloop
 endfacet
 facet normal -6.434301e-07 -2.456508e-01  9.693584e-01
   outer loop
     vertex -3.603056e-01 -9.862453e-01  3.876509e+00
     vertex -3.797059e-01 -9.789400e-01  3.878360e+00
     vertex -2.500000e+00 -9.777417e-01  3.878662e+00
   endloop
 endfacet
 facet normal  1.046017e-04 -2.277429e-01  9.737213e-01
   outer loop
     vertex  2.500000e+00 -8.709663e-01  3.904026e+00
     vertex  5.324067e-01 -9.050100e-01  3.896275e+00
     vertex  5.140709e-01 -9.155496e-01  3.893812e+00
   endloop
 endfacet
 facet normal  5.410661e-05 -2.249712e-01  9.743654e-01
   outer loop
     vertex  2.500000e+00 -8.709663e-01  3.904026e+00
     vertex  5.505755e-01 -8.940731e-01  3.898799e+00
     vertex  5.324067e-01 -9.050100e-01  3.896275e+00
   endloop
 endfacet
 facet normal  1.868461e-05 -2.221301e-01  9.750170e-01
   outer loop
     vertex  2.500000e+00 -8.709663e-01  3.904026e+00
     vertex  5.685700e-01 -8.827390e-01  3.901381e+00
     vertex  5.505755e-01 -8.940731e-01  3.898799e+00
   endloop
 endfacet
 facet normal  3.718174e-08 -2.192188e-01  9.756757e-01
   outer loop
     vertex  2.500000e+00 -8.709663e-01  3.904026e+00
     vertex  5.863828e-01 -8.710082e-01  3.904016e+00
     vertex  5.685700e-01 -8.827390e-01  3.901381e+00
   endloop
 endfacet
 facet normal -3.135402e-08 -2.162364e-01  9.763410e-01
   outer loop
     vertex  2.500000e+00 -8.709663e-01  3.904026e+00
     vertex  6.040066e-01 -8.588808e-01  3.906702e+00
     vertex  5.863828e-01 -8.710082e-01  3.904016e+00
   endloop
 endfacet
 facet normal  2.038564e-05 -2.131821e-01  9.770125e-01
   outer loop
     vertex  2.500000e+00 -8.709663e-01  3.904026e+00
     vertex  6.214337e-01 -8.463571e-01  3.909435e+00
     vertex  6.040066e-01 -8.588808e-01  3.906702e+00
   endloop
 endfacet
 facet normal  6.329738e-05 -2.100552e-01  9.776895e-01
   outer loop
     vertex  2.500000e+00 -8.709663e-01  3.904026e+00
     vertex  6.386565e-01 -8.334375e-01  3.912209e+00
     vertex  6.214337e-01 -8.463571e-01  3.909435e+00
   endloop
 endfacet
 facet normal  1.308166e-04 -2.068551e-01  9.783716e-01
   outer loop
     vertex  2.500000e+00 -8.709663e-01  3.904026e+00
     vertex  6.556672e-01 -8.201223e-01  3.915022e+00
     vertex  6.386565e-01 -8.334375e-01  3.912209e+00
   endloop
 endfacet
 facet normal  2.035355e-04 -2.043319e-01  9.789016e-01
   outer loop
     vertex  2.500000e+00 -8.709663e-01  3.904026e+00
     vertex  2.500000e+00 -7.635352e-01  3.926451e+00
     vertex  6.556672e-01 -8.201223e-01  3.915022e+00
   endloop
 endfacet
 facet normal -8.245149e-06 -2.474478e-01  9.689012e-01
   outer loop
     vertex -3.408018e-01 -9.931536e-01  3.874745e+00
     vertex -3.603056e-01 -9.862453e-01  3.876509e+00
     vertex -2.500000e+00 -9.777417e-01  3.878662e+00
   endloop
 endfacet
 facet normal -2.128883e-05 -2.491634e-01  9.684614e-01
   outer loop
     vertex -3.212007e-01 -9.996650e-01  3.873070e+00
     vertex -3.408018e-01 -9.931536e-01  3.874745e+00
     vertex -2.500000e+00 -9.777417e-01  3.878662e+00
   endloop
 endfacet
 facet normal -3.882479e-05 -2.507985e-01  9.680393e-01
   outer loop
     vertex -3.015087e-01 -1.005780e+00  3.871486e+00
     vertex -3.212007e-01 -9.996650e-01  3.873070e+00
     vertex -2.500000e+00 -9.777417e-01  3.878662e+00
   endloop
 endfacet
 facet normal -5.998649e-05 -2.523543e-01  9.676349e-01
   outer loop
     vertex -2.817320e-01 -1.011497e+00  3.869996e+00
     vertex -3.015087e-01 -1.005780e+00  3.871486e+00
     vertex -2.500000e+00 -9.777417e-01  3.878662e+00
   endloop
 endfacet
 facet normal -8.399493e-05 -2.538328e-01  9.672481e-01
   outer loop
     vertex -2.618766e-01 -1.016819e+00  3.868602e+00
     vertex -2.817320e-01 -1.011497e+00  3.869996e+00
     vertex -2.500000e+00 -9.777417e-01  3.878662e+00
   endloop
 endfacet
 facet normal -1.101662e-04 -2.552366e-01  9.668786e-01
   outer loop
     vertex -2.419487e-01 -1.021744e+00  3.867304e+00
     vertex -2.618766e-01 -1.016819e+00  3.868602e+00
     vertex -2.500000e+00 -9.777417e-01  3.878662e+00
   endloop
 endfacet
 facet normal -1.617623e-04 -2.577146e-01  9.662211e-01
   outer loop
     vertex -2.419487e-01 -1.021744e+00  3.867304e+00
     vertex -2.500000e+00 -9.777417e-01  3.878662e+00
     vertex -2.500000e+00 -1.083781e+00  3.850379e+00
   endloop
 endfacet
 facet normal -1.892548e-04 -2.567817e-01  9.664694e-01
   outer loop
     vertex -2.219541e-01 -1.026273e+00  3.866104e+00
     vertex -2.419487e-01 -1.021744e+00  3.867304e+00
     vertex -2.500000e+00 -1.083781e+00  3.850379e+00
   endloop
 endfacet
 facet normal -1.612954e-04 -2.578140e-01  9.661945e-01
   outer loop
     vertex -2.018988e-01 -1.030406e+00  3.865005e+00
     vertex -2.219541e-01 -1.026273e+00  3.866104e+00
     vertex -2.500000e+00 -1.083781e+00  3.850379e+00
   endloop
 endfacet
 facet normal -1.377572e-04 -2.587583e-01  9.659421e-01
   outer loop
     vertex -1.817885e-01 -1.034144e+00  3.864007e+00
     vertex -2.018988e-01 -1.030406e+00  3.865005e+00
     vertex -2.500000e+00 -1.083781e+00  3.850379e+00
   endloop
 endfacet
 facet normal -1.180526e-04 -2.596154e-01  9.657121e-01
   outer loop
     vertex -1.616292e-01 -1.037485e+00  3.863111e+00
     vertex -1.817885e-01 -1.034144e+00  3.864007e+00
     vertex -2.500000e+00 -1.083781e+00  3.850379e+00
   endloop
 endfacet
 facet normal -1.016454e-04 -2.603870e-01  9.655043e-01
   outer loop
     vertex -1.414263e-01 -1.040432e+00  3.862318e+00
     vertex -1.616292e-01 -1.037485e+00  3.863111e+00
     vertex -2.500000e+00 -1.083781e+00  3.850379e+00
   endloop
 endfacet
 facet normal -8.804270e-05 -2.610759e-01  9.653183e-01
   outer loop
     vertex -1.211857e-01 -1.042983e+00  3.861630e+00
     vertex -1.414263e-01 -1.040432e+00  3.862318e+00
     vertex -2.500000e+00 -1.083781e+00  3.850379e+00
   endloop
 endfacet
 facet normal -7.677941e-05 -2.616870e-01  9.651528e-01
   outer loop
     vertex -1.009129e-01 -1.045140e+00  3.861047e+00
     vertex -1.211857e-01 -1.042983e+00  3.861630e+00
     vertex -2.500000e+00 -1.083781e+00  3.850379e+00
   endloop
 endfacet
 facet normal -6.738780e-05 -2.622294e-01  9.650056e-01
   outer loop
     vertex -8.061331e-02 -1.046901e+00  3.860570e+00
     vertex -1.009129e-01 -1.045140e+00  3.861047e+00
     vertex -2.500000e+00 -1.083781e+00  3.850379e+00
   endloop
 endfacet
 facet normal -5.932384e-05 -2.627214e-01  9.648717e-01
   outer loop
     vertex -6.029252e-02 -1.048268e+00  3.860199e+00
     vertex -8.061331e-02 -1.046901e+00  3.860570e+00
     vertex -2.500000e+00 -1.083781e+00  3.850379e+00
   endloop
 endfacet
 facet normal -5.175677e-05 -2.632049e-01  9.647400e-01
   outer loop
     vertex -3.995593e-02 -1.049240e+00  3.859935e+00
     vertex -6.029252e-02 -1.048268e+00  3.860199e+00
     vertex -2.500000e+00 -1.083781e+00  3.850379e+00
   endloop
 endfacet
 facet normal -4.277774e-05 -2.637994e-01  9.645776e-01
   outer loop
     vertex -1.960891e-02 -1.049817e+00  3.859778e+00
     vertex -3.995593e-02 -1.049240e+00  3.859935e+00
     vertex -2.500000e+00 -1.083781e+00  3.850379e+00
   endloop
 endfacet
 facet normal -1.451925e-04 -2.775131e-01  9.607218e-01
   outer loop
     vertex -2.500000e+00 -1.189005e+00  3.819197e+00
     vertex  7.432006e-04 -1.050000e+00  3.859728e+00
     vertex -1.960891e-02 -1.049817e+00  3.859778e+00
   endloop
 endfacet
 facet normal  2.574825e-04 -2.841249e-01  9.587872e-01
   outer loop
     vertex -2.500000e+00 -1.189005e+00  3.819197e+00
     vertex -1.960891e-02 -1.049817e+00  3.859778e+00
     vertex -2.500000e+00 -1.083781e+00  3.850379e+00
   endloop
 endfacet
 facet normal  1.078071e-04 -2.551162e-01  9.669104e-01
   outer loop
     vertex  2.500000e+00 -9.777417e-01  3.878662e+00
     vertex  2.636525e-01 -1.016360e+00  3.868722e+00
     vertex  2.436951e-01 -1.021329e+00  3.867414e+00
   endloop
 endfacet
 facet normal  8.174376e-05 -2.537026e-01  9.672823e-01
   outer loop
     vertex  2.500000e+00 -9.777417e-01  3.878662e+00
     vertex  2.835365e-01 -1.010993e+00  3.870128e+00
     vertex  2.636525e-01 -1.016360e+00  3.868722e+00
   endloop
 endfacet
 facet normal  5.791281e-05 -2.522140e-01  9.676715e-01
   outer loop
     vertex  2.500000e+00 -9.777417e-01  3.878662e+00
     vertex  3.033408e-01 -1.005229e+00  3.871630e+00
     vertex  2.835365e-01 -1.010993e+00  3.870128e+00
   endloop
 endfacet
 facet normal  3.701093e-05 -2.506477e-01  9.680784e-01
   outer loop
     vertex  2.500000e+00 -9.777417e-01  3.878662e+00
     vertex  3.230591e-01 -9.990660e-01  3.873224e+00
     vertex  3.033408e-01 -1.005229e+00  3.871630e+00
   endloop
 endfacet
 facet normal  1.982894e-05 -2.490019e-01  9.685030e-01
   outer loop
     vertex  2.500000e+00 -9.777417e-01  3.878662e+00
     vertex  3.426849e-01 -9.925055e-01  3.874911e+00
     vertex  3.230591e-01 -9.990660e-01  3.873224e+00
   endloop
 endfacet
 facet normal  7.244732e-06 -2.472754e-01  9.689452e-01
   outer loop
     vertex  2.500000e+00 -9.777417e-01  3.878662e+00
     vertex  3.622117e-01 -9.855469e-01  3.876686e+00
     vertex  3.426849e-01 -9.925055e-01  3.874911e+00
   endloop
 endfacet
 facet normal  2.190947e-07 -2.454675e-01  9.694048e-01
   outer loop
     vertex  2.500000e+00 -9.777417e-01  3.878662e+00
     vertex  3.816332e-01 -9.781902e-01  3.878549e+00
     vertex  3.622117e-01 -9.855469e-01  3.876686e+00
   endloop
 endfacet
 facet normal -2.064974e-07 -2.435776e-01  9.698814e-01
   outer loop
     vertex  2.500000e+00 -9.777417e-01  3.878662e+00
     vertex  4.009426e-01 -9.704355e-01  3.880497e+00
     vertex  3.816332e-01 -9.781902e-01  3.878549e+00
   endloop
 endfacet
 facet normal  7.089097e-06 -2.416054e-01  9.703746e-01
   outer loop
     vertex  2.500000e+00 -9.777417e-01  3.878662e+00
     vertex  4.201334e-01 -9.622827e-01  3.882527e+00
     vertex  4.009426e-01 -9.704355e-01  3.880497e+00
   endloop
 endfacet
 facet normal  2.330650e-05 -2.395508e-01  9.708838e-01
   outer loop
     vertex  2.500000e+00 -9.777417e-01  3.878662e+00
     vertex  4.391988e-01 -9.537318e-01  3.884636e+00
     vertex  4.201334e-01 -9.622827e-01  3.882527e+00
   endloop
 endfacet
 facet normal  4.972619e-05 -2.374138e-01  9.714086e-01
   outer loop
     vertex  2.500000e+00 -9.777417e-01  3.878662e+00
     vertex  4.581321e-01 -9.447830e-01  3.886822e+00
     vertex  4.391988e-01 -9.537318e-01  3.884636e+00
   endloop
 endfacet
 facet normal  8.770936e-05 -2.351943e-01  9.719484e-01
   outer loop
     vertex  2.500000e+00 -9.777417e-01  3.878662e+00
     vertex  4.769265e-01 -9.354363e-01  3.889082e+00
     vertex  4.581321e-01 -9.447830e-01  3.886822e+00
   endloop
 endfacet
 facet normal  1.386990e-04 -2.328924e-01  9.725025e-01
   outer loop
     vertex  2.500000e+00 -9.777417e-01  3.878662e+00
     vertex  4.955751e-01 -9.256918e-01  3.891413e+00
     vertex  4.769265e-01 -9.354363e-01  3.889082e+00
   endloop
 endfacet
 facet normal  2.042216e-04 -2.305082e-01  9.730704e-01
   outer loop
     vertex  2.500000e+00 -9.777417e-01  3.878662e+00
     vertex  5.140709e-01 -9.155496e-01  3.893812e+00
     vertex  4.955751e-01 -9.256918e-01  3.891413e+00
   endloop
 endfacet
 facet normal  1.842793e-04 -2.311102e-01  9.729276e-01
   outer loop
     vertex  2.500000e+00 -9.777417e-01  3.878662e+00
     vertex  2.500000e+00 -8.709663e-01  3.904026e+00
     vertex  5.140709e-01 -9.155496e-01  3.893812e+00
   endloop
 endfacet
 facet normal  4.375043e-05 -2.637339e-01  9.645955e-01
   outer loop
     vertex  2.500000e+00 -1.083781e+00  3.850379e+00
     vertex  4.145431e-02 -1.049181e+00  3.859951e+00
     vertex  2.109855e-02 -1.049788e+00  3.859786e+00
   endloop
 endfacet
 facet normal  5.244313e-05 -2.631596e-01  9.647523e-01
   outer loop
     vertex  2.500000e+00 -1.083781e+00  3.850379e+00
     vertex  6.180441e-02 -1.048179e+00  3.860223e+00
     vertex  4.145431e-02 -1.049181e+00  3.859951e+00
   endloop
 endfacet
 facet normal  5.994873e-05 -2.626816e-01  9.648826e-01
   outer loop
     vertex  2.500000e+00 -1.083781e+00  3.850379e+00
     vertex  8.214278e-02 -1.046782e+00  3.860602e+00
     vertex  6.180441e-02 -1.048179e+00  3.860223e+00
   endloop
 endfacet
 facet normal  6.804809e-05 -2.621893e-01  9.650165e-01
   outer loop
     vertex  2.500000e+00 -1.083781e+00  3.850379e+00
     vertex  1.024634e-01 -1.044989e+00  3.861088e+00
     vertex  8.214278e-02 -1.046782e+00  3.860602e+00
   endloop
 endfacet
 facet normal  7.754087e-05 -2.616435e-01  9.651646e-01
   outer loop
     vertex  2.500000e+00 -1.083781e+00  3.850379e+00
     vertex  1.227600e-01 -1.042799e+00  3.861680e+00
     vertex  1.024634e-01 -1.044989e+00  3.861088e+00
   endloop
 endfacet
 facet normal  8.896257e-05 -2.610270e-01  9.653315e-01
   outer loop
     vertex  2.500000e+00 -1.083781e+00  3.850379e+00
     vertex  1.430267e-01 -1.040213e+00  3.862377e+00
     vertex  1.227600e-01 -1.042799e+00  3.861680e+00
   endloop
 endfacet
 facet normal  1.027799e-04 -2.603313e-01  9.655194e-01
   outer loop
     vertex  2.500000e+00 -1.083781e+00  3.850379e+00
     vertex  1.632573e-01 -1.037230e+00  3.863179e+00
     vertex  1.430267e-01 -1.040213e+00  3.862377e+00
   endloop
 endfacet
 facet normal  1.194601e-04 -2.595517e-01  9.657292e-01
   outer loop
     vertex  2.500000e+00 -1.083781e+00  3.850379e+00
     vertex  1.834456e-01 -1.033851e+00  3.864085e+00
     vertex  1.632573e-01 -1.037230e+00  3.863179e+00
   endloop
 endfacet
 facet normal  1.395000e-04 -2.586857e-01  9.659615e-01
   outer loop
     vertex  2.500000e+00 -1.083781e+00  3.850379e+00
     vertex  2.035854e-01 -1.030074e+00  3.865093e+00
     vertex  1.834456e-01 -1.033851e+00  3.864085e+00
   endloop
 endfacet
 facet normal  1.634408e-04 -2.577318e-01  9.662165e-01
   outer loop
     vertex  2.500000e+00 -1.083781e+00  3.850379e+00
     vertex  2.236707e-01 -1.025900e+00  3.866203e+00
     vertex  2.035854e-01 -1.030074e+00  3.865093e+00
   endloop
 endfacet
 facet normal  1.918758e-04 -2.566894e-01  9.664939e-01
   outer loop
     vertex  2.500000e+00 -1.083781e+00  3.850379e+00
     vertex  2.436951e-01 -1.021329e+00  3.867414e+00
     vertex  2.236707e-01 -1.025900e+00  3.866203e+00
   endloop
 endfacet
 facet normal  1.614393e-04 -2.577146e-01  9.662211e-01
   outer loop
     vertex  2.500000e+00 -1.083781e+00  3.850379e+00
     vertex  2.500000e+00 -9.777417e-01  3.878662e+00
     vertex  2.436951e-01 -1.021329e+00  3.867414e+00
   endloop
 endfacet
 facet normal  1.648096e-04 -2.771892e-01  9.608153e-01
   outer loop
     vertex  2.500000e+00 -1.189005e+00  3.819197e+00
     vertex  2.109855e-02 -1.049788e+00  3.859786e+00
     vertex  7.432006e-04 -1.050000e+00  3.859728e+00
   endloop
 endfacet
 facet normal  0.000000e+00 -2.799214e-01  9.600229e-01
   outer loop
     vertex  2.500000e+00 -1.189005e+00  3.819197e+00
     vertex  7.432006e-04 -1.050000e+00  3.859728e+00
     vertex -2.500000e+00 -1.189005e+00  3.819197e+00
   endloop
 endfacet
 facet normal  0.000000e+00 -3.103214e-01  9.506317e-01
   outer loop
     vertex  2.500000e+00 -1.189005e+00  3.819197e+00
     vertex -2.500000e+00 -1.189005e+00  3.819197e+00
     vertex -2.500000e+00 -1.293333e+00  3.785141e+00
   endloop
 endfacet
 facet normal -2.579115e-04 -2.841249e-01  9.587872e-01
   outer loop
     vertex  2.500000e+00 -1.189005e+00  3.819197e+00
     vertex  2.500000e+00 -1.083781e+00  3.850379e+00
     vertex  2.109855e-02 -1.049788e+00  3.859786e+00
   endloop
 endfacet
 facet normal  0.000000e+00 -3.103214e-01  9.506317e-01
   outer loop
     vertex  2.500000e+00 -1.293333e+00  3.785141e+00
     vertex  2.500000e+00 -1.189005e+00  3.819197e+00
     vertex -2.500000e+00 -1.293333e+00  3.785141e+00
   endloop
 endfacet
 facet normal  0.000000e+00 -3.362843e-01  9.417605e-01
   outer loop
     vertex  2.500000e+00 -1.396688e+00  3.748235e+00
     vertex  2.500000e+00 -1.293333e+00  3.785141e+00
     vertex -2.500000e+00 -1.293333e+00  3.785141e+00
   endloop
 endfacet
 facet normal  0.000000e+00 -3.362843e-01  9.417605e-01
   outer loop
     vertex  2.500000e+00 -1.396688e+00  3.748235e+00
     vertex -2.500000e+00 -1.293333e+00  3.785141e+00
     vertex -2.500000e+00 -1.396688e+00  3.748235e+00
   endloop
 endfacet
 facet normal  0.000000e+00 -3.619940e-01  9.321804e-01
   outer loop
     vertex  2.500000e+00 -1.396688e+00  3.748235e+00
     vertex -2.500000e+00 -1.396688e+00  3.748235e+00
     vertex -2.500000e+00 -1.498992e+00  3.708507e+00
   endloop
 endfacet
 facet normal  0.000000e+00 -3.619940e-01  9.321804e-01
   outer loop
     vertex  2.500000e+00 -1.498992e+00  3.708507e+00
     vertex  2.500000e+00 -1.396688e+00  3.748235e+00
     vertex -2.500000e+00 -1.498992e+00  3.708507e+00
   endloop
 endfacet
 facet normal  0.000000e+00 -3.874313e-01  9.218986e-01
   outer loop
     vertex  2.500000e+00 -1.600167e+00  3.665988e+00
     vertex  2.500000e+00 -1.498992e+00  3.708507e+00
     vertex -2.500000e+00 -1.498992e+00  3.708507e+00
   endloop
 endfacet
 facet normal  0.000000e+00 -3.874313e-01  9.218986e-01
   outer loop
     vertex  2.500000e+00 -1.600167e+00  3.665988e+00
     vertex -2.500000e+00 -1.498992e+00  3.708507e+00
     vertex -2.500000e+00 -1.600167e+00  3.665988e+00
   endloop
 endfacet
 facet normal  0.000000e+00 -4.125769e-01  9.109228e-01
   outer loop
     vertex  2.500000e+00 -1.700137e+00  3.620709e+00
     vertex  2.500000e+00 -1.600167e+00  3.665988e+00
     vertex -2.500000e+00 -1.600167e+00  3.665988e+00
   endloop
 endfacet
 facet normal  0.000000e+00 -4.125769e-01  9.109228e-01
   outer loop
     vertex  2.500000e+00 -1.700137e+00  3.620709e+00
     vertex -2.500000e+00 -1.600167e+00  3.665988e+00
     vertex -2.500000e+00 -1.700137e+00  3.620709e+00
   endloop
 endfacet
 facet normal  0.000000e+00 -4.374119e-01  8.992613e-01
   outer loop
     vertex  2.500000e+00 -1.798828e+00  3.572704e+00
     vertex  2.500000e+00 -1.700137e+00  3.620709e+00
     vertex -2.500000e+00 -1.700137e+00  3.620709e+00
   endloop
 endfacet
 facet normal  0.000000e+00 -4.374119e-01  8.992613e-01
   outer loop
     vertex  2.500000e+00 -1.798828e+00  3.572704e+00
     vertex -2.500000e+00 -1.700137e+00  3.620709e+00
     vertex -2.500000e+00 -1.798828e+00  3.572704e+00
   endloop
 endfacet
 facet normal  0.000000e+00 -4.619176e-01  8.869228e-01
   outer loop
     vertex  2.500000e+00 -1.896165e+00  3.522011e+00
     vertex  2.500000e+00 -1.798828e+00  3.572704e+00
     vertex -2.500000e+00 -1.798828e+00  3.572704e+00
   endloop
 endfacet
 facet normal  0.000000e+00 -4.619176e-01  8.869228e-01
   outer loop
     vertex  2.500000e+00 -1.896165e+00  3.522011e+00
     vertex -2.500000e+00 -1.798828e+00  3.572704e+00
     vertex -2.500000e+00 -1.896165e+00  3.522011e+00
   endloop
 endfacet
 facet normal  0.000000e+00 -4.860756e-01  8.739167e-01
   outer loop
     vertex  2.500000e+00 -1.992074e+00  3.468665e+00
     vertex  2.500000e+00 -1.896165e+00  3.522011e+00
     vertex -2.500000e+00 -1.896165e+00  3.522011e+00
   endloop
 endfacet
 facet normal  0.000000e+00 -4.860756e-01  8.739167e-01
   outer loop
     vertex  2.500000e+00 -1.992074e+00  3.468665e+00
     vertex -2.500000e+00 -1.896165e+00  3.522011e+00
     vertex -2.500000e+00 -1.992074e+00  3.468665e+00
   endloop
 endfacet
 facet normal  0.000000e+00 -5.098678e-01  8.602528e-01
   outer loop
     vertex  2.500000e+00 -2.086484e+00  3.412709e+00
     vertex  2.500000e+00 -1.992074e+00  3.468665e+00
     vertex -2.500000e+00 -1.992074e+00  3.468665e+00
   endloop
 endfacet
 facet normal  0.000000e+00 -5.098678e-01  8.602528e-01
   outer loop
     vertex  2.500000e+00 -2.086484e+00  3.412709e+00
     vertex -2.500000e+00 -1.992074e+00  3.468665e+00
     vertex -2.500000e+00 -2.086484e+00  3.412709e+00
   endloop
 endfacet
 facet normal  0.000000e+00 -5.332761e-01  8.459413e-01
   outer loop
     vertex  2.500000e+00 -2.179323e+00  3.354184e+00
     vertex  2.500000e+00 -2.086484e+00  3.412709e+00
     vertex -2.500000e+00 -2.086484e+00  3.412709e+00
   endloop
 endfacet
 facet normal  0.000000e+00 -5.332761e-01  8.459413e-01
   outer loop
     vertex  2.500000e+00 -2.179323e+00  3.354184e+00
     vertex -2.500000e+00 -2.086484e+00  3.412709e+00
     vertex -2.500000e+00 -2.179323e+00  3.354184e+00
   endloop
 endfacet
 facet normal  0.000000e+00 -5.562829e-01  8.309929e-01
   outer loop
     vertex  2.500000e+00 -2.270522e+00  3.293134e+00
     vertex  2.500000e+00 -2.179323e+00  3.354184e+00
     vertex -2.500000e+00 -2.179323e+00  3.354184e+00
   endloop
 endfacet
 facet normal  0.000000e+00 -5.562829e-01  8.309929e-01
   outer loop
     vertex  2.500000e+00 -2.270522e+00  3.293134e+00
     vertex -2.500000e+00 -2.179323e+00  3.354184e+00
     vertex -2.500000e+00 -2.270522e+00  3.293134e+00
   endloop
 endfacet
 facet normal  0.000000e+00 -5.788711e-01  8.154191e-01
   outer loop
     vertex  2.500000e+00 -2.360011e+00  3.229605e+00
     vertex  2.500000e+00 -2.270522e+00  3.293134e+00
     vertex -2.500000e+00 -2.270522e+00  3.293134e+00
   endloop
 endfacet
 facet normal  0.000000e+00 -5.788711e-01  8.154191e-01
   outer loop
     vertex  2.500000e+00 -2.360011e+00  3.229605e+00
     vertex -2.500000e+00 -2.270522e+00  3.293134e+00
     vertex -2.500000e+00 -2.360011e+00  3.229605e+00
   endloop
 endfacet
 facet normal  0.000000e+00 -6.010234e-01  7.992314e-01
   outer loop
     vertex  2.500000e+00 -2.447724e+00  3.163645e+00
     vertex -2.500000e+00 -2.360011e+00  3.229605e+00
     vertex -2.500000e+00 -2.447724e+00  3.163645e+00
   endloop
 endfacet
 facet normal  0.000000e+00 -6.010234e-01  7.992314e-01
   outer loop
     vertex  2.500000e+00 -2.447724e+00  3.163645e+00
     vertex  2.500000e+00 -2.360011e+00  3.229605e+00
     vertex -2.500000e+00 -2.360011e+00  3.229605e+00
   endloop
 endfacet
 facet normal  0.000000e+00 -6.227234e-01  7.824421e-01
   outer loop
     vertex  2.500000e+00 -2.533594e+00  3.095303e+00
     vertex -2.500000e+00 -2.447724e+00  3.163645e+00
     vertex -2.500000e+00 -2.533594e+00  3.095303e+00
   endloop
 endfacet
 facet normal  0.000000e+00 -6.439545e-01  7.650637e-01
   outer loop
     vertex  2.500000e+00 -2.533594e+00  3.095303e+00
     vertex -2.500000e+00 -2.533594e+00  3.095303e+00
     vertex -2.500000e+00 -2.617557e+00  3.024631e+00
   endloop
 endfacet
 facet normal  0.000000e+00 -6.227234e-01  7.824421e-01
   outer loop
     vertex  2.500000e+00 -2.533594e+00  3.095303e+00
     vertex  2.500000e+00 -2.447724e+00  3.163645e+00
     vertex -2.500000e+00 -2.447724e+00  3.163645e+00
   endloop
 endfacet
 facet normal  0.000000e+00 -6.439545e-01  7.650637e-01
   outer loop
     vertex  2.500000e+00 -2.617557e+00  3.024631e+00
     vertex  2.500000e+00 -2.533594e+00  3.095303e+00
     vertex -2.500000e+00 -2.617557e+00  3.024631e+00
   endloop
 endfacet
 facet normal  0.000000e+00 -6.647010e-01  7.471095e-01
   outer loop
     vertex  2.500000e+00 -2.699550e+00  2.951683e+00
     vertex -2.500000e+00 -2.617557e+00  3.024631e+00
     vertex -2.500000e+00 -2.699550e+00  2.951683e+00
   endloop
 endfacet
 facet normal  0.000000e+00 -6.647010e-01  7.471095e-01
   outer loop
     vertex  2.500000e+00 -2.699550e+00  2.951683e+00
     vertex  2.500000e+00 -2.617557e+00  3.024631e+00
     vertex -2.500000e+00 -2.617557e+00  3.024631e+00
   endloop
 endfacet
 facet normal  0.000000e+00 -6.849470e-01  7.285929e-01
   outer loop
     vertex  2.500000e+00 -2.779511e+00  2.876512e+00
     vertex -2.500000e+00 -2.699550e+00  2.951683e+00
     vertex -2.500000e+00 -2.779511e+00  2.876512e+00
   endloop
 endfacet
 facet normal  0.000000e+00 -6.849470e-01  7.285929e-01
   outer loop
     vertex  2.500000e+00 -2.779511e+00  2.876512e+00
     vertex  2.500000e+00 -2.699550e+00  2.951683e+00
     vertex -2.500000e+00 -2.699550e+00  2.951683e+00
   endloop
 endfacet
 facet normal  0.000000e+00 -7.046775e-01  7.095278e-01
   outer loop
     vertex  2.500000e+00 -2.857379e+00  2.799176e+00
     vertex -2.500000e+00 -2.779511e+00  2.876512e+00
     vertex -2.500000e+00 -2.857379e+00  2.799176e+00
   endloop
 endfacet
 facet normal  0.000000e+00 -7.046775e-01  7.095278e-01
   outer loop
     vertex  2.500000e+00 -2.857379e+00  2.799176e+00
     vertex  2.500000e+00 -2.779511e+00  2.876512e+00
     vertex -2.500000e+00 -2.779511e+00  2.876512e+00
   endloop
 endfacet
 facet normal  0.000000e+00 -7.238775e-01  6.899286e-01
   outer loop
     vertex  2.500000e+00 -2.933096e+00  2.719733e+00
     vertex -2.500000e+00 -2.857379e+00  2.799176e+00
     vertex -2.500000e+00 -2.933096e+00  2.719733e+00
   endloop
 endfacet
 facet normal  0.000000e+00 -7.238775e-01  6.899286e-01
   outer loop
     vertex  2.500000e+00 -2.933096e+00  2.719733e+00
     vertex  2.500000e+00 -2.857379e+00  2.799176e+00
     vertex -2.500000e+00 -2.857379e+00  2.799176e+00
   endloop
 endfacet
 facet normal  0.000000e+00 -7.425325e-01  6.698100e-01
   outer loop
     vertex  2.500000e+00 -3.006605e+00  2.638243e+00
     vertex -2.500000e+00 -2.933096e+00  2.719733e+00
     vertex -2.500000e+00 -3.006605e+00  2.638243e+00
   endloop
 endfacet
 facet normal  0.000000e+00 -7.425325e-01  6.698100e-01
   outer loop
     vertex  2.500000e+00 -3.006605e+00  2.638243e+00
     vertex  2.500000e+00 -2.933096e+00  2.719733e+00
     vertex -2.500000e+00 -2.933096e+00  2.719733e+00
   endloop
 endfacet
 facet normal  0.000000e+00 -7.606287e-01  6.491872e-01
   outer loop
     vertex  2.500000e+00 -3.077851e+00  2.554766e+00
     vertex -2.500000e+00 -3.006605e+00  2.638243e+00
     vertex -2.500000e+00 -3.077851e+00  2.554766e+00
   endloop
 endfacet
 facet normal  0.000000e+00 -7.606287e-01  6.491872e-01
   outer loop
     vertex  2.500000e+00 -3.077851e+00  2.554766e+00
     vertex  2.500000e+00 -3.006605e+00  2.638243e+00
     vertex -2.500000e+00 -3.006605e+00  2.638243e+00
   endloop
 endfacet
 facet normal  0.000000e+00 -7.781522e-01  6.280757e-01
   outer loop
     vertex  2.500000e+00 -3.146780e+00  2.469367e+00
     vertex -2.500000e+00 -3.077851e+00  2.554766e+00
     vertex -2.500000e+00 -3.146780e+00  2.469367e+00
   endloop
 endfacet
 facet normal  0.000000e+00 -7.781522e-01  6.280757e-01
   outer loop
     vertex  2.500000e+00 -3.146780e+00  2.469367e+00
     vertex  2.500000e+00 -3.077851e+00  2.554766e+00
     vertex -2.500000e+00 -3.077851e+00  2.554766e+00
   endloop
 endfacet
 facet normal  0.000000e+00 -7.950900e-01  6.064915e-01
   outer loop
     vertex  2.500000e+00 -3.213341e+00  2.382108e+00
     vertex -2.500000e+00 -3.146780e+00  2.469367e+00
     vertex -2.500000e+00 -3.213341e+00  2.382108e+00
   endloop
 endfacet
 facet normal  0.000000e+00 -7.950900e-01  6.064915e-01
   outer loop
     vertex  2.500000e+00 -3.213341e+00  2.382108e+00
     vertex  2.500000e+00 -3.146780e+00  2.469367e+00
     vertex -2.500000e+00 -3.146780e+00  2.469367e+00
   endloop
 endfacet
 facet normal  0.000000e+00 -8.114292e-01  5.844507e-01
   outer loop
     vertex  2.500000e+00 -3.277482e+00  2.293057e+00
     vertex -2.500000e+00 -3.213341e+00  2.382108e+00
     vertex -2.500000e+00 -3.277482e+00  2.293057e+00
   endloop
 endfacet
 facet normal  0.000000e+00 -8.114292e-01  5.844507e-01
   outer loop
     vertex  2.500000e+00 -3.277482e+00  2.293057e+00
     vertex  2.500000e+00 -3.213341e+00  2.382108e+00
     vertex -2.500000e+00 -3.213341e+00  2.382108e+00
   endloop
 endfacet
 facet normal  0.000000e+00 -8.271577e-01  5.619699e-01
   outer loop
     vertex  2.500000e+00 -3.339156e+00  2.202279e+00
     vertex -2.500000e+00 -3.277482e+00  2.293057e+00
     vertex -2.500000e+00 -3.339156e+00  2.202279e+00
   endloop
 endfacet
 facet normal  0.000000e+00 -8.422635e-01  5.390661e-01
   outer loop
     vertex  2.500000e+00 -3.339156e+00  2.202279e+00
     vertex -2.500000e+00 -3.339156e+00  2.202279e+00
     vertex -2.500000e+00 -3.398317e+00  2.109844e+00
   endloop
 endfacet
 facet normal  0.000000e+00 -8.271577e-01  5.619699e-01
   outer loop
     vertex  2.500000e+00 -3.339156e+00  2.202279e+00
     vertex  2.500000e+00 -3.277482e+00  2.293057e+00
     vertex -2.500000e+00 -3.277482e+00  2.293057e+00
   endloop
 endfacet
 facet normal  0.000000e+00 -8.567352e-01  5.157565e-01
   outer loop
     vertex  2.500000e+00 -3.398317e+00  2.109844e+00
     vertex -2.500000e+00 -3.398317e+00  2.109844e+00
     vertex -2.500000e+00 -3.454920e+00  2.015820e+00
   endloop
 endfacet
 facet normal  0.000000e+00 -8.422635e-01  5.390661e-01
   outer loop
     vertex  2.500000e+00 -3.398317e+00  2.109844e+00
     vertex  2.500000e+00 -3.339156e+00  2.202279e+00
     vertex -2.500000e+00 -3.398317e+00  2.109844e+00
   endloop
 endfacet
 facet normal  0.000000e+00 -8.567352e-01  5.157565e-01
   outer loop
     vertex  2.500000e+00 -3.454920e+00  2.015820e+00
     vertex  2.500000e+00 -3.398317e+00  2.109844e+00
     vertex -2.500000e+00 -3.454920e+00  2.015820e+00
   endloop
 endfacet
 facet normal  0.000000e+00 -8.705620e-01  4.920587e-01
   outer loop
     vertex  2.500000e+00 -3.508921e+00  1.920279e+00
     vertex  2.500000e+00 -3.454920e+00  2.015820e+00
     vertex -2.500000e+00 -3.454920e+00  2.015820e+00
   endloop
 endfacet
 facet normal  0.000000e+00 -8.705620e-01  4.920587e-01
   outer loop
     vertex  2.500000e+00 -3.508921e+00  1.920279e+00
     vertex -2.500000e+00 -3.454920e+00  2.015820e+00
     vertex -2.500000e+00 -3.508921e+00  1.920279e+00
   endloop
 endfacet
 facet normal  0.000000e+00 -8.837335e-01  4.679904e-01
   outer loop
     vertex  2.500000e+00 -3.560282e+00  1.823292e+00
     vertex  2.500000e+00 -3.508921e+00  1.920279e+00
     vertex -2.500000e+00 -3.508921e+00  1.920279e+00
   endloop
 endfacet
 facet normal  0.000000e+00 -8.837335e-01  4.679904e-01
   outer loop
     vertex  2.500000e+00 -3.560282e+00  1.823292e+00
     vertex -2.500000e+00 -3.508921e+00  1.920279e+00
     vertex -2.500000e+00 -3.560282e+00  1.823292e+00
   endloop
 endfacet
 facet normal  0.000000e+00 -8.962398e-01  4.435699e-01
   outer loop
     vertex  2.500000e+00 -3.608962e+00  1.724933e+00
     vertex  2.500000e+00 -3.560282e+00  1.823292e+00
     vertex -2.500000e+00 -3.560282e+00  1.823292e+00
   endloop
 endfacet
 facet normal  0.000000e+00 -8.962398e-01  4.435699e-01
   outer loop
     vertex  2.500000e+00 -3.608962e+00  1.724933e+00
     vertex -2.500000e+00 -3.560282e+00  1.823292e+00
     vertex -2.500000e+00 -3.608962e+00  1.724933e+00
   endloop
 endfacet
 facet normal  0.000000e+00 -9.080714e-01  4.188155e-01
   outer loop
     vertex  2.500000e+00 -3.654925e+00  1.625275e+00
     vertex -2.500000e+00 -3.608962e+00  1.724933e+00
     vertex -2.500000e+00 -3.654925e+00  1.625275e+00
   endloop
 endfacet
 facet normal  0.000000e+00 -9.080714e-01  4.188155e-01
   outer loop
     vertex  2.500000e+00 -3.654925e+00  1.625275e+00
     vertex  2.500000e+00 -3.608962e+00  1.724933e+00
     vertex -2.500000e+00 -3.608962e+00  1.724933e+00
   endloop
 endfacet
 facet normal  0.000000e+00 -9.192194e-01  3.937458e-01
   outer loop
     vertex  2.500000e+00 -3.698138e+00  1.524394e+00
     vertex -2.500000e+00 -3.654925e+00  1.625275e+00
     vertex -2.500000e+00 -3.698138e+00  1.524394e+00
   endloop
 endfacet
 facet normal  0.000000e+00 -9.192194e-01  3.937458e-01
   outer loop
     vertex  2.500000e+00 -3.698138e+00  1.524394e+00
     vertex  2.500000e+00 -3.654925e+00  1.625275e+00
     vertex -2.500000e+00 -3.654925e+00  1.625275e+00
   endloop
 endfacet
 facet normal  0.000000e+00 -9.296754e-01  3.683796e-01
   outer loop
     vertex  2.500000e+00 -3.738566e+00  1.422366e+00
     vertex -2.500000e+00 -3.698138e+00  1.524394e+00
     vertex -2.500000e+00 -3.738566e+00  1.422366e+00
   endloop
 endfacet
 facet normal  0.000000e+00 -9.296754e-01  3.683796e-01
   outer loop
     vertex  2.500000e+00 -3.738566e+00  1.422366e+00
     vertex  2.500000e+00 -3.698138e+00  1.524394e+00
     vertex -2.500000e+00 -3.698138e+00  1.524394e+00
   endloop
 endfacet
 facet normal  0.000000e+00 -9.394317e-01  3.427362e-01
   outer loop
     vertex  2.500000e+00 -3.776180e+00  1.319266e+00
     vertex -2.500000e+00 -3.738566e+00  1.422366e+00
     vertex -2.500000e+00 -3.776180e+00  1.319266e+00
   endloop
 endfacet
 facet normal  0.000000e+00 -9.394317e-01  3.427362e-01
   outer loop
     vertex  2.500000e+00 -3.776180e+00  1.319266e+00
     vertex  2.500000e+00 -3.738566e+00  1.422366e+00
     vertex -2.500000e+00 -3.738566e+00  1.422366e+00
   endloop
 endfacet
 facet normal  0.000000e+00 -9.484807e-01  3.168348e-01
   outer loop
     vertex  2.500000e+00 -3.810952e+00  1.215174e+00
     vertex -2.500000e+00 -3.776180e+00  1.319266e+00
     vertex -2.500000e+00 -3.810952e+00  1.215174e+00
   endloop
 endfacet
 facet normal  0.000000e+00 -9.484807e-01  3.168348e-01
   outer loop
     vertex  2.500000e+00 -3.810952e+00  1.215174e+00
     vertex  2.500000e+00 -3.776180e+00  1.319266e+00
     vertex -2.500000e+00 -3.776180e+00  1.319266e+00
   endloop
 endfacet
 facet normal  0.000000e+00 -9.568158e-01  2.906949e-01
   outer loop
     vertex  2.500000e+00 -3.842854e+00  1.110167e+00
     vertex -2.500000e+00 -3.810952e+00  1.215174e+00
     vertex -2.500000e+00 -3.842854e+00  1.110167e+00
   endloop
 endfacet
 facet normal  0.000000e+00 -9.644306e-01  2.643362e-01
   outer loop
     vertex  2.500000e+00 -3.842854e+00  1.110167e+00
     vertex -2.500000e+00 -3.842854e+00  1.110167e+00
     vertex -2.500000e+00 -3.871864e+00  1.004324e+00
   endloop
 endfacet
 facet normal  0.000000e+00 -9.568158e-01  2.906949e-01
   outer loop
     vertex  2.500000e+00 -3.842854e+00  1.110167e+00
     vertex  2.500000e+00 -3.810952e+00  1.215174e+00
     vertex -2.500000e+00 -3.810952e+00  1.215174e+00
   endloop
 endfacet
 facet normal  0.000000e+00 -9.713194e-01  2.377784e-01
   outer loop
     vertex  2.500000e+00 -3.871864e+00  1.004324e+00
     vertex -2.500000e+00 -3.871864e+00  1.004324e+00
     vertex -2.500000e+00 -3.897960e+00  8.977248e-01
   endloop
 endfacet
 facet normal  0.000000e+00 -9.644306e-01  2.643362e-01
   outer loop
     vertex  2.500000e+00 -3.871864e+00  1.004324e+00
     vertex  2.500000e+00 -3.842854e+00  1.110167e+00
     vertex -2.500000e+00 -3.871864e+00  1.004324e+00
   endloop
 endfacet
 facet normal  0.000000e+00 -9.713194e-01  2.377784e-01
   outer loop
     vertex  2.500000e+00 -3.897960e+00  8.977248e-01
     vertex  2.500000e+00 -3.871864e+00  1.004324e+00
     vertex -2.500000e+00 -3.897960e+00  8.977248e-01
   endloop
 endfacet
 facet normal  0.000000e+00 -9.774771e-01  2.110417e-01
   outer loop
     vertex  2.500000e+00 -3.921121e+00  7.904501e-01
     vertex -2.500000e+00 -3.897960e+00  8.977248e-01
     vertex -2.500000e+00 -3.921121e+00  7.904501e-01
   endloop
 endfacet
 facet normal  0.000000e+00 -9.828989e-01  1.841461e-01
   outer loop
     vertex  2.500000e+00 -3.921121e+00  7.904501e-01
     vertex -2.500000e+00 -3.921121e+00  7.904501e-01
     vertex -2.500000e+00 -3.941330e+00  6.825803e-01
   endloop
 endfacet
 facet normal  0.000000e+00 -9.774771e-01  2.110417e-01
   outer loop
     vertex  2.500000e+00 -3.921121e+00  7.904501e-01
     vertex  2.500000e+00 -3.897960e+00  8.977248e-01
     vertex -2.500000e+00 -3.897960e+00  8.977248e-01
   endloop
 endfacet
 facet normal  0.000000e+00 -9.875808e-01  1.571119e-01
   outer loop
     vertex  2.500000e+00 -3.941330e+00  6.825803e-01
     vertex -2.500000e+00 -3.941330e+00  6.825803e-01
     vertex -2.500000e+00 -3.958573e+00  5.741968e-01
   endloop
 endfacet
 facet normal  0.000000e+00 -9.828989e-01  1.841461e-01
   outer loop
     vertex  2.500000e+00 -3.941330e+00  6.825803e-01
     vertex  2.500000e+00 -3.921121e+00  7.904501e-01
     vertex -2.500000e+00 -3.941330e+00  6.825803e-01
   endloop
 endfacet
 facet normal  0.000000e+00 -9.875808e-01  1.571119e-01
   outer loop
     vertex  2.500000e+00 -3.958573e+00  5.741968e-01
     vertex  2.500000e+00 -3.941330e+00  6.825803e-01
     vertex -2.500000e+00 -3.958573e+00  5.741968e-01
   endloop
 endfacet
 facet normal  0.000000e+00 -9.915193e-01  1.299594e-01
   outer loop
     vertex  2.500000e+00 -3.972835e+00  4.653810e-01
     vertex -2.500000e+00 -3.958573e+00  5.741968e-01
     vertex -2.500000e+00 -3.972835e+00  4.653810e-01
   endloop
 endfacet
 facet normal  0.000000e+00 -9.947114e-01  1.027091e-01
   outer loop
     vertex  2.500000e+00 -3.972835e+00  4.653810e-01
     vertex -2.500000e+00 -3.972835e+00  4.653810e-01
     vertex -2.500000e+00 -3.984107e+00  3.562149e-01
   endloop
 endfacet
 facet normal  0.000000e+00 -9.915193e-01  1.299594e-01
   outer loop
     vertex  2.500000e+00 -3.972835e+00  4.653810e-01
     vertex  2.500000e+00 -3.958573e+00  5.741968e-01
     vertex -2.500000e+00 -3.958573e+00  5.741968e-01
   endloop
 endfacet
 facet normal  0.000000e+00 -9.947114e-01  1.027091e-01
   outer loop
     vertex  2.500000e+00 -3.984107e+00  3.562149e-01
     vertex  2.500000e+00 -3.972835e+00  4.653810e-01
     vertex -2.500000e+00 -3.984107e+00  3.562149e-01
   endloop
 endfacet
 facet normal  0.000000e+00 -9.971548e-01  7.538152e-02
   outer loop
     vertex  2.500000e+00 -3.992380e+00  2.467806e-01
     vertex -2.500000e+00 -3.984107e+00  3.562149e-01
     vertex -2.500000e+00 -3.992380e+00  2.467806e-01
   endloop
 endfacet
 facet normal  0.000000e+00 -9.988475e-01  4.799716e-02
   outer loop
     vertex  2.500000e+00 -3.992380e+00  2.467806e-01
     vertex -2.500000e+00 -3.992380e+00  2.467806e-01
     vertex -2.500000e+00 -3.997648e+00  1.371606e-01
   endloop
 endfacet
 facet normal  0.000000e+00 -9.971548e-01  7.538152e-02
   outer loop
     vertex  2.500000e+00 -3.992380e+00  2.467806e-01
     vertex  2.500000e+00 -3.984107e+00  3.562149e-01
     vertex -2.500000e+00 -3.984107e+00  3.562149e-01
   endloop
 endfacet
 facet normal  0.000000e+00 -9.997883e-01  2.057667e-02
   outer loop
     vertex  2.500000e+00 -3.997648e+00  1.371606e-01
     vertex -2.500000e+00 -3.997648e+00  1.371606e-01
     vertex -2.500000e+00 -3.999906e+00  2.743728e-02
   endloop
 endfacet
 facet normal  0.000000e+00 -9.988475e-01  4.799716e-02
   outer loop
     vertex  2.500000e+00 -3.997648e+00  1.371606e-01
     vertex  2.500000e+00 -3.992380e+00  2.467806e-01
     vertex -2.500000e+00 -3.997648e+00  1.371606e-01
   endloop
 endfacet
 facet normal  0.000000e+00 -9.997883e-01  2.057667e-02
   outer loop
     vertex  2.500000e+00 -3.999906e+00  2.743728e-02
     vertex  2.500000e+00 -3.997648e+00  1.371606e-01
     vertex -2.500000e+00 -3.999906e+00  2.743728e-02
   endloop
 endfacet
 facet normal -0.000000e+00 -9.999765e-01 -6.859319e-03
   outer loop
     vertex  2.500000e+00 -3.999153e+00 -8.230666e-02
     vertex -2.500000e+00 -3.999906e+00  2.743728e-02
     vertex -2.500000e+00 -3.999153e+00 -8.230666e-02
   endloop
 endfacet
 facet normal  0.000000e+00 -9.999765e-01 -6.859319e-03
   outer loop
     vertex  2.500000e+00 -3.999153e+00 -8.230666e-02
     vertex  2.500000e+00 -3.999906e+00  2.743728e-02
     vertex -2.500000e+00 -3.999906e+00  2.743728e-02
   endloop
 endfacet
 facet normal -0.000000e+00 -9.994119e-01 -3.429014e-02
   outer loop
     vertex  2.500000e+00 -3.995390e+00 -1.919886e-01
     vertex -2.500000e+00 -3.999153e+00 -8.230666e-02
     vertex -2.500000e+00 -3.995390e+00 -1.919886e-01
   endloop
 endfacet
 facet normal  0.000000e+00 -9.994119e-01 -3.429014e-02
   outer loop
     vertex  2.500000e+00 -3.995390e+00 -1.919886e-01
     vertex  2.500000e+00 -3.999153e+00 -8.230666e-02
     vertex -2.500000e+00 -3.999153e+00 -8.230666e-02
   endloop
 endfacet
 facet normal -0.000000e+00 -9.980950e-01 -6.169515e-02
   outer loop
     vertex  2.500000e+00 -3.988619e+00 -3.015261e-01
     vertex -2.500000e+00 -3.995390e+00 -1.919886e-01
     vertex -2.500000e+00 -3.988619e+00 -3.015261e-01
   endloop
 endfacet
 facet normal  0.000000e+00 -9.980950e-01 -6.169515e-02
   outer loop
     vertex  2.500000e+00 -3.988619e+00 -3.015261e-01
     vertex  2.500000e+00 -3.995390e+00 -1.919886e-01
     vertex -2.500000e+00 -3.995390e+00 -1.919886e-01
   endloop
 endfacet
 facet normal -0.000000e+00 -9.960268e-01 -8.905371e-02
   outer loop
     vertex  2.500000e+00 -3.978846e+00 -4.108366e-01
     vertex -2.500000e+00 -3.988619e+00 -3.015261e-01
     vertex -2.500000e+00 -3.978846e+00 -4.108366e-01
   endloop
 endfacet
 facet normal  0.000000e+00 -9.960268e-01 -8.905371e-02
   outer loop
     vertex  2.500000e+00 -3.978846e+00 -4.108366e-01
     vertex  2.500000e+00 -3.988619e+00 -3.015261e-01
     vertex -2.500000e+00 -3.988619e+00 -3.015261e-01
   endloop
 endfacet
 facet normal -0.000000e+00 -9.932088e-01 -1.163452e-01
   outer loop
     vertex  2.500000e+00 -3.966077e+00 -5.198378e-01
     vertex -2.500000e+00 -3.978846e+00 -4.108366e-01
     vertex -2.500000e+00 -3.966077e+00 -5.198378e-01
   endloop
 endfacet
 facet normal -0.000000e+00 -9.896432e-01 -1.435492e-01
   outer loop
     vertex  2.500000e+00 -3.966077e+00 -5.198378e-01
     vertex -2.500000e+00 -3.966077e+00 -5.198378e-01
     vertex -2.500000e+00 -3.950323e+00 -6.284477e-01
   endloop
 endfacet
 facet normal  0.000000e+00 -9.932088e-01 -1.163452e-01
   outer loop
     vertex  2.500000e+00 -3.966077e+00 -5.198378e-01
     vertex  2.500000e+00 -3.978846e+00 -4.108366e-01
     vertex -2.500000e+00 -3.978846e+00 -4.108366e-01
   endloop
 endfacet
 facet normal -0.000000e+00 -9.896432e-01 -1.435492e-01
   outer loop
     vertex  2.500000e+00 -3.950323e+00 -6.284477e-01
     vertex  2.500000e+00 -3.966077e+00 -5.198378e-01
     vertex -2.500000e+00 -3.950323e+00 -6.284477e-01
   endloop
 endfacet
 facet normal  0.000000e+00 -9.853326e-01 -1.706451e-01
   outer loop
     vertex  2.500000e+00 -3.931596e+00 -7.365845e-01
     vertex  2.500000e+00 -3.950323e+00 -6.284477e-01
     vertex -2.500000e+00 -3.950323e+00 -6.284477e-01
   endloop
 endfacet
 facet normal -0.000000e+00 -9.853326e-01 -1.706451e-01
   outer loop
     vertex  2.500000e+00 -3.931596e+00 -7.365845e-01
     vertex -2.500000e+00 -3.950323e+00 -6.284477e-01
     vertex -2.500000e+00 -3.931596e+00 -7.365845e-01
   endloop
 endfacet
 facet normal  0.000000e+00 -9.802802e-01 -1.976125e-01
   outer loop
     vertex  2.500000e+00 -3.909908e+00 -8.441668e-01
     vertex  2.500000e+00 -3.931596e+00 -7.365845e-01
     vertex -2.500000e+00 -3.931596e+00 -7.365845e-01
   endloop
 endfacet
 facet normal -0.000000e+00 -9.802802e-01 -1.976125e-01
   outer loop
     vertex  2.500000e+00 -3.909908e+00 -8.441668e-01
     vertex -2.500000e+00 -3.931596e+00 -7.365845e-01
     vertex -2.500000e+00 -3.909908e+00 -8.441668e-01
   endloop
 endfacet
 facet normal -0.000000e+00 -9.744899e-01 -2.244312e-01
   outer loop
     vertex  2.500000e+00 -3.909908e+00 -8.441668e-01
     vertex -2.500000e+00 -3.909908e+00 -8.441668e-01
     vertex -2.500000e+00 -3.885278e+00 -9.511137e-01
   endloop
 endfacet
 facet normal -0.000000e+00 -9.744899e-01 -2.244312e-01
   outer loop
     vertex  2.500000e+00 -3.885278e+00 -9.511137e-01
     vertex  2.500000e+00 -3.909908e+00 -8.441668e-01
     vertex -2.500000e+00 -3.885278e+00 -9.511137e-01
   endloop
 endfacet
 facet normal  0.000000e+00 -9.679661e-01 -2.510809e-01
   outer loop
     vertex  2.500000e+00 -3.857722e+00 -1.057345e+00
     vertex  2.500000e+00 -3.885278e+00 -9.511137e-01
     vertex -2.500000e+00 -3.885278e+00 -9.511137e-01
   endloop
 endfacet
 facet normal -0.000000e+00 -9.679661e-01 -2.510809e-01
   outer loop
     vertex  2.500000e+00 -3.857722e+00 -1.057345e+00
     vertex -2.500000e+00 -3.885278e+00 -9.511137e-01
     vertex -2.500000e+00 -3.857722e+00 -1.057345e+00
   endloop
 endfacet
 facet normal -0.000000e+00 -9.607136e-01 -2.775416e-01
   outer loop
     vertex  2.500000e+00 -3.857722e+00 -1.057345e+00
     vertex -2.500000e+00 -3.857722e+00 -1.057345e+00
     vertex -2.500000e+00 -3.827263e+00 -1.162780e+00
   endloop
 endfacet
 facet normal -0.000000e+00 -9.607136e-01 -2.775416e-01
   outer loop
     vertex  2.500000e+00 -3.827263e+00 -1.162780e+00
     vertex  2.500000e+00 -3.857722e+00 -1.057345e+00
     vertex -2.500000e+00 -3.827263e+00 -1.162780e+00
   endloop
 endfacet
 facet normal  0.000000e+00 -9.527379e-01 -3.037934e-01
   outer loop
     vertex  2.500000e+00 -3.793923e+00 -1.267339e+00
     vertex  2.500000e+00 -3.827263e+00 -1.162780e+00
     vertex -2.500000e+00 -3.827263e+00 -1.162780e+00
   endloop
 endfacet
 facet normal -0.000000e+00 -9.527379e-01 -3.037934e-01
   outer loop
     vertex  2.500000e+00 -3.793923e+00 -1.267339e+00
     vertex -2.500000e+00 -3.827263e+00 -1.162780e+00
     vertex -2.500000e+00 -3.793923e+00 -1.267339e+00
   endloop
 endfacet
 facet normal -0.000000e+00 -9.440450e-01 -3.298166e-01
   outer loop
     vertex  2.500000e+00 -3.793923e+00 -1.267339e+00
     vertex -2.500000e+00 -3.793923e+00 -1.267339e+00
     vertex -2.500000e+00 -3.757727e+00 -1.370945e+00
   endloop
 endfacet
 facet normal -0.000000e+00 -9.440450e-01 -3.298166e-01
   outer loop
     vertex  2.500000e+00 -3.757727e+00 -1.370945e+00
     vertex  2.500000e+00 -3.793923e+00 -1.267339e+00
     vertex -2.500000e+00 -3.757727e+00 -1.370945e+00
   endloop
 endfacet
 facet normal  0.000000e+00 -9.346415e-01 -3.555914e-01
   outer loop
     vertex  2.500000e+00 -3.718702e+00 -1.473519e+00
     vertex  2.500000e+00 -3.757727e+00 -1.370945e+00
     vertex -2.500000e+00 -3.757727e+00 -1.370945e+00
   endloop
 endfacet
 facet normal -0.000000e+00 -9.346415e-01 -3.555914e-01
   outer loop
     vertex  2.500000e+00 -3.718702e+00 -1.473519e+00
     vertex -2.500000e+00 -3.757727e+00 -1.370945e+00
     vertex -2.500000e+00 -3.718702e+00 -1.473519e+00
   endloop
 endfacet
 facet normal  0.000000e+00 -9.245344e-01 -3.810986e-01
   outer loop
     vertex  2.500000e+00 -3.676878e+00 -1.574983e+00
     vertex  2.500000e+00 -3.718702e+00 -1.473519e+00
     vertex -2.500000e+00 -3.718702e+00 -1.473519e+00
   endloop
 endfacet
 facet normal -0.000000e+00 -9.245344e-01 -3.810986e-01
   outer loop
     vertex  2.500000e+00 -3.676878e+00 -1.574983e+00
     vertex -2.500000e+00 -3.718702e+00 -1.473519e+00
     vertex -2.500000e+00 -3.676878e+00 -1.574983e+00
   endloop
 endfacet
 facet normal  0.000000e+00 -9.137314e-01 -4.063188e-01
   outer loop
     vertex  2.500000e+00 -3.632285e+00 -1.675262e+00
     vertex  2.500000e+00 -3.676878e+00 -1.574983e+00
     vertex -2.500000e+00 -3.676878e+00 -1.574983e+00
   endloop
 endfacet
 facet normal -0.000000e+00 -9.137314e-01 -4.063188e-01
   outer loop
     vertex  2.500000e+00 -3.632285e+00 -1.675262e+00
     vertex -2.500000e+00 -3.676878e+00 -1.574983e+00
     vertex -2.500000e+00 -3.632285e+00 -1.675262e+00
   endloop
 endfacet
 facet normal -0.000000e+00 -9.022405e-01 -4.312333e-01
   outer loop
     vertex  2.500000e+00 -3.632285e+00 -1.675262e+00
     vertex -2.500000e+00 -3.632285e+00 -1.675262e+00
     vertex -2.500000e+00 -3.584959e+00 -1.774280e+00
   endloop
 endfacet
 facet normal -0.000000e+00 -9.022405e-01 -4.312333e-01
   outer loop
     vertex  2.500000e+00 -3.584959e+00 -1.774280e+00
     vertex  2.500000e+00 -3.632285e+00 -1.675262e+00
     vertex -2.500000e+00 -3.584959e+00 -1.774280e+00
   endloop
 endfacet
 facet normal  0.000000e+00 -8.900704e-01 -4.558231e-01
   outer loop
     vertex  2.500000e+00 -3.534934e+00 -1.871962e+00
     vertex  2.500000e+00 -3.584959e+00 -1.774280e+00
     vertex -2.500000e+00 -3.584959e+00 -1.774280e+00
   endloop
 endfacet
 facet normal -0.000000e+00 -8.900704e-01 -4.558231e-01
   outer loop
     vertex  2.500000e+00 -3.534934e+00 -1.871962e+00
     vertex -2.500000e+00 -3.584959e+00 -1.774280e+00
     vertex -2.500000e+00 -3.534934e+00 -1.871962e+00
   endloop
 endfacet
 facet normal -0.000000e+00 -8.772303e-01 -4.800697e-01
   outer loop
     vertex  2.500000e+00 -3.534934e+00 -1.871962e+00
     vertex -2.500000e+00 -3.534934e+00 -1.871962e+00
     vertex -2.500000e+00 -3.482248e+00 -1.968235e+00
   endloop
 endfacet
 facet normal -0.000000e+00 -8.772303e-01 -4.800697e-01
   outer loop
     vertex  2.500000e+00 -3.482248e+00 -1.968235e+00
     vertex  2.500000e+00 -3.534934e+00 -1.871962e+00
     vertex -2.500000e+00 -3.482248e+00 -1.968235e+00
   endloop
 endfacet
 facet normal  0.000000e+00 -8.637299e-01 -5.039550e-01
   outer loop
     vertex  2.500000e+00 -3.426941e+00 -2.063026e+00
     vertex  2.500000e+00 -3.482248e+00 -1.968235e+00
     vertex -2.500000e+00 -3.482248e+00 -1.968235e+00
   endloop
 endfacet
 facet normal -0.000000e+00 -8.637299e-01 -5.039550e-01
   outer loop
     vertex  2.500000e+00 -3.426941e+00 -2.063026e+00
     vertex -2.500000e+00 -3.482248e+00 -1.968235e+00
     vertex -2.500000e+00 -3.426941e+00 -2.063026e+00
   endloop
 endfacet
 facet normal -0.000000e+00 -8.495793e-01 -5.274609e-01
   outer loop
     vertex  2.500000e+00 -3.369054e+00 -2.156264e+00
     vertex -2.500000e+00 -3.426941e+00 -2.063026e+00
     vertex -2.500000e+00 -3.369054e+00 -2.156264e+00
   endloop
 endfacet
 facet normal -0.000000e+00 -8.347891e-01 -5.505698e-01
   outer loop
     vertex  2.500000e+00 -3.369054e+00 -2.156264e+00
     vertex -2.500000e+00 -3.369054e+00 -2.156264e+00
     vertex -2.500000e+00 -3.308631e+00 -2.247880e+00
   endloop
 endfacet
 facet normal  0.000000e+00 -8.495793e-01 -5.274609e-01
   outer loop
     vertex  2.500000e+00 -3.369054e+00 -2.156264e+00
     vertex  2.500000e+00 -3.426941e+00 -2.063026e+00
     vertex -2.500000e+00 -3.426941e+00 -2.063026e+00
   endloop
 endfacet
 facet normal -0.000000e+00 -8.347891e-01 -5.505698e-01
   outer loop
     vertex  2.500000e+00 -3.308631e+00 -2.247880e+00
     vertex  2.500000e+00 -3.369054e+00 -2.156264e+00
     vertex -2.500000e+00 -3.308631e+00 -2.247880e+00
   endloop
 endfacet
 facet normal -0.000000e+00 -8.193706e-01 -5.732642e-01
   outer loop
     vertex  2.500000e+00 -3.245717e+00 -2.337803e+00
     vertex -2.500000e+00 -3.308631e+00 -2.247880e+00
     vertex -2.500000e+00 -3.245717e+00 -2.337803e+00
   endloop
 endfacet
 facet normal  0.000000e+00 -8.193706e-01 -5.732642e-01
   outer loop
     vertex  2.500000e+00 -3.245717e+00 -2.337803e+00
     vertex  2.500000e+00 -3.308631e+00 -2.247880e+00
     vertex -2.500000e+00 -3.308631e+00 -2.247880e+00
   endloop
 endfacet
 facet normal -0.000000e+00 -8.033352e-01 -5.955271e-01
   outer loop
     vertex  2.500000e+00 -3.180360e+00 -2.425966e+00
     vertex -2.500000e+00 -3.245717e+00 -2.337803e+00
     vertex -2.500000e+00 -3.180360e+00 -2.425966e+00
   endloop
 endfacet
 facet normal -0.000000e+00 -7.866951e-01 -6.173417e-01
   outer loop
     vertex  2.500000e+00 -3.180360e+00 -2.425966e+00
     vertex -2.500000e+00 -3.180360e+00 -2.425966e+00
     vertex -2.500000e+00 -3.112609e+00 -2.512303e+00
   endloop
 endfacet
 facet normal  0.000000e+00 -8.033352e-01 -5.955271e-01
   outer loop
     vertex  2.500000e+00 -3.180360e+00 -2.425966e+00
     vertex  2.500000e+00 -3.245717e+00 -2.337803e+00
     vertex -2.500000e+00 -3.245717e+00 -2.337803e+00
   endloop
 endfacet
 facet normal -0.000000e+00 -7.866951e-01 -6.173417e-01
   outer loop
     vertex  2.500000e+00 -3.112609e+00 -2.512303e+00
     vertex  2.500000e+00 -3.180360e+00 -2.425966e+00
     vertex -2.500000e+00 -3.112609e+00 -2.512303e+00
   endloop
 endfacet
 facet normal -0.000000e+00 -7.694628e-01 -6.386916e-01
   outer loop
     vertex  2.500000e+00 -3.042515e+00 -2.596749e+00
     vertex -2.500000e+00 -3.112609e+00 -2.512303e+00
     vertex -2.500000e+00 -3.042515e+00 -2.596749e+00
   endloop
 endfacet
 facet normal  0.000000e+00 -7.694628e-01 -6.386916e-01
   outer loop
     vertex  2.500000e+00 -3.042515e+00 -2.596749e+00
     vertex  2.500000e+00 -3.112609e+00 -2.512303e+00
     vertex -2.500000e+00 -3.112609e+00 -2.512303e+00
   endloop
 endfacet
 facet normal -0.000000e+00 -7.516513e-01 -6.595607e-01
   outer loop
     vertex  2.500000e+00 -2.970130e+00 -2.679240e+00
     vertex -2.500000e+00 -3.042515e+00 -2.596749e+00
     vertex -2.500000e+00 -2.970130e+00 -2.679240e+00
   endloop
 endfacet
 facet normal  0.000000e+00 -7.516513e-01 -6.595607e-01
   outer loop
     vertex  2.500000e+00 -2.970130e+00 -2.679240e+00
     vertex  2.500000e+00 -3.042515e+00 -2.596749e+00
     vertex -2.500000e+00 -3.042515e+00 -2.596749e+00
   endloop
 endfacet
 facet normal -0.000000e+00 -7.332740e-01 -6.799333e-01
   outer loop
     vertex  2.500000e+00 -2.895510e+00 -2.759714e+00
     vertex -2.500000e+00 -2.970130e+00 -2.679240e+00
     vertex -2.500000e+00 -2.895510e+00 -2.759714e+00
   endloop
 endfacet
 facet normal -0.000000e+00 -7.143447e-01 -6.997940e-01
   outer loop
     vertex  2.500000e+00 -2.895510e+00 -2.759714e+00
     vertex -2.500000e+00 -2.895510e+00 -2.759714e+00
     vertex -2.500000e+00 -2.818710e+00 -2.838111e+00
   endloop
 endfacet
 facet normal  0.000000e+00 -7.332740e-01 -6.799333e-01
   outer loop
     vertex  2.500000e+00 -2.895510e+00 -2.759714e+00
     vertex  2.500000e+00 -2.970130e+00 -2.679240e+00
     vertex -2.500000e+00 -2.970130e+00 -2.679240e+00
   endloop
 endfacet
 facet normal -0.000000e+00 -7.143447e-01 -6.997940e-01
   outer loop
     vertex  2.500000e+00 -2.818710e+00 -2.838111e+00
     vertex  2.500000e+00 -2.895510e+00 -2.759714e+00
     vertex -2.500000e+00 -2.818710e+00 -2.838111e+00
   endloop
 endfacet
 facet normal -0.000000e+00 -6.948776e-01 -7.191280e-01
   outer loop
     vertex  2.500000e+00 -2.739788e+00 -2.914371e+00
     vertex -2.500000e+00 -2.818710e+00 -2.838111e+00
     vertex -2.500000e+00 -2.739788e+00 -2.914371e+00
   endloop
 endfacet
 facet normal  0.000000e+00 -6.948776e-01 -7.191280e-01
   outer loop
     vertex  2.500000e+00 -2.739788e+00 -2.914371e+00
     vertex  2.500000e+00 -2.818710e+00 -2.838111e+00
     vertex -2.500000e+00 -2.818710e+00 -2.838111e+00
   endloop
 endfacet
 facet normal -0.000000e+00 -6.748875e-01 -7.379206e-01
   outer loop
     vertex  2.500000e+00 -2.658804e+00 -2.988438e+00
     vertex -2.500000e+00 -2.739788e+00 -2.914371e+00
     vertex -2.500000e+00 -2.658804e+00 -2.988438e+00
   endloop
 endfacet
 facet normal -0.000000e+00 -6.543893e-01 -7.561578e-01
   outer loop
     vertex  2.500000e+00 -2.658804e+00 -2.988438e+00
     vertex -2.500000e+00 -2.658804e+00 -2.988438e+00
     vertex -2.500000e+00 -2.575818e+00 -3.060255e+00
   endloop
 endfacet
 facet normal  0.000000e+00 -6.748875e-01 -7.379206e-01
   outer loop
     vertex  2.500000e+00 -2.658804e+00 -2.988438e+00
     vertex  2.500000e+00 -2.739788e+00 -2.914371e+00
     vertex -2.500000e+00 -2.739788e+00 -2.914371e+00
   endloop
 endfacet
 facet normal -0.000000e+00 -6.543893e-01 -7.561578e-01
   outer loop
     vertex  2.500000e+00 -2.575818e+00 -3.060255e+00
     vertex  2.500000e+00 -2.658804e+00 -2.988438e+00
     vertex -2.500000e+00 -2.575818e+00 -3.060255e+00
   endloop
 endfacet
 facet normal -0.000000e+00 -6.333986e-01 -7.738257e-01
   outer loop
     vertex  2.500000e+00 -2.575818e+00 -3.060255e+00
     vertex -2.500000e+00 -2.575818e+00 -3.060255e+00
     vertex -2.500000e+00 -2.490894e+00 -3.129768e+00
   endloop
 endfacet
 facet normal -0.000000e+00 -6.333986e-01 -7.738257e-01
   outer loop
     vertex  2.500000e+00 -2.490894e+00 -3.129768e+00
     vertex  2.500000e+00 -2.575818e+00 -3.060255e+00
     vertex -2.500000e+00 -2.490894e+00 -3.129768e+00
   endloop
 endfacet
 facet normal  0.000000e+00 -6.119310e-01 -7.909112e-01
   outer loop
     vertex  2.500000e+00 -2.404094e+00 -3.196926e+00
     vertex  2.500000e+00 -2.490894e+00 -3.129768e+00
     vertex -2.500000e+00 -2.490894e+00 -3.129768e+00
   endloop
 endfacet
 facet normal -0.000000e+00 -6.119310e-01 -7.909112e-01
   outer loop
     vertex  2.500000e+00 -2.404094e+00 -3.196926e+00
     vertex -2.500000e+00 -2.490894e+00 -3.129768e+00
     vertex -2.500000e+00 -2.404094e+00 -3.196926e+00
   endloop
 endfacet
 facet normal  0.000000e+00 -5.900028e-01 -8.074012e-01
   outer loop
     vertex  2.500000e+00 -2.315484e+00 -3.261676e+00
     vertex  2.500000e+00 -2.404094e+00 -3.196926e+00
     vertex -2.500000e+00 -2.404094e+00 -3.196926e+00
   endloop
 endfacet
 facet normal -0.000000e+00 -5.900028e-01 -8.074012e-01
   outer loop
     vertex  2.500000e+00 -2.315484e+00 -3.261676e+00
     vertex -2.500000e+00 -2.404094e+00 -3.196926e+00
     vertex -2.500000e+00 -2.315484e+00 -3.261676e+00
   endloop
 endfacet
 facet normal -0.000000e+00 -5.676304e-01 -8.232835e-01
   outer loop
     vertex  2.500000e+00 -2.315484e+00 -3.261676e+00
     vertex -2.500000e+00 -2.315484e+00 -3.261676e+00
     vertex -2.500000e+00 -2.225132e+00 -3.323972e+00
   endloop
 endfacet
 facet normal -0.000000e+00 -5.676304e-01 -8.232835e-01
   outer loop
     vertex  2.500000e+00 -2.225132e+00 -3.323972e+00
     vertex  2.500000e+00 -2.315484e+00 -3.261676e+00
     vertex -2.500000e+00 -2.225132e+00 -3.323972e+00
   endloop
 endfacet
 facet normal  0.000000e+00 -5.448308e-01 -8.385460e-01
   outer loop
     vertex  2.500000e+00 -2.133104e+00 -3.383765e+00
     vertex  2.500000e+00 -2.225132e+00 -3.323972e+00
     vertex -2.500000e+00 -2.225132e+00 -3.323972e+00
   endloop
 endfacet
 facet normal -0.000000e+00 -5.448308e-01 -8.385460e-01
   outer loop
     vertex  2.500000e+00 -2.133104e+00 -3.383765e+00
     vertex -2.500000e+00 -2.225132e+00 -3.323972e+00
     vertex -2.500000e+00 -2.133104e+00 -3.383765e+00
   endloop
 endfacet
 facet normal -0.000000e+00 -5.216210e-01 -8.531773e-01
   outer loop
     vertex  2.500000e+00 -2.133104e+00 -3.383765e+00
     vertex -2.500000e+00 -2.133104e+00 -3.383765e+00
     vertex -2.500000e+00 -2.039471e+00 -3.441011e+00
   endloop
 endfacet
 facet normal -0.000000e+00 -5.216210e-01 -8.531773e-01
   outer loop
     vertex  2.500000e+00 -2.039471e+00 -3.441011e+00
     vertex  2.500000e+00 -2.133104e+00 -3.383765e+00
     vertex -2.500000e+00 -2.039471e+00 -3.441011e+00
   endloop
 endfacet
 facet normal  0.000000e+00 -4.980186e-01 -8.671664e-01
   outer loop
     vertex  2.500000e+00 -1.944303e+00 -3.495667e+00
     vertex  2.500000e+00 -2.039471e+00 -3.441011e+00
     vertex -2.500000e+00 -2.039471e+00 -3.441011e+00
   endloop
 endfacet
 facet normal -0.000000e+00 -4.980186e-01 -8.671664e-01
   outer loop
     vertex  2.500000e+00 -1.944303e+00 -3.495667e+00
     vertex -2.500000e+00 -2.039471e+00 -3.441011e+00
     vertex -2.500000e+00 -1.944303e+00 -3.495667e+00
   endloop
 endfacet
 facet normal  0.000000e+00 -4.740412e-01 -8.805026e-01
   outer loop
     vertex  2.500000e+00 -1.847670e+00 -3.547691e+00
     vertex  2.500000e+00 -1.944303e+00 -3.495667e+00
     vertex -2.500000e+00 -1.944303e+00 -3.495667e+00
   endloop
 endfacet
 facet normal -0.000000e+00 -4.740412e-01 -8.805026e-01
   outer loop
     vertex  2.500000e+00 -1.847670e+00 -3.547691e+00
     vertex -2.500000e+00 -1.944303e+00 -3.495667e+00
     vertex -2.500000e+00 -1.847670e+00 -3.547691e+00
   endloop
 endfacet
 facet normal  0.000000e+00 -4.497071e-01 -8.931761e-01
   outer loop
     vertex  2.500000e+00 -1.749647e+00 -3.597045e+00
     vertex  2.500000e+00 -1.847670e+00 -3.547691e+00
     vertex -2.500000e+00 -1.847670e+00 -3.547691e+00
   endloop
 endfacet
 facet normal -0.000000e+00 -4.497071e-01 -8.931761e-01
   outer loop
     vertex  2.500000e+00 -1.749647e+00 -3.597045e+00
     vertex -2.500000e+00 -1.847670e+00 -3.547691e+00
     vertex -2.500000e+00 -1.749647e+00 -3.597045e+00
   endloop
 endfacet
 facet normal  0.000000e+00 -4.250344e-01 -9.051772e-01
   outer loop
     vertex  2.500000e+00 -1.650307e+00 -3.643691e+00
     vertex  2.500000e+00 -1.749647e+00 -3.597045e+00
     vertex -2.500000e+00 -1.749647e+00 -3.597045e+00
   endloop
 endfacet
 facet normal -0.000000e+00 -4.250344e-01 -9.051772e-01
   outer loop
     vertex  2.500000e+00 -1.650307e+00 -3.643691e+00
     vertex -2.500000e+00 -1.749647e+00 -3.597045e+00
     vertex -2.500000e+00 -1.650307e+00 -3.643691e+00
   endloop
 endfacet
 facet normal -0.000000e+00 -4.000417e-01 -9.164969e-01
   outer loop
     vertex  2.500000e+00 -1.650307e+00 -3.643691e+00
     vertex -2.500000e+00 -1.650307e+00 -3.643691e+00
     vertex -2.500000e+00 -1.549725e+00 -3.687594e+00
   endloop
 endfacet
 facet normal -0.000000e+00 -4.000417e-01 -9.164969e-01
   outer loop
     vertex  2.500000e+00 -1.549725e+00 -3.687594e+00
     vertex  2.500000e+00 -1.650307e+00 -3.643691e+00
     vertex -2.500000e+00 -1.549725e+00 -3.687594e+00
   endloop
 endfacet
 facet normal  0.000000e+00 -3.747479e-01 -9.271267e-01
   outer loop
     vertex  2.500000e+00 -1.447976e+00 -3.728722e+00
     vertex  2.500000e+00 -1.549725e+00 -3.687594e+00
     vertex -2.500000e+00 -1.549725e+00 -3.687594e+00
   endloop
 endfacet
 facet normal -0.000000e+00 -3.747479e-01 -9.271267e-01
   outer loop
     vertex  2.500000e+00 -1.447976e+00 -3.728722e+00
     vertex -2.500000e+00 -1.549725e+00 -3.687594e+00
     vertex -2.500000e+00 -1.447976e+00 -3.728722e+00
   endloop
 endfacet
 facet normal -0.000000e+00 -3.491720e-01 -9.370586e-01
   outer loop
     vertex  2.500000e+00 -1.447976e+00 -3.728722e+00
     vertex -2.500000e+00 -1.447976e+00 -3.728722e+00
     vertex -2.500000e+00 -1.345137e+00 -3.767042e+00
   endloop
 endfacet
 facet normal -0.000000e+00 -3.491720e-01 -9.370586e-01
   outer loop
     vertex  2.500000e+00 -1.345137e+00 -3.767042e+00
     vertex  2.500000e+00 -1.447976e+00 -3.728722e+00
     vertex -2.500000e+00 -1.345137e+00 -3.767042e+00
   endloop
 endfacet
 facet normal -0.000000e+00 -3.233333e-01 -9.462851e-01
   outer loop
     vertex  2.500000e+00 -1.345137e+00 -3.767042e+00
     vertex -2.500000e+00 -1.345137e+00 -3.767042e+00
     vertex -2.500000e+00 -1.241286e+00 -3.802527e+00
   endloop
 endfacet
 facet normal -0.000000e+00 -3.233333e-01 -9.462851e-01
   outer loop
     vertex  2.500000e+00 -1.241286e+00 -3.802527e+00
     vertex  2.500000e+00 -1.345137e+00 -3.767042e+00
     vertex -2.500000e+00 -1.241286e+00 -3.802527e+00
   endloop
 endfacet
 facet normal -0.000000e+00 -2.972512e-01 -9.547993e-01
   outer loop
     vertex  2.500000e+00 -1.241286e+00 -3.802527e+00
     vertex -2.500000e+00 -1.241286e+00 -3.802527e+00
     vertex -2.500000e+00 -1.136500e+00 -3.835149e+00
   endloop
 endfacet
 facet normal -0.000000e+00 -2.972512e-01 -9.547993e-01
   outer loop
     vertex  2.500000e+00 -1.136500e+00 -3.835149e+00
     vertex  2.500000e+00 -1.241286e+00 -3.802527e+00
     vertex -2.500000e+00 -1.136500e+00 -3.835149e+00
   endloop
 endfacet
 facet normal  0.000000e+00 -2.709453e-01 -9.625948e-01
   outer loop
     vertex  2.500000e+00 -1.030858e+00 -3.864884e+00
     vertex  2.500000e+00 -1.136500e+00 -3.835149e+00
     vertex -2.500000e+00 -1.136500e+00 -3.835149e+00
   endloop
 endfacet
 facet normal -0.000000e+00 -2.709453e-01 -9.625948e-01
   outer loop
     vertex  2.500000e+00 -1.030858e+00 -3.864884e+00
     vertex -2.500000e+00 -1.136500e+00 -3.835149e+00
     vertex -2.500000e+00 -1.030858e+00 -3.864884e+00
   endloop
 endfacet
 facet normal -0.000000e+00 -2.444354e-01 -9.696656e-01
   outer loop
     vertex  2.500000e+00 -1.030858e+00 -3.864884e+00
     vertex -2.500000e+00 -1.030858e+00 -3.864884e+00
     vertex -2.500000e+00 -9.244410e-01 -3.891710e+00
   endloop
 endfacet
 facet normal -0.000000e+00 -2.444354e-01 -9.696656e-01
   outer loop
     vertex  2.500000e+00 -9.244410e-01 -3.891710e+00
     vertex  2.500000e+00 -1.030858e+00 -3.864884e+00
     vertex -2.500000e+00 -9.244410e-01 -3.891710e+00
   endloop
 endfacet
 facet normal  0.000000e+00 -2.177416e-01 -9.760065e-01
   outer loop
     vertex  2.500000e+00 -8.173277e-01 -3.915607e+00
     vertex  2.500000e+00 -9.244410e-01 -3.891710e+00
     vertex -2.500000e+00 -9.244410e-01 -3.891710e+00
   endloop
 endfacet
 facet normal -0.000000e+00 -2.177416e-01 -9.760065e-01
   outer loop
     vertex  2.500000e+00 -8.173277e-01 -3.915607e+00
     vertex -2.500000e+00 -9.244410e-01 -3.891710e+00
     vertex -2.500000e+00 -8.173277e-01 -3.915607e+00
   endloop
 endfacet
 facet normal -0.000000e+00 -1.908838e-01 -9.816126e-01
   outer loop
     vertex  2.500000e+00 -8.173277e-01 -3.915607e+00
     vertex -2.500000e+00 -8.173277e-01 -3.915607e+00
     vertex -2.500000e+00 -7.095991e-01 -3.936555e+00
   endloop
 endfacet
 facet normal -0.000000e+00 -1.908838e-01 -9.816126e-01
   outer loop
     vertex  2.500000e+00 -7.095991e-01 -3.936555e+00
     vertex  2.500000e+00 -8.173277e-01 -3.915607e+00
     vertex -2.500000e+00 -7.095991e-01 -3.936555e+00
   endloop
 endfacet
 facet normal -0.000000e+00 -1.638824e-01 -9.864799e-01
   outer loop
     vertex  2.500000e+00 -7.095991e-01 -3.936555e+00
     vertex -2.500000e+00 -7.095991e-01 -3.936555e+00
     vertex -2.500000e+00 -6.013364e-01 -3.954541e+00
   endloop
 endfacet
 facet normal -0.000000e+00 -1.638824e-01 -9.864799e-01
   outer loop
     vertex  2.500000e+00 -6.013364e-01 -3.954541e+00
     vertex  2.500000e+00 -7.095991e-01 -3.936555e+00
     vertex -2.500000e+00 -6.013364e-01 -3.954541e+00
   endloop
 endfacet
 facet normal  0.000000e+00 -1.367575e-01 -9.906046e-01
   outer loop
     vertex  2.500000e+00 -4.926210e-01 -3.969550e+00
     vertex  2.500000e+00 -6.013364e-01 -3.954541e+00
     vertex -2.500000e+00 -6.013364e-01 -3.954541e+00
   endloop
 endfacet
 facet normal -0.000000e+00 -1.367575e-01 -9.906046e-01
   outer loop
     vertex  2.500000e+00 -4.926210e-01 -3.969550e+00
     vertex -2.500000e+00 -6.013364e-01 -3.954541e+00
     vertex -2.500000e+00 -4.926210e-01 -3.969550e+00
   endloop
 endfacet
 facet normal -0.000000e+00 -1.095298e-01 -9.939835e-01
   outer loop
     vertex  2.500000e+00 -4.926210e-01 -3.969550e+00
     vertex -2.500000e+00 -4.926210e-01 -3.969550e+00
     vertex -2.500000e+00 -3.835347e-01 -3.981570e+00
   endloop
 endfacet
 facet normal -0.000000e+00 -1.095298e-01 -9.939835e-01
   outer loop
     vertex  2.500000e+00 -3.835347e-01 -3.981570e+00
     vertex  2.500000e+00 -4.926210e-01 -3.969550e+00
     vertex -2.500000e+00 -3.835347e-01 -3.981570e+00
   endloop
 endfacet
 facet normal -0.000000e+00 -8.221955e-02 -9.966142e-01
   outer loop
     vertex  2.500000e+00 -2.741598e-01 -3.990593e+00
     vertex -2.500000e+00 -3.835347e-01 -3.981570e+00
     vertex -2.500000e+00 -2.741598e-01 -3.990593e+00
   endloop
 endfacet
 facet normal -0.000000e+00 -5.484744e-02 -9.984947e-01
   outer loop
     vertex  2.500000e+00 -2.741598e-01 -3.990593e+00
     vertex -2.500000e+00 -2.741598e-01 -3.990593e+00
     vertex -2.500000e+00 -1.645785e-01 -3.996613e+00
   endloop
 endfacet
 facet normal  0.000000e+00 -8.221955e-02 -9.966142e-01
   outer loop
     vertex  2.500000e+00 -2.741598e-01 -3.990593e+00
     vertex  2.500000e+00 -3.835347e-01 -3.981570e+00
     vertex -2.500000e+00 -3.835347e-01 -3.981570e+00
   endloop
 endfacet
 facet normal -0.000000e+00 -5.484744e-02 -9.984947e-01
   outer loop
     vertex  2.500000e+00 -1.645785e-01 -3.996613e+00
     vertex  2.500000e+00 -2.741598e-01 -3.990593e+00
     vertex -2.500000e+00 -1.645785e-01 -3.996613e+00
   endloop
 endfacet
 facet normal  0.000000e+00 -2.743405e-02 -9.996236e-01
   outer loop
     vertex  2.500000e+00 -5.487326e-02 -3.999624e+00
     vertex  2.500000e+00 -1.645785e-01 -3.996613e+00
     vertex -2.500000e+00 -1.645785e-01 -3.996613e+00
   endloop
 endfacet
 facet normal -0.000000e+00 -2.743405e-02 -9.996236e-01
   outer loop
     vertex  2.500000e+00 -5.487326e-02 -3.999624e+00
     vertex -2.500000e+00 -1.645785e-01 -3.996613e+00
     vertex -2.500000e+00 -5.487326e-02 -3.999624e+00
   endloop
 endfacet
 facet normal  0.000000e+00  4.046499e-15 -1.000000e+00
   outer loop
     vertex  2.500000e+00  5.487326e-02 -3.999624e+00
     vertex  2.500000e+00 -5.487326e-02 -3.999624e+00
     vertex -2.500000e+00 -5.487326e-02 -3.999624e+00
   endloop
 endfacet
 facet normal  0.000000e+00  4.046499e-15 -1.000000e+00
   outer loop
     vertex  2.500000e+00  5.487326e-02 -3.999624e+00
     vertex -2.500000e+00 -5.487326e-02 -3.999624e+00
     vertex -2.500000e+00  5.487326e-02 -3.999624e+00
   endloop
 endfacet
 facet normal  0.000000e+00  2.743405e-02 -9.996236e-01
   outer loop
     vertex  2.500000e+00  5.487326e-02 -3.999624e+00
     vertex -2.500000e+00  5.487326e-02 -3.999624e+00
     vertex -2.500000e+00  1.645785e-01 -3.996613e+00
   endloop
 endfacet
 facet normal  0.000000e+00  2.743405e-02 -9.996236e-01
   outer loop
     vertex  2.500000e+00  1.645785e-01 -3.996613e+00
     vertex  2.500000e+00  5.487326e-02 -3.999624e+00
     vertex -2.500000e+00  1.645785e-01 -3.996613e+00
   endloop
 endfacet
 facet normal  0.000000e+00  5.484744e-02 -9.984947e-01
   outer loop
     vertex  2.500000e+00  1.645785e-01 -3.996613e+00
     vertex -2.500000e+00  1.645785e-01 -3.996613e+00
     vertex -2.500000e+00  2.741598e-01 -3.990593e+00
   endloop
 endfacet
 facet normal  0.000000e+00  5.484744e-02 -9.984947e-01
   outer loop
     vertex  2.500000e+00  2.741598e-01 -3.990593e+00
     vertex  2.500000e+00  1.645785e-01 -3.996613e+00
     vertex -2.500000e+00  2.741598e-01 -3.990593e+00
   endloop
 endfacet
 facet normal  0.000000e+00  8.221955e-02 -9.966142e-01
   outer loop
     vertex  2.500000e+00  3.835347e-01 -3.981570e+00
     vertex  2.500000e+00  2.741598e-01 -3.990593e+00
     vertex -2.500000e+00  2.741598e-01 -3.990593e+00
   endloop
 endfacet
 facet normal  0.000000e+00  8.221955e-02 -9.966142e-01
   outer loop
     vertex  2.500000e+00  3.835347e-01 -3.981570e+00
     vertex -2.500000e+00  2.741598e-01 -3.990593e+00
     vertex -2.500000e+00  3.835347e-01 -3.981570e+00
   endloop
 endfacet
 facet normal  0.000000e+00  1.095298e-01 -9.939835e-01
   outer loop
     vertex  2.500000e+00  4.926210e-01 -3.969550e+00
     vertex  2.500000e+00  3.835347e-01 -3.981570e+00
     vertex -2.500000e+00  3.835347e-01 -3.981570e+00
   endloop
 endfacet
 facet normal  0.000000e+00  1.095298e-01 -9.939835e-01
   outer loop
     vertex  2.500000e+00  4.926210e-01 -3.969550e+00
     vertex -2.500000e+00  3.835347e-01 -3.981570e+00
     vertex -2.500000e+00  4.926210e-01 -3.969550e+00
   endloop
 endfacet
 facet normal  0.000000e+00  1.367575e-01 -9.906046e-01
   outer loop
     vertex  2.500000e+00  4.926210e-01 -3.969550e+00
     vertex -2.500000e+00  4.926210e-01 -3.969550e+00
     vertex -2.500000e+00  6.013364e-01 -3.954541e+00
   endloop
 endfacet
 facet normal  0.000000e+00  1.367575e-01 -9.906046e-01
   outer loop
     vertex  2.500000e+00  6.013364e-01 -3.954541e+00
     vertex  2.500000e+00  4.926210e-01 -3.969550e+00
     vertex -2.500000e+00  6.013364e-01 -3.954541e+00
   endloop
 endfacet
 facet normal  0.000000e+00  1.638824e-01 -9.864799e-01
   outer loop
     vertex  2.500000e+00  7.095991e-01 -3.936555e+00
     vertex  2.500000e+00  6.013364e-01 -3.954541e+00
     vertex -2.500000e+00  6.013364e-01 -3.954541e+00
   endloop
 endfacet
 facet normal  0.000000e+00  1.638824e-01 -9.864799e-01
   outer loop
     vertex  2.500000e+00  7.095991e-01 -3.936555e+00
     vertex -2.500000e+00  6.013364e-01 -3.954541e+00
     vertex -2.500000e+00  7.095991e-01 -3.936555e+00
   endloop
 endfacet
 facet normal  0.000000e+00  1.908838e-01 -9.816126e-01
   outer loop
     vertex  2.500000e+00  8.173277e-01 -3.915607e+00
     vertex  2.500000e+00  7.095991e-01 -3.936555e+00
     vertex -2.500000e+00  7.095991e-01 -3.936555e+00
   endloop
 endfacet
 facet normal  0.000000e+00  1.908838e-01 -9.816126e-01
   outer loop
     vertex  2.500000e+00  8.173277e-01 -3.915607e+00
     vertex -2.500000e+00  7.095991e-01 -3.936555e+00
     vertex -2.500000e+00  8.173277e-01 -3.915607e+00
   endloop
 endfacet
 facet normal  0.000000e+00  2.177416e-01 -9.760065e-01
   outer loop
     vertex  2.500000e+00  8.173277e-01 -3.915607e+00
     vertex -2.500000e+00  8.173277e-01 -3.915607e+00
     vertex -2.500000e+00  9.244410e-01 -3.891710e+00
   endloop
 endfacet
 facet normal  0.000000e+00  2.177416e-01 -9.760065e-01
   outer loop
     vertex  2.500000e+00  9.244410e-01 -3.891710e+00
     vertex  2.500000e+00  8.173277e-01 -3.915607e+00
     vertex -2.500000e+00  9.244410e-01 -3.891710e+00
   endloop
 endfacet
 facet normal  0.000000e+00  2.709453e-01 -9.625948e-01
   outer loop
     vertex  2.500000e+00  1.030858e+00 -3.864884e+00
     vertex -2.500000e+00  1.030858e+00 -3.864884e+00
     vertex -2.500000e+00  1.136500e+00 -3.835149e+00
   endloop
 endfacet
 facet normal  0.000000e+00  2.444354e-01 -9.696656e-01
   outer loop
     vertex  2.500000e+00  1.030858e+00 -3.864884e+00
     vertex  2.500000e+00  9.244410e-01 -3.891710e+00
     vertex -2.500000e+00  9.244410e-01 -3.891710e+00
   endloop
 endfacet
 facet normal  0.000000e+00  2.444354e-01 -9.696656e-01
   outer loop
     vertex  2.500000e+00  1.030858e+00 -3.864884e+00
     vertex -2.500000e+00  9.244410e-01 -3.891710e+00
     vertex -2.500000e+00  1.030858e+00 -3.864884e+00
   endloop
 endfacet
 facet normal  0.000000e+00  2.709453e-01 -9.625948e-01
   outer loop
     vertex  2.500000e+00  1.136500e+00 -3.835149e+00
     vertex  2.500000e+00  1.030858e+00 -3.864884e+00
     vertex -2.500000e+00  1.136500e+00 -3.835149e+00
   endloop
 endfacet
 facet normal  0.000000e+00  2.972512e-01 -9.547993e-01
   outer loop
     vertex  2.500000e+00  1.241286e+00 -3.802527e+00
     vertex -2.500000e+00  1.136500e+00 -3.835149e+00
     vertex -2.500000e+00  1.241286e+00 -3.802527e+00
   endloop
 endfacet
 facet normal  0.000000e+00  3.233333e-01 -9.462851e-01
   outer loop
     vertex  2.500000e+00  1.241286e+00 -3.802527e+00
     vertex -2.500000e+00  1.241286e+00 -3.802527e+00
     vertex -2.500000e+00  1.345137e+00 -3.767042e+00
   endloop
 endfacet
 facet normal  0.000000e+00  2.972512e-01 -9.547993e-01
   outer loop
     vertex  2.500000e+00  1.241286e+00 -3.802527e+00
     vertex  2.500000e+00  1.136500e+00 -3.835149e+00
     vertex -2.500000e+00  1.136500e+00 -3.835149e+00
   endloop
 endfacet
 facet normal  0.000000e+00  3.233333e-01 -9.462851e-01
   outer loop
     vertex  2.500000e+00  1.345137e+00 -3.767042e+00
     vertex  2.500000e+00  1.241286e+00 -3.802527e+00
     vertex -2.500000e+00  1.345137e+00 -3.767042e+00
   endloop
 endfacet
 facet normal  0.000000e+00  3.491720e-01 -9.370586e-01
   outer loop
     vertex  2.500000e+00  1.447976e+00 -3.728722e+00
     vertex -2.500000e+00  1.345137e+00 -3.767042e+00
     vertex -2.500000e+00  1.447976e+00 -3.728722e+00
   endloop
 endfacet
 facet normal  0.000000e+00  3.747479e-01 -9.271267e-01
   outer loop
     vertex  2.500000e+00  1.447976e+00 -3.728722e+00
     vertex -2.500000e+00  1.447976e+00 -3.728722e+00
     vertex -2.500000e+00  1.549725e+00 -3.687594e+00
   endloop
 endfacet
 facet normal  0.000000e+00  3.491720e-01 -9.370586e-01
   outer loop
     vertex  2.500000e+00  1.447976e+00 -3.728722e+00
     vertex  2.500000e+00  1.345137e+00 -3.767042e+00
     vertex -2.500000e+00  1.345137e+00 -3.767042e+00
   endloop
 endfacet
 facet normal  0.000000e+00  3.747479e-01 -9.271267e-01
   outer loop
     vertex  2.500000e+00  1.549725e+00 -3.687594e+00
     vertex  2.500000e+00  1.447976e+00 -3.728722e+00
     vertex -2.500000e+00  1.549725e+00 -3.687594e+00
   endloop
 endfacet
 facet normal  0.000000e+00  4.000417e-01 -9.164969e-01
   outer loop
     vertex  2.500000e+00  1.650307e+00 -3.643691e+00
     vertex -2.500000e+00  1.549725e+00 -3.687594e+00
     vertex -2.500000e+00  1.650307e+00 -3.643691e+00
   endloop
 endfacet
 facet normal  0.000000e+00  4.000417e-01 -9.164969e-01
   outer loop
     vertex  2.500000e+00  1.650307e+00 -3.643691e+00
     vertex  2.500000e+00  1.549725e+00 -3.687594e+00
     vertex -2.500000e+00  1.549725e+00 -3.687594e+00
   endloop
 endfacet
 facet normal  0.000000e+00  4.250344e-01 -9.051772e-01
   outer loop
     vertex  2.500000e+00  1.749647e+00 -3.597045e+00
     vertex -2.500000e+00  1.650307e+00 -3.643691e+00
     vertex -2.500000e+00  1.749647e+00 -3.597045e+00
   endloop
 endfacet
 facet normal  0.000000e+00  4.250344e-01 -9.051772e-01
   outer loop
     vertex  2.500000e+00  1.749647e+00 -3.597045e+00
     vertex  2.500000e+00  1.650307e+00 -3.643691e+00
     vertex -2.500000e+00  1.650307e+00 -3.643691e+00
   endloop
 endfacet
 facet normal  0.000000e+00  4.497071e-01 -8.931761e-01
   outer loop
     vertex  2.500000e+00  1.847670e+00 -3.547691e+00
     vertex -2.500000e+00  1.749647e+00 -3.597045e+00
     vertex -2.500000e+00  1.847670e+00 -3.547691e+00
   endloop
 endfacet
 facet normal  0.000000e+00  4.497071e-01 -8.931761e-01
   outer loop
     vertex  2.500000e+00  1.847670e+00 -3.547691e+00
     vertex  2.500000e+00  1.749647e+00 -3.597045e+00
     vertex -2.500000e+00  1.749647e+00 -3.597045e+00
   endloop
 endfacet
 facet normal  0.000000e+00  4.740412e-01 -8.805026e-01
   outer loop
     vertex  2.500000e+00  1.944303e+00 -3.495667e+00
     vertex -2.500000e+00  1.847670e+00 -3.547691e+00
     vertex -2.500000e+00  1.944303e+00 -3.495667e+00
   endloop
 endfacet
 facet normal  0.000000e+00  4.980186e-01 -8.671664e-01
   outer loop
     vertex  2.500000e+00  1.944303e+00 -3.495667e+00
     vertex -2.500000e+00  1.944303e+00 -3.495667e+00
     vertex -2.500000e+00  2.039471e+00 -3.441011e+00
   endloop
 endfacet
 facet normal  0.000000e+00  4.740412e-01 -8.805026e-01
   outer loop
     vertex  2.500000e+00  1.944303e+00 -3.495667e+00
     vertex  2.500000e+00  1.847670e+00 -3.547691e+00
     vertex -2.500000e+00  1.847670e+00 -3.547691e+00
   endloop
 endfacet
 facet normal  0.000000e+00  5.216210e-01 -8.531773e-01
   outer loop
     vertex  2.500000e+00  2.039471e+00 -3.441011e+00
     vertex -2.500000e+00  2.039471e+00 -3.441011e+00
     vertex -2.500000e+00  2.133104e+00 -3.383765e+00
   endloop
 endfacet
 facet normal  0.000000e+00  4.980186e-01 -8.671664e-01
   outer loop
     vertex  2.500000e+00  2.039471e+00 -3.441011e+00
     vertex  2.500000e+00  1.944303e+00 -3.495667e+00
     vertex -2.500000e+00  2.039471e+00 -3.441011e+00
   endloop
 endfacet
 facet normal  0.000000e+00  5.216210e-01 -8.531773e-01
   outer loop
     vertex  2.500000e+00  2.133104e+00 -3.383765e+00
     vertex  2.500000e+00  2.039471e+00 -3.441011e+00
     vertex -2.500000e+00  2.133104e+00 -3.383765e+00
   endloop
 endfacet
 facet normal  0.000000e+00  5.448308e-01 -8.385460e-01
   outer loop
     vertex  2.500000e+00  2.225132e+00 -3.323972e+00
     vertex -2.500000e+00  2.133104e+00 -3.383765e+00
     vertex -2.500000e+00  2.225132e+00 -3.323972e+00
   endloop
 endfacet
 facet normal  0.000000e+00  5.676304e-01 -8.232835e-01
   outer loop
     vertex  2.500000e+00  2.225132e+00 -3.323972e+00
     vertex -2.500000e+00  2.225132e+00 -3.323972e+00
     vertex -2.500000e+00  2.315484e+00 -3.261676e+00
   endloop
 endfacet
 facet normal  0.000000e+00  5.448308e-01 -8.385460e-01
   outer loop
     vertex  2.500000e+00  2.225132e+00 -3.323972e+00
     vertex  2.500000e+00  2.133104e+00 -3.383765e+00
     vertex -2.500000e+00  2.133104e+00 -3.383765e+00
   endloop
 endfacet
 facet normal  0.000000e+00  5.676304e-01 -8.232835e-01
   outer loop
     vertex  2.500000e+00  2.315484e+00 -3.261676e+00
     vertex  2.500000e+00  2.225132e+00 -3.323972e+00
     vertex -2.500000e+00  2.315484e+00 -3.261676e+00
   endloop
 endfacet
 facet normal  0.000000e+00  5.900028e-01 -8.074012e-01
   outer loop
     vertex  2.500000e+00  2.404094e+00 -3.196926e+00
     vertex -2.500000e+00  2.315484e+00 -3.261676e+00
     vertex -2.500000e+00  2.404094e+00 -3.196926e+00
   endloop
 endfacet
 facet normal  0.000000e+00  5.900028e-01 -8.074012e-01
   outer loop
     vertex  2.500000e+00  2.404094e+00 -3.196926e+00
     vertex  2.500000e+00  2.315484e+00 -3.261676e+00
     vertex -2.500000e+00  2.315484e+00 -3.261676e+00
   endloop
 endfacet
 facet normal  0.000000e+00  6.119310e-01 -7.909112e-01
   outer loop
     vertex  2.500000e+00  2.490894e+00 -3.129768e+00
     vertex -2.500000e+00  2.404094e+00 -3.196926e+00
     vertex -2.500000e+00  2.490894e+00 -3.129768e+00
   endloop
 endfacet
 facet normal  0.000000e+00  6.119310e-01 -7.909112e-01
   outer loop
     vertex  2.500000e+00  2.490894e+00 -3.129768e+00
     vertex  2.500000e+00  2.404094e+00 -3.196926e+00
     vertex -2.500000e+00  2.404094e+00 -3.196926e+00
   endloop
 endfacet
 facet normal  0.000000e+00  6.333986e-01 -7.738257e-01
   outer loop
     vertex  2.500000e+00  2.575818e+00 -3.060255e+00
     vertex  2.500000e+00  2.490894e+00 -3.129768e+00
     vertex -2.500000e+00  2.490894e+00 -3.129768e+00
   endloop
 endfacet
 facet normal  0.000000e+00  6.333986e-01 -7.738257e-01
   outer loop
     vertex  2.500000e+00  2.575818e+00 -3.060255e+00
     vertex -2.500000e+00  2.490894e+00 -3.129768e+00
     vertex -2.500000e+00  2.575818e+00 -3.060255e+00
   endloop
 endfacet
 facet normal  0.000000e+00  6.543893e-01 -7.561578e-01
   outer loop
     vertex  2.500000e+00  2.658804e+00 -2.988438e+00
     vertex  2.500000e+00  2.575818e+00 -3.060255e+00
     vertex -2.500000e+00  2.575818e+00 -3.060255e+00
   endloop
 endfacet
 facet normal  0.000000e+00  6.543893e-01 -7.561578e-01
   outer loop
     vertex  2.500000e+00  2.658804e+00 -2.988438e+00
     vertex -2.500000e+00  2.575818e+00 -3.060255e+00
     vertex -2.500000e+00  2.658804e+00 -2.988438e+00
   endloop
 endfacet
 facet normal  0.000000e+00  6.748875e-01 -7.379206e-01
   outer loop
     vertex  2.500000e+00  2.658804e+00 -2.988438e+00
     vertex -2.500000e+00  2.658804e+00 -2.988438e+00
     vertex -2.500000e+00  2.739788e+00 -2.914371e+00
   endloop
 endfacet
 facet normal  0.000000e+00  6.748875e-01 -7.379206e-01
   outer loop
     vertex  2.500000e+00  2.739788e+00 -2.914371e+00
     vertex  2.500000e+00  2.658804e+00 -2.988438e+00
     vertex -2.500000e+00  2.739788e+00 -2.914371e+00
   endloop
 endfacet
 facet normal  0.000000e+00  6.948776e-01 -7.191280e-01
   outer loop
     vertex  2.500000e+00  2.818710e+00 -2.838111e+00
     vertex  2.500000e+00  2.739788e+00 -2.914371e+00
     vertex -2.500000e+00  2.739788e+00 -2.914371e+00
   endloop
 endfacet
 facet normal  0.000000e+00  6.948776e-01 -7.191280e-01
   outer loop
     vertex  2.500000e+00  2.818710e+00 -2.838111e+00
     vertex -2.500000e+00  2.739788e+00 -2.914371e+00
     vertex -2.500000e+00  2.818710e+00 -2.838111e+00
   endloop
 endfacet
 facet normal  0.000000e+00  7.143447e-01 -6.997940e-01
   outer loop
     vertex  2.500000e+00  2.895510e+00 -2.759714e+00
     vertex -2.500000e+00  2.818710e+00 -2.838111e+00
     vertex -2.500000e+00  2.895510e+00 -2.759714e+00
   endloop
 endfacet
 facet normal  0.000000e+00  7.143447e-01 -6.997940e-01
   outer loop
     vertex  2.500000e+00  2.895510e+00 -2.759714e+00
     vertex  2.500000e+00  2.818710e+00 -2.838111e+00
     vertex -2.500000e+00  2.818710e+00 -2.838111e+00
   endloop
 endfacet
 facet normal  0.000000e+00  7.332740e-01 -6.799333e-01
   outer loop
     vertex  2.500000e+00  2.895510e+00 -2.759714e+00
     vertex -2.500000e+00  2.895510e+00 -2.759714e+00
     vertex -2.500000e+00  2.970130e+00 -2.679240e+00
   endloop
 endfacet
 facet normal  0.000000e+00  7.516513e-01 -6.595607e-01
   outer loop
     vertex  2.500000e+00  2.970130e+00 -2.679240e+00
     vertex -2.500000e+00  2.970130e+00 -2.679240e+00
     vertex -2.500000e+00  3.042515e+00 -2.596749e+00
   endloop
 endfacet
 facet normal  0.000000e+00  7.332740e-01 -6.799333e-01
   outer loop
     vertex  2.500000e+00  2.970130e+00 -2.679240e+00
     vertex  2.500000e+00  2.895510e+00 -2.759714e+00
     vertex -2.500000e+00  2.970130e+00 -2.679240e+00
   endloop
 endfacet
 facet normal  0.000000e+00  7.516513e-01 -6.595607e-01
   outer loop
     vertex  2.500000e+00  3.042515e+00 -2.596749e+00
     vertex  2.500000e+00  2.970130e+00 -2.679240e+00
     vertex -2.500000e+00  3.042515e+00 -2.596749e+00
   endloop
 endfacet
 facet normal  0.000000e+00  7.694628e-01 -6.386916e-01
   outer loop
     vertex  2.500000e+00  3.112609e+00 -2.512303e+00
     vertex -2.500000e+00  3.042515e+00 -2.596749e+00
     vertex -2.500000e+00  3.112609e+00 -2.512303e+00
   endloop
 endfacet
 facet normal  0.000000e+00  7.694628e-01 -6.386916e-01
   outer loop
     vertex  2.500000e+00  3.112609e+00 -2.512303e+00
     vertex  2.500000e+00  3.042515e+00 -2.596749e+00
     vertex -2.500000e+00  3.042515e+00 -2.596749e+00
   endloop
 endfacet
 facet normal  0.000000e+00  7.866951e-01 -6.173417e-01
   outer loop
     vertex  2.500000e+00  3.180360e+00 -2.425966e+00
     vertex -2.500000e+00  3.112609e+00 -2.512303e+00
     vertex -2.500000e+00  3.180360e+00 -2.425966e+00
   endloop
 endfacet
 facet normal  0.000000e+00  7.866951e-01 -6.173417e-01
   outer loop
     vertex  2.500000e+00  3.180360e+00 -2.425966e+00
     vertex  2.500000e+00  3.112609e+00 -2.512303e+00
     vertex -2.500000e+00  3.112609e+00 -2.512303e+00
   endloop
 endfacet
 facet normal  0.000000e+00  8.033352e-01 -5.955271e-01
   outer loop
     vertex  2.500000e+00  3.245717e+00 -2.337803e+00
     vertex -2.500000e+00  3.180360e+00 -2.425966e+00
     vertex -2.500000e+00  3.245717e+00 -2.337803e+00
   endloop
 endfacet
 facet normal  0.000000e+00  8.033352e-01 -5.955271e-01
   outer loop
     vertex  2.500000e+00  3.245717e+00 -2.337803e+00
     vertex  2.500000e+00  3.180360e+00 -2.425966e+00
     vertex -2.500000e+00  3.180360e+00 -2.425966e+00
   endloop
 endfacet
 facet normal  0.000000e+00  8.193706e-01 -5.732642e-01
   outer loop
     vertex  2.500000e+00  3.308631e+00 -2.247880e+00
     vertex -2.500000e+00  3.245717e+00 -2.337803e+00
     vertex -2.500000e+00  3.308631e+00 -2.247880e+00
   endloop
 endfacet
 facet normal  0.000000e+00  8.193706e-01 -5.732642e-01
   outer loop
     vertex  2.500000e+00  3.308631e+00 -2.247880e+00
     vertex  2.500000e+00  3.245717e+00 -2.337803e+00
     vertex -2.500000e+00  3.245717e+00 -2.337803e+00
   endloop
 endfacet
 facet normal  0.000000e+00  8.347891e-01 -5.505698e-01
   outer loop
     vertex  2.500000e+00  3.369054e+00 -2.156264e+00
     vertex -2.500000e+00  3.308631e+00 -2.247880e+00
     vertex -2.500000e+00  3.369054e+00 -2.156264e+00
   endloop
 endfacet
 facet normal  0.000000e+00  8.347891e-01 -5.505698e-01
   outer loop
     vertex  2.500000e+00  3.369054e+00 -2.156264e+00
     vertex  2.500000e+00  3.308631e+00 -2.247880e+00
     vertex -2.500000e+00  3.308631e+00 -2.247880e+00
   endloop
 endfacet
 facet normal  0.000000e+00  8.495793e-01 -5.274609e-01
   outer loop
     vertex  2.500000e+00  3.426941e+00 -2.063026e+00
     vertex -2.500000e+00  3.369054e+00 -2.156264e+00
     vertex -2.500000e+00  3.426941e+00 -2.063026e+00
   endloop
 endfacet
 facet normal  0.000000e+00  8.637299e-01 -5.039550e-01
   outer loop
     vertex  2.500000e+00  3.426941e+00 -2.063026e+00
     vertex -2.500000e+00  3.426941e+00 -2.063026e+00
     vertex -2.500000e+00  3.482248e+00 -1.968235e+00
   endloop
 endfacet
 facet normal  0.000000e+00  8.495793e-01 -5.274609e-01
   outer loop
     vertex  2.500000e+00  3.426941e+00 -2.063026e+00
     vertex  2.500000e+00  3.369054e+00 -2.156264e+00
     vertex -2.500000e+00  3.369054e+00 -2.156264e+00
   endloop
 endfacet
 facet normal  0.000000e+00  8.637299e-01 -5.039550e-01
   outer loop
     vertex  2.500000e+00  3.482248e+00 -1.968235e+00
     vertex  2.500000e+00  3.426941e+00 -2.063026e+00
     vertex -2.500000e+00  3.482248e+00 -1.968235e+00
   endloop
 endfacet
 facet normal  0.000000e+00  8.772303e-01 -4.800697e-01
   outer loop
     vertex  2.500000e+00  3.534934e+00 -1.871962e+00
     vertex -2.500000e+00  3.482248e+00 -1.968235e+00
     vertex -2.500000e+00  3.534934e+00 -1.871962e+00
   endloop
 endfacet
 facet normal  0.000000e+00  8.772303e-01 -4.800697e-01
   outer loop
     vertex  2.500000e+00  3.534934e+00 -1.871962e+00
     vertex  2.500000e+00  3.482248e+00 -1.968235e+00
     vertex -2.500000e+00  3.482248e+00 -1.968235e+00
   endloop
 endfacet
 facet normal  0.000000e+00  8.900704e-01 -4.558231e-01
   outer loop
     vertex  2.500000e+00  3.584959e+00 -1.774280e+00
     vertex -2.500000e+00  3.534934e+00 -1.871962e+00
     vertex -2.500000e+00  3.584959e+00 -1.774280e+00
   endloop
 endfacet
 facet normal  0.000000e+00  9.022405e-01 -4.312333e-01
   outer loop
     vertex  2.500000e+00  3.584959e+00 -1.774280e+00
     vertex -2.500000e+00  3.584959e+00 -1.774280e+00
     vertex -2.500000e+00  3.632285e+00 -1.675262e+00
   endloop
 endfacet
 facet normal  0.000000e+00  8.900704e-01 -4.558231e-01
   outer loop
     vertex  2.500000e+00  3.584959e+00 -1.774280e+00
     vertex  2.500000e+00  3.534934e+00 -1.871962e+00
     vertex -2.500000e+00  3.534934e+00 -1.871962e+00
   endloop
 endfacet
 facet normal  0.000000e+00  9.022405e-01 -4.312333e-01
   outer loop
     vertex  2.500000e+00  3.632285e+00 -1.675262e+00
     vertex  2.500000e+00  3.584959e+00 -1.774280e+00
     vertex -2.500000e+00  3.632285e+00 -1.675262e+00
   endloop
 endfacet
 facet normal  0.000000e+00  9.137314e-01 -4.063188e-01
   outer loop
     vertex  2.500000e+00  3.676878e+00 -1.574983e+00
     vertex -2.500000e+00  3.632285e+00 -1.675262e+00
     vertex -2.500000e+00  3.676878e+00 -1.574983e+00
   endloop
 endfacet
 facet normal  0.000000e+00  9.137314e-01 -4.063188e-01
   outer loop
     vertex  2.500000e+00  3.676878e+00 -1.574983e+00
     vertex  2.500000e+00  3.632285e+00 -1.675262e+00
     vertex -2.500000e+00  3.632285e+00 -1.675262e+00
   endloop
 endfacet
 facet normal  0.000000e+00  9.245344e-01 -3.810986e-01
   outer loop
     vertex  2.500000e+00  3.718702e+00 -1.473519e+00
     vertex -2.500000e+00  3.676878e+00 -1.574983e+00
     vertex -2.500000e+00  3.718702e+00 -1.473519e+00
   endloop
 endfacet
 facet normal  0.000000e+00  9.245344e-01 -3.810986e-01
   outer loop
     vertex  2.500000e+00  3.718702e+00 -1.473519e+00
     vertex  2.500000e+00  3.676878e+00 -1.574983e+00
     vertex -2.500000e+00  3.676878e+00 -1.574983e+00
   endloop
 endfacet
 facet normal  0.000000e+00  9.346415e-01 -3.555914e-01
   outer loop
     vertex  2.500000e+00  3.757727e+00 -1.370945e+00
     vertex -2.500000e+00  3.718702e+00 -1.473519e+00
     vertex -2.500000e+00  3.757727e+00 -1.370945e+00
   endloop
 endfacet
 facet normal  0.000000e+00  9.346415e-01 -3.555914e-01
   outer loop
     vertex  2.500000e+00  3.757727e+00 -1.370945e+00
     vertex  2.500000e+00  3.718702e+00 -1.473519e+00
     vertex -2.500000e+00  3.718702e+00 -1.473519e+00
   endloop
 endfacet
 facet normal  0.000000e+00  9.440450e-01 -3.298166e-01
   outer loop
     vertex  2.500000e+00  3.793923e+00 -1.267339e+00
     vertex -2.500000e+00  3.757727e+00 -1.370945e+00
     vertex -2.500000e+00  3.793923e+00 -1.267339e+00
   endloop
 endfacet
 facet normal  0.000000e+00  9.440450e-01 -3.298166e-01
   outer loop
     vertex  2.500000e+00  3.793923e+00 -1.267339e+00
     vertex  2.500000e+00  3.757727e+00 -1.370945e+00
     vertex -2.500000e+00  3.757727e+00 -1.370945e+00
   endloop
 endfacet
 facet normal  0.000000e+00  9.527379e-01 -3.037934e-01
   outer loop
     vertex  2.500000e+00  3.827263e+00 -1.162780e+00
     vertex -2.500000e+00  3.793923e+00 -1.267339e+00
     vertex -2.500000e+00  3.827263e+00 -1.162780e+00
   endloop
 endfacet
 facet normal  0.000000e+00  9.527379e-01 -3.037934e-01
   outer loop
     vertex  2.500000e+00  3.827263e+00 -1.162780e+00
     vertex  2.500000e+00  3.793923e+00 -1.267339e+00
     vertex -2.500000e+00  3.793923e+00 -1.267339e+00
   endloop
 endfacet
 facet normal  0.000000e+00  9.607136e-01 -2.775416e-01
   outer loop
     vertex  2.500000e+00  3.857722e+00 -1.057345e+00
     vertex -2.500000e+00  3.827263e+00 -1.162780e+00
     vertex -2.500000e+00  3.857722e+00 -1.057345e+00
   endloop
 endfacet
 facet normal  0.000000e+00  9.607136e-01 -2.775416e-01
   outer loop
     vertex  2.500000e+00  3.857722e+00 -1.057345e+00
     vertex  2.500000e+00  3.827263e+00 -1.162780e+00
     vertex -2.500000e+00  3.827263e+00 -1.162780e+00
   endloop
 endfacet
 facet normal  0.000000e+00  9.679661e-01 -2.510809e-01
   outer loop
     vertex  2.500000e+00  3.885278e+00 -9.511137e-01
     vertex -2.500000e+00  3.857722e+00 -1.057345e+00
     vertex -2.500000e+00  3.885278e+00 -9.511137e-01
   endloop
 endfacet
 facet normal  0.000000e+00  9.679661e-01 -2.510809e-01
   outer loop
     vertex  2.500000e+00  3.885278e+00 -9.511137e-01
     vertex  2.500000e+00  3.857722e+00 -1.057345e+00
     vertex -2.500000e+00  3.857722e+00 -1.057345e+00
   endloop
 endfacet
 facet normal  0.000000e+00  9.744899e-01 -2.244312e-01
   outer loop
     vertex  2.500000e+00  3.909908e+00 -8.441668e-01
     vertex  2.500000e+00  3.885278e+00 -9.511137e-01
     vertex -2.500000e+00  3.885278e+00 -9.511137e-01
   endloop
 endfacet
 facet normal  0.000000e+00  9.744899e-01 -2.244312e-01
   outer loop
     vertex  2.500000e+00  3.909908e+00 -8.441668e-01
     vertex -2.500000e+00  3.885278e+00 -9.511137e-01
     vertex -2.500000e+00  3.909908e+00 -8.441668e-01
   endloop
 endfacet
 facet normal  0.000000e+00  9.802802e-01 -1.976125e-01
   outer loop
     vertex  2.500000e+00  3.931596e+00 -7.365845e-01
     vertex  2.500000e+00  3.909908e+00 -8.441668e-01
     vertex -2.500000e+00  3.909908e+00 -8.441668e-01
   endloop
 endfacet
 facet normal  0.000000e+00  9.802802e-01 -1.976125e-01
   outer loop
     vertex  2.500000e+00  3.931596e+00 -7.365845e-01
     vertex -2.500000e+00  3.909908e+00 -8.441668e-01
     vertex -2.500000e+00  3.931596e+00 -7.365845e-01
   endloop
 endfacet
 facet normal  0.000000e+00  9.853326e-01 -1.706451e-01
   outer loop
     vertex  2.500000e+00  3.950323e+00 -6.284477e-01
     vertex  2.500000e+00  3.931596e+00 -7.365845e-01
     vertex -2.500000e+00  3.931596e+00 -7.365845e-01
   endloop
 endfacet
 facet normal  0.000000e+00  9.853326e-01 -1.706451e-01
   outer loop
     vertex  2.500000e+00  3.950323e+00 -6.284477e-01
     vertex -2.500000e+00  3.931596e+00 -7.365845e-01
     vertex -2.500000e+00  3.950323e+00 -6.284477e-01
   endloop
 endfacet
 facet normal  0.000000e+00  9.896432e-01 -1.435492e-01
   outer loop
     vertex  2.500000e+00  3.966077e+00 -5.198378e-01
     vertex  2.500000e+00  3.950323e+00 -6.284477e-01
     vertex -2.500000e+00  3.950323e+00 -6.284477e-01
   endloop
 endfacet
 facet normal  0.000000e+00  9.896432e-01 -1.435492e-01
   outer loop
     vertex  2.500000e+00  3.966077e+00 -5.198378e-01
     vertex -2.500000e+00  3.950323e+00 -6.284477e-01
     vertex -2.500000e+00  3.966077e+00 -5.198378e-01
   endloop
 endfacet
 facet normal  0.000000e+00  9.932088e-01 -1.163452e-01
   outer loop
     vertex  2.500000e+00  3.978846e+00 -4.108366e-01
     vertex  2.500000e+00  3.966077e+00 -5.198378e-01
     vertex -2.500000e+00  3.966077e+00 -5.198378e-01
   endloop
 endfacet
 facet normal  0.000000e+00  9.932088e-01 -1.163452e-01
   outer loop
     vertex  2.500000e+00  3.978846e+00 -4.108366e-01
     vertex -2.500000e+00  3.966077e+00 -5.198378e-01
     vertex -2.500000e+00  3.978846e+00 -4.108366e-01
   endloop
 endfacet
 facet normal  0.000000e+00  9.960268e-01 -8.905371e-02
   outer loop
     vertex  2.500000e+00  3.988619e+00 -3.015261e-01
     vertex  2.500000e+00  3.978846e+00 -4.108366e-01
     vertex -2.500000e+00  3.978846e+00 -4.108366e-01
   endloop
 endfacet
 facet normal  0.000000e+00  9.960268e-01 -8.905371e-02
   outer loop
     vertex  2.500000e+00  3.988619e+00 -3.015261e-01
     vertex -2.500000e+00  3.978846e+00 -4.108366e-01
     vertex -2.500000e+00  3.988619e+00 -3.015261e-01
   endloop
 endfacet
 facet normal  0.000000e+00  9.980950e-01 -6.169515e-02
   outer loop
     vertex  2.500000e+00  3.995390e+00 -1.919886e-01
     vertex  2.500000e+00  3.988619e+00 -3.015261e-01
     vertex -2.500000e+00  3.988619e+00 -3.015261e-01
   endloop
 endfacet
 facet normal  0.000000e+00  9.980950e-01 -6.169515e-02
   outer loop
     vertex  2.500000e+00  3.995390e+00 -1.919886e-01
     vertex -2.500000e+00  3.988619e+00 -3.015261e-01
     vertex -2.500000e+00  3.995390e+00 -1.919886e-01
   endloop
 endfacet
 facet normal  0.000000e+00  9.994119e-01 -3.429014e-02
   outer loop
     vertex  2.500000e+00  3.999153e+00 -8.230666e-02
     vertex  2.500000e+00  3.995390e+00 -1.919886e-01
     vertex -2.500000e+00  3.995390e+00 -1.919886e-01
   endloop
 endfacet
 facet normal  0.000000e+00  9.994119e-01 -3.429014e-02
   outer loop
     vertex  2.500000e+00  3.999153e+00 -8.230666e-02
     vertex -2.500000e+00  3.995390e+00 -1.919886e-01
     vertex -2.500000e+00  3.999153e+00 -8.230666e-02
   endloop
 endfacet
 facet normal  0.000000e+00  9.999765e-01 -6.859319e-03
   outer loop
     vertex  2.500000e+00  3.999153e+00 -8.230666e-02
     vertex -2.500000e+00  3.999153e+00 -8.230666e-02
     vertex -2.500000e+00  3.999906e+00  2.743728e-02
   endloop
 endfacet
 facet normal  0.000000e+00  9.999765e-01 -6.859319e-03
   outer loop
     vertex  2.500000e+00  3.999906e+00  2.743728e-02
     vertex  2.500000e+00  3.999153e+00 -8.230666e-02
     vertex -2.500000e+00  3.999906e+00  2.743728e-02
   endloop
 endfacet
 facet normal  0.000000e+00  9.997883e-01  2.057667e-02
   outer loop
     vertex  2.500000e+00  3.999906e+00  2.743728e-02
     vertex -2.500000e+00  3.999906e+00  2.743728e-02
     vertex -2.500000e+00  3.997648e+00  1.371606e-01
   endloop
 endfacet
 facet normal  0.000000e+00  9.997883e-01  2.057667e-02
   outer loop
     vertex  2.500000e+00  3.997648e+00  1.371606e-01
     vertex  2.500000e+00  3.999906e+00  2.743728e-02
     vertex -2.500000e+00  3.997648e+00  1.371606e-01
   endloop
 endfacet
 facet normal  0.000000e+00  9.988475e-01  4.799716e-02
   outer loop
     vertex  2.500000e+00  3.992380e+00  2.467806e-01
     vertex  2.500000e+00  3.997648e+00  1.371606e-01
     vertex -2.500000e+00  3.997648e+00  1.371606e-01
   endloop
 endfacet
 facet normal  0.000000e+00  9.988475e-01  4.799716e-02
   outer loop
     vertex  2.500000e+00  3.992380e+00  2.467806e-01
     vertex -2.500000e+00  3.997648e+00  1.371606e-01
     vertex -2.500000e+00  3.992380e+00  2.467806e-01
   endloop
 endfacet
 facet normal  0.000000e+00  9.971548e-01  7.538152e-02
   outer loop
     vertex  2.500000e+00  3.984107e+00  3.562149e-01
     vertex  2.500000e+00  3.992380e+00  2.467806e-01
     vertex -2.500000e+00  3.992380e+00  2.467806e-01
   endloop
 endfacet
 facet normal  0.000000e+00  9.971548e-01  7.538152e-02
   outer loop
     vertex  2.500000e+00  3.984107e+00  3.562149e-01
     vertex -2.500000e+00  3.992380e+00  2.467806e-01
     vertex -2.500000e+00  3.984107e+00  3.562149e-01
   endloop
 endfacet
 facet normal  0.000000e+00  9.947114e-01  1.027091e-01
   outer loop
     vertex  2.500000e+00  3.972835e+00  4.653810e-01
     vertex  2.500000e+00  3.984107e+00  3.562149e-01
     vertex -2.500000e+00  3.984107e+00  3.562149e-01
   endloop
 endfacet
 facet normal  0.000000e+00  9.947114e-01  1.027091e-01
   outer loop
     vertex  2.500000e+00  3.972835e+00  4.653810e-01
     vertex -2.500000e+00  3.984107e+00  3.562149e-01
     vertex -2.500000e+00  3.972835e+00  4.653810e-01
   endloop
 endfacet
 facet normal  0.000000e+00  9.915193e-01  1.299594e-01
   outer loop
     vertex  2.500000e+00  3.958573e+00  5.741968e-01
     vertex -2.500000e+00  3.972835e+00  4.653810e-01
     vertex -2.500000e+00  3.958573e+00  5.741968e-01
   endloop
 endfacet
 facet normal  0.000000e+00  9.915193e-01  1.299594e-01
   outer loop
     vertex  2.500000e+00  3.958573e+00  5.741968e-01
     vertex  2.500000e+00  3.972835e+00  4.653810e-01
     vertex -2.500000e+00  3.972835e+00  4.653810e-01
   endloop
 endfacet
 facet normal  0.000000e+00  9.875808e-01  1.571119e-01
   outer loop
     vertex  2.500000e+00  3.941330e+00  6.825803e-01
     vertex -2.500000e+00  3.958573e+00  5.741968e-01
     vertex -2.500000e+00  3.941330e+00  6.825803e-01
   endloop
 endfacet
 facet normal  0.000000e+00  9.875808e-01  1.571119e-01
   outer loop
     vertex  2.500000e+00  3.941330e+00  6.825803e-01
     vertex  2.500000e+00  3.958573e+00  5.741968e-01
     vertex -2.500000e+00  3.958573e+00  5.741968e-01
   endloop
 endfacet
 facet normal  0.000000e+00  9.828989e-01  1.841461e-01
   outer loop
     vertex  2.500000e+00  3.921121e+00  7.904501e-01
     vertex -2.500000e+00  3.941330e+00  6.825803e-01
     vertex -2.500000e+00  3.921121e+00  7.904501e-01
   endloop
 endfacet
 facet normal  0.000000e+00  9.828989e-01  1.841461e-01
   outer loop
     vertex  2.500000e+00  3.921121e+00  7.904501e-01
     vertex  2.500000e+00  3.941330e+00  6.825803e-01
     vertex -2.500000e+00  3.941330e+00  6.825803e-01
   endloop
 endfacet
 facet normal  0.000000e+00  9.774771e-01  2.110417e-01
   outer loop
     vertex  2.500000e+00  3.897960e+00  8.977248e-01
     vertex -2.500000e+00  3.921121e+00  7.904501e-01
     vertex -2.500000e+00  3.897960e+00  8.977248e-01
   endloop
 endfacet
 facet normal  0.000000e+00  9.774771e-01  2.110417e-01
   outer loop
     vertex  2.500000e+00  3.897960e+00  8.977248e-01
     vertex  2.500000e+00  3.921121e+00  7.904501e-01
     vertex -2.500000e+00  3.921121e+00  7.904501e-01
   endloop
 endfacet
 facet normal  0.000000e+00  9.713194e-01  2.377784e-01
   outer loop
     vertex  2.500000e+00  3.871864e+00  1.004324e+00
     vertex -2.500000e+00  3.897960e+00  8.977248e-01
     vertex -2.500000e+00  3.871864e+00  1.004324e+00
   endloop
 endfacet
 facet normal  0.000000e+00  9.713194e-01  2.377784e-01
   outer loop
     vertex  2.500000e+00  3.871864e+00  1.004324e+00
     vertex  2.500000e+00  3.897960e+00  8.977248e-01
     vertex -2.500000e+00  3.897960e+00  8.977248e-01
   endloop
 endfacet
 facet normal  0.000000e+00  9.644306e-01  2.643362e-01
   outer loop
     vertex  2.500000e+00  3.842854e+00  1.110167e+00
     vertex -2.500000e+00  3.871864e+00  1.004324e+00
     vertex -2.500000e+00  3.842854e+00  1.110167e+00
   endloop
 endfacet
 facet normal  0.000000e+00  9.644306e-01  2.643362e-01
   outer loop
     vertex  2.500000e+00  3.842854e+00  1.110167e+00
     vertex  2.500000e+00  3.871864e+00  1.004324e+00
     vertex -2.500000e+00  3.871864e+00  1.004324e+00
   endloop
 endfacet
 facet normal  0.000000e+00  9.568158e-01  2.906949e-01
   outer loop
     vertex  2.500000e+00  3.810952e+00  1.215174e+00
     vertex -2.500000e+00  3.842854e+00  1.110167e+00
     vertex -2.500000e+00  3.810952e+00  1.215174e+00
   endloop
 endfacet
 facet normal  0.000000e+00  9.568158e-01  2.906949e-01
   outer loop
     vertex  2.500000e+00  3.810952e+00  1.215174e+00
     vertex  2.500000e+00  3.842854e+00  1.110167e+00
     vertex -2.500000e+00  3.842854e+00  1.110167e+00
   endloop
 endfacet
 facet normal  0.000000e+00  9.484807e-01  3.168348e-01
   outer loop
     vertex  2.500000e+00  3.776180e+00  1.319266e+00
     vertex -2.500000e+00  3.810952e+00  1.215174e+00
     vertex -2.500000e+00  3.776180e+00  1.319266e+00
   endloop
 endfacet
 facet normal  0.000000e+00  9.394317e-01  3.427362e-01
   outer loop
     vertex  2.500000e+00  3.776180e+00  1.319266e+00
     vertex -2.500000e+00  3.776180e+00  1.319266e+00
     vertex -2.500000e+00  3.738566e+00  1.422366e+00
   endloop
 endfacet
 facet normal  0.000000e+00  9.484807e-01  3.168348e-01
   outer loop
     vertex  2.500000e+00  3.776180e+00  1.319266e+00
     vertex  2.500000e+00  3.810952e+00  1.215174e+00
     vertex -2.500000e+00  3.810952e+00  1.215174e+00
   endloop
 endfacet
 facet normal  0.000000e+00  9.296754e-01  3.683796e-01
   outer loop
     vertex  2.500000e+00  3.738566e+00  1.422366e+00
     vertex -2.500000e+00  3.738566e+00  1.422366e+00
     vertex -2.500000e+00  3.698138e+00  1.524394e+00
   endloop
 endfacet
 facet normal  0.000000e+00  9.394317e-01  3.427362e-01
   outer loop
     vertex  2.500000e+00  3.738566e+00  1.422366e+00
     vertex  2.500000e+00  3.776180e+00  1.319266e+00
     vertex -2.500000e+00  3.738566e+00  1.422366e+00
   endloop
 endfacet
 facet normal  0.000000e+00  9.296754e-01  3.683796e-01
   outer loop
     vertex  2.500000e+00  3.698138e+00  1.524394e+00
     vertex  2.500000e+00  3.738566e+00  1.422366e+00
     vertex -2.500000e+00  3.698138e+00  1.524394e+00
   endloop
 endfacet
 facet normal  0.000000e+00  9.192194e-01  3.937458e-01
   outer loop
     vertex  2.500000e+00  3.654925e+00  1.625275e+00
     vertex -2.500000e+00  3.698138e+00  1.524394e+00
     vertex -2.500000e+00  3.654925e+00  1.625275e+00
   endloop
 endfacet
 facet normal  0.000000e+00  9.080714e-01  4.188155e-01
   outer loop
     vertex  2.500000e+00  3.654925e+00  1.625275e+00
     vertex -2.500000e+00  3.654925e+00  1.625275e+00
     vertex -2.500000e+00  3.608962e+00  1.724933e+00
   endloop
 endfacet
 facet normal  0.000000e+00  9.192194e-01  3.937458e-01
   outer loop
     vertex  2.500000e+00  3.654925e+00  1.625275e+00
     vertex  2.500000e+00  3.698138e+00  1.524394e+00
     vertex -2.500000e+00  3.698138e+00  1.524394e+00
   endloop
 endfacet
 facet normal  0.000000e+00  9.080714e-01  4.188155e-01
   outer loop
     vertex  2.500000e+00  3.608962e+00  1.724933e+00
     vertex  2.500000e+00  3.654925e+00  1.625275e+00
     vertex -2.500000e+00  3.608962e+00  1.724933e+00
   endloop
 endfacet
 facet normal  0.000000e+00  8.962398e-01  4.435699e-01
   outer loop
     vertex  2.500000e+00  3.560282e+00  1.823292e+00
     vertex -2.500000e+00  3.608962e+00  1.724933e+00
     vertex -2.500000e+00  3.560282e+00  1.823292e+00
   endloop
 endfacet
 facet normal  0.000000e+00  8.837335e-01  4.679904e-01
   outer loop
     vertex  2.500000e+00  3.560282e+00  1.823292e+00
     vertex -2.500000e+00  3.560282e+00  1.823292e+00
     vertex -2.500000e+00  3.508921e+00  1.920279e+00
   endloop
 endfacet
 facet normal  0.000000e+00  8.962398e-01  4.435699e-01
   outer loop
     vertex  2.500000e+00  3.560282e+00  1.823292e+00
     vertex  2.500000e+00  3.608962e+00  1.724933e+00
     vertex -2.500000e+00  3.608962e+00  1.724933e+00
   endloop
 endfacet
 facet normal  0.000000e+00  8.837335e-01  4.679904e-01
   outer loop
     vertex  2.500000e+00  3.508921e+00  1.920279e+00
     vertex  2.500000e+00  3.560282e+00  1.823292e+00
     vertex -2.500000e+00  3.508921e+00  1.920279e+00
   endloop
 endfacet
 facet normal  0.000000e+00  8.705620e-01  4.920587e-01
   outer loop
     vertex  2.500000e+00  3.454920e+00  2.015820e+00
     vertex  2.500000e+00  3.508921e+00  1.920279e+00
     vertex -2.500000e+00  3.508921e+00  1.920279e+00
   endloop
 endfacet
 facet normal  0.000000e+00  8.705620e-01  4.920587e-01
   outer loop
     vertex  2.500000e+00  3.454920e+00  2.015820e+00
     vertex -2.500000e+00  3.508921e+00  1.920279e+00
     vertex -2.500000e+00  3.454920e+00  2.015820e+00
   endloop
 endfacet
 facet normal  0.000000e+00  8.567352e-01  5.157565e-01
   outer loop
     vertex  2.500000e+00  3.454920e+00  2.015820e+00
     vertex -2.500000e+00  3.454920e+00  2.015820e+00
     vertex -2.500000e+00  3.398317e+00  2.109844e+00
   endloop
 endfacet
 facet normal  0.000000e+00  8.567352e-01  5.157565e-01
   outer loop
     vertex  2.500000e+00  3.398317e+00  2.109844e+00
     vertex  2.500000e+00  3.454920e+00  2.015820e+00
     vertex -2.500000e+00  3.398317e+00  2.109844e+00
   endloop
 endfacet
 facet normal  0.000000e+00  8.422635e-01  5.390661e-01
   outer loop
     vertex  2.500000e+00  3.398317e+00  2.109844e+00
     vertex -2.500000e+00  3.398317e+00  2.109844e+00
     vertex -2.500000e+00  3.339156e+00  2.202279e+00
   endloop
 endfacet
 facet normal  0.000000e+00  8.422635e-01  5.390661e-01
   outer loop
     vertex  2.500000e+00  3.339156e+00  2.202279e+00
     vertex  2.500000e+00  3.398317e+00  2.109844e+00
     vertex -2.500000e+00  3.339156e+00  2.202279e+00
   endloop
 endfacet
 facet normal  0.000000e+00  8.271577e-01  5.619699e-01
   outer loop
     vertex  2.500000e+00  3.339156e+00  2.202279e+00
     vertex -2.500000e+00  3.339156e+00  2.202279e+00
     vertex -2.500000e+00  3.277482e+00  2.293057e+00
   endloop
 endfacet
 facet normal  0.000000e+00  8.271577e-01  5.619699e-01
   outer loop
     vertex  2.500000e+00  3.277482e+00  2.293057e+00
     vertex  2.500000e+00  3.339156e+00  2.202279e+00
     vertex -2.500000e+00  3.277482e+00  2.293057e+00
   endloop
 endfacet
 facet normal  0.000000e+00  8.114292e-01  5.844507e-01
   outer loop
     vertex  2.500000e+00  3.213341e+00  2.382108e+00
     vertex  2.500000e+00  3.277482e+00  2.293057e+00
     vertex -2.500000e+00  3.277482e+00  2.293057e+00
   endloop
 endfacet
 facet normal  0.000000e+00  8.114292e-01  5.844507e-01
   outer loop
     vertex  2.500000e+00  3.213341e+00  2.382108e+00
     vertex -2.500000e+00  3.277482e+00  2.293057e+00
     vertex -2.500000e+00  3.213341e+00  2.382108e+00
   endloop
 endfacet
 facet normal  0.000000e+00  7.950900e-01  6.064915e-01
   outer loop
     vertex  2.500000e+00  3.213341e+00  2.382108e+00
     vertex -2.500000e+00  3.213341e+00  2.382108e+00
     vertex -2.500000e+00  3.146780e+00  2.469367e+00
   endloop
 endfacet
 facet normal  0.000000e+00  7.950900e-01  6.064915e-01
   outer loop
     vertex  2.500000e+00  3.146780e+00  2.469367e+00
     vertex  2.500000e+00  3.213341e+00  2.382108e+00
     vertex -2.500000e+00  3.146780e+00  2.469367e+00
   endloop
 endfacet
 facet normal  0.000000e+00  7.781522e-01  6.280757e-01
   outer loop
     vertex  2.500000e+00  3.077851e+00  2.554766e+00
     vertex  2.500000e+00  3.146780e+00  2.469367e+00
     vertex -2.500000e+00  3.146780e+00  2.469367e+00
   endloop
 endfacet
 facet normal  0.000000e+00  7.781522e-01  6.280757e-01
   outer loop
     vertex  2.500000e+00  3.077851e+00  2.554766e+00
     vertex -2.500000e+00  3.146780e+00  2.469367e+00
     vertex -2.500000e+00  3.077851e+00  2.554766e+00
   endloop
 endfacet
 facet normal  0.000000e+00  7.606287e-01  6.491872e-01
   outer loop
     vertex  2.500000e+00  3.006605e+00  2.638243e+00
     vertex  2.500000e+00  3.077851e+00  2.554766e+00
     vertex -2.500000e+00  3.077851e+00  2.554766e+00
   endloop
 endfacet
 facet normal  0.000000e+00  7.606287e-01  6.491872e-01
   outer loop
     vertex  2.500000e+00  3.006605e+00  2.638243e+00
     vertex -2.500000e+00  3.077851e+00  2.554766e+00
     vertex -2.500000e+00  3.006605e+00  2.638243e+00
   endloop
 endfacet
 facet normal  0.000000e+00  7.425325e-01  6.698100e-01
   outer loop
     vertex  2.500000e+00  2.933096e+00  2.719733e+00
     vertex  2.500000e+00  3.006605e+00  2.638243e+00
     vertex -2.500000e+00  3.006605e+00  2.638243e+00
   endloop
 endfacet
 facet normal  0.000000e+00  7.425325e-01  6.698100e-01
   outer loop
     vertex  2.500000e+00  2.933096e+00  2.719733e+00
     vertex -2.500000e+00  3.006605e+00  2.638243e+00
     vertex -2.500000e+00  2.933096e+00  2.719733e+00
   endloop
 endfacet
 facet normal  0.000000e+00  7.238775e-01  6.899286e-01
   outer loop
     vertex  2.500000e+00  2.933096e+00  2.719733e+00
     vertex -2.500000e+00  2.933096e+00  2.719733e+00
     vertex -2.500000e+00  2.857379e+00  2.799176e+00
   endloop
 endfacet
 facet normal  0.000000e+00  7.238775e-01  6.899286e-01
   outer loop
     vertex  2.500000e+00  2.857379e+00  2.799176e+00
     vertex  2.500000e+00  2.933096e+00  2.719733e+00
     vertex -2.500000e+00  2.857379e+00  2.799176e+00
   endloop
 endfacet
 facet normal  0.000000e+00  7.046775e-01  7.095278e-01
   outer loop
     vertex  2.500000e+00  2.779511e+00  2.876512e+00
     vertex  2.500000e+00  2.857379e+00  2.799176e+00
     vertex -2.500000e+00  2.857379e+00  2.799176e+00
   endloop
 endfacet
 facet normal  0.000000e+00  7.046775e-01  7.095278e-01
   outer loop
     vertex  2.500000e+00  2.779511e+00  2.876512e+00
     vertex -2.500000e+00  2.857379e+00  2.799176e+00
     vertex -2.500000e+00  2.779511e+00  2.876512e+00
   endloop
 endfacet
 facet normal  0.000000e+00  6.849470e-01  7.285929e-01
   outer loop
     vertex  2.500000e+00  2.699550e+00  2.951683e+00
     vertex  2.500000e+00  2.779511e+00  2.876512e+00
     vertex -2.500000e+00  2.779511e+00  2.876512e+00
   endloop
 endfacet
 facet normal  0.000000e+00  6.849470e-01  7.285929e-01
   outer loop
     vertex  2.500000e+00  2.699550e+00  2.951683e+00
     vertex -2.500000e+00  2.779511e+00  2.876512e+00
     vertex -2.500000e+00  2.699550e+00  2.951683e+00
   endloop
 endfacet
 facet normal  0.000000e+00  6.647010e-01  7.471095e-01
   outer loop
     vertex  2.500000e+00  2.617557e+00  3.024631e+00
     vertex  2.500000e+00  2.699550e+00  2.951683e+00
     vertex -2.500000e+00  2.699550e+00  2.951683e+00
   endloop
 endfacet
 facet normal  0.000000e+00  6.647010e-01  7.471095e-01
   outer loop
     vertex  2.500000e+00  2.617557e+00  3.024631e+00
     vertex -2.500000e+00  2.699550e+00  2.951683e+00
     vertex -2.500000e+00  2.617557e+00  3.024631e+00
   endloop
 endfacet
 facet normal  0.000000e+00  6.439545e-01  7.650637e-01
   outer loop
     vertex  2.500000e+00  2.533594e+00  3.095303e+00
     vertex  2.500000e+00  2.617557e+00  3.024631e+00
     vertex -2.500000e+00  2.617557e+00  3.024631e+00
   endloop
 endfacet
 facet normal  0.000000e+00  6.439545e-01  7.650637e-01
   outer loop
     vertex  2.500000e+00  2.533594e+00  3.095303e+00
     vertex -2.500000e+00  2.617557e+00  3.024631e+00
     vertex -2.500000e+00  2.533594e+00  3.095303e+00
   endloop
 endfacet
 facet normal  0.000000e+00  6.227234e-01  7.824421e-01
   outer loop
     vertex  2.500000e+00  2.533594e+00  3.095303e+00
     vertex -2.500000e+00  2.533594e+00  3.095303e+00
     vertex -2.500000e+00  2.447724e+00  3.163645e+00
   endloop
 endfacet
 facet normal  0.000000e+00  6.227234e-01  7.824421e-01
   outer loop
     vertex  2.500000e+00  2.447724e+00  3.163645e+00
     vertex  2.500000e+00  2.533594e+00  3.095303e+00
     vertex -2.500000e+00  2.447724e+00  3.163645e+00
   endloop
 endfacet
 facet normal  0.000000e+00  6.010234e-01  7.992314e-01
   outer loop
     vertex  2.500000e+00  2.360011e+00  3.229605e+00
     vertex  2.500000e+00  2.447724e+00  3.163645e+00
     vertex -2.500000e+00  2.447724e+00  3.163645e+00
   endloop
 endfacet
 facet normal  0.000000e+00  6.010234e-01  7.992314e-01
   outer loop
     vertex  2.500000e+00  2.360011e+00  3.229605e+00
     vertex -2.500000e+00  2.447724e+00  3.163645e+00
     vertex -2.500000e+00  2.360011e+00  3.229605e+00
   endloop
 endfacet
 facet normal  0.000000e+00  5.788711e-01  8.154191e-01
   outer loop
     vertex  2.500000e+00  2.270522e+00  3.293134e+00
     vertex  2.500000e+00  2.360011e+00  3.229605e+00
     vertex -2.500000e+00  2.360011e+00  3.229605e+00
   endloop
 endfacet
 facet normal  0.000000e+00  5.788711e-01  8.154191e-01
   outer loop
     vertex  2.500000e+00  2.270522e+00  3.293134e+00
     vertex -2.500000e+00  2.360011e+00  3.229605e+00
     vertex -2.500000e+00  2.270522e+00  3.293134e+00
   endloop
 endfacet
 facet normal  0.000000e+00  5.562829e-01  8.309929e-01
   outer loop
     vertex  2.500000e+00  2.179323e+00  3.354184e+00
     vertex  2.500000e+00  2.270522e+00  3.293134e+00
     vertex -2.500000e+00  2.270522e+00  3.293134e+00
   endloop
 endfacet
 facet normal  0.000000e+00  5.562829e-01  8.309929e-01
   outer loop
     vertex  2.500000e+00  2.179323e+00  3.354184e+00
     vertex -2.500000e+00  2.270522e+00  3.293134e+00
     vertex -2.500000e+00  2.179323e+00  3.354184e+00
   endloop
 endfacet
 facet normal  0.000000e+00  5.332761e-01  8.459413e-01
   outer loop
     vertex  2.500000e+00  2.086484e+00  3.412709e+00
     vertex  2.500000e+00  2.179323e+00  3.354184e+00
     vertex -2.500000e+00  2.179323e+00  3.354184e+00
   endloop
 endfacet
 facet normal  0.000000e+00  5.332761e-01  8.459413e-01
   outer loop
     vertex  2.500000e+00  2.086484e+00  3.412709e+00
     vertex -2.500000e+00  2.179323e+00  3.354184e+00
     vertex -2.500000e+00  2.086484e+00  3.412709e+00
   endloop
 endfacet
 facet normal  0.000000e+00  5.098678e-01  8.602528e-01
   outer loop
     vertex  2.500000e+00  1.992074e+00  3.468665e+00
     vertex -2.500000e+00  2.086484e+00  3.412709e+00
     vertex -2.500000e+00  1.992074e+00  3.468665e+00
   endloop
 endfacet
 facet normal  0.000000e+00  5.098678e-01  8.602528e-01
   outer loop
     vertex  2.500000e+00  1.992074e+00  3.468665e+00
     vertex  2.500000e+00  2.086484e+00  3.412709e+00
     vertex -2.500000e+00  2.086484e+00  3.412709e+00
   endloop
 endfacet
 facet normal  0.000000e+00  4.860756e-01  8.739167e-01
   outer loop
     vertex  2.500000e+00  1.992074e+00  3.468665e+00
     vertex -2.500000e+00  1.992074e+00  3.468665e+00
     vertex -2.500000e+00  1.896165e+00  3.522011e+00
   endloop
 endfacet
 facet normal  0.000000e+00  4.619176e-01  8.869228e-01
   outer loop
     vertex  2.500000e+00  1.896165e+00  3.522011e+00
     vertex -2.500000e+00  1.896165e+00  3.522011e+00
     vertex -2.500000e+00  1.798828e+00  3.572704e+00
   endloop
 endfacet
 facet normal  0.000000e+00  4.860756e-01  8.739167e-01
   outer loop
     vertex  2.500000e+00  1.896165e+00  3.522011e+00
     vertex  2.500000e+00  1.992074e+00  3.468665e+00
     vertex -2.500000e+00  1.896165e+00  3.522011e+00
   endloop
 endfacet
 facet normal  0.000000e+00  4.374119e-01  8.992613e-01
   outer loop
     vertex  2.500000e+00  1.798828e+00  3.572704e+00
     vertex -2.500000e+00  1.798828e+00  3.572704e+00
     vertex -2.500000e+00  1.700137e+00  3.620709e+00
   endloop
 endfacet
 facet normal  0.000000e+00  4.619176e-01  8.869228e-01
   outer loop
     vertex  2.500000e+00  1.798828e+00  3.572704e+00
     vertex  2.500000e+00  1.896165e+00  3.522011e+00
     vertex -2.500000e+00  1.798828e+00  3.572704e+00
   endloop
 endfacet
 facet normal  0.000000e+00  4.374119e-01  8.992613e-01
   outer loop
     vertex  2.500000e+00  1.700137e+00  3.620709e+00
     vertex  2.500000e+00  1.798828e+00  3.572704e+00
     vertex -2.500000e+00  1.700137e+00  3.620709e+00
   endloop
 endfacet
 facet normal  0.000000e+00  4.125769e-01  9.109228e-01
   outer loop
     vertex  2.500000e+00  1.600167e+00  3.665988e+00
     vertex -2.500000e+00  1.700137e+00  3.620709e+00
     vertex -2.500000e+00  1.600167e+00  3.665988e+00
   endloop
 endfacet
 facet normal  0.000000e+00  4.125769e-01  9.109228e-01
   outer loop
     vertex  2.500000e+00  1.600167e+00  3.665988e+00
     vertex  2.500000e+00  1.700137e+00  3.620709e+00
     vertex -2.500000e+00  1.700137e+00  3.620709e+00
   endloop
 endfacet
 facet normal  0.000000e+00  3.874313e-01  9.218986e-01
   outer loop
     vertex  2.500000e+00  1.498992e+00  3.708507e+00
     vertex  2.500000e+00  1.600167e+00  3.665988e+00
     vertex -2.500000e+00  1.600167e+00  3.665988e+00
   endloop
 endfacet
 facet normal  0.000000e+00  3.874313e-01  9.218986e-01
   outer loop
     vertex  2.500000e+00  1.498992e+00  3.708507e+00
     vertex -2.500000e+00  1.600167e+00  3.665988e+00
     vertex -2.500000e+00  1.498992e+00  3.708507e+00
   endloop
 endfacet
 facet normal  0.000000e+00  3.619940e-01  9.321804e-01
   outer loop
     vertex  2.500000e+00  1.396688e+00  3.748235e+00
     vertex  2.500000e+00  1.498992e+00  3.708507e+00
     vertex -2.500000e+00  1.498992e+00  3.708507e+00
   endloop
 endfacet
 facet normal  0.000000e+00  3.619940e-01  9.321804e-01
   outer loop
     vertex  2.500000e+00  1.396688e+00  3.748235e+00
     vertex -2.500000e+00  1.498992e+00  3.708507e+00
     vertex -2.500000e+00  1.396688e+00  3.748235e+00
   endloop
 endfacet
 facet normal  0.000000e+00  3.362843e-01  9.417605e-01
   outer loop
     vertex  2.500000e+00  1.396688e+00  3.748235e+00
     vertex -2.500000e+00  1.396688e+00  3.748235e+00
     vertex -2.500000e+00  1.293333e+00  3.785141e+00
   endloop
 endfacet
 facet normal  0.000000e+00  3.362843e-01  9.417605e-01
   outer loop
     vertex  2.500000e+00  1.293333e+00  3.785141e+00
     vertex  2.500000e+00  1.396688e+00  3.748235e+00
     vertex -2.500000e+00  1.293333e+00  3.785141e+00
   endloop
 endfacet
 facet normal  0.000000e+00  3.103214e-01  9.506317e-01
   outer loop
     vertex  2.500000e+00  1.189005e+00  3.819197e+00
     vertex  2.500000e+00  1.293333e+00  3.785141e+00
     vertex -2.500000e+00  1.293333e+00  3.785141e+00
   endloop
 endfacet
 facet normal  0.000000e+00  3.103214e-01  9.506317e-01
   outer loop
     vertex  2.500000e+00  1.189005e+00  3.819197e+00
     vertex -2.500000e+00  1.293333e+00  3.785141e+00
     vertex -2.500000e+00  1.189005e+00  3.819197e+00
   endloop
 endfacet
 facet normal -5.257298e-05  2.631512e-01  9.647546e-01
   outer loop
     vertex -6.213978e-02  1.048160e+00  3.860228e+00
     vertex -4.181282e-02  1.049167e+00  3.859954e+00
     vertex -2.500000e+00  1.083781e+00  3.850379e+00
   endloop
 endfacet
 facet normal -4.394168e-05  2.637211e-01  9.645990e-01
   outer loop
     vertex -2.148010e-02  1.049780e+00  3.859788e+00
     vertex -2.500000e+00  1.083781e+00  3.850379e+00
     vertex -4.181282e-02  1.049167e+00  3.859954e+00
   endloop
 endfacet
 facet normal  2.580242e-04  2.841249e-01  9.587872e-01
   outer loop
     vertex -2.148010e-02  1.049780e+00  3.859788e+00
     vertex -2.500000e+00  1.189005e+00  3.819197e+00
     vertex -2.500000e+00  1.083781e+00  3.850379e+00
   endloop
 endfacet
 facet normal -6.006997e-05  2.626741e-01  9.648846e-01
   outer loop
     vertex -8.245495e-02  1.046757e+00  3.860609e+00
     vertex -6.213978e-02  1.048160e+00  3.860228e+00
     vertex -2.500000e+00  1.083781e+00  3.850379e+00
   endloop
 endfacet
 facet normal  0.000000e+00  2.799214e-01  9.600229e-01
   outer loop
     vertex -1.147673e-03  1.049999e+00  3.859728e+00
     vertex  2.500000e+00  1.189005e+00  3.819197e+00
     vertex -2.500000e+00  1.189005e+00  3.819197e+00
   endloop
 endfacet
 facet normal -1.697962e-04  2.771070e-01  9.608391e-01
   outer loop
     vertex -1.147673e-03  1.049999e+00  3.859728e+00
     vertex -2.500000e+00  1.189005e+00  3.819197e+00
     vertex -2.148010e-02  1.049780e+00  3.859788e+00
   endloop
 endfacet
 facet normal -6.817656e-05  2.621817e-01  9.650185e-01
   outer loop
     vertex -1.027523e-01  1.044960e+00  3.861095e+00
     vertex -8.245495e-02  1.046757e+00  3.860609e+00
     vertex -2.500000e+00  1.083781e+00  3.850379e+00
   endloop
 endfacet
 facet normal  1.398849e-04  2.776008e-01  9.606965e-01
   outer loop
     vertex  1.918505e-02  1.049825e+00  3.859776e+00
     vertex  2.500000e+00  1.189005e+00  3.819197e+00
     vertex -1.147673e-03  1.049999e+00  3.859728e+00
   endloop
 endfacet
 facet normal -7.768253e-05  2.616356e-01  9.651667e-01
   outer loop
     vertex -1.230256e-01  1.042768e+00  3.861688e+00
     vertex -1.027523e-01  1.044960e+00  3.861095e+00
     vertex -2.500000e+00  1.083781e+00  3.850379e+00
   endloop
 endfacet
 facet normal -8.911967e-05  2.610188e-01  9.653337e-01
   outer loop
     vertex -1.432690e-01  1.040180e+00  3.862386e+00
     vertex -1.230256e-01  1.042768e+00  3.861688e+00
     vertex -2.500000e+00  1.083781e+00  3.850379e+00
   endloop
 endfacet
 facet normal -1.029528e-04  2.603229e-01  9.655216e-01
   outer loop
     vertex -1.634763e-01  1.037196e+00  3.863188e+00
     vertex -1.432690e-01  1.040180e+00  3.862386e+00
     vertex -2.500000e+00  1.083781e+00  3.850379e+00
   endloop
 endfacet
 facet normal -1.196478e-04  2.595432e-01  9.657315e-01
   outer loop
     vertex -1.836413e-01  1.033816e+00  3.864094e+00
     vertex -1.634763e-01  1.037196e+00  3.863188e+00
     vertex -2.500000e+00  1.083781e+00  3.850379e+00
   endloop
 endfacet
 facet normal -1.397002e-04  2.586774e-01  9.659638e-01
   outer loop
     vertex -2.037579e-01  1.030040e+00  3.865102e+00
     vertex -1.836413e-01  1.033816e+00  3.864094e+00
     vertex -2.500000e+00  1.083781e+00  3.850379e+00
   endloop
 endfacet
 facet normal -1.636499e-04  2.577239e-01  9.662186e-01
   outer loop
     vertex -2.238201e-01  1.025868e+00  3.866212e+00
     vertex -2.037579e-01  1.030040e+00  3.865102e+00
     vertex -2.500000e+00  1.083781e+00  3.850379e+00
   endloop
 endfacet
 facet normal -1.920885e-04  2.566819e-01  9.664959e-01
   outer loop
     vertex -2.438215e-01  1.021299e+00  3.867421e+00
     vertex -2.238201e-01  1.025868e+00  3.866212e+00
     vertex -2.500000e+00  1.083781e+00  3.850379e+00
   endloop
 endfacet
 facet normal -1.614142e-04  2.577146e-01  9.662211e-01
   outer loop
     vertex -2.438215e-01  1.021299e+00  3.867421e+00
     vertex -2.500000e+00  1.083781e+00  3.850379e+00
     vertex -2.500000e+00  9.777417e-01  3.878662e+00
   endloop
 endfacet
 facet normal -1.076534e-04  2.551083e-01  9.669125e-01
   outer loop
     vertex -2.637559e-01  1.016333e+00  3.868729e+00
     vertex -2.438215e-01  1.021299e+00  3.867421e+00
     vertex -2.500000e+00  9.777417e-01  3.878662e+00
   endloop
 endfacet
 facet normal -8.162949e-05  2.536959e-01  9.672840e-01
   outer loop
     vertex -2.836171e-01  1.010971e+00  3.870134e+00
     vertex -2.637559e-01  1.016333e+00  3.868729e+00
     vertex -2.500000e+00  9.777417e-01  3.878662e+00
   endloop
 endfacet
 facet normal -5.783587e-05  2.522087e-01  9.676729e-01
   outer loop
     vertex -3.033987e-01  1.005211e+00  3.871634e+00
     vertex -2.836171e-01  1.010971e+00  3.870134e+00
     vertex -2.500000e+00  9.777417e-01  3.878662e+00
   endloop
 endfacet
 facet normal -3.696728e-05  2.506439e-01  9.680793e-01
   outer loop
     vertex -3.230945e-01  9.990546e-01  3.873227e+00
     vertex -3.033987e-01  1.005211e+00  3.871634e+00
     vertex -2.500000e+00  9.777417e-01  3.878662e+00
   endloop
 endfacet
 facet normal -1.981216e-05  2.489999e-01  9.685035e-01
   outer loop
     vertex -3.426980e-01  9.925009e-01  3.874912e+00
     vertex -3.230945e-01  9.990546e-01  3.873227e+00
     vertex -2.500000e+00  9.777417e-01  3.878662e+00
   endloop
 endfacet
 facet normal -7.245555e-06  2.472753e-01  9.689453e-01
   outer loop
     vertex -3.622028e-01  9.855502e-01  3.876686e+00
     vertex -3.426980e-01  9.925009e-01  3.874912e+00
     vertex -2.500000e+00  9.777417e-01  3.878662e+00
   endloop
 endfacet
 facet normal -2.250731e-07  2.454694e-01  9.694043e-01
   outer loop
     vertex -3.816024e-01  9.782022e-01  3.878546e+00
     vertex -3.622028e-01  9.855502e-01  3.876686e+00
     vertex -2.500000e+00  9.777417e-01  3.878662e+00
   endloop
 endfacet
 facet normal  2.113769e-07  2.435818e-01  9.698804e-01
   outer loop
     vertex -4.008903e-01  9.704571e-01  3.880491e+00
     vertex -3.816024e-01  9.782022e-01  3.878546e+00
     vertex -2.500000e+00  9.777417e-01  3.878662e+00
   endloop
 endfacet
 facet normal -7.053426e-06  2.416121e-01  9.703729e-01
   outer loop
     vertex -4.200598e-01  9.623148e-01  3.882519e+00
     vertex -4.008903e-01  9.704571e-01  3.880491e+00
     vertex -2.500000e+00  9.777417e-01  3.878662e+00
   endloop
 endfacet
 facet normal -2.573671e-04  2.841249e-01  9.587872e-01
   outer loop
     vertex  2.500000e+00  1.083781e+00  3.850379e+00
     vertex  2.500000e+00  1.189005e+00  3.819197e+00
     vertex  1.918505e-02  1.049825e+00  3.859776e+00
   endloop
 endfacet
 facet normal  1.887465e-04  2.568000e-01  9.664645e-01
   outer loop
     vertex  2.500000e+00  1.083781e+00  3.850379e+00
     vertex  2.216272e-01  1.026344e+00  3.866086e+00
     vertex  2.416462e-01  1.021816e+00  3.867285e+00
   endloop
 endfacet
 facet normal  1.608133e-04  2.578329e-01  9.661895e-01
   outer loop
     vertex  2.500000e+00  1.083781e+00  3.850379e+00
     vertex  2.015484e-01  1.030475e+00  3.864987e+00
     vertex  2.216272e-01  1.026344e+00  3.866086e+00
   endloop
 endfacet
 facet normal  1.373067e-04  2.587772e-01  9.659370e-01
   outer loop
     vertex  2.500000e+00  1.083781e+00  3.850379e+00
     vertex  1.814163e-01  1.034209e+00  3.863989e+00
     vertex  2.015484e-01  1.030475e+00  3.864987e+00
   endloop
 endfacet
 facet normal  1.176401e-04  2.596339e-01  9.657071e-01
   outer loop
     vertex  2.500000e+00  1.083781e+00  3.850379e+00
     vertex  1.612370e-01  1.037546e+00  3.863094e+00
     vertex  1.814163e-01  1.034209e+00  3.863989e+00
   endloop
 endfacet
 facet normal  1.012782e-04  2.604045e-01  9.654996e-01
   outer loop
     vertex  2.500000e+00  1.083781e+00  3.850379e+00
     vertex  1.410168e-01  1.040487e+00  3.862303e+00
     vertex  1.612370e-01  1.037546e+00  3.863094e+00
   endloop
 endfacet
 facet normal  8.772880e-05  2.610917e-01  9.653140e-01
   outer loop
     vertex  2.500000e+00  1.083781e+00  3.850379e+00
     vertex  1.207620e-01  1.043032e+00  3.861617e+00
     vertex  1.410168e-01  1.040487e+00  3.862303e+00
   endloop
 endfacet
 facet normal  7.652742e-05  2.617003e-01  9.651492e-01
   outer loop
     vertex  2.500000e+00  1.083781e+00  3.850379e+00
     vertex  1.004787e-01  1.045181e+00  3.861036e+00
     vertex  1.207620e-01  1.043032e+00  3.861617e+00
   endloop
 endfacet
 facet normal  6.720567e-05  2.622394e-01  9.650029e-01
   outer loop
     vertex  2.500000e+00  1.083781e+00  3.850379e+00
     vertex  8.017324e-02  1.046935e+00  3.860561e+00
     vertex  1.004787e-01  1.045181e+00  3.861036e+00
   endloop
 endfacet
 facet normal  5.921564e-05  2.627274e-01  9.648701e-01
   outer loop
     vertex  2.500000e+00  1.083781e+00  3.850379e+00
     vertex  5.985167e-02  1.048293e+00  3.860192e+00
     vertex  8.017324e-02  1.046935e+00  3.860561e+00
   endloop
 endfacet
 facet normal  5.171204e-05  2.632072e-01  9.647393e-01
   outer loop
     vertex  2.500000e+00  1.083781e+00  3.850379e+00
     vertex  3.952021e-02  1.049256e+00  3.859930e+00
     vertex  5.985167e-02  1.048293e+00  3.860192e+00
   endloop
 endfacet
 facet normal  4.272741e-05  2.638025e-01  9.645767e-01
   outer loop
     vertex  2.500000e+00  1.083781e+00  3.850379e+00
     vertex  1.918505e-02  1.049825e+00  3.859776e+00
     vertex  3.952021e-02  1.049256e+00  3.859930e+00
   endloop
 endfacet
 facet normal -2.321582e-05  2.395601e-01  9.708815e-01
   outer loop
     vertex -4.391042e-01  9.537753e-01  3.884625e+00
     vertex -4.200598e-01  9.623148e-01  3.882519e+00
     vertex -2.500000e+00  9.777417e-01  3.878662e+00
   endloop
 endfacet
 facet normal -4.955166e-05  2.374259e-01  9.714057e-01
   outer loop
     vertex -4.580169e-01  9.448388e-01  3.886808e+00
     vertex -4.391042e-01  9.537753e-01  3.884625e+00
     vertex -2.500000e+00  9.777417e-01  3.878662e+00
   endloop
 endfacet
 facet normal -8.741710e-05  2.352094e-01  9.719447e-01
   outer loop
     vertex -4.767911e-01  9.355053e-01  3.889065e+00
     vertex -4.580169e-01  9.448388e-01  3.886808e+00
     vertex -2.500000e+00  9.777417e-01  3.878662e+00
   endloop
 endfacet
 facet normal -1.382498e-04  2.329107e-01  9.724981e-01
   outer loop
     vertex -4.954197e-01  9.257749e-01  3.891393e+00
     vertex -4.767911e-01  9.355053e-01  3.889065e+00
     vertex -2.500000e+00  9.777417e-01  3.878662e+00
   endloop
 endfacet
 facet normal -2.035703e-04  2.305299e-01  9.730652e-01
   outer loop
     vertex -5.138960e-01  9.156478e-01  3.893789e+00
     vertex -4.954197e-01  9.257749e-01  3.891393e+00
     vertex -2.500000e+00  9.777417e-01  3.878662e+00
   endloop
 endfacet
 facet normal -1.843784e-04  2.311102e-01  9.729276e-01
   outer loop
     vertex -5.138960e-01  9.156478e-01  3.893789e+00
     vertex -2.500000e+00  9.777417e-01  3.878662e+00
     vertex -2.500000e+00  8.709663e-01  3.904026e+00
   endloop
 endfacet
 facet normal -1.051857e-04  2.277705e-01  9.737148e-01
   outer loop
     vertex -5.322128e-01  9.051241e-01  3.896248e+00
     vertex -5.138960e-01  9.156478e-01  3.893789e+00
     vertex -2.500000e+00  8.709663e-01  3.904026e+00
   endloop
 endfacet
 facet normal -5.459639e-05  2.250026e-01  9.743582e-01
   outer loop
     vertex -5.503629e-01  8.942039e-01  3.898769e+00
     vertex -5.322128e-01  9.051241e-01  3.896248e+00
     vertex -2.500000e+00  8.709663e-01  3.904026e+00
   endloop
 endfacet
 facet normal -1.902777e-05  2.221656e-01  9.750089e-01
   outer loop
     vertex -5.683393e-01  8.828876e-01  3.901347e+00
     vertex -5.503629e-01  8.942039e-01  3.898769e+00
     vertex -2.500000e+00  8.709663e-01  3.904026e+00
   endloop
 endfacet
 facet normal -1.742864e-07  2.192585e-01  9.756668e-01
   outer loop
     vertex -5.861345e-01  8.711753e-01  3.903979e+00
     vertex -5.683393e-01  8.828876e-01  3.901347e+00
     vertex -2.500000e+00  8.709663e-01  3.904026e+00
   endloop
 endfacet
 facet normal  1.671462e-07  2.162804e-01  9.763313e-01
   outer loop
     vertex -6.037412e-01  8.590674e-01  3.906661e+00
     vertex -5.861345e-01  8.711753e-01  3.903979e+00
     vertex -2.500000e+00  8.709663e-01  3.904026e+00
   endloop
 endfacet
 facet normal -1.990222e-05  2.132306e-01  9.770019e-01
   outer loop
     vertex -6.211517e-01  8.465640e-01  3.909390e+00
     vertex -6.037412e-01  8.590674e-01  3.906661e+00
     vertex -2.500000e+00  8.709663e-01  3.904026e+00
   endloop
 endfacet
 facet normal  1.962052e-04  2.307762e-01  9.730068e-01
   outer loop
     vertex  2.500000e+00  9.777417e-01  3.878662e+00
     vertex  4.935258e-01  9.267859e-01  3.891152e+00
     vertex  5.120251e-01  9.166953e-01  3.893542e+00
   endloop
 endfacet
 facet normal  1.324097e-04  2.331495e-01  9.724409e-01
   outer loop
     vertex  2.500000e+00  9.777417e-01  3.878662e+00
     vertex  4.748741e-01  9.364799e-01  3.888831e+00
     vertex  4.935258e-01  9.267859e-01  3.891152e+00
   endloop
 endfacet
 facet normal  8.295308e-05  2.354408e-01  9.718887e-01
   outer loop
     vertex  2.500000e+00  9.777417e-01  3.878662e+00
     vertex  4.560769e-01  9.457768e-01  3.886580e+00
     vertex  4.748741e-01  9.364799e-01  3.888831e+00
   endloop
 endfacet
 facet normal  4.632264e-05  2.376498e-01  9.713509e-01
   outer loop
     vertex  2.500000e+00  9.777417e-01  3.878662e+00
     vertex  4.371411e-01  9.546767e-01  3.884404e+00
     vertex  4.560769e-01  9.457768e-01  3.886580e+00
   endloop
 endfacet
 facet normal  2.108820e-05  2.397766e-01  9.708281e-01
   outer loop
     vertex  2.500000e+00  9.777417e-01  3.878662e+00
     vertex  4.180737e-01  9.631793e-01  3.882304e+00
     vertex  4.371411e-01  9.546767e-01  3.884404e+00
   endloop
 endfacet
 facet normal  5.900761e-06  2.418210e-01  9.703209e-01
   outer loop
     vertex  2.500000e+00  9.777417e-01  3.878662e+00
     vertex  3.988815e-01  9.712845e-01  3.880284e+00
     vertex  4.180737e-01  9.631793e-01  3.882304e+00
   endloop
 endfacet
 facet normal -5.085581e-07  2.437832e-01  9.698298e-01
   outer loop
     vertex  2.500000e+00  9.777417e-01  3.878662e+00
     vertex  3.795712e-01  9.789922e-01  3.878347e+00
     vertex  3.988815e-01  9.712845e-01  3.880284e+00
   endloop
 endfacet
 facet normal  6.707464e-07  2.456632e-01  9.693552e-01
   outer loop
     vertex  2.500000e+00  9.777417e-01  3.878662e+00
     vertex  3.601494e-01  9.863024e-01  3.876494e+00
     vertex  3.795712e-01  9.789922e-01  3.878347e+00
   endloop
 endfacet
 facet normal  8.328278e-06  2.474614e-01  9.688977e-01
   outer loop
     vertex  2.500000e+00  9.777417e-01  3.878662e+00
     vertex  3.406228e-01  9.932150e-01  3.874729e+00
     vertex  3.601494e-01  9.863024e-01  3.876494e+00
   endloop
 endfacet
 facet normal  2.143304e-05  2.491784e-01  9.684576e-01
   outer loop
     vertex  2.500000e+00  9.777417e-01  3.878662e+00
     vertex  3.209980e-01  9.997301e-01  3.873053e+00
     vertex  3.406228e-01  9.932150e-01  3.874729e+00
   endloop
 endfacet
 facet normal  3.903459e-05  2.508149e-01  9.680351e-01
   outer loop
     vertex  2.500000e+00  9.777417e-01  3.878662e+00
     vertex  3.012815e-01  1.005848e+00  3.871469e+00
     vertex  3.209980e-01  9.997301e-01  3.873053e+00
   endloop
 endfacet
 facet normal  6.026545e-05  2.523721e-01  9.676303e-01
   outer loop
     vertex  2.500000e+00  9.777417e-01  3.878662e+00
     vertex  2.814797e-01  1.011568e+00  3.869978e+00
     vertex  3.012815e-01  1.005848e+00  3.871469e+00
   endloop
 endfacet
 facet normal  8.434546e-05  2.538520e-01  9.672431e-01
   outer loop
     vertex  2.500000e+00  9.777417e-01  3.878662e+00
     vertex  2.615992e-01  1.016890e+00  3.868583e+00
     vertex  2.814797e-01  1.011568e+00  3.869978e+00
   endloop
 endfacet
 facet normal  1.105894e-04  2.552574e-01  9.668731e-01
   outer loop
     vertex  2.500000e+00  9.777417e-01  3.878662e+00
     vertex  2.416462e-01  1.021816e+00  3.867285e+00
     vertex  2.615992e-01  1.016890e+00  3.868583e+00
   endloop
 endfacet
 facet normal  1.618300e-04  2.577146e-01  9.662211e-01
   outer loop
     vertex  2.500000e+00  9.777417e-01  3.878662e+00
     vertex  2.500000e+00  1.083781e+00  3.850379e+00
     vertex  2.416462e-01  1.021816e+00  3.867285e+00
   endloop
 endfacet
 facet normal -6.238326e-05  2.101085e-01  9.776781e-01
   outer loop
     vertex -6.383586e-01  8.336657e-01  3.912161e+00
     vertex -6.211517e-01  8.465640e-01  3.909390e+00
     vertex -2.500000e+00  8.709663e-01  3.904026e+00
   endloop
 endfacet
 facet normal -1.293799e-04  2.069133e-01  9.783593e-01
   outer loop
     vertex -6.553539e-01  8.203726e-01  3.914970e+00
     vertex -6.383586e-01  8.336657e-01  3.912161e+00
     vertex -2.500000e+00  8.709663e-01  3.904026e+00
   endloop
 endfacet
 facet normal -2.033976e-04  2.043319e-01  9.789016e-01
   outer loop
     vertex -6.553539e-01  8.203726e-01  3.914970e+00
     vertex -2.500000e+00  8.709663e-01  3.904026e+00
     vertex -2.500000e+00  7.635352e-01  3.926451e+00
   endloop
 endfacet
 facet normal -1.796885e-04  2.035935e-01  9.790555e-01
   outer loop
     vertex -6.721300e-01  8.066854e-01  3.917813e+00
     vertex -6.553539e-01  8.203726e-01  3.914970e+00
     vertex -2.500000e+00  7.635352e-01  3.926451e+00
   endloop
 endfacet
 facet normal -9.172453e-05  2.000149e-01  9.797929e-01
   outer loop
     vertex -6.886788e-01  7.926043e-01  3.920686e+00
     vertex -6.721300e-01  8.066854e-01  3.917813e+00
     vertex -2.500000e+00  7.635352e-01  3.926451e+00
   endloop
 endfacet
 facet normal -3.095711e-05  1.963744e-01  9.805290e-01
   outer loop
     vertex -7.050020e-01  7.781209e-01  3.923586e+00
     vertex -6.886788e-01  7.926043e-01  3.920686e+00
     vertex -2.500000e+00  7.635352e-01  3.926451e+00
   endloop
 endfacet
 facet normal  3.539885e-07  1.926655e-01  9.812645e-01
   outer loop
     vertex -7.211214e-01  7.632064e-01  3.926514e+00
     vertex -7.050020e-01  7.781209e-01  3.923586e+00
     vertex -2.500000e+00  7.635352e-01  3.926451e+00
   endloop
 endfacet
 facet normal -3.715025e-07  1.888839e-01  9.819994e-01
   outer loop
     vertex -7.370229e-01  7.478618e-01  3.929466e+00
     vertex -7.211214e-01  7.632064e-01  3.926514e+00
     vertex -2.500000e+00  7.635352e-01  3.926451e+00
   endloop
 endfacet
 facet normal -3.590004e-05  1.850288e-01  9.827331e-01
   outer loop
     vertex -7.526903e-01  7.320910e-01  3.932435e+00
     vertex -7.370229e-01  7.478618e-01  3.929466e+00
     vertex -2.500000e+00  7.635352e-01  3.926451e+00
   endloop
 endfacet
 facet normal  1.853543e-04  2.311102e-01  9.729276e-01
   outer loop
     vertex  2.500000e+00  8.709663e-01  3.904026e+00
     vertex  2.500000e+00  9.777417e-01  3.878662e+00
     vertex  5.120251e-01  9.166953e-01  3.893542e+00
   endloop
 endfacet
 facet normal  2.124524e-04  2.039750e-01  9.789761e-01
   outer loop
     vertex  2.500000e+00  8.709663e-01  3.904026e+00
     vertex  6.536625e-01  8.217210e-01  3.914687e+00
     vertex  6.704602e-01  8.080737e-01  3.917527e+00
   endloop
 endfacet
 facet normal  1.215102e-04  2.072364e-01  9.782909e-01
   outer loop
     vertex  2.500000e+00  8.709663e-01  3.904026e+00
     vertex  6.366454e-01  8.349747e-01  3.911882e+00
     vertex  6.536625e-01  8.217210e-01  3.914687e+00
   endloop
 endfacet
 facet normal  5.706221e-05  2.104244e-01  9.776101e-01
   outer loop
     vertex  2.500000e+00  8.709663e-01  3.904026e+00
     vertex  6.194166e-01  8.478344e-01  3.909115e+00
     vertex  6.366454e-01  8.349747e-01  3.911882e+00
   endloop
 endfacet
 facet normal  1.691512e-05  2.135396e-01  9.769344e-01
   outer loop
     vertex  2.500000e+00  8.709663e-01  3.904026e+00
     vertex  6.019838e-01  8.602997e-01  3.906390e+00
     vertex  6.194166e-01  8.478344e-01  3.909115e+00
   endloop
 endfacet
 facet normal -1.021238e-06  2.165827e-01  9.762643e-01
   outer loop
     vertex  2.500000e+00  8.709663e-01  3.904026e+00
     vertex  5.843548e-01  8.723701e-01  3.903712e+00
     vertex  6.019838e-01  8.602997e-01  3.906390e+00
   endloop
 endfacet
 facet normal  1.264953e-06  2.195542e-01  9.756003e-01
   outer loop
     vertex  2.500000e+00  8.709663e-01  3.904026e+00
     vertex  5.665370e-01  8.840452e-01  3.901085e+00
     vertex  5.843548e-01  8.723701e-01  3.903712e+00
   endloop
 endfacet
 facet normal  2.188674e-05  2.224549e-01  9.749430e-01
   outer loop
     vertex  2.500000e+00  8.709663e-01  3.904026e+00
     vertex  5.485379e-01  8.953246e-01  3.898512e+00
     vertex  5.665370e-01  8.840452e-01  3.901085e+00
   endloop
 endfacet
 facet normal  5.905835e-05  2.252857e-01  9.742927e-01
   outer loop
     vertex  2.500000e+00  8.709663e-01  3.904026e+00
     vertex  5.303649e-01  9.062081e-01  3.895996e+00
     vertex  5.485379e-01  8.953246e-01  3.898512e+00
   endloop
 endfacet
 facet normal  1.110960e-04  2.280476e-01  9.736500e-01
   outer loop
     vertex  2.500000e+00  8.709663e-01  3.904026e+00
     vertex  5.120251e-01  9.166953e-01  3.893542e+00
     vertex  5.303649e-01  9.062081e-01  3.895996e+00
   endloop
 endfacet
 facet normal -1.091132e-04  1.810996e-01  9.834647e-01
   outer loop
     vertex -7.681074e-01  7.158988e-01  3.935415e+00
     vertex -7.526903e-01  7.320910e-01  3.932435e+00
     vertex -2.500000e+00  7.635352e-01  3.926451e+00
   endloop
 endfacet
 facet normal -2.230004e-04  1.770963e-01  9.841935e-01
   outer loop
     vertex -7.832583e-01  6.992900e-01  3.938400e+00
     vertex -7.681074e-01  7.158988e-01  3.935415e+00
     vertex -2.500000e+00  7.635352e-01  3.926451e+00
   endloop
 endfacet
 facet normal -2.112614e-04  1.773998e-01  9.841389e-01
   outer loop
     vertex -7.832583e-01  6.992900e-01  3.938400e+00
     vertex -2.500000e+00  7.635352e-01  3.926451e+00
     vertex -2.500000e+00  6.555294e-01  3.945920e+00
   endloop
 endfacet
 facet normal -8.968521e-05  1.727717e-01  9.849619e-01
   outer loop
     vertex -7.981276e-01  6.822700e-01  3.941384e+00
     vertex -7.832583e-01  6.992900e-01  3.938400e+00
     vertex -2.500000e+00  6.555294e-01  3.945920e+00
   endloop
 endfacet
 facet normal -1.906790e-05  1.684056e-01  9.857178e-01
   outer loop
     vertex -8.127001e-01  6.648448e-01  3.944361e+00
     vertex -7.981276e-01  6.822700e-01  3.941384e+00
     vertex -2.500000e+00  6.555294e-01  3.945920e+00
   endloop
 endfacet
 facet normal  6.059028e-06  1.639791e-01  9.864638e-01
   outer loop
     vertex -8.269610e-01  6.470205e-01  3.947324e+00
     vertex -8.127001e-01  6.648448e-01  3.944361e+00
     vertex -2.500000e+00  6.555294e-01  3.945920e+00
   endloop
 endfacet
 facet normal -1.738120e-05  1.594916e-01  9.871993e-01
   outer loop
     vertex -8.408957e-01  6.288040e-01  3.950267e+00
     vertex -8.269610e-01  6.470205e-01  3.947324e+00
     vertex -2.500000e+00  6.555294e-01  3.945920e+00
   endloop
 endfacet
 facet normal  2.095122e-04  1.775056e-01  9.841198e-01
   outer loop
     vertex  2.500000e+00  7.635352e-01  3.926451e+00
     vertex  7.665578e-01  7.175577e-01  3.935113e+00
     vertex  7.817325e-01  7.009953e-01  3.938097e+00
   endloop
 endfacet
 facet normal  9.991138e-05  1.815005e-01  9.833909e-01
   outer loop
     vertex  2.500000e+00  7.635352e-01  3.926451e+00
     vertex  7.511186e-01  7.337036e-01  3.932134e+00
     vertex  7.665578e-01  7.175577e-01  3.935113e+00
   endloop
 endfacet
 facet normal  3.065593e-05  1.854212e-01  9.826591e-01
   outer loop
     vertex  2.500000e+00  7.635352e-01  3.926451e+00
     vertex  7.354304e-01  7.494279e-01  3.929168e+00
     vertex  7.511186e-01  7.337036e-01  3.932134e+00
   endloop
 endfacet
 facet normal -1.228663e-06  1.892680e-01  9.819255e-01
   outer loop
     vertex  2.500000e+00  7.635352e-01  3.926451e+00
     vertex  7.195095e-01  7.647262e-01  3.926219e+00
     vertex  7.354304e-01  7.494279e-01  3.929168e+00
   endloop
 endfacet
 facet normal  1.391034e-06  1.930415e-01  9.811906e-01
   outer loop
     vertex  2.500000e+00  7.635352e-01  3.926451e+00
     vertex  7.033722e-01  7.795945e-01  3.923294e+00
     vertex  7.195095e-01  7.647262e-01  3.926219e+00
   endloop
 endfacet
 facet normal  3.576585e-05  1.967426e-01  9.804552e-01
   outer loop
     vertex  2.500000e+00  7.635352e-01  3.926451e+00
     vertex  6.870304e-01  7.940335e-01  3.920397e+00
     vertex  7.033722e-01  7.795945e-01  3.923294e+00
   endloop
 endfacet
 facet normal  9.934684e-05  2.003761e-01  9.797190e-01
   outer loop
     vertex  2.500000e+00  7.635352e-01  3.926451e+00
     vertex  6.704602e-01  8.080737e-01  3.917527e+00
     vertex  6.870304e-01  7.940335e-01  3.920397e+00
   endloop
 endfacet
 facet normal  1.996348e-04  2.043319e-01  9.789016e-01
   outer loop
     vertex  2.500000e+00  7.635352e-01  3.926451e+00
     vertex  2.500000e+00  8.709663e-01  3.904026e+00
     vertex  6.704602e-01  8.080737e-01  3.917527e+00
   endloop
 endfacet
 facet normal -9.256110e-05  1.549423e-01  9.879235e-01
   outer loop
     vertex -8.544901e-01  6.102022e-01  3.953183e+00
     vertex -8.408957e-01  6.288040e-01  3.950267e+00
     vertex -2.500000e+00  6.555294e-01  3.945920e+00
   endloop
 endfacet
 facet normal -2.227452e-04  1.503304e-01  9.886358e-01
   outer loop
     vertex -8.677303e-01  5.912225e-01  3.956066e+00
     vertex -8.544901e-01  6.102022e-01  3.953183e+00
     vertex -2.500000e+00  6.555294e-01  3.945920e+00
   endloop
 endfacet
 facet normal -2.225956e-04  1.503341e-01  9.886352e-01
   outer loop
     vertex -8.677303e-01  5.912225e-01  3.956066e+00
     vertex -2.500000e+00  6.555294e-01  3.945920e+00
     vertex -2.500000e+00  5.470301e-01  3.962418e+00
   endloop
 endfacet
 facet normal -8.735853e-05  1.454441e-01  9.893665e-01
   outer loop
     vertex -8.806028e-01  5.718730e-01  3.958909e+00
     vertex -8.677303e-01  5.912225e-01  3.956066e+00
     vertex -2.500000e+00  5.470301e-01  3.962418e+00
   endloop
 endfacet
 facet normal -1.013394e-05  1.405109e-01  9.900791e-01
   outer loop
     vertex -8.930944e-01  5.521616e-01  3.961706e+00
     vertex -8.806028e-01  5.718730e-01  3.958909e+00
     vertex -2.500000e+00  5.470301e-01  3.962418e+00
   endloop
 endfacet
 facet normal  6.082749e-06  1.355290e-01  9.907734e-01
   outer loop
     vertex -9.051921e-01  5.320970e-01  3.964451e+00
     vertex -8.930944e-01  5.521616e-01  3.961706e+00
     vertex -2.500000e+00  5.470301e-01  3.962418e+00
   endloop
 endfacet
 facet normal -4.189590e-05  1.304969e-01  9.914487e-01
   outer loop
     vertex -9.168835e-01  5.116880e-01  3.967137e+00
     vertex -9.051921e-01  5.320970e-01  3.964451e+00
     vertex -2.500000e+00  5.470301e-01  3.962418e+00
   endloop
 endfacet
 facet normal  2.134946e-04  1.773998e-01  9.841388e-01
   outer loop
     vertex  2.500000e+00  6.555294e-01  3.945920e+00
     vertex  2.500000e+00  7.635352e-01  3.926451e+00
     vertex  7.817325e-01  7.009953e-01  3.938097e+00
   endloop
 endfacet
 facet normal  2.066696e-04  1.508093e-01  9.885628e-01
   outer loop
     vertex  2.500000e+00  6.555294e-01  3.945920e+00
     vertex  8.531053e-01  6.121366e-01  3.952884e+00
     vertex  8.663783e-01  5.932019e-01  3.955769e+00
   endloop
 endfacet
 facet normal  8.234775e-05  1.554133e-01  9.878495e-01
   outer loop
     vertex  2.500000e+00  6.555294e-01  3.945920e+00
     vertex  8.394797e-01  6.306932e-01  3.949965e+00
     vertex  8.531053e-01  6.121366e-01  3.952884e+00
   endloop
 endfacet
 facet normal  1.265399e-05  1.599548e-01  9.871243e-01
   outer loop
     vertex  2.500000e+00  6.555294e-01  3.945920e+00
     vertex  8.255152e-01  6.488641e-01  3.947021e+00
     vertex  8.394797e-01  6.306932e-01  3.949965e+00
   endloop
 endfacet
 facet normal -5.662473e-06  1.644346e-01  9.863880e-01
   outer loop
     vertex  2.500000e+00  6.555294e-01  3.945920e+00
     vertex  8.112261e-01  6.666424e-01  3.944057e+00
     vertex  8.255152e-01  6.488641e-01  3.947021e+00
   endloop
 endfacet
 facet normal  2.423995e-05  1.688535e-01  9.856412e-01
   outer loop
     vertex  2.500000e+00  6.555294e-01  3.945920e+00
     vertex  7.966269e-01  6.840216e-01  3.941080e+00
     vertex  8.112261e-01  6.666424e-01  3.944057e+00
   endloop
 endfacet
 facet normal  9.929895e-05  1.732123e-01  9.848845e-01
   outer loop
     vertex  2.500000e+00  6.555294e-01  3.945920e+00
     vertex  7.817325e-01  7.009953e-01  3.938097e+00
     vertex  7.966269e-01  6.840216e-01  3.941080e+00
   endloop
 endfacet
 facet normal -1.573381e-04  1.254134e-01  9.921046e-01
   outer loop
     vertex -9.281563e-01  4.909438e-01  3.969757e+00
     vertex -9.168835e-01  5.116880e-01  3.967137e+00
     vertex -2.500000e+00  5.470301e-01  3.962418e+00
   endloop
 endfacet
 facet normal -2.392338e-04  1.231552e-01  9.923874e-01
   outer loop
     vertex -9.281563e-01  4.909438e-01  3.969757e+00
     vertex -2.500000e+00  5.470301e-01  3.962418e+00
     vertex -2.500000e+00  4.381191e-01  3.975934e+00
   endloop
 endfacet
 facet normal -1.375495e-04  1.201723e-01  9.927530e-01
   outer loop
     vertex -9.389986e-01  4.698740e-01  3.972306e+00
     vertex -9.281563e-01  4.909438e-01  3.969757e+00
     vertex -2.500000e+00  4.381191e-01  3.975934e+00
   endloop
 endfacet
 facet normal -2.696311e-05  1.148086e-01  9.933876e-01
   outer loop
     vertex -9.493989e-01  4.484883e-01  3.974778e+00
     vertex -9.389986e-01  4.698740e-01  3.972306e+00
     vertex -2.500000e+00  4.381191e-01  3.975934e+00
   endloop
 endfacet
 facet normal  9.614875e-06  1.094067e-01  9.939971e-01
   outer loop
     vertex -9.593458e-01  4.267970e-01  3.977165e+00
     vertex -9.493989e-01  4.484883e-01  3.974778e+00
     vertex -2.500000e+00  4.381191e-01  3.975934e+00
   endloop
 endfacet
 facet normal -3.084573e-05  1.039646e-01  9.945810e-01
   outer loop
     vertex -9.688285e-01  4.048104e-01  3.979463e+00
     vertex -9.593458e-01  4.267970e-01  3.977165e+00
     vertex -2.500000e+00  4.381191e-01  3.975934e+00
   endloop
 endfacet
 facet normal  1.419631e-04  1.259493e-01  9.920367e-01
   outer loop
     vertex  2.500000e+00  5.470301e-01  3.962418e+00
     vertex  9.156782e-01  5.138419e-01  3.966859e+00
     vertex  9.269915e-01  4.931397e-01  3.969485e+00
   endloop
 endfacet
 facet normal  3.378186e-05  1.310256e-01  9.913790e-01
   outer loop
     vertex  2.500000e+00  5.470301e-01  3.962418e+00
     vertex  9.039478e-01  5.342081e-01  3.964167e+00
     vertex  9.156782e-01  5.138419e-01  3.966859e+00
   endloop
 endfacet
 facet normal -7.328505e-06  1.360506e-01  9.907019e-01
   outer loop
     vertex  2.500000e+00  5.470301e-01  3.962418e+00
     vertex  8.918126e-01  5.542294e-01  3.961418e+00
     vertex  9.039478e-01  5.342081e-01  3.964167e+00
   endloop
 endfacet
 facet normal  1.537602e-05  1.410256e-01  9.900059e-01
   outer loop
     vertex  2.500000e+00  5.470301e-01  3.962418e+00
     vertex  8.792852e-01  5.738968e-01  3.958616e+00
     vertex  8.918126e-01  5.542294e-01  3.961418e+00
   endloop
 endfacet
 facet normal  9.872071e-05  1.459523e-01  9.892916e-01
   outer loop
     vertex  2.500000e+00  5.470301e-01  3.962418e+00
     vertex  8.663783e-01  5.932019e-01  3.955769e+00
     vertex  8.792852e-01  5.738968e-01  3.958616e+00
   endloop
 endfacet
 facet normal  2.252376e-04  1.503341e-01  9.886352e-01
   outer loop
     vertex  2.500000e+00  5.470301e-01  3.962418e+00
     vertex  2.500000e+00  6.555294e-01  3.945920e+00
     vertex  8.663783e-01  5.932019e-01  3.955769e+00
   endloop
 endfacet
 facet normal -2.471962e-04  9.588368e-02  9.953925e-01
   outer loop
     vertex -9.778363e-01  3.825392e-01  3.981666e+00
     vertex -2.500000e+00  4.381191e-01  3.975934e+00
     vertex -2.500000e+00  3.288782e-01  3.986457e+00
   endloop
 endfacet
 facet normal -1.514444e-04  9.847989e-02  9.951390e-01
   outer loop
     vertex -9.778363e-01  3.825392e-01  3.981666e+00
     vertex -9.688285e-01  4.048104e-01  3.979463e+00
     vertex -2.500000e+00  4.381191e-01  3.975934e+00
   endloop
 endfacet
 facet normal -1.400459e-04  9.286974e-02  9.956783e-01
   outer loop
     vertex -9.863590e-01  3.599944e-01  3.983768e+00
     vertex -9.778363e-01  3.825392e-01  3.981666e+00
     vertex -2.500000e+00  3.288782e-01  3.986457e+00
   endloop
 endfacet
 facet normal -2.166626e-05  8.715582e-02  9.961947e-01
   outer loop
     vertex -9.943866e-01  3.371873e-01  3.985763e+00
     vertex -9.863590e-01  3.599944e-01  3.983768e+00
     vertex -2.500000e+00  3.288782e-01  3.986457e+00
   endloop
 endfacet
 facet normal  1.025790e-05  8.141176e-02  9.966806e-01
   outer loop
     vertex -1.001910e+00  3.141294e-01  3.987646e+00
     vertex -9.943866e-01  3.371873e-01  3.985763e+00
     vertex -2.500000e+00  3.288782e-01  3.986457e+00
   endloop
 endfacet
 facet normal -4.697900e-05  7.563469e-02  9.971356e-01
   outer loop
     vertex -1.008918e+00  2.908324e-01  3.989413e+00
     vertex -1.001910e+00  3.141294e-01  3.987646e+00
     vertex -2.500000e+00  3.288782e-01  3.986457e+00
   endloop
 endfacet
 facet normal  1.346714e-04  9.906714e-02  9.950807e-01
   outer loop
     vertex  2.500000e+00  4.381191e-01  3.975934e+00
     vertex  9.678408e-01  4.071660e-01  3.979223e+00
     vertex  9.768967e-01  3.849323e-01  3.981435e+00
   endloop
 endfacet
 facet normal  2.279698e-05  1.045453e-01  9.945201e-01
   outer loop
     vertex  2.500000e+00  4.381191e-01  3.975934e+00
     vertex  9.583116e-01  4.291141e-01  3.976916e+00
     vertex  9.678408e-01  4.071660e-01  3.979223e+00
   endloop
 endfacet
 facet normal -9.327557e-06  1.099812e-01  9.939337e-01
   outer loop
     vertex  2.500000e+00  4.381191e-01  3.975934e+00
     vertex  9.483196e-01  4.507659e-01  3.974520e+00
     vertex  9.583116e-01  4.291141e-01  3.976916e+00
   endloop
 endfacet
 facet normal  3.520815e-05  1.153770e-01  9.933218e-01
   outer loop
     vertex  2.500000e+00  4.381191e-01  3.975934e+00
     vertex  9.378758e-01  4.721111e-01  3.972041e+00
     vertex  9.483196e-01  4.507659e-01  3.974520e+00
   endloop
 endfacet
 facet normal  1.533843e-04  1.207349e-01  9.926848e-01
   outer loop
     vertex  2.500000e+00  4.381191e-01  3.975934e+00
     vertex  9.269915e-01  4.931397e-01  3.969485e+00
     vertex  9.378758e-01  4.721111e-01  3.972041e+00
   endloop
 endfacet
 facet normal  2.392620e-04  1.231552e-01  9.923874e-01
   outer loop
     vertex  2.500000e+00  4.381191e-01  3.975934e+00
     vertex  2.500000e+00  5.470301e-01  3.962418e+00
     vertex  9.269915e-01  4.931397e-01  3.969485e+00
   endloop
 endfacet
 facet normal -2.495747e-04  6.853995e-02  9.976483e-01
   outer loop
     vertex -1.015404e+00  2.673082e-01  3.991058e+00
     vertex -2.500000e+00  3.288782e-01  3.986457e+00
     vertex -2.500000e+00  2.193898e-01  3.993979e+00
   endloop
 endfacet
 facet normal -1.961409e-04  6.982172e-02  9.975595e-01
   outer loop
     vertex -1.015404e+00  2.673082e-01  3.991058e+00
     vertex -1.008918e+00  2.908324e-01  3.989413e+00
     vertex -2.500000e+00  3.288782e-01  3.986457e+00
   endloop
 endfacet
 facet normal -9.870484e-05  6.388457e-02  9.979573e-01
   outer loop
     vertex -1.021359e+00  2.435692e-01  3.992577e+00
     vertex -1.015404e+00  2.673082e-01  3.991058e+00
     vertex -2.500000e+00  2.193898e-01  3.993979e+00
   endloop
 endfacet
 facet normal -4.941235e-07  5.789988e-02  9.983224e-01
   outer loop
     vertex -1.026773e+00  2.196278e-01  3.993966e+00
     vertex -1.021359e+00  2.435692e-01  3.992577e+00
     vertex -2.500000e+00  2.193898e-01  3.993979e+00
   endloop
 endfacet
 facet normal  4.798261e-07  5.189052e-02  9.986528e-01
   outer loop
     vertex -1.031640e+00  1.954967e-01  3.995220e+00
     vertex -1.026773e+00  2.196278e-01  3.993966e+00
     vertex -2.500000e+00  2.193898e-01  3.993979e+00
   endloop
 endfacet
 facet normal  1.754635e-04  7.045328e-02  9.975151e-01
   outer loop
     vertex  2.500000e+00  3.288782e-01  3.986457e+00
     vertex  1.008185e+00  2.933638e-01  3.989228e+00
     vertex  1.014726e+00  2.698709e-01  3.990886e+00
   endloop
 endfacet
 facet normal  3.642468e-05  7.626041e-02  9.970879e-01
   outer loop
     vertex  2.500000e+00  3.288782e-01  3.986457e+00
     vertex  1.001123e+00  3.166281e-01  3.987449e+00
     vertex  1.008185e+00  2.933638e-01  3.989228e+00
   endloop
 endfacet
 facet normal -1.104803e-05  8.203191e-02  9.966297e-01
   outer loop
     vertex  2.500000e+00  3.288782e-01  3.986457e+00
     vertex  9.935474e-01  3.396521e-01  3.985553e+00
     vertex  1.001123e+00  3.166281e-01  3.987449e+00
   endloop
 endfacet
 facet normal  3.028815e-05  8.777071e-02  9.961407e-01
   outer loop
     vertex  2.500000e+00  3.288782e-01  3.986457e+00
     vertex  9.854688e-01  3.624240e-01  3.983547e+00
     vertex  9.935474e-01  3.396521e-01  3.985553e+00
   endloop
 endfacet
 facet normal  1.577349e-04  9.347964e-02  9.956212e-01
   outer loop
     vertex  2.500000e+00  3.288782e-01  3.986457e+00
     vertex  9.768967e-01  3.849323e-01  3.981435e+00
     vertex  9.854688e-01  3.624240e-01  3.983547e+00
   endloop
 endfacet
 facet normal  2.469639e-04  9.588368e-02  9.953925e-01
   outer loop
     vertex  2.500000e+00  3.288782e-01  3.986457e+00
     vertex  2.500000e+00  4.381191e-01  3.975934e+00
     vertex  9.768967e-01  3.849323e-01  3.981435e+00
   endloop
 endfacet
 facet normal -2.533571e-04  4.114462e-02  9.991532e-01
   outer loop
     vertex -1.035951e+00  1.711886e-01  3.996335e+00
     vertex -2.500000e+00  2.193898e-01  3.993979e+00
     vertex -2.500000e+00  1.097362e-01  3.998494e+00
   endloop
 endfacet
 facet normal -9.801194e-05  4.585301e-02  9.989482e-01
   outer loop
     vertex -1.035951e+00  1.711886e-01  3.996335e+00
     vertex -1.031640e+00  1.954967e-01  3.995220e+00
     vertex -2.500000e+00  2.193898e-01  3.993979e+00
   endloop
 endfacet
 facet normal -1.954953e-04  3.976807e-02  9.992089e-01
   outer loop
     vertex -1.039699e+00  1.467169e-01  3.997308e+00
     vertex -1.035951e+00  1.711886e-01  3.996335e+00
     vertex -2.500000e+00  1.097362e-01  3.998494e+00
   endloop
 endfacet
 facet normal -3.927618e-05  3.360651e-02  9.994351e-01
   outer loop
     vertex -1.042877e+00  1.220946e-01  3.998136e+00
     vertex -1.039699e+00  1.467169e-01  3.997308e+00
     vertex -2.500000e+00  1.097362e-01  3.998494e+00
   endloop
 endfacet
 facet normal  1.317724e-05  2.742744e-02  9.996238e-01
   outer loop
     vertex -1.045479e+00  9.733533e-02  3.998816e+00
     vertex -1.042877e+00  1.220946e-01  3.998136e+00
     vertex -2.500000e+00  1.097362e-01  3.998494e+00
   endloop
 endfacet
 facet normal -3.972021e-05  2.122690e-02  9.997747e-01
   outer loop
     vertex -1.047497e+00  7.245275e-02  3.999344e+00
     vertex -1.045479e+00  9.733533e-02  3.998816e+00
     vertex -2.500000e+00  1.097362e-01  3.998494e+00
   endloop
 endfacet
 facet normal  2.518744e-04  6.853995e-02  9.976483e-01
   outer loop
     vertex  2.500000e+00  2.193898e-01  3.993979e+00
     vertex  2.500000e+00  3.288782e-01  3.986457e+00
     vertex  1.014726e+00  2.698709e-01  3.990886e+00
   endloop
 endfacet
 facet normal  8.231749e-05  4.651546e-02  9.989176e-01
   outer loop
     vertex  2.500000e+00  2.193898e-01  3.993979e+00
     vertex  1.031135e+00  1.981442e-01  3.995089e+00
     vertex  1.035506e+00  1.738612e-01  3.996220e+00
   endloop
 endfacet
 facet normal -5.164582e-06  5.254811e-02  9.986184e-01
   outer loop
     vertex  2.500000e+00  2.193898e-01  3.993979e+00
     vertex  1.026209e+00  2.222486e-01  3.993821e+00
     vertex  1.031135e+00  1.981442e-01  3.995089e+00
   endloop
 endfacet
 facet normal  6.519387e-06  5.855292e-02  9.982843e-01
   outer loop
     vertex  2.500000e+00  2.193898e-01  3.993979e+00
     vertex  1.020737e+00  2.461618e-01  3.992418e+00
     vertex  1.026209e+00  2.222486e-01  3.993821e+00
   endloop
 endfacet
 facet normal  1.151440e-04  6.453339e-02  9.979155e-01
   outer loop
     vertex  2.500000e+00  2.193898e-01  3.993979e+00
     vertex  1.014726e+00  2.698709e-01  3.990886e+00
     vertex  1.020737e+00  2.461618e-01  3.992418e+00
   endloop
 endfacet
 facet normal -2.546565e-04  1.371831e-02  9.999059e-01
   outer loop
     vertex -1.048927e+00  4.746070e-02  3.999718e+00
     vertex -2.500000e+00  1.097362e-01  3.998494e+00
     vertex -2.500000e+00  9.797174e-16  4.000000e+00
   endloop
 endfacet
 facet normal -1.995993e-04  1.500083e-02  9.998875e-01
   outer loop
     vertex -1.048927e+00  4.746070e-02  3.999718e+00
     vertex -1.047497e+00  7.245275e-02  3.999344e+00
     vertex -2.500000e+00  1.097362e-01  3.998494e+00
   endloop
 endfacet
 facet normal -9.728073e-05  8.906998e-03  9.999603e-01
   outer loop
     vertex -1.049731e+00  2.376694e-02  3.999929e+00
     vertex -1.048927e+00  4.746070e-02  3.999718e+00
     vertex -2.500000e+00  9.797174e-16  4.000000e+00
   endloop
 endfacet
 facet normal  0.000000e+00  2.970991e-03  9.999956e-01
   outer loop
     vertex -1.050000e+00  9.797174e-16  4.000000e+00
     vertex -1.049731e+00  2.376694e-02  3.999929e+00
     vertex -2.500000e+00  9.797174e-16  4.000000e+00
   endloop
 endfacet
 facet normal  1.766141e-04  1.569062e-02  9.998769e-01
   outer loop
     vertex  2.500000e+00  1.097362e-01  3.998494e+00
     vertex  1.047303e+00  7.520746e-02  3.999293e+00
     vertex  1.048798e+00  5.023111e-02  3.999685e+00
   endloop
 endfacet
 facet normal  2.866302e-05  2.191253e-02  9.997599e-01
   outer loop
     vertex  2.500000e+00  1.097362e-01  3.998494e+00
     vertex  1.045220e+00  1.000723e-01  3.998748e+00
     vertex  1.047303e+00  7.520746e-02  3.999293e+00
   endloop
 endfacet
 facet normal -1.252781e-05  2.810926e-02  9.996049e-01
   outer loop
     vertex  2.500000e+00  1.097362e-01  3.998494e+00
     vertex  1.042556e+00  1.248120e-01  3.998052e+00
     vertex  1.045220e+00  1.000723e-01  3.998748e+00
   endloop
 endfacet
 facet normal  5.141088e-05  3.428486e-02  9.994121e-01
   outer loop
     vertex  2.500000e+00  1.097362e-01  3.998494e+00
     vertex  1.039315e+00  1.494127e-01  3.997208e+00
     vertex  1.042556e+00  1.248120e-01  3.998052e+00
   endloop
 endfacet
 facet normal  2.188944e-04  4.044327e-02  9.991818e-01
   outer loop
     vertex  2.500000e+00  1.097362e-01  3.998494e+00
     vertex  1.035506e+00  1.738612e-01  3.996220e+00
     vertex  1.039315e+00  1.494127e-01  3.997208e+00
   endloop
 endfacet
 facet normal  2.496482e-04  4.114462e-02  9.991532e-01
   outer loop
     vertex  2.500000e+00  1.097362e-01  3.998494e+00
     vertex  2.500000e+00  2.193898e-01  3.993979e+00
     vertex  1.035506e+00  1.738612e-01  3.996220e+00
   endloop
 endfacet
 facet normal -1.341299e-18  3.144787e-03  9.999951e-01
   outer loop
     vertex  2.500000e+00  9.797174e-16  4.000000e+00
     vertex  1.049699e+00  2.515724e-02  3.999921e+00
     vertex  1.050000e+00  3.612708e-16  4.000000e+00
   endloop
 endfacet
 facet normal  1.089871e-04  9.427712e-03  9.999556e-01
   outer loop
     vertex  2.500000e+00  9.797174e-16  4.000000e+00
     vertex  1.048798e+00  5.023111e-02  3.999685e+00
     vertex  1.049699e+00  2.515724e-02  3.999921e+00
   endloop
 endfacet
 facet normal  2.575105e-04  1.371831e-02  9.999059e-01
   outer loop
     vertex  2.500000e+00  9.797174e-16  4.000000e+00
     vertex  2.500000e+00  1.097362e-01  3.998494e+00
     vertex  1.048798e+00  5.023111e-02  3.999685e+00
   endloop
 endfacet
 facet normal -9.999385e-01 -1.109365e-02  1.358581e-18
   outer loop
     vertex  1.050000e+00  3.612708e-16  4.000000e+00
     vertex  1.049742e+00  2.329529e-02  1.549825e+00
     vertex  1.050000e+00  6.123234e-17  1.550000e+00
   endloop
 endfacet
 facet normal -9.999282e-01 -1.198048e-02 -8.432622e-06
   outer loop
     vertex  1.049699e+00  2.515724e-02  3.999921e+00
     vertex  1.049742e+00  2.329529e-02  1.549825e+00
     vertex  1.050000e+00  3.612708e-16  4.000000e+00
   endloop
 endfacet
 facet normal -9.994466e-01 -3.326268e-02  7.749285e-06
   outer loop
     vertex  1.049699e+00  2.515724e-02  3.999921e+00
     vertex  1.048968e+00  4.655249e-02  1.549301e+00
     vertex  1.049742e+00  2.329529e-02  1.549825e+00
   endloop
 endfacet
 facet normal -9.993553e-01 -3.590183e-02 -1.531913e-05
   outer loop
     vertex  1.048798e+00  5.023111e-02  3.999685e+00
     vertex  1.048968e+00  4.655249e-02  1.549301e+00
     vertex  1.049699e+00  2.515724e-02  3.999921e+00
   endloop
 endfacet
 facet normal -9.984649e-01 -5.538796e-02  1.399590e-05
   outer loop
     vertex  1.048798e+00  5.023111e-02  3.999685e+00
     vertex  1.047680e+00  6.975623e-02  1.548430e+00
     vertex  1.048968e+00  4.655249e-02  1.549301e+00
   endloop
 endfacet
 facet normal -9.982141e-01 -5.973714e-02 -2.076117e-05
   outer loop
     vertex  1.047303e+00  7.520746e-02  3.999293e+00
     vertex  1.047680e+00  6.975623e-02  1.548430e+00
     vertex  1.048798e+00  5.023111e-02  3.999685e+00
   endloop
 endfacet
 facet normal -9.969959e-01 -7.745491e-02  1.883431e-05
   outer loop
     vertex  1.047303e+00  7.520746e-02  3.999293e+00
     vertex  1.045883e+00  9.289118e-02  1.547214e+00
     vertex  1.047680e+00  6.975623e-02  1.548430e+00
   endloop
 endfacet
 facet normal -9.965100e-01 -8.347298e-02 -2.484770e-05
   outer loop
     vertex  1.045220e+00  1.000723e-01  3.998748e+00
     vertex  1.045883e+00  9.289118e-02  1.547214e+00
     vertex  1.047303e+00  7.520746e-02  3.999293e+00
   endloop
 endfacet
 facet normal -9.950427e-01 -9.944900e-02  2.234675e-05
   outer loop
     vertex  1.045220e+00  1.000723e-01  3.998748e+00
     vertex  1.043579e+00  1.159421e-01  1.545658e+00
     vertex  1.045883e+00  9.289118e-02  1.547214e+00
   endloop
 endfacet
 facet normal -9.942487e-01 -1.070961e-01 -2.765554e-05
   outer loop
     vertex  1.042556e+00  1.248120e-01  3.998052e+00
     vertex  1.043579e+00  1.159421e-01  1.545658e+00
     vertex  1.045220e+00  1.000723e-01  3.998748e+00
   endloop
 endfacet
 facet normal -9.926091e-01 -1.213558e-01  2.460380e-05
   outer loop
     vertex  1.042556e+00  1.248120e-01  3.998052e+00
     vertex  1.040773e+00  1.388938e-01  1.543764e+00
     vertex  1.043579e+00  1.159421e-01  1.545658e+00
   endloop
 endfacet
 facet normal -9.914360e-01 -1.305933e-01 -2.924987e-05
   outer loop
     vertex  1.039315e+00  1.494127e-01  3.997208e+00
     vertex  1.040773e+00  1.388938e-01  1.543764e+00
     vertex  1.042556e+00  1.248120e-01  3.998052e+00
   endloop
 endfacet
 facet normal -9.896994e-01 -1.431611e-01  2.566487e-05
   outer loop
     vertex  1.039315e+00  1.494127e-01  3.997208e+00
     vertex  1.037470e+00  1.617313e-01  1.541539e+00
     vertex  1.040773e+00  1.388938e-01  1.543764e+00
   endloop
 endfacet
 facet normal -9.880783e-01 -1.539519e-01 -2.968467e-05
   outer loop
     vertex  1.035506e+00  1.738612e-01  3.996220e+00
     vertex  1.037470e+00  1.617313e-01  1.541539e+00
     vertex  1.039315e+00  1.494127e-01  3.997208e+00
   endloop
 endfacet
 facet normal -9.863186e-01 -1.648505e-01  2.557859e-05
   outer loop
     vertex  1.035506e+00  1.738612e-01  3.996220e+00
     vertex  1.033674e+00  1.844397e-01  1.538987e+00
     vertex  1.037470e+00  1.617313e-01  1.541539e+00
   endloop
 endfacet
 facet normal -9.841822e-01 -1.771590e-01 -2.900297e-05
   outer loop
     vertex  1.031135e+00  1.981442e-01  3.995089e+00
     vertex  1.033674e+00  1.844397e-01  1.538987e+00
     vertex  1.035506e+00  1.738612e-01  3.996220e+00
   endloop
 endfacet
 facet normal -9.824721e-01 -1.864099e-01  2.438301e-05
   outer loop
     vertex  1.031135e+00  1.981442e-01  3.995089e+00
     vertex  1.029393e+00  2.070041e-01  1.536115e+00
     vertex  1.033674e+00  1.844397e-01  1.538987e+00
   endloop
 endfacet
 facet normal -9.797546e-01 -2.002023e-01 -2.723720e-05
   outer loop
     vertex  1.026209e+00  2.222486e-01  3.993821e+00
     vertex  1.029393e+00  2.070041e-01  1.536115e+00
     vertex  1.031135e+00  1.981442e-01  3.995089e+00
   endloop
 endfacet
 facet normal -9.781659e-01 -2.078255e-01  2.210581e-05
   outer loop
     vertex  1.026209e+00  2.222486e-01  3.993821e+00
     vertex  1.024632e+00  2.294099e-01  1.532929e+00
     vertex  1.029393e+00  2.070041e-01  1.536115e+00
   endloop
 endfacet
 facet normal -9.748026e-01 -2.230692e-01 -2.440926e-05
   outer loop
     vertex  1.020737e+00  2.461618e-01  3.992418e+00
     vertex  1.024632e+00  2.294099e-01  1.532929e+00
     vertex  1.026209e+00  2.222486e-01  3.993821e+00
   endloop
 endfacet
 facet normal -9.734068e-01 -2.290834e-01  1.876431e-05
   outer loop
     vertex  1.020737e+00  2.461618e-01  3.992418e+00
     vertex  1.019400e+00  2.516426e-01  1.529436e+00
     vertex  1.024632e+00  2.294099e-01  1.532929e+00
   endloop
 endfacet
 facet normal -9.693338e-01 -2.457478e-01 -2.053066e-05
   outer loop
     vertex  1.014726e+00  2.698709e-01  3.990886e+00
     vertex  1.019400e+00  2.516426e-01  1.529436e+00
     vertex  1.020737e+00  2.461618e-01  3.992418e+00
   endloop
 endfacet
 facet normal -9.682020e-01 -2.501698e-01  1.436541e-05
   outer loop
     vertex  1.014726e+00  2.698709e-01  3.990886e+00
     vertex  1.013704e+00  2.736879e-01  1.525646e+00
     vertex  1.019400e+00  2.516426e-01  1.529436e+00
   endloop
 endfacet
 facet normal -9.625593e-01 -2.710713e-01  8.905459e-06
   outer loop
     vertex  1.008185e+00  2.933638e-01  3.989228e+00
     vertex  1.007552e+00  2.955317e-01  1.521565e+00
     vertex  1.013704e+00  2.736879e-01  1.525646e+00
   endloop
 endfacet
 facet normal -9.633560e-01 -2.682261e-01 -1.560245e-05
   outer loop
     vertex  1.008185e+00  2.933638e-01  3.989228e+00
     vertex  1.013704e+00  2.736879e-01  1.525646e+00
     vertex  1.014726e+00  2.698709e-01  3.990886e+00
   endloop
 endfacet
 facet normal -9.564872e-01 -2.917744e-01  2.369978e-06
   outer loop
     vertex  1.001123e+00  3.166281e-01  3.987449e+00
     vertex  1.000954e+00  3.171600e-01  1.517205e+00
     vertex  1.007552e+00  2.955317e-01  1.521565e+00
   endloop
 endfacet
 facet normal -9.499948e-01 -3.122657e-01 -2.484317e-06
   outer loop
     vertex  1.001123e+00  3.166281e-01  3.987449e+00
     vertex  9.939204e-01  3.385591e-01  1.512573e+00
     vertex  1.000954e+00  3.171600e-01  1.517205e+00
   endloop
 endfacet
 facet normal -9.568773e-01 -2.904925e-01 -9.615140e-06
   outer loop
     vertex  1.001123e+00  3.166281e-01  3.987449e+00
     vertex  1.007552e+00  2.955317e-01  1.521565e+00
     vertex  1.008185e+00  2.933638e-01  3.989228e+00
   endloop
 endfacet
 facet normal -9.430928e-01 -3.325297e-01  4.730683e-06
   outer loop
     vertex  9.935474e-01  3.396521e-01  3.985553e+00
     vertex  9.864607e-01  3.597154e-01  1.507682e+00
     vertex  9.939204e-01  3.385591e-01  1.512573e+00
   endloop
 endfacet
 facet normal -9.499061e-01 -3.125355e-01 -5.134235e-06
   outer loop
     vertex  9.935474e-01  3.396521e-01  3.985553e+00
     vertex  9.939204e-01  3.385591e-01  1.512573e+00
     vertex  1.001123e+00  3.166281e-01  3.987449e+00
   endloop
 endfacet
 facet normal -9.357906e-01 -3.525563e-01  1.078788e-05
   outer loop
     vertex  9.854688e-01  3.624240e-01  3.983547e+00
     vertex  9.785865e-01  3.806158e-01  1.502542e+00
     vertex  9.864607e-01  3.597154e-01  1.507682e+00
   endloop
 endfacet
 facet normal -9.424508e-01 -3.343449e-01 -1.180333e-05
   outer loop
     vertex  9.854688e-01  3.624240e-01  3.983547e+00
     vertex  9.864607e-01  3.597154e-01  1.507682e+00
     vertex  9.935474e-01  3.396521e-01  3.985553e+00
   endloop
 endfacet
 facet normal -9.280992e-01 -3.723331e-01  1.566158e-05
   outer loop
     vertex  9.768967e-01  3.849323e-01  3.981435e+00
     vertex  9.703096e-01  4.012472e-01  1.497164e+00
     vertex  9.785865e-01  3.806158e-01  1.502542e+00
   endloop
 endfacet
 facet normal -9.345207e-01 -3.559087e-01 -1.731591e-05
   outer loop
     vertex  9.768967e-01  3.849323e-01  3.981435e+00
     vertex  9.785865e-01  3.806158e-01  1.502542e+00
     vertex  9.854688e-01  3.624240e-01  3.983547e+00
   endloop
 endfacet
 facet normal -9.200301e-01 -3.918478e-01  1.931294e-05
   outer loop
     vertex  9.678408e-01  4.071660e-01  3.979223e+00
     vertex  9.616424e-01  4.215969e-01  1.491562e+00
     vertex  9.703096e-01  4.012472e-01  1.497164e+00
   endloop
 endfacet
 facet normal -9.261253e-01 -3.772161e-01 -2.164051e-05
   outer loop
     vertex  9.678408e-01  4.071660e-01  3.979223e+00
     vertex  9.703096e-01  4.012472e-01  1.497164e+00
     vertex  9.768967e-01  3.849323e-01  3.981435e+00
   endloop
 endfacet
 facet normal -9.115955e-01 -4.110885e-01  2.168917e-05
   outer loop
     vertex  9.583116e-01  4.291141e-01  3.976916e+00
     vertex  9.525981e-01  4.416525e-01  1.485747e+00
     vertex  9.616424e-01  4.215969e-01  1.491562e+00
   endloop
 endfacet
 facet normal -9.172740e-01 -3.982566e-01 -2.473185e-05
   outer loop
     vertex  9.583116e-01  4.291141e-01  3.976916e+00
     vertex  9.616424e-01  4.215969e-01  1.491562e+00
     vertex  9.678408e-01  4.071660e-01  3.979223e+00
   endloop
 endfacet
 facet normal -9.028072e-01 -4.300455e-01  2.273170e-05
   outer loop
     vertex  9.483196e-01  4.507659e-01  3.974520e+00
     vertex  9.431885e-01  4.614060e-01  1.479731e+00
     vertex  9.525981e-01  4.416525e-01  1.485747e+00
   endloop
 endfacet
 facet normal -9.079771e-01 -4.190199e-01 -2.652964e-05
   outer loop
     vertex  9.483196e-01  4.507659e-01  3.974520e+00
     vertex  9.525981e-01  4.416525e-01  1.485747e+00
     vertex  9.583116e-01  4.291141e-01  3.976916e+00
   endloop
 endfacet
 facet normal -8.936737e-01 -4.487173e-01  2.239374e-05
   outer loop
     vertex  9.378758e-01  4.721111e-01  3.972041e+00
     vertex  9.334194e-01  4.808619e-01  1.473524e+00
     vertex  9.431885e-01  4.614060e-01  1.479731e+00
   endloop
 endfacet
 facet normal -8.982446e-01 -4.394959e-01 -2.695785e-05
   outer loop
     vertex  9.378758e-01  4.721111e-01  3.972041e+00
     vertex  9.431885e-01  4.614060e-01  1.479731e+00
     vertex  9.483196e-01  4.507659e-01  3.974520e+00
   endloop
 endfacet
 facet normal -8.842017e-01 -4.671053e-01  2.060841e-05
   outer loop
     vertex  9.269915e-01  4.931397e-01  3.969485e+00
     vertex  9.232993e-01  5.000184e-01  1.467134e+00
     vertex  9.334194e-01  4.808619e-01  1.473524e+00
   endloop
 endfacet
 facet normal -8.880872e-01 -4.596750e-01 -2.594838e-05
   outer loop
     vertex  9.269915e-01  4.931397e-01  3.969485e+00
     vertex  9.334194e-01  4.808619e-01  1.473524e+00
     vertex  9.378758e-01  4.721111e-01  3.972041e+00
   endloop
 endfacet
 facet normal -8.775158e-01 -4.795477e-01 -2.345934e-05
   outer loop
     vertex  9.156782e-01  5.138419e-01  3.966859e+00
     vertex  9.232993e-01  5.000184e-01  1.467134e+00
     vertex  9.269915e-01  4.931397e-01  3.969485e+00
   endloop
 endfacet
 facet normal -8.743989e-01 -4.852077e-01  1.734333e-05
   outer loop
     vertex  9.156782e-01  5.138419e-01  3.966859e+00
     vertex  9.128363e-01  5.188737e-01  1.460572e+00
     vertex  9.232993e-01  5.000184e-01  1.467134e+00
   endloop
 endfacet
 facet normal -8.665417e-01 -4.991047e-01 -1.946657e-05
   outer loop
     vertex  9.039478e-01  5.342081e-01  3.964167e+00
     vertex  9.128363e-01  5.188737e-01  1.460572e+00
     vertex  9.156782e-01  5.138419e-01  3.966859e+00
   endloop
 endfacet
 facet normal -8.642733e-01 -5.030226e-01  1.258402e-05
   outer loop
     vertex  9.039478e-01  5.342081e-01  3.964167e+00
     vertex  9.020386e-01  5.374256e-01  1.453848e+00
     vertex  9.128363e-01  5.188737e-01  1.460572e+00
   endloop
 endfacet
 facet normal -8.551763e-01 -5.183373e-01 -1.396356e-05
   outer loop
     vertex  8.918126e-01  5.542294e-01  3.961418e+00
     vertex  9.020386e-01  5.374256e-01  1.453848e+00
     vertex  9.039478e-01  5.342081e-01  3.964167e+00
   endloop
 endfacet
 facet normal -8.538323e-01 -5.205482e-01  6.333425e-06
   outer loop
     vertex  8.918126e-01  5.542294e-01  3.961418e+00
     vertex  8.909141e-01  5.556726e-01  1.446972e+00
     vertex  9.020386e-01  5.374256e-01  1.453848e+00
   endloop
 endfacet
 facet normal -8.434314e-01 -5.372369e-01 -6.961676e-06
   outer loop
     vertex  8.792852e-01  5.738968e-01  3.958616e+00
     vertex  8.909141e-01  5.556726e-01  1.446972e+00
     vertex  8.918126e-01  5.542294e-01  3.961418e+00
   endloop
 endfacet
 facet normal -8.430833e-01 -5.377830e-01 -1.387464e-06
   outer loop
     vertex  8.792852e-01  5.738968e-01  3.958616e+00
     vertex  8.794705e-01  5.736128e-01  1.439954e+00
     vertex  8.909141e-01  5.556726e-01  1.446972e+00
   endloop
 endfacet
 facet normal -8.320358e-01 -5.547219e-01  1.335820e-06
   outer loop
     vertex  8.792852e-01  5.738968e-01  3.958616e+00
     vertex  8.677153e-01  5.912446e-01  1.432805e+00
     vertex  8.794705e-01  5.736128e-01  1.439954e+00
   endloop
 endfacet
 facet normal -8.313185e-01 -5.557963e-01 -9.329351e-06
   outer loop
     vertex  8.663783e-01  5.932019e-01  3.955769e+00
     vertex  8.677153e-01  5.912446e-01  1.432805e+00
     vertex  8.792852e-01  5.738968e-01  3.958616e+00
   endloop
 endfacet
 facet normal -8.206960e-01 -5.713652e-01  8.377900e-06
   outer loop
     vertex  8.663783e-01  5.932019e-01  3.955769e+00
     vertex  8.556557e-01  6.085666e-01  1.425534e+00
     vertex  8.677153e-01  5.912446e-01  1.432805e+00
   endloop
 endfacet
 facet normal -8.188503e-01 -5.740072e-01 -1.548702e-05
   outer loop
     vertex  8.531053e-01  6.121366e-01  3.952884e+00
     vertex  8.556557e-01  6.085666e-01  1.425534e+00
     vertex  8.663783e-01  5.932019e-01  3.955769e+00
   endloop
 endfacet
 facet normal -8.090694e-01 -5.877131e-01  1.374323e-05
   outer loop
     vertex  8.531053e-01  6.121366e-01  3.952884e+00
     vertex  8.432988e-01  6.255774e-01  1.418151e+00
     vertex  8.556557e-01  6.085666e-01  1.425534e+00
   endloop
 endfacet
 facet normal -8.060398e-01 -5.918613e-01 -1.997389e-05
   outer loop
     vertex  8.394797e-01  6.306932e-01  3.949965e+00
     vertex  8.432988e-01  6.255774e-01  1.418151e+00
     vertex  8.531053e-01  6.121366e-01  3.952884e+00
   endloop
 endfacet
 facet normal -7.971628e-01 -6.037645e-01  1.746841e-05
   outer loop
     vertex  8.394797e-01  6.306932e-01  3.949965e+00
     vertex  8.306517e-01  6.422755e-01  1.410667e+00
     vertex  8.432988e-01  6.255774e-01  1.418151e+00
   endloop
 endfacet
 facet normal -7.929002e-01 -6.093515e-01 -2.283457e-05
   outer loop
     vertex  8.255152e-01  6.488641e-01  3.947021e+00
     vertex  8.306517e-01  6.422755e-01  1.410667e+00
     vertex  8.394797e-01  6.306932e-01  3.949965e+00
   endloop
 endfacet
 facet normal -7.849825e-01 -6.195179e-01  1.960859e-05
   outer loop
     vertex  8.255152e-01  6.488641e-01  3.947021e+00
     vertex  8.177208e-01  6.586597e-01  1.403092e+00
     vertex  8.306517e-01  6.422755e-01  1.410667e+00
   endloop
 endfacet
 facet normal -7.794447e-01 -6.264710e-01 -2.413206e-05
   outer loop
     vertex  8.112261e-01  6.666424e-01  3.944057e+00
     vertex  8.177208e-01  6.586597e-01  1.403092e+00
     vertex  8.255152e-01  6.488641e-01  3.947021e+00
   endloop
 endfacet
 facet normal -7.725349e-01 -6.349723e-01  2.023712e-05
   outer loop
     vertex  8.112261e-01  6.666424e-01  3.944057e+00
     vertex  8.045129e-01  6.747288e-01  1.395436e+00
     vertex  8.177208e-01  6.586597e-01  1.403092e+00
   endloop
 endfacet
 facet normal -7.656871e-01 -6.432132e-01 -2.394745e-05
   outer loop
     vertex  7.966269e-01  6.840216e-01  3.941080e+00
     vertex  8.045129e-01  6.747288e-01  1.395436e+00
     vertex  8.112261e-01  6.666424e-01  3.944057e+00
   endloop
 endfacet
 facet normal -7.598261e-01 -6.501263e-01  1.944512e-05
   outer loop
     vertex  7.966269e-01  6.840216e-01  3.941080e+00
     vertex  7.910343e-01  6.904816e-01  1.387709e+00
     vertex  8.045129e-01  6.747288e-01  1.395436e+00
   endloop
 endfacet
 facet normal -7.516413e-01 -6.595721e-01 -2.237963e-05
   outer loop
     vertex  7.817325e-01  7.009953e-01  3.938097e+00
     vertex  7.910343e-01  6.904816e-01  1.387709e+00
     vertex  7.966269e-01  6.840216e-01  3.941080e+00
   endloop
 endfacet
 facet normal -7.468621e-01 -6.649790e-01  1.734086e-05
   outer loop
     vertex  7.817325e-01  7.009953e-01  3.938097e+00
     vertex  7.772911e-01  7.059169e-01  1.379921e+00
     vertex  7.910343e-01  6.904816e-01  1.387709e+00
   endloop
 endfacet
 facet normal -7.373216e-01 -6.755419e-01 -1.954466e-05
   outer loop
     vertex  7.665578e-01  7.175577e-01  3.935113e+00
     vertex  7.772911e-01  7.059169e-01  1.379921e+00
     vertex  7.817325e-01  7.009953e-01  3.938097e+00
   endloop
 endfacet
 facet normal -7.336485e-01 -6.795291e-01  1.404906e-05
   outer loop
     vertex  7.665578e-01  7.175577e-01  3.935113e+00
     vertex  7.632892e-01  7.210337e-01  1.372083e+00
     vertex  7.772911e-01  7.059169e-01  1.379921e+00
   endloop
 endfacet
 facet normal -7.227425e-01 -6.911174e-01 -1.557506e-05
   outer loop
     vertex  7.511186e-01  7.337036e-01  3.932134e+00
     vertex  7.632892e-01  7.210337e-01  1.372083e+00
     vertex  7.665578e-01  7.175577e-01  3.935113e+00
   endloop
 endfacet
 facet normal -7.201912e-01 -6.937756e-01  9.710086e-06
   outer loop
     vertex  7.511186e-01  7.337036e-01  3.932134e+00
     vertex  7.490347e-01  7.358309e-01  1.364204e+00
     vertex  7.632892e-01  7.210337e-01  1.372083e+00
   endloop
 endfacet
 facet normal -7.079190e-01 -7.062936e-01 -1.061881e-05
   outer loop
     vertex  7.354304e-01  7.494279e-01  3.929168e+00
     vertex  7.490347e-01  7.358309e-01  1.364204e+00
     vertex  7.511186e-01  7.337036e-01  3.932134e+00
   endloop
 endfacet
 facet normal -7.064955e-01 -7.077175e-01  4.478966e-06
   outer loop
     vertex  7.354304e-01  7.494279e-01  3.929168e+00
     vertex  7.345330e-01  7.503074e-01  1.356296e+00
     vertex  7.490347e-01  7.358309e-01  1.364204e+00
   endloop
 endfacet
 facet normal -6.928662e-01 -7.210661e-01 -4.838118e-06
   outer loop
     vertex  7.195095e-01  7.647262e-01  3.926219e+00
     vertex  7.345330e-01  7.503074e-01  1.356296e+00
     vertex  7.354304e-01  7.494279e-01  3.929168e+00
   endloop
 endfacet
 facet normal -6.925669e-01 -7.213536e-01 -1.475668e-06
   outer loop
     vertex  7.195095e-01  7.647262e-01  3.926219e+00
     vertex  7.197897e-01  7.644624e-01  1.348368e+00
     vertex  7.345330e-01  7.503074e-01  1.356296e+00
   endloop
 endfacet
 facet normal -6.784133e-01 -7.346805e-01  1.426872e-06
   outer loop
     vertex  7.195095e-01  7.647262e-01  3.926219e+00
     vertex  7.048102e-01  7.782947e-01  1.340432e+00
     vertex  7.197897e-01  7.644624e-01  1.348368e+00
   endloop
 endfacet
 facet normal -6.775989e-01 -7.354317e-01 -7.144172e-06
   outer loop
     vertex  7.033722e-01  7.795945e-01  3.923294e+00
     vertex  7.048102e-01  7.782947e-01  1.340432e+00
     vertex  7.195095e-01  7.647262e-01  3.926219e+00
   endloop
 endfacet
 facet normal -6.640377e-01 -7.476991e-01  6.578969e-06
   outer loop
     vertex  7.033722e-01  7.795945e-01  3.923294e+00
     vertex  6.895995e-01  7.918033e-01  1.332497e+00
     vertex  7.048102e-01  7.782947e-01  1.340432e+00
   endloop
 endfacet
 facet normal -6.621311e-01 -7.493880e-01 -1.151601e-05
   outer loop
     vertex  6.870304e-01  7.940335e-01  3.920397e+00
     vertex  6.895995e-01  7.918033e-01  1.332497e+00
     vertex  7.033722e-01  7.795945e-01  3.923294e+00
   endloop
 endfacet
 facet normal -6.494442e-01 -7.604093e-01  1.057673e-05
   outer loop
     vertex  6.870304e-01  7.940335e-01  3.920397e+00
     vertex  6.741628e-01  8.049873e-01  1.324574e+00
     vertex  6.895995e-01  7.918033e-01  1.332497e+00
   endloop
 endfacet
 facet normal -6.464576e-01 -7.629499e-01 -1.494893e-05
   outer loop
     vertex  6.704602e-01  8.080737e-01  3.917527e+00
     vertex  6.741628e-01  8.049873e-01  1.324574e+00
     vertex  6.870304e-01  7.940335e-01  3.920397e+00
   endloop
 endfacet
 facet normal -6.346374e-01 -7.728101e-01  1.366618e-05
   outer loop
     vertex  6.704602e-01  8.080737e-01  3.917527e+00
     vertex  6.585048e-01  8.178456e-01  1.316673e+00
     vertex  6.741628e-01  8.049873e-01  1.324574e+00
   endloop
 endfacet
 facet normal -6.305669e-01 -7.761349e-01 -1.753660e-05
   outer loop
     vertex  6.536625e-01  8.217210e-01  3.914687e+00
     vertex  6.585048e-01  8.178456e-01  1.316673e+00
     vertex  6.704602e-01  8.080737e-01  3.917527e+00
   endloop
 endfacet
 facet normal -6.196217e-01 -7.849006e-01  1.593870e-05
   outer loop
     vertex  6.536625e-01  8.217210e-01  3.914687e+00
     vertex  6.426302e-01  8.303773e-01  1.308806e+00
     vertex  6.585048e-01  8.178456e-01  1.316673e+00
   endloop
 endfacet
 facet normal -6.144632e-01 -7.889455e-01 -1.933709e-05
   outer loop
     vertex  6.366454e-01  8.349747e-01  3.911882e+00
     vertex  6.426302e-01  8.303773e-01  1.308806e+00
     vertex  6.536625e-01  8.217210e-01  3.914687e+00
   endloop
 endfacet
 facet normal -6.043988e-01 -7.966820e-01  1.746617e-05
   outer loop
     vertex  6.366454e-01  8.349747e-01  3.911882e+00
     vertex  6.265371e-01  8.425860e-01  1.300980e+00
     vertex  6.426302e-01  8.303773e-01  1.308806e+00
   endloop
 endfacet
 facet normal -5.981542e-01 -8.013810e-01 -2.040890e-05
   outer loop
     vertex  6.194166e-01  8.478344e-01  3.909115e+00
     vertex  6.265371e-01  8.425860e-01  1.300980e+00
     vertex  6.366454e-01  8.349747e-01  3.911882e+00
   endloop
 endfacet
 facet normal -5.889679e-01 -8.081564e-01  1.830514e-05
   outer loop
     vertex  6.194166e-01  8.478344e-01  3.909115e+00
     vertex  6.102263e-01  8.544728e-01  1.293204e+00
     vertex  6.265371e-01  8.425860e-01  1.300980e+00
   endloop
 endfacet
 facet normal -5.816473e-01 -8.134411e-01 -2.082449e-05
   outer loop
     vertex  6.019838e-01  8.602997e-01  3.906390e+00
     vertex  6.102263e-01  8.544728e-01  1.293204e+00
     vertex  6.194166e-01  8.478344e-01  3.909115e+00
   endloop
 endfacet
 facet normal -5.733315e-01 -8.193235e-01  1.852199e-05
   outer loop
     vertex  6.019838e-01  8.602997e-01  3.906390e+00
     vertex  5.937020e-01  8.660357e-01  1.285489e+00
     vertex  6.102263e-01  8.544728e-01  1.293204e+00
   endloop
 endfacet
 facet normal -5.649499e-01 -8.251252e-01 -2.066017e-05
   outer loop
     vertex  5.843548e-01  8.723701e-01  3.903712e+00
     vertex  5.937020e-01  8.660357e-01  1.285489e+00
     vertex  6.019838e-01  8.602997e-01  3.906390e+00
   endloop
 endfacet
 facet normal -5.574934e-01 -8.301814e-01  1.819263e-05
   outer loop
     vertex  5.843548e-01  8.723701e-01  3.903712e+00
     vertex  5.769682e-01  8.772728e-01  1.277847e+00
     vertex  5.937020e-01  8.660357e-01  1.285489e+00
   endloop
 endfacet
 facet normal -5.414576e-01 -8.407280e-01  1.739045e-05
   outer loop
     vertex  5.665370e-01  8.840452e-01  3.901085e+00
     vertex  5.600290e-01  8.881822e-01  1.270288e+00
     vertex  5.769682e-01  8.772728e-01  1.277847e+00
   endloop
 endfacet
 facet normal -5.480694e-01 -8.364329e-01 -1.998948e-05
   outer loop
     vertex  5.665370e-01  8.840452e-01  3.901085e+00
     vertex  5.769682e-01  8.772728e-01  1.277847e+00
     vertex  5.843548e-01  8.723701e-01  3.903712e+00
   endloop
 endfacet
 facet normal -5.252279e-01 -8.509616e-01  1.618633e-05
   outer loop
     vertex  5.485379e-01  8.953246e-01  3.898512e+00
     vertex  5.428881e-01  8.987616e-01  1.262825e+00
     vertex  5.600290e-01  8.881822e-01  1.270288e+00
   endloop
 endfacet
 facet normal -5.310127e-01 -8.473639e-01 -1.888315e-05
   outer loop
     vertex  5.485379e-01  8.953246e-01  3.898512e+00
     vertex  5.600290e-01  8.881822e-01  1.270288e+00
     vertex  5.665370e-01  8.840452e-01  3.901085e+00
   endloop
 endfacet
 facet normal -5.137870e-01 -8.579178e-01 -1.740929e-05
   outer loop
     vertex  5.303649e-01  9.062081e-01  3.895996e+00
     vertex  5.428881e-01  8.987616e-01  1.262825e+00
     vertex  5.485379e-01  8.953246e-01  3.898512e+00
   endloop
 endfacet
 facet normal -5.088078e-01 -8.608801e-01  1.464874e-05
   outer loop
     vertex  5.303649e-01  9.062081e-01  3.895996e+00
     vertex  5.255495e-01  9.090092e-01  1.255469e+00
     vertex  5.428881e-01  8.987616e-01  1.262825e+00
   endloop
 endfacet
 facet normal -4.963992e-01 -8.680944e-01 -1.563351e-05
   outer loop
     vertex  5.120251e-01  9.166953e-01  3.893542e+00
     vertex  5.255495e-01  9.090092e-01  1.255469e+00
     vertex  5.303649e-01  9.062081e-01  3.895996e+00
   endloop
 endfacet
 facet normal -4.922010e-01 -8.704816e-01  1.284369e-05
   outer loop
     vertex  5.120251e-01  9.166953e-01  3.893542e+00
     vertex  5.080167e-01  9.189228e-01  1.248231e+00
     vertex  5.255495e-01  9.090092e-01  1.255469e+00
   endloop
 endfacet
 facet normal -4.754110e-01 -8.797638e-01  1.083471e-05
   outer loop
     vertex  4.935258e-01  9.267859e-01  3.891152e+00
     vertex  4.902934e-01  9.285001e-01  1.241124e+00
     vertex  5.080167e-01  9.189228e-01  1.248231e+00
   endloop
 endfacet
 facet normal -4.788561e-01 -8.778934e-01 -1.361907e-05
   outer loop
     vertex  4.935258e-01  9.267859e-01  3.891152e+00
     vertex  5.080167e-01  9.189228e-01  1.248231e+00
     vertex  5.120251e-01  9.166953e-01  3.893542e+00
   endloop
 endfacet
 facet normal -4.584411e-01 -8.887248e-01  8.682863e-06
   outer loop
     vertex  4.748741e-01  9.364799e-01  3.888831e+00
     vertex  4.723830e-01  9.377389e-01  1.234158e+00
     vertex  4.902934e-01  9.285001e-01  1.241124e+00
   endloop
 endfacet
 facet normal -4.611645e-01 -8.873147e-01 -1.142697e-05
   outer loop
     vertex  4.748741e-01  9.364799e-01  3.888831e+00
     vertex  4.902934e-01  9.285001e-01  1.241124e+00
     vertex  4.935258e-01  9.267859e-01  3.891152e+00
   endloop
 endfacet
 facet normal -4.412947e-01 -8.973623e-01  6.446676e-06
   outer loop
     vertex  4.560769e-01  9.457768e-01  3.886580e+00
     vertex  4.542889e-01  9.466370e-01  1.227346e+00
     vertex  4.723830e-01  9.377389e-01  1.234158e+00
   endloop
 endfacet
 facet normal -4.433311e-01 -8.963579e-01 -9.116096e-06
   outer loop
     vertex  4.560769e-01  9.457768e-01  3.886580e+00
     vertex  4.723830e-01  9.377389e-01  1.234158e+00
     vertex  4.748741e-01  9.364799e-01  3.888831e+00
   endloop
 endfacet
 facet normal -4.239748e-01 -9.056740e-01  4.182156e-06
   outer loop
     vertex  4.371411e-01  9.546767e-01  3.884404e+00
     vertex  4.360143e-01  9.551919e-01  1.220700e+00
     vertex  4.542889e-01  9.466370e-01  1.227346e+00
   endloop
 endfacet
 facet normal -4.253625e-01 -9.050231e-01 -6.743227e-06
   outer loop
     vertex  4.371411e-01  9.546767e-01  3.884404e+00
     vertex  4.542889e-01  9.466370e-01  1.227346e+00
     vertex  4.560769e-01  9.457768e-01  3.886580e+00
   endloop
 endfacet
 facet normal -4.064845e-01 -9.136577e-01  1.942768e-06
   outer loop
     vertex  4.180737e-01  9.631793e-01  3.882304e+00
     vertex  4.175624e-01  9.634011e-01  1.214232e+00
     vertex  4.360143e-01  9.551919e-01  1.220700e+00
   endloop
 endfacet
 facet normal -4.072652e-01 -9.133100e-01 -4.363044e-06
   outer loop
     vertex  4.180737e-01  9.631793e-01  3.882304e+00
     vertex  4.360143e-01  9.551919e-01  1.220700e+00
     vertex  4.371411e-01  9.546767e-01  3.884404e+00
   endloop
 endfacet
 facet normal -3.888267e-01 -9.213109e-01 -2.205851e-07
   outer loop
     vertex  3.988815e-01  9.712845e-01  3.880284e+00
     vertex  3.989361e-01  9.712621e-01  1.207953e+00
     vertex  4.175624e-01  9.634011e-01  1.214232e+00
   endloop
 endfacet
 facet normal -3.710050e-01 -9.286309e-01  2.044851e-07
   outer loop
     vertex  3.988815e-01  9.712845e-01  3.880284e+00
     vertex  3.801382e-01  9.787722e-01  1.201876e+00
     vertex  3.989361e-01  9.712621e-01  1.207953e+00
   endloop
 endfacet
 facet normal -3.890457e-01 -9.212185e-01 -2.028067e-06
   outer loop
     vertex  3.988815e-01  9.712845e-01  3.880284e+00
     vertex  4.175624e-01  9.634011e-01  1.214232e+00
     vertex  4.180737e-01  9.631793e-01  3.882304e+00
   endloop
 endfacet
 facet normal -3.707102e-01 -9.287486e-01 -2.187632e-06
   outer loop
     vertex  3.795712e-01  9.789922e-01  3.878347e+00
     vertex  3.801382e-01  9.787722e-01  1.201876e+00
     vertex  3.988815e-01  9.712845e-01  3.880284e+00
   endloop
 endfacet
 facet normal -3.530217e-01 -9.356151e-01  2.124319e-06
   outer loop
     vertex  3.795712e-01  9.789922e-01  3.878347e+00
     vertex  3.611716e-01  9.859285e-01  1.196012e+00
     vertex  3.801382e-01  9.787722e-01  1.201876e+00
   endloop
 endfacet
 facet normal -3.348787e-01 -9.422612e-01  3.716140e-06
   outer loop
     vertex  3.601494e-01  9.863024e-01  3.876494e+00
     vertex  3.420388e-01  9.927283e-01  1.190374e+00
     vertex  3.611716e-01  9.859285e-01  1.196012e+00
   endloop
 endfacet
 facet normal -3.522653e-01 -9.359002e-01 -3.801184e-06
   outer loop
     vertex  3.601494e-01  9.863024e-01  3.876494e+00
     vertex  3.611716e-01  9.859285e-01  1.196012e+00
     vertex  3.795712e-01  9.789922e-01  3.878347e+00
   endloop
 endfacet
 facet normal -3.165785e-01 -9.485663e-01  5.009724e-06
   outer loop
     vertex  3.406228e-01  9.932150e-01  3.874729e+00
     vertex  3.227422e-01  9.991684e-01  1.184974e+00
     vertex  3.420388e-01  9.927283e-01  1.190374e+00
   endloop
 endfacet
 facet normal -3.337174e-01 -9.426732e-01 -5.099110e-06
   outer loop
     vertex  3.406228e-01  9.932150e-01  3.874729e+00
     vertex  3.420388e-01  9.927283e-01  1.190374e+00
     vertex  3.601494e-01  9.863024e-01  3.876494e+00
   endloop
 endfacet
 facet normal -2.981223e-01 -9.545277e-01  6.030522e-06
   outer loop
     vertex  3.209980e-01  9.997301e-01  3.873053e+00
     vertex  3.032822e-01  1.005246e+00  1.179822e+00
     vertex  3.227422e-01  9.991684e-01  1.184974e+00
   endloop
 endfacet
 facet normal -3.150728e-01 -9.490675e-01 -6.108993e-06
   outer loop
     vertex  3.209980e-01  9.997301e-01  3.873053e+00
     vertex  3.227422e-01  9.991684e-01  1.184974e+00
     vertex  3.406228e-01  9.932150e-01  3.874729e+00
   endloop
 endfacet
 facet normal -2.795117e-01 -9.601423e-01  6.790707e-06
   outer loop
     vertex  3.012815e-01  1.005848e+00  3.871469e+00
     vertex  2.836615e-01  1.010958e+00  1.174931e+00
     vertex  3.032822e-01  1.005246e+00  1.179822e+00
   endloop
 endfacet
 facet normal -2.963377e-01 -9.550832e-01 -6.846250e-06
   outer loop
     vertex  3.012815e-01  1.005848e+00  3.871469e+00
     vertex  3.032822e-01  1.005246e+00  1.179822e+00
     vertex  3.209980e-01  9.997301e-01  3.873053e+00
   endloop
 endfacet
 facet normal -2.607536e-01 -9.654054e-01  7.301617e-06
   outer loop
     vertex  2.814797e-01  1.011568e+00  3.869978e+00
     vertex  2.638916e-01  1.016298e+00  1.170316e+00
     vertex  2.836615e-01  1.010958e+00  1.174931e+00
   endloop
 endfacet
 facet normal -2.775184e-01 -9.607203e-01 -7.329920e-06
   outer loop
     vertex  2.814797e-01  1.011568e+00  3.869978e+00
     vertex  2.836615e-01  1.010958e+00  1.174931e+00
     vertex  3.012815e-01  1.005848e+00  3.871469e+00
   endloop
 endfacet
 facet normal -2.418586e-01 -9.703115e-01  7.595362e-06
   outer loop
     vertex  2.615992e-01  1.016890e+00  3.868583e+00
     vertex  2.439839e-01  1.021260e+00  1.165988e+00
     vertex  2.638916e-01  1.016298e+00  1.170316e+00
   endloop
 endfacet
 facet normal -2.586209e-01 -9.659789e-01 -7.597271e-06
   outer loop
     vertex  2.615992e-01  1.016890e+00  3.868583e+00
     vertex  2.638916e-01  1.016298e+00  1.170316e+00
     vertex  2.814797e-01  1.011568e+00  3.869978e+00
   endloop
 endfacet
 facet normal -2.228376e-01 -9.748556e-01  7.697086e-06
   outer loop
     vertex  2.416462e-01  1.021816e+00  3.867285e+00
     vertex  2.239494e-01  1.025839e+00  1.161961e+00
     vertex  2.439839e-01  1.021260e+00  1.165988e+00
   endloop
 endfacet
 facet normal -2.396515e-01 -9.708590e-01 -7.675979e-06
   outer loop
     vertex  2.416462e-01  1.021816e+00  3.867285e+00
     vertex  2.439839e-01  1.021260e+00  1.165988e+00
     vertex  2.615992e-01  1.016890e+00  3.868583e+00
   endloop
 endfacet
 facet normal -2.037008e-01 -9.790332e-01  7.625468e-06
   outer loop
     vertex  2.216272e-01  1.026344e+00  3.866086e+00
     vertex  2.037988e-01  1.030032e+00  1.158246e+00
     vertex  2.239494e-01  1.025839e+00  1.161961e+00
   endloop
 endfacet
 facet normal -2.206161e-01 -9.753607e-01 -7.585851e-06
   outer loop
     vertex  2.216272e-01  1.026344e+00  3.866086e+00
     vertex  2.239494e-01  1.025839e+00  1.161961e+00
     vertex  2.416462e-01  1.021816e+00  3.867285e+00
   endloop
 endfacet
 facet normal -1.844582e-01 -9.828404e-01  7.393853e-06
   outer loop
     vertex  2.015484e-01  1.030475e+00  3.864987e+00
     vertex  1.835424e-01  1.033834e+00  1.154854e+00
     vertex  2.037988e-01  1.030032e+00  1.158246e+00
   endloop
 endfacet
 facet normal -2.015210e-01 -9.794842e-01 -7.340688e-06
   outer loop
     vertex  2.015484e-01  1.030475e+00  3.864987e+00
     vertex  2.037988e-01  1.030032e+00  1.158246e+00
     vertex  2.216272e-01  1.026344e+00  3.866086e+00
   endloop
 endfacet
 facet normal -1.651198e-01 -9.862735e-01  7.011264e-06
   outer loop
     vertex  1.814163e-01  1.034209e+00  3.863989e+00
     vertex  1.631904e-01  1.037241e+00  1.151795e+00
     vertex  1.835424e-01  1.033834e+00  1.154854e+00
   endloop
 endfacet
 facet normal -1.823720e-01 -9.832296e-01 -6.949670e-06
   outer loop
     vertex  1.814163e-01  1.034209e+00  3.863989e+00
     vertex  1.835424e-01  1.033834e+00  1.154854e+00
     vertex  2.015484e-01  1.030475e+00  3.864987e+00
   endloop
 endfacet
 facet normal -1.456950e-01 -9.893296e-01  6.483295e-06
   outer loop
     vertex  1.612370e-01  1.037546e+00  3.863094e+00
     vertex  1.427526e-01  1.040251e+00  1.149077e+00
     vertex  1.631904e-01  1.037241e+00  1.151795e+00
   endloop
 endfacet
 facet normal -1.631752e-01 -9.865971e-01 -6.418378e-06
   outer loop
     vertex  1.612370e-01  1.037546e+00  3.863094e+00
     vertex  1.631904e-01  1.037241e+00  1.151795e+00
     vertex  1.814163e-01  1.034209e+00  3.863989e+00
   endloop
 endfacet
 facet normal -1.261931e-01 -9.920057e-01  5.812860e-06
   outer loop
     vertex  1.410168e-01  1.040487e+00  3.862303e+00
     vertex  1.222387e-01  1.042860e+00  1.146709e+00
     vertex  1.427526e-01  1.040251e+00  1.149077e+00
   endloop
 endfacet
 facet normal -1.439365e-01 -9.895869e-01 -5.749554e-06
   outer loop
     vertex  1.410168e-01  1.040487e+00  3.862303e+00
     vertex  1.427526e-01  1.040251e+00  1.149077e+00
     vertex  1.612370e-01  1.037546e+00  3.863094e+00
   endloop
 endfacet
 facet normal -1.066231e-01 -9.942995e-01  5.000801e-06
   outer loop
     vertex  1.207620e-01  1.043032e+00  3.861617e+00
     vertex  1.016579e-01  1.045067e+00  1.144698e+00
     vertex  1.222387e-01  1.042860e+00  1.146709e+00
   endloop
 endfacet
 facet normal -1.246620e-01 -9.921993e-01 -4.943682e-06
   outer loop
     vertex  1.207620e-01  1.043032e+00  3.861617e+00
     vertex  1.222387e-01  1.042860e+00  1.146709e+00
     vertex  1.410168e-01  1.040487e+00  3.862303e+00
   endloop
 endfacet
 facet normal -8.699376e-02 -9.962089e-01  4.046354e-06
   outer loop
     vertex  1.004787e-01  1.045181e+00  3.861036e+00
     vertex  8.101937e-02  1.046870e+00  1.143050e+00
     vertex  1.016579e-01  1.045067e+00  1.144698e+00
   endloop
 endfacet
 facet normal -1.053575e-01 -9.944344e-01 -3.999462e-06
   outer loop
     vertex  1.004787e-01  1.045181e+00  3.861036e+00
     vertex  1.016579e-01  1.045067e+00  1.144698e+00
     vertex  1.207620e-01  1.043032e+00  3.861617e+00
   endloop
 endfacet
 facet normal -6.731376e-02 -9.977319e-01  2.947453e-06
   outer loop
     vertex  8.017324e-02  1.046935e+00  3.860561e+00
     vertex  6.033216e-02  1.048265e+00  1.141771e+00
     vertex  8.101937e-02  1.046870e+00  1.143050e+00
   endloop
 endfacet
 facet normal -8.602881e-02 -9.962926e-01 -2.914244e-06
   outer loop
     vertex  8.017324e-02  1.046935e+00  3.860561e+00
     vertex  8.101937e-02  1.046870e+00  1.143050e+00
     vertex  1.004787e-01  1.045181e+00  3.861036e+00
   endloop
 endfacet
 facet normal -4.759153e-02 -9.988669e-01  1.700889e-06
   outer loop
     vertex  5.985167e-02  1.048293e+00  3.860192e+00
     vertex  3.960499e-02  1.049253e+00  1.140863e+00
     vertex  6.033216e-02  1.048265e+00  1.141771e+00
   endloop
 endfacet
 facet normal -6.668190e-02 -9.977743e-01 -1.684467e-06
   outer loop
     vertex  5.985167e-02  1.048293e+00  3.860192e+00
     vertex  6.033216e-02  1.048265e+00  1.141771e+00
     vertex  8.017324e-02  1.046935e+00  3.860561e+00
   endloop
 endfacet
 facet normal -4.732257e-02 -9.988797e-01 -3.061383e-07
   outer loop
     vertex  3.952021e-02  1.049256e+00  3.859930e+00
     vertex  3.960499e-02  1.049253e+00  1.140863e+00
     vertex  5.985167e-02  1.048293e+00  3.860192e+00
   endloop
 endfacet
 facet normal -2.795661e-02 -9.996091e-01  2.985416e-07
   outer loop
     vertex  1.918505e-02  1.049825e+00  3.859776e+00
     vertex  3.960499e-02  1.049253e+00  1.140863e+00
     vertex  3.952021e-02  1.049256e+00  3.859930e+00
   endloop
 endfacet
 facet normal -2.783541e-02 -9.996125e-01  1.209511e-06
   outer loop
     vertex  1.918505e-02  1.049825e+00  3.859776e+00
     vertex  1.884652e-02  1.049831e+00  1.140331e+00
     vertex  3.960499e-02  1.049253e+00  1.140863e+00
   endloop
 endfacet
 facet normal -8.589813e-03 -9.999631e-01 -1.187071e-06
   outer loop
     vertex -1.147673e-03  1.049999e+00  3.859728e+00
     vertex  1.884652e-02  1.049831e+00  1.140331e+00
     vertex  1.918505e-02  1.049825e+00  3.859776e+00
   endloop
 endfacet
 facet normal -8.053652e-03 -9.999676e-01  2.755298e-06
   outer loop
     vertex -1.147673e-03  1.049999e+00  3.859728e+00
     vertex -1.934656e-03  1.049998e+00  1.140177e+00
     vertex  1.884652e-02  1.049831e+00  1.140331e+00
   endloop
 endfacet
 facet normal  1.077587e-02 -9.999419e-01 -2.693595e-06
   outer loop
     vertex -2.148010e-02  1.049780e+00  3.859788e+00
     vertex -1.934656e-03  1.049998e+00  1.140177e+00
     vertex -1.147673e-03  1.049999e+00  3.859728e+00
   endloop
 endfacet
 facet normal  1.173997e-02 -9.999311e-01  4.236129e-06
   outer loop
     vertex -2.148010e-02  1.049780e+00  3.859788e+00
     vertex -2.271781e-02  1.049754e+00  1.140402e+00
     vertex -1.934656e-03  1.049998e+00  1.140177e+00
   endloop
 endfacet
 facet normal  3.014133e-02 -9.995456e-01 -4.142829e-06
   outer loop
     vertex -4.181282e-02  1.049167e+00  3.859954e+00
     vertex -2.271781e-02  1.049754e+00  1.140402e+00
     vertex -2.148010e-02  1.049780e+00  3.859788e+00
   endloop
 endfacet
 facet normal  3.152668e-02 -9.995029e-01  5.593508e-06
   outer loop
     vertex -4.181282e-02  1.049167e+00  3.859954e+00
     vertex -4.348457e-02  1.049099e+00  1.141004e+00
     vertex -2.271781e-02  1.049754e+00  1.140402e+00
   endloop
 endfacet
 facet normal  4.950396e-02 -9.987739e-01 -5.478085e-06
   outer loop
     vertex -6.213978e-02  1.048160e+00  3.860228e+00
     vertex -4.348457e-02  1.049099e+00  1.141004e+00
     vertex -4.181282e-02  1.049167e+00  3.859954e+00
   endloop
 endfacet
 facet normal  5.129283e-02 -9.986837e-01  6.825662e-06
   outer loop
     vertex -6.213978e-02  1.048160e+00  3.860228e+00
     vertex -6.422457e-02  1.048034e+00  1.141983e+00
     vertex -4.348457e-02  1.049099e+00  1.141004e+00
   endloop
 endfacet
 facet normal  6.885808e-02 -9.976265e-01 -6.695046e-06
   outer loop
     vertex -8.245495e-02  1.046757e+00  3.860609e+00
     vertex -6.422457e-02  1.048034e+00  1.141983e+00
     vertex -6.213978e-02  1.048160e+00  3.860228e+00
   endloop
 endfacet
 facet normal  7.102854e-02 -9.974743e-01  7.930967e-06
   outer loop
     vertex -8.245495e-02  1.046757e+00  3.860609e+00
     vertex -8.492722e-02  1.046560e+00  1.143334e+00
     vertex -6.422457e-02  1.048034e+00  1.141983e+00
   endloop
 endfacet
 facet normal  8.819800e-02 -9.961030e-01 -7.790158e-06
   outer loop
     vertex -1.027523e-01  1.044960e+00  3.861095e+00
     vertex -8.492722e-02  1.046560e+00  1.143334e+00
     vertex -8.245495e-02  1.046757e+00  3.860609e+00
   endloop
 endfacet
 facet normal  9.072366e-02 -9.958761e-01  8.908441e-06
   outer loop
     vertex -1.027523e-01  1.044960e+00  3.861095e+00
     vertex -1.055817e-01  1.044678e+00  1.145054e+00
     vertex -8.492722e-02  1.046560e+00  1.143334e+00
   endloop
 endfacet
 facet normal  1.103678e-01 -9.938908e-01  9.757163e-06
   outer loop
     vertex -1.230256e-01  1.042768e+00  3.861688e+00
     vertex -1.261771e-01  1.042391e+00  1.147136e+00
     vertex -1.055817e-01  1.044678e+00  1.145054e+00
   endloop
 endfacet
 facet normal  1.075180e-01 -9.942031e-01 -8.761104e-06
   outer loop
     vertex -1.230256e-01  1.042768e+00  3.861688e+00
     vertex -1.055817e-01  1.044678e+00  1.145054e+00
     vertex -1.027523e-01  1.044960e+00  3.861095e+00
   endloop
 endfacet
 facet normal  1.299502e-01 -9.915205e-01  1.047583e-05
   outer loop
     vertex -1.432690e-01  1.040180e+00  3.862386e+00
     vertex -1.467022e-01  1.039701e+00  1.149574e+00
     vertex -1.261771e-01  1.042391e+00  1.147136e+00
   endloop
 endfacet
 facet normal  1.268124e-01 -9.919267e-01 -9.606930e-06
   outer loop
     vertex -1.432690e-01  1.040180e+00  3.862386e+00
     vertex -1.261771e-01  1.042391e+00  1.147136e+00
     vertex -1.230256e-01  1.042768e+00  3.861688e+00
   endloop
 endfacet
 facet normal  1.494601e-01 -9.887678e-01  1.106251e-05
   outer loop
     vertex -1.634763e-01  1.037196e+00  3.863188e+00
     vertex -1.671456e-01  1.036611e+00  1.152362e+00
     vertex -1.467022e-01  1.039701e+00  1.149574e+00
   endloop
 endfacet
 facet normal  1.460753e-01 -9.892735e-01 -1.032777e-05
   outer loop
     vertex -1.634763e-01  1.037196e+00  3.863188e+00
     vertex -1.467022e-01  1.039701e+00  1.149574e+00
     vertex -1.432690e-01  1.040180e+00  3.862386e+00
   endloop
 endfacet
 facet normal  1.688867e-01 -9.856355e-01  1.151451e-05
   outer loop
     vertex -1.836413e-01  1.033816e+00  3.864094e+00
     vertex -1.874957e-01  1.033124e+00  1.155489e+00
     vertex -1.671456e-01  1.036611e+00  1.152362e+00
   endloop
 endfacet
 facet normal  1.653009e-01 -9.862432e-01 -1.092411e-05
   outer loop
     vertex -1.836413e-01  1.033816e+00  3.864094e+00
     vertex -1.671456e-01  1.036611e+00  1.152362e+00
     vertex -1.634763e-01  1.037196e+00  3.863188e+00
   endloop
 endfacet
 facet normal  1.882188e-01 -9.821271e-01  1.182858e-05
   outer loop
     vertex -2.037579e-01  1.030040e+00  3.865102e+00
     vertex -2.077408e-01  1.029244e+00  1.158946e+00
     vertex -1.874957e-01  1.033124e+00  1.155489e+00
   endloop
 endfacet
 facet normal  1.844835e-01 -9.828356e-01 -1.139555e-05
   outer loop
     vertex -2.037579e-01  1.030040e+00  3.865102e+00
     vertex -1.874957e-01  1.033124e+00  1.155489e+00
     vertex -1.836413e-01  1.033816e+00  3.864094e+00
   endloop
 endfacet
 facet normal  2.074473e-01 -9.782462e-01  1.201251e-05
   outer loop
     vertex -2.238201e-01  1.025868e+00  3.866212e+00
     vertex -2.278719e-01  1.024975e+00  1.162723e+00
     vertex -2.077408e-01  1.029244e+00  1.158946e+00
   endloop
 endfacet
 facet normal  2.036172e-01 -9.790506e-01 -1.173893e-05
   outer loop
     vertex -2.238201e-01  1.025868e+00  3.866212e+00
     vertex -2.077408e-01  1.029244e+00  1.158946e+00
     vertex -2.037579e-01  1.030040e+00  3.865102e+00
   endloop
 endfacet
 facet normal  2.265638e-01 -9.739963e-01  1.207015e-05
   outer loop
     vertex -2.438215e-01  1.021299e+00  3.867421e+00
     vertex -2.478840e-01  1.020320e+00  1.166810e+00
     vertex -2.278719e-01  1.024975e+00  1.162723e+00
   endloop
 endfacet
 facet normal  2.226960e-01 -9.748879e-01 -1.195000e-05
   outer loop
     vertex -2.438215e-01  1.021299e+00  3.867421e+00
     vertex -2.278719e-01  1.024975e+00  1.162723e+00
     vertex -2.238201e-01  1.025868e+00  3.866212e+00
   endloop
 endfacet
 facet normal  2.455625e-01 -9.693808e-01  1.199088e-05
   outer loop
     vertex -2.637559e-01  1.016333e+00  3.868729e+00
     vertex -2.677692e-01  1.015283e+00  1.171196e+00
     vertex -2.478840e-01  1.020320e+00  1.166810e+00
   endloop
 endfacet
 facet normal  2.417141e-01 -9.703475e-01 -1.204249e-05
   outer loop
     vertex -2.637559e-01  1.016333e+00  3.868729e+00
     vertex -2.478840e-01  1.020320e+00  1.166810e+00
     vertex -2.438215e-01  1.021299e+00  3.867421e+00
   endloop
 endfacet
 facet normal  2.644379e-01 -9.644027e-01  1.177524e-05
   outer loop
     vertex -2.836171e-01  1.010971e+00  3.870134e+00
     vertex -2.875201e-01  1.009867e+00  1.175869e+00
     vertex -2.677692e-01  1.015283e+00  1.171196e+00
   endloop
 endfacet
 facet normal  2.606654e-01 -9.654292e-01 -1.201686e-05
   outer loop
     vertex -2.836171e-01  1.010971e+00  3.870134e+00
     vertex -2.677692e-01  1.015283e+00  1.171196e+00
     vertex -2.637559e-01  1.016333e+00  3.868729e+00
   endloop
 endfacet
 facet normal  2.831831e-01 -9.590659e-01  1.142194e-05
   outer loop
     vertex -3.033987e-01  1.005211e+00  3.871634e+00
     vertex -3.071299e-01  1.004077e+00  1.180817e+00
     vertex -2.875201e-01  1.009867e+00  1.175869e+00
   endloop
 endfacet
 facet normal  2.795440e-01 -9.601329e-01 -1.185616e-05
   outer loop
     vertex -3.033987e-01  1.005211e+00  3.871634e+00
     vertex -2.875201e-01  1.009867e+00  1.175869e+00
     vertex -2.836171e-01  1.010971e+00  3.870134e+00
   endloop
 endfacet
 facet normal  3.017894e-01 -9.533746e-01  1.091064e-05
   outer loop
     vertex -3.230945e-01  9.990546e-01  3.873227e+00
     vertex -3.265916e-01  9.979168e-01  1.186028e+00
     vertex -3.071299e-01  1.004077e+00  1.180817e+00
   endloop
 endfacet
 facet normal  2.983439e-01 -9.544584e-01 -1.154159e-05
   outer loop
     vertex -3.230945e-01  9.990546e-01  3.873227e+00
     vertex -3.071299e-01  1.004077e+00  1.180817e+00
     vertex -3.033987e-01  1.005211e+00  3.871634e+00
   endloop
 endfacet
 facet normal  3.202486e-01 -9.473335e-01  1.020097e-05
   outer loop
     vertex -3.426980e-01  9.925009e-01  3.874912e+00
     vertex -3.458933e-01  9.913919e-01  1.191487e+00
     vertex -3.265916e-01  9.979168e-01  1.186028e+00
   endloop
 endfacet
 facet normal  3.170589e-01 -9.484058e-01 -1.106500e-05
   outer loop
     vertex -3.426980e-01  9.925009e-01  3.874912e+00
     vertex -3.265916e-01  9.979168e-01  1.186028e+00
     vertex -3.230945e-01  9.990546e-01  3.873227e+00
   endloop
 endfacet
 facet normal  3.385533e-01 -9.409472e-01  9.277403e-06
   outer loop
     vertex -3.622028e-01  9.855502e-01  3.876686e+00
     vertex -3.650301e-01  9.845065e-01  1.197183e+00
     vertex -3.458933e-01  9.913919e-01  1.191487e+00
   endloop
 endfacet
 facet normal  3.356830e-01 -9.419750e-01 -1.039231e-05
   outer loop
     vertex -3.622028e-01  9.855502e-01  3.876686e+00
     vertex -3.458933e-01  9.913919e-01  1.191487e+00
     vertex -3.426980e-01  9.925009e-01  3.874912e+00
   endloop
 endfacet
 facet normal  3.566996e-01 -9.342191e-01  8.119166e-06
   outer loop
     vertex -3.816024e-01  9.782022e-01  3.878546e+00
     vertex -3.839994e-01  9.772638e-01  1.203102e+00
     vertex -3.650301e-01  9.845065e-01  1.197183e+00
   endloop
 endfacet
 facet normal  3.542099e-01 -9.351659e-01 -9.494403e-06
   outer loop
     vertex -3.816024e-01  9.782022e-01  3.878546e+00
     vertex -3.650301e-01  9.845065e-01  1.197183e+00
     vertex -3.622028e-01  9.855502e-01  3.876686e+00
   endloop
 endfacet
 facet normal  3.746851e-01 -9.271521e-01  6.698259e-06
   outer loop
     vertex -4.008903e-01  9.704571e-01  3.880491e+00
     vertex -4.027987e-01  9.696665e-01  1.209234e+00
     vertex -3.839994e-01  9.772638e-01  1.203102e+00
   endloop
 endfacet
 facet normal  3.726335e-01 -9.279786e-01 -8.345464e-06
   outer loop
     vertex -4.008903e-01  9.704571e-01  3.880491e+00
     vertex -3.839994e-01  9.772638e-01  1.203102e+00
     vertex -3.816024e-01  9.782022e-01  3.878546e+00
   endloop
 endfacet
 facet normal  3.925072e-01 -9.197489e-01  4.982007e-06
   outer loop
     vertex -4.200598e-01  9.623148e-01  3.882519e+00
     vertex -4.214252e-01  9.617176e-01  1.215565e+00
     vertex -4.027987e-01  9.696665e-01  1.209234e+00
   endloop
 endfacet
 facet normal  3.909476e-01 -9.204130e-01 -6.914643e-06
   outer loop
     vertex -4.200598e-01  9.623148e-01  3.882519e+00
     vertex -4.027987e-01  9.696665e-01  1.209234e+00
     vertex -4.008903e-01  9.704571e-01  3.880491e+00
   endloop
 endfacet
 facet normal  4.101633e-01 -9.120121e-01  2.933315e-06
   outer loop
     vertex -4.391042e-01  9.537753e-01  3.884625e+00
     vertex -4.398759e-01  9.534197e-01  1.222085e+00
     vertex -4.214252e-01  9.617176e-01  1.215565e+00
   endloop
 endfacet
 facet normal  4.091457e-01 -9.124691e-01 -5.166497e-06
   outer loop
     vertex -4.391042e-01  9.537753e-01  3.884625e+00
     vertex -4.214252e-01  9.617176e-01  1.215565e+00
     vertex -4.200598e-01  9.623148e-01  3.882519e+00
   endloop
 endfacet
 facet normal  4.272216e-01 -9.041470e-01 -3.061343e-06
   outer loop
     vertex -4.580169e-01  9.448388e-01  3.886808e+00
     vertex -4.398759e-01  9.534197e-01  1.222085e+00
     vertex -4.391042e-01  9.537753e-01  3.884625e+00
   endloop
 endfacet
 facet normal  4.276504e-01 -9.039442e-01  5.108524e-07
   outer loop
     vertex -4.580169e-01  9.448388e-01  3.886808e+00
     vertex -4.581479e-01  9.447753e-01  1.228780e+00
     vertex -4.398759e-01  9.534197e-01  1.222085e+00
   endloop
 endfacet
 facet normal  4.449662e-01 -8.955474e-01 -5.431792e-07
   outer loop
     vertex -4.580169e-01  9.448388e-01  3.886808e+00
     vertex -4.762381e-01  9.357870e-01  1.235639e+00
     vertex -4.581479e-01  9.447753e-01  1.228780e+00
   endloop
 endfacet
 facet normal  4.451686e-01 -8.954468e-01 -2.277813e-06
   outer loop
     vertex -4.767911e-01  9.355053e-01  3.889065e+00
     vertex -4.762381e-01  9.357870e-01  1.235639e+00
     vertex -4.580169e-01  9.448388e-01  3.886808e+00
   endloop
 endfacet
 facet normal  4.621083e-01 -8.868235e-01  2.167993e-06
   outer loop
     vertex -4.767911e-01  9.355053e-01  3.889065e+00
     vertex -4.941430e-01  9.264571e-01  1.242649e+00
     vertex -4.762381e-01  9.357870e-01  1.235639e+00
   endloop
 endfacet
 facet normal  4.629800e-01 -8.863687e-01 -5.102371e-06
   outer loop
     vertex -4.954197e-01  9.257749e-01  3.891393e+00
     vertex -4.941430e-01  9.264571e-01  1.242649e+00
     vertex -4.767911e-01  9.355053e-01  3.889065e+00
   endloop
 endfacet
 facet normal  4.790724e-01 -8.777754e-01  4.867413e-06
   outer loop
     vertex -4.954197e-01  9.257749e-01  3.891393e+00
     vertex -5.118594e-01  9.167878e-01  1.249800e+00
     vertex -4.941430e-01  9.264571e-01  1.242649e+00
   endloop
 endfacet
 facet normal  4.806495e-01 -8.769128e-01 -7.882213e-06
   outer loop
     vertex -5.138960e-01  9.156478e-01  3.893789e+00
     vertex -5.118594e-01  9.167878e-01  1.249800e+00
     vertex -4.954197e-01  9.257749e-01  3.891393e+00
   endloop
 endfacet
 facet normal  4.958553e-01 -8.684052e-01  7.498725e-06
   outer loop
     vertex -5.138960e-01  9.156478e-01  3.893789e+00
     vertex -5.293837e-01  9.067816e-01  1.257079e+00
     vertex -5.118594e-01  9.167878e-01  1.249800e+00
   endloop
 endfacet
 facet normal  4.981706e-01 -8.670790e-01 -1.056052e-05
   outer loop
     vertex -5.322128e-01  9.051241e-01  3.896248e+00
     vertex -5.293837e-01  9.067816e-01  1.257079e+00
     vertex -5.138960e-01  9.156478e-01  3.893789e+00
   endloop
 endfacet
 facet normal  5.124535e-01 -8.587150e-01  1.000301e-05
   outer loop
     vertex -5.322128e-01  9.051241e-01  3.896248e+00
     vertex -5.467124e-01  8.964405e-01  1.264474e+00
     vertex -5.293837e-01  9.067816e-01  1.257079e+00
   endloop
 endfacet
 facet normal  5.155366e-01 -8.568676e-01 -1.307826e-05
   outer loop
     vertex -5.503629e-01  8.942039e-01  3.898769e+00
     vertex -5.467124e-01  8.964405e-01  1.264474e+00
     vertex -5.322128e-01  9.051241e-01  3.896248e+00
   endloop
 endfacet
 facet normal  5.288635e-01 -8.487069e-01  1.231878e-05
   outer loop
     vertex -5.503629e-01  8.942039e-01  3.898769e+00
     vertex -5.638416e-01  8.857667e-01  1.271974e+00
     vertex -5.467124e-01  8.964405e-01  1.264474e+00
   endloop
 endfacet
 facet normal  5.327405e-01 -8.462787e-01 -1.537408e-05
   outer loop
     vertex -5.683393e-01  8.828876e-01  3.901347e+00
     vertex -5.638416e-01  8.857667e-01  1.271974e+00
     vertex -5.503629e-01  8.942039e-01  3.898769e+00
   endloop
 endfacet
 facet normal  5.450817e-01 -8.383829e-01  1.438204e-05
   outer loop
     vertex -5.683393e-01  8.828876e-01  3.901347e+00
     vertex -5.807676e-01  8.747623e-01  1.279567e+00
     vertex -5.638416e-01  8.857667e-01  1.271974e+00
   endloop
 endfacet
 facet normal  5.497755e-01 -8.353125e-01 -1.738415e-05
   outer loop
     vertex -5.861345e-01  8.711753e-01  3.903979e+00
     vertex -5.807676e-01  8.747623e-01  1.279567e+00
     vertex -5.683393e-01  8.828876e-01  3.901347e+00
   endloop
 endfacet
 facet normal  5.611044e-01 -8.277451e-01  1.612622e-05
   outer loop
     vertex -5.861345e-01  8.711753e-01  3.903979e+00
     vertex -5.974864e-01  8.634292e-01  1.287241e+00
     vertex -5.807676e-01  8.747623e-01  1.279567e+00
   endloop
 endfacet
 facet normal  5.666345e-01 -8.239692e-01 -1.904209e-05
   outer loop
     vertex -6.037412e-01  8.590674e-01  3.906661e+00
     vertex -5.974864e-01  8.634292e-01  1.287241e+00
     vertex -5.861345e-01  8.711753e-01  3.903979e+00
   endloop
 endfacet
 facet normal  5.769277e-01 -8.167952e-01  1.748224e-05
   outer loop
     vertex -6.037412e-01  8.590674e-01  3.906661e+00
     vertex -6.139941e-01  8.517695e-01  1.294986e+00
     vertex -5.974864e-01  8.634292e-01  1.287241e+00
   endloop
 endfacet
 facet normal  5.833106e-01 -8.122492e-01 -2.027874e-05
   outer loop
     vertex -6.211517e-01  8.465640e-01  3.909390e+00
     vertex -6.139941e-01  8.517695e-01  1.294986e+00
     vertex -6.037412e-01  8.590674e-01  3.906661e+00
   endloop
 endfacet
 facet normal  5.925477e-01 -8.055353e-01  1.837840e-05
   outer loop
     vertex -6.211517e-01  8.465640e-01  3.909390e+00
     vertex -6.302864e-01  8.397851e-01  1.302790e+00
     vertex -6.139941e-01  8.517695e-01  1.294986e+00
   endloop
 endfacet
 facet normal  5.997963e-01 -8.001527e-01 -2.102212e-05
   outer loop
     vertex -6.383586e-01  8.336657e-01  3.912161e+00
     vertex -6.302864e-01  8.397851e-01  1.302790e+00
     vertex -6.211517e-01  8.465640e-01  3.909390e+00
   endloop
 endfacet
 facet normal  6.079606e-01 -7.939672e-01  1.874047e-05
   outer loop
     vertex -6.383586e-01  8.336657e-01  3.912161e+00
     vertex -6.463593e-01  8.274779e-01  1.310641e+00
     vertex -6.302864e-01  8.397851e-01  1.302790e+00
   endloop
 endfacet
 facet normal  6.160843e-01 -7.876802e-01 -2.119735e-05
   outer loop
     vertex -6.553539e-01  8.203726e-01  3.914970e+00
     vertex -6.463593e-01  8.274779e-01  1.310641e+00
     vertex -6.383586e-01  8.336657e-01  3.912161e+00
   endloop
 endfacet
 facet normal  6.231651e-01 -7.820903e-01  1.850824e-05
   outer loop
     vertex -6.553539e-01  8.203726e-01  3.914970e+00
     vertex -6.622144e-01  8.148448e-01  1.318532e+00
     vertex -6.463593e-01  8.274779e-01  1.310641e+00
   endloop
 endfacet
 facet normal  6.321672e-01 -7.748320e-01 -2.073086e-05
   outer loop
     vertex -6.721300e-01  8.066854e-01  3.917813e+00
     vertex -6.622144e-01  8.148448e-01  1.318532e+00
     vertex -6.553539e-01  8.203726e-01  3.914970e+00
   endloop
 endfacet
 facet normal  6.381617e-01 -7.699023e-01  1.761117e-05
   outer loop
     vertex -6.721300e-01  8.066854e-01  3.917813e+00
     vertex -6.778511e-01  8.018839e-01  1.326455e+00
     vertex -6.622144e-01  8.148448e-01  1.318532e+00
   endloop
 endfacet
 facet normal  6.480373e-01 -7.616086e-01 -1.955889e-05
   outer loop
     vertex -6.886788e-01  7.926043e-01  3.920686e+00
     vertex -6.778511e-01  8.018839e-01  1.326455e+00
     vertex -6.721300e-01  8.066854e-01  3.917813e+00
   endloop
 endfacet
 facet normal  6.529477e-01 -7.574030e-01  1.597952e-05
   outer loop
     vertex -6.886788e-01  7.926043e-01  3.920686e+00
     vertex -6.932646e-01  7.885964e-01  1.334397e+00
     vertex -6.778511e-01  8.018839e-01  1.326455e+00
   endloop
 endfacet
 facet normal  6.636916e-01 -7.480063e-01 -1.763243e-05
   outer loop
     vertex -7.050020e-01  7.781209e-01  3.923586e+00
     vertex -6.932646e-01  7.885964e-01  1.334397e+00
     vertex -6.886788e-01  7.926043e-01  3.920686e+00
   endloop
 endfacet
 facet normal  6.675185e-01 -7.445932e-01  1.352460e-05
   outer loop
     vertex -7.050020e-01  7.781209e-01  3.923586e+00
     vertex -7.084499e-01  7.749831e-01  1.342349e+00
     vertex -6.932646e-01  7.885964e-01  1.334397e+00
   endloop
 endfacet
 facet normal  6.791419e-01 -7.340070e-01 -1.486998e-05
   outer loop
     vertex -7.211214e-01  7.632064e-01  3.926514e+00
     vertex -7.084499e-01  7.749831e-01  1.342349e+00
     vertex -7.050020e-01  7.781209e-01  3.923586e+00
   endloop
 endfacet
 facet normal  6.818693e-01 -7.314740e-01  1.004679e-05
   outer loop
     vertex -7.211214e-01  7.632064e-01  3.926514e+00
     vertex -7.234019e-01  7.610451e-01  1.350300e+00
     vertex -7.084499e-01  7.749831e-01  1.342349e+00
   endloop
 endfacet
 facet normal  6.959952e-01 -7.180464e-01  5.392730e-06
   outer loop
     vertex -7.370229e-01  7.478618e-01  3.929466e+00
     vertex -7.381155e-01  7.467835e-01  1.358239e+00
     vertex -7.234019e-01  7.610451e-01  1.350300e+00
   endloop
 endfacet
 facet normal  6.943917e-01 -7.195972e-01 -1.100230e-05
   outer loop
     vertex -7.370229e-01  7.478618e-01  3.929466e+00
     vertex -7.234019e-01  7.610451e-01  1.350300e+00
     vertex -7.211214e-01  7.632064e-01  3.926514e+00
   endloop
 endfacet
 facet normal  7.098911e-01 -7.043114e-01 -5.751589e-07
   outer loop
     vertex -7.526903e-01  7.320910e-01  3.932435e+00
     vertex -7.525851e-01  7.321992e-01  1.366157e+00
     vertex -7.381155e-01  7.467835e-01  1.358239e+00
   endloop
 endfacet
 facet normal  7.235541e-01 -6.902676e-01  5.767516e-07
   outer loop
     vertex -7.526903e-01  7.320910e-01  3.932435e+00
     vertex -7.668053e-01  7.172932e-01  1.374042e+00
     vertex -7.525851e-01  7.321992e-01  1.366157e+00
   endloop
 endfacet
 facet normal  7.094264e-01 -7.047795e-01 -5.877869e-06
   outer loop
     vertex -7.526903e-01  7.320910e-01  3.932435e+00
     vertex -7.381155e-01  7.467835e-01  1.358239e+00
     vertex -7.370229e-01  7.478618e-01  3.929466e+00
   endloop
 endfacet
 facet normal  7.369781e-01 -6.759166e-01  6.656151e-06
   outer loop
     vertex -7.681074e-01  7.158988e-01  3.935415e+00
     vertex -7.807703e-01  7.020667e-01  1.381884e+00
     vertex -7.668053e-01  7.172932e-01  1.374042e+00
   endloop
 endfacet
 facet normal  7.242298e-01 -6.895587e-01 -7.251435e-06
   outer loop
     vertex -7.681074e-01  7.158988e-01  3.935415e+00
     vertex -7.668053e-01  7.172932e-01  1.374042e+00
     vertex -7.526903e-01  7.320910e-01  3.932435e+00
   endloop
 endfacet
 facet normal  7.501559e-01 -6.612610e-01  1.181017e-05
   outer loop
     vertex -7.832583e-01  6.992900e-01  3.938400e+00
     vertex -7.944743e-01  6.865207e-01  1.389672e+00
     vertex -7.807703e-01  7.020667e-01  1.381884e+00
   endloop
 endfacet
 facet normal  7.387868e-01 -6.739392e-01 -1.302456e-05
   outer loop
     vertex -7.832583e-01  6.992900e-01  3.938400e+00
     vertex -7.807703e-01  7.020667e-01  1.381884e+00
     vertex -7.681074e-01  7.158988e-01  3.935415e+00
   endloop
 endfacet
 facet normal  7.630818e-01 -6.463019e-01  1.589573e-05
   outer loop
     vertex -7.981276e-01  6.822700e-01  3.941384e+00
     vertex -8.079110e-01  6.706563e-01  1.397398e+00
     vertex -7.944743e-01  6.865207e-01  1.389672e+00
   endloop
 endfacet
 facet normal  7.530831e-01 -6.579255e-01 -1.778245e-05
   outer loop
     vertex -7.981276e-01  6.822700e-01  3.941384e+00
     vertex -7.944743e-01  6.865207e-01  1.389672e+00
     vertex -7.832583e-01  6.992900e-01  3.938400e+00
   endloop
 endfacet
 facet normal  7.757500e-01 -6.310404e-01  1.878535e-05
   outer loop
     vertex -8.127001e-01  6.648448e-01  3.944361e+00
     vertex -8.210743e-01  6.544746e-01  1.405049e+00
     vertex -8.079110e-01  6.706563e-01  1.397398e+00
   endloop
 endfacet
 facet normal  7.671040e-01 -6.415228e-01 -2.138976e-05
   outer loop
     vertex -8.127001e-01  6.648448e-01  3.944361e+00
     vertex -8.079110e-01  6.706563e-01  1.397398e+00
     vertex -7.981276e-01  6.822700e-01  3.941384e+00
   endloop
 endfacet
 facet normal  7.881543e-01 -6.154777e-01  2.036796e-05
   outer loop
     vertex -8.269610e-01  6.470205e-01  3.947324e+00
     vertex -8.339578e-01  6.379768e-01  1.412617e+00
     vertex -8.210743e-01  6.544746e-01  1.405049e+00
   endloop
 endfacet
 facet normal  7.808353e-01 -6.247370e-01 -2.372758e-05
   outer loop
     vertex -8.269610e-01  6.470205e-01  3.947324e+00
     vertex -8.210743e-01  6.544746e-01  1.405049e+00
     vertex -8.127001e-01  6.648448e-01  3.944361e+00
   endloop
 endfacet
 facet normal  8.002886e-01 -5.996150e-01  2.054957e-05
   outer loop
     vertex -8.408957e-01  6.288040e-01  3.950267e+00
     vertex -8.465548e-01  6.211642e-01  1.420090e+00
     vertex -8.339578e-01  6.379768e-01  1.412617e+00
   endloop
 endfacet
 facet normal  7.942629e-01 -6.075742e-01 -2.469416e-05
   outer loop
     vertex -8.408957e-01  6.288040e-01  3.950267e+00
     vertex -8.339578e-01  6.379768e-01  1.412617e+00
     vertex -8.269610e-01  6.470205e-01  3.947324e+00
   endloop
 endfacet
 facet normal  8.073734e-01 -5.900409e-01 -2.420543e-05
   outer loop
     vertex -8.544901e-01  6.102022e-01  3.953183e+00
     vertex -8.465548e-01  6.211642e-01  1.420090e+00
     vertex -8.408957e-01  6.288040e-01  3.950267e+00
   endloop
 endfacet
 facet normal  8.121465e-01 -5.834536e-01  1.925386e-05
   outer loop
     vertex -8.544901e-01  6.102022e-01  3.953183e+00
     vertex -8.588585e-01  6.040381e-01  1.427459e+00
     vertex -8.465548e-01  6.211642e-01  1.420090e+00
   endloop
 endfacet
 facet normal  8.201532e-01 -5.721440e-01 -2.219537e-05
   outer loop
     vertex -8.677303e-01  5.912225e-01  3.956066e+00
     vertex -8.588585e-01  6.040381e-01  1.427459e+00
     vertex -8.544901e-01  6.102022e-01  3.953183e+00
   endloop
 endfacet
 facet normal  8.237215e-01 -5.669946e-01  1.642266e-05
   outer loop
     vertex -8.677303e-01  5.912225e-01  3.956066e+00
     vertex -8.708620e-01  5.865999e-01  1.434713e+00
     vertex -8.588585e-01  6.040381e-01  1.427459e+00
   endloop
 endfacet
 facet normal  8.325893e-01 -5.538909e-01 -1.861624e-05
   outer loop
     vertex -8.806028e-01  5.718730e-01  3.958909e+00
     vertex -8.708620e-01  5.865999e-01  1.434713e+00
     vertex -8.677303e-01  5.912225e-01  3.956066e+00
   endloop
 endfacet
 facet normal  8.350069e-01 -5.502395e-01  1.201619e-05
   outer loop
     vertex -8.806028e-01  5.718730e-01  3.958909e+00
     vertex -8.825580e-01  5.688510e-01  1.441842e+00
     vertex -8.708620e-01  5.865999e-01  1.434713e+00
   endloop
 endfacet
 facet normal  8.446690e-01 -5.352890e-01 -1.343862e-05
   outer loop
     vertex -8.930944e-01  5.521616e-01  3.961706e+00
     vertex -8.825580e-01  5.688510e-01  1.441842e+00
     vertex -8.806028e-01  5.718730e-01  3.958909e+00
   endloop
 endfacet
 facet normal  8.459957e-01 -5.331897e-01  6.013306e-06
   outer loop
     vertex -8.930944e-01  5.521616e-01  3.961706e+00
     vertex -8.939391e-01  5.507929e-01  1.448836e+00
     vertex -8.825580e-01  5.688510e-01  1.441842e+00
   endloop
 endfacet
 facet normal  8.563798e-01 -5.163465e-01 -6.651422e-06
   outer loop
     vertex -9.051921e-01  5.320970e-01  3.964451e+00
     vertex -8.939391e-01  5.507929e-01  1.448836e+00
     vertex -8.930944e-01  5.521616e-01  3.961706e+00
   endloop
 endfacet
 facet normal  8.566810e-01 -5.158466e-01 -1.588486e-06
   outer loop
     vertex -9.051921e-01  5.320970e-01  3.964451e+00
     vertex -9.049978e-01  5.324274e-01  1.455686e+00
     vertex -8.939391e-01  5.507929e-01  1.448836e+00
   endloop
 endfacet
 facet normal  8.670573e-01 -4.982084e-01  1.537979e-06
   outer loop
     vertex -9.051921e-01  5.320970e-01  3.964451e+00
     vertex -9.157263e-01  5.137560e-01  1.462380e+00
     vertex -9.049978e-01  5.324274e-01  1.455686e+00
   endloop
 endfacet
 facet normal  8.677089e-01 -4.970727e-01 -9.530775e-06
   outer loop
     vertex -9.168835e-01  5.116880e-01  3.967137e+00
     vertex -9.157263e-01  5.137560e-01  1.462380e+00
     vertex -9.051921e-01  5.320970e-01  3.964451e+00
   endloop
 endfacet
 facet normal  8.771159e-01 -4.802788e-01  8.681123e-06
   outer loop
     vertex -9.168835e-01  5.116880e-01  3.967137e+00
     vertex -9.261166e-01  4.947808e-01  1.468908e+00
     vertex -9.157263e-01  5.137560e-01  1.462380e+00
   endloop
 endfacet
 facet normal  8.786451e-01 -4.774755e-01 -1.594245e-05
   outer loop
     vertex -9.281563e-01  4.909438e-01  3.969757e+00
     vertex -9.261166e-01  4.947808e-01  1.468908e+00
     vertex -9.168835e-01  5.116880e-01  3.967137e+00
   endloop
 endfacet
 facet normal  8.868481e-01 -4.620611e-01  1.439780e-05
   outer loop
     vertex -9.281563e-01  4.909438e-01  3.969757e+00
     vertex -9.361605e-01  4.755035e-01  1.475261e+00
     vertex -9.261166e-01  4.947808e-01  1.468908e+00
   endloop
 endfacet
 facet normal  8.891770e-01 -4.575634e-01 -2.091425e-05
   outer loop
     vertex -9.389986e-01  4.698740e-01  3.972306e+00
     vertex -9.361605e-01  4.755035e-01  1.475261e+00
     vertex -9.281563e-01  4.909438e-01  3.969757e+00
   endloop
 endfacet
 facet normal  8.962461e-01 -4.435572e-01  1.869731e-05
   outer loop
     vertex -9.389986e-01  4.698740e-01  3.972306e+00
     vertex -9.458495e-01  4.559263e-01  1.481429e+00
     vertex -9.361605e-01  4.755035e-01  1.475261e+00
   endloop
 endfacet
 facet normal  8.992935e-01 -4.373457e-01 -2.446526e-05
   outer loop
     vertex -9.493989e-01  4.484883e-01  3.974778e+00
     vertex -9.458495e-01  4.559263e-01  1.481429e+00
     vertex -9.389986e-01  4.698740e-01  3.972306e+00
   endloop
 endfacet
 facet normal  9.053021e-01 -4.247682e-01  2.160868e-05
   outer loop
     vertex -9.493989e-01  4.484883e-01  3.974778e+00
     vertex -9.551759e-01  4.360494e-01  1.487401e+00
     vertex -9.458495e-01  4.559263e-01  1.481429e+00
   endloop
 endfacet
 facet normal  9.089836e-01 -4.168318e-01 -2.662992e-05
   outer loop
     vertex -9.593458e-01  4.267970e-01  3.977165e+00
     vertex -9.551759e-01  4.360494e-01  1.487401e+00
     vertex -9.493989e-01  4.484883e-01  3.974778e+00
   endloop
 endfacet
 facet normal  9.140096e-01 -4.056926e-01  2.318331e-05
   outer loop
     vertex -9.593458e-01  4.267970e-01  3.977165e+00
     vertex -9.641330e-01  4.158696e-01  1.493169e+00
     vertex -9.551759e-01  4.360494e-01  1.487401e+00
   endloop
 endfacet
 facet normal  9.182369e-01 -3.960316e-01 -2.746323e-05
   outer loop
     vertex -9.688285e-01  4.048104e-01  3.979463e+00
     vertex -9.641330e-01  4.158696e-01  1.493169e+00
     vertex -9.593458e-01  4.267970e-01  3.977165e+00
   endloop
 endfacet
 facet normal  9.223590e-01 -3.863339e-01  2.345780e-05
   outer loop
     vertex -9.688285e-01  4.048104e-01  3.979463e+00
     vertex -9.727079e-01  3.953976e-01  1.498720e+00
     vertex -9.641330e-01  4.158696e-01  1.493169e+00
   endloop
 endfacet
 facet normal  9.270430e-01 -3.749551e-01 -2.704173e-05
   outer loop
     vertex -9.778363e-01  3.825392e-01  3.981666e+00
     vertex -9.727079e-01  3.953976e-01  1.498720e+00
     vertex -9.688285e-01  4.048104e-01  3.979463e+00
   endloop
 endfacet
 facet normal  9.303380e-01 -3.667032e-01  2.249805e-05
   outer loop
     vertex -9.778363e-01  3.825392e-01  3.981666e+00
     vertex -9.808875e-01  3.746462e-01  1.504041e+00
     vertex -9.727079e-01  3.953976e-01  1.498720e+00
   endloop
 endfacet
 facet normal  9.353919e-01 -3.536127e-01 -2.542864e-05
   outer loop
     vertex -9.863590e-01  3.599944e-01  3.983768e+00
     vertex -9.808875e-01  3.746462e-01  1.504041e+00
     vertex -9.778363e-01  3.825392e-01  3.981666e+00
   endloop
 endfacet
 facet normal  9.379344e-01 -3.468127e-01  2.035992e-05
   outer loop
     vertex -9.863590e-01  3.599944e-01  3.983768e+00
     vertex -9.886593e-01  3.536281e-01  1.509121e+00
     vertex -9.808875e-01  3.746462e-01  1.504041e+00
   endloop
 endfacet
 facet normal  9.432741e-01 -3.320150e-01 -2.267251e-05
   outer loop
     vertex -9.943866e-01  3.371873e-01  3.985763e+00
     vertex -9.886593e-01  3.536281e-01  1.509121e+00
     vertex -9.863590e-01  3.599944e-01  3.983768e+00
   endloop
 endfacet
 facet normal  9.451368e-01 -3.266747e-01  1.708561e-05
   outer loop
     vertex -9.943866e-01  3.371873e-01  3.985763e+00
     vertex -9.960116e-01  3.323567e-01  1.513948e+00
     vertex -9.886593e-01  3.536281e-01  1.509121e+00
   endloop
 endfacet
 facet normal  9.506802e-01 -3.101728e-01 -1.880840e-05
   outer loop
     vertex -1.001910e+00  3.141294e-01  3.987646e+00
     vertex -9.960116e-01  3.323567e-01  1.513948e+00
     vertex -9.943866e-01  3.371873e-01  3.985763e+00
   endloop
 endfacet
 facet normal  9.519344e-01 -3.063019e-01  1.270444e-05
   outer loop
     vertex -1.001910e+00  3.141294e-01  3.987646e+00
     vertex -1.002933e+00  3.108452e-01  1.518511e+00
     vertex -9.960116e-01  3.323567e-01  1.513948e+00
   endloop
 endfacet
 facet normal  9.576011e-01 -2.880973e-01 -1.385881e-05
   outer loop
     vertex -1.008918e+00  2.908324e-01  3.989413e+00
     vertex -1.002933e+00  3.108452e-01  1.518511e+00
     vertex -1.001910e+00  3.141294e-01  3.987646e+00
   endloop
 endfacet
 facet normal  9.583170e-01 -2.857072e-01  7.233519e-06
   outer loop
     vertex -1.008918e+00  2.908324e-01  3.989413e+00
     vertex -1.009414e+00  2.891076e-01  1.522799e+00
     vertex -1.002933e+00  3.108452e-01  1.518511e+00
   endloop
 endfacet
 facet normal  9.640283e-01 -2.657997e-01 -7.834409e-06
   outer loop
     vertex -1.015404e+00  2.673082e-01  3.991058e+00
     vertex -1.009414e+00  2.891076e-01  1.522799e+00
     vertex -1.008918e+00  2.908324e-01  3.989413e+00
   endloop
 endfacet
 facet normal  9.642749e-01 -2.649036e-01  6.783344e-07
   outer loop
     vertex -1.015404e+00  2.673082e-01  3.991058e+00
     vertex -1.015444e+00  2.671575e-01  1.526803e+00
     vertex -1.009414e+00  2.891076e-01  1.522799e+00
   endloop
 endfacet
 facet normal  9.697995e-01 -2.439035e-01 -6.947931e-07
   outer loop
     vertex -1.015404e+00  2.673082e-01  3.991058e+00
     vertex -1.021014e+00  2.450093e-01  1.530513e+00
     vertex -1.015444e+00  2.671575e-01  1.526803e+00
   endloop
 endfacet
 facet normal  9.699531e-01 -2.432919e-01 -6.587029e-06
   outer loop
     vertex -1.021359e+00  2.435692e-01  3.992577e+00
     vertex -1.021014e+00  2.450093e-01  1.530513e+00
     vertex -1.015404e+00  2.673082e-01  3.991058e+00
   endloop
 endfacet
 facet normal  9.748824e-01 -2.227201e-01  6.134823e-06
   outer loop
     vertex -1.021359e+00  2.435692e-01  3.992577e+00
     vertex -1.026116e+00  2.226771e-01  1.533921e+00
     vertex -1.021014e+00  2.450093e-01  1.530513e+00
   endloop
 endfacet
 facet normal  9.753676e-01 -2.205859e-01 -1.293931e-05
   outer loop
     vertex -1.026773e+00  2.196278e-01  3.993966e+00
     vertex -1.026116e+00  2.226771e-01  1.533921e+00
     vertex -1.021359e+00  2.435692e-01  3.992577e+00
   endloop
 endfacet
 facet normal  9.795155e-01 -2.013688e-01  1.198808e-05
   outer loop
     vertex -1.026773e+00  2.196278e-01  3.993966e+00
     vertex -1.030742e+00  2.001754e-01  1.537020e+00
     vertex -1.026116e+00  2.226771e-01  1.533921e+00
   endloop
 endfacet
 facet normal  9.802640e-01 -1.976929e-01 -1.832388e-05
   outer loop
     vertex -1.031640e+00  1.954967e-01  3.995220e+00
     vertex -1.030742e+00  2.001754e-01  1.537020e+00
     vertex -1.026773e+00  2.196278e-01  3.993966e+00
   endloop
 endfacet
 facet normal  9.836916e-01 -1.798633e-01  1.686325e-05
   outer loop
     vertex -1.031640e+00  1.954967e-01  3.995220e+00
     vertex -1.034885e+00  1.775190e-01  1.539801e+00
     vertex -1.030742e+00  2.001754e-01  1.537020e+00
   endloop
 endfacet
 facet normal  9.846350e-01 -1.746252e-01 -2.273460e-05
   outer loop
     vertex -1.035951e+00  1.711886e-01  3.996335e+00
     vertex -1.034885e+00  1.775190e-01  1.539801e+00
     vertex -1.031640e+00  1.954967e-01  3.995220e+00
   endloop
 endfacet
 facet normal  9.874043e-01 -1.582177e-01  2.074838e-05
   outer loop
     vertex -1.035951e+00  1.711886e-01  3.996335e+00
     vertex -1.038538e+00  1.547226e-01  1.542258e+00
     vertex -1.034885e+00  1.775190e-01  1.539801e+00
   endloop
 endfacet
 facet normal  9.884733e-01 -1.513952e-01 -2.615510e-05
   outer loop
     vertex -1.039699e+00  1.467169e-01  3.997308e+00
     vertex -1.038538e+00  1.547226e-01  1.542258e+00
     vertex -1.035951e+00  1.711886e-01  3.996335e+00
   endloop
 endfacet
 facet normal  9.906475e-01 -1.364461e-01  2.362134e-05
   outer loop
     vertex -1.039699e+00  1.467169e-01  3.997308e+00
     vertex -1.041695e+00  1.318013e-01  1.544386e+00
     vertex -1.038538e+00  1.547226e-01  1.542258e+00
   endloop
 endfacet
 facet normal  9.917722e-01 -1.280154e-01 -2.855872e-05
   outer loop
     vertex -1.042877e+00  1.220946e-01  3.998136e+00
     vertex -1.041695e+00  1.318013e-01  1.544386e+00
     vertex -1.039699e+00  1.467169e-01  3.997308e+00
   endloop
 endfacet
 facet normal  9.934160e-01 -1.145628e-01  2.544980e-05
   outer loop
     vertex -1.042877e+00  1.220946e-01  3.998136e+00
     vertex -1.044351e+00  1.087700e-01  1.546179e+00
     vertex -1.041695e+00  1.318013e-01  1.544386e+00
   endloop
 endfacet
 facet normal  9.945250e-01 -1.044986e-01 -2.990830e-05
   outer loop
     vertex -1.045479e+00  9.733533e-02  3.998816e+00
     vertex -1.044351e+00  1.087700e-01  1.546179e+00
     vertex -1.042877e+00  1.220946e-01  3.998136e+00
   endloop
 endfacet
 facet normal  9.957050e-01 -9.258218e-02  2.619103e-05
   outer loop
     vertex -1.045479e+00  9.733533e-02  3.998816e+00
     vertex -1.046501e+00  8.564405e-02  1.547632e+00
     vertex -1.044351e+00  1.087700e-01  1.546179e+00
   endloop
 endfacet
 facet normal  9.967256e-01 -8.085779e-02 -3.015599e-05
   outer loop
     vertex -1.047497e+00  7.245275e-02  3.999344e+00
     vertex -1.046501e+00  8.564405e-02  1.547632e+00
     vertex -1.045479e+00  9.733533e-02  3.998816e+00
   endloop
 endfacet
 facet normal  9.975105e-01 -7.051870e-02  2.579168e-05
   outer loop
     vertex -1.047497e+00  7.245275e-02  3.999344e+00
     vertex -1.048142e+00  6.243870e-02  1.548742e+00
     vertex -1.046501e+00  8.564405e-02  1.547632e+00
   endloop
 endfacet
 facet normal  9.988287e-01 -4.838697e-02  2.418736e-05
   outer loop
     vertex -1.048927e+00  4.746070e-02  3.999718e+00
     vertex -1.049269e+00  3.916937e-02  1.549505e+00
     vertex -1.048142e+00  6.243870e-02  1.548742e+00
   endloop
 endfacet
 facet normal  9.983681e-01 -5.710606e-02 -2.924284e-05
   outer loop
     vertex -1.048927e+00  4.746070e-02  3.999718e+00
     vertex -1.048142e+00  6.243870e-02  1.548742e+00
     vertex -1.047497e+00  7.245275e-02  3.999344e+00
   endloop
 endfacet
 facet normal  9.996083e-01 -2.798502e-02  1.249074e-05
   outer loop
     vertex -1.049731e+00  2.376694e-02  3.999929e+00
     vertex -1.049817e+00  1.959719e-02  1.549876e+00
     vertex -1.049269e+00  3.916937e-02  1.549505e+00
   endloop
 endfacet
 facet normal  9.994245e-01 -3.392022e-02 -2.485024e-05
   outer loop
     vertex -1.049731e+00  2.376694e-02  3.999929e+00
     vertex -1.049269e+00  3.916937e-02  1.549505e+00
     vertex -1.048927e+00  4.746070e-02  3.999718e+00
   endloop
 endfacet
 facet normal  9.999565e-01 -9.332381e-03  9.291228e-17
   outer loop
     vertex -1.050000e+00  9.797174e-16  4.000000e+00
     vertex -1.050000e+00  3.796405e-16  1.550000e+00
     vertex -1.049817e+00  1.959719e-02  1.549876e+00
   endloop
 endfacet
 facet normal  9.999385e-01  1.109365e-02  8.790771e-17
   outer loop
     vertex -1.050000e+00  9.797174e-16  4.000000e+00
     vertex -1.049742e+00 -2.329529e-02  1.549825e+00
     vertex -1.050000e+00  3.796405e-16  1.550000e+00
   endloop
 endfacet
 facet normal  9.999359e-01 -1.131832e-02 -1.588593e-05
   outer loop
     vertex -1.050000e+00  9.797174e-16  4.000000e+00
     vertex -1.049817e+00  1.959719e-02  1.549876e+00
     vertex -1.049731e+00  2.376694e-02  3.999929e+00
   endloop
 endfacet
 facet normal  9.999282e-01  1.198048e-02 -8.432622e-06
   outer loop
     vertex -1.049699e+00 -2.515724e-02  3.999921e+00
     vertex -1.049742e+00 -2.329529e-02  1.549825e+00
     vertex -1.050000e+00  9.797174e-16  4.000000e+00
   endloop
 endfacet
 facet normal  9.994466e-01  3.326268e-02  7.749285e-06
   outer loop
     vertex -1.049699e+00 -2.515724e-02  3.999921e+00
     vertex -1.048968e+00 -4.655249e-02  1.549301e+00
     vertex -1.049742e+00 -2.329529e-02  1.549825e+00
   endloop
 endfacet
 facet normal  9.984649e-01  5.538796e-02  1.399590e-05
   outer loop
     vertex -1.048798e+00 -5.023111e-02  3.999685e+00
     vertex -1.047680e+00 -6.975623e-02  1.548430e+00
     vertex -1.048968e+00 -4.655249e-02  1.549301e+00
   endloop
 endfacet
 facet normal  9.993553e-01  3.590183e-02 -1.531913e-05
   outer loop
     vertex -1.048798e+00 -5.023111e-02  3.999685e+00
     vertex -1.048968e+00 -4.655249e-02  1.549301e+00
     vertex -1.049699e+00 -2.515724e-02  3.999921e+00
   endloop
 endfacet
 facet normal  9.969959e-01  7.745491e-02  1.883431e-05
   outer loop
     vertex -1.047303e+00 -7.520746e-02  3.999293e+00
     vertex -1.045883e+00 -9.289118e-02  1.547214e+00
     vertex -1.047680e+00 -6.975623e-02  1.548430e+00
   endloop
 endfacet
 facet normal  9.982141e-01  5.973714e-02 -2.076117e-05
   outer loop
     vertex -1.047303e+00 -7.520746e-02  3.999293e+00
     vertex -1.047680e+00 -6.975623e-02  1.548430e+00
     vertex -1.048798e+00 -5.023111e-02  3.999685e+00
   endloop
 endfacet
 facet normal  9.950427e-01  9.944900e-02  2.234675e-05
   outer loop
     vertex -1.045220e+00 -1.000723e-01  3.998748e+00
     vertex -1.043579e+00 -1.159421e-01  1.545658e+00
     vertex -1.045883e+00 -9.289118e-02  1.547214e+00
   endloop
 endfacet
 facet normal  9.965100e-01  8.347298e-02 -2.484770e-05
   outer loop
     vertex -1.045220e+00 -1.000723e-01  3.998748e+00
     vertex -1.045883e+00 -9.289118e-02  1.547214e+00
     vertex -1.047303e+00 -7.520746e-02  3.999293e+00
   endloop
 endfacet
 facet normal  9.926091e-01  1.213558e-01  2.460380e-05
   outer loop
     vertex -1.042556e+00 -1.248120e-01  3.998052e+00
     vertex -1.040773e+00 -1.388938e-01  1.543764e+00
     vertex -1.043579e+00 -1.159421e-01  1.545658e+00
   endloop
 endfacet
 facet normal  9.942487e-01  1.070961e-01 -2.765554e-05
   outer loop
     vertex -1.042556e+00 -1.248120e-01  3.998052e+00
     vertex -1.043579e+00 -1.159421e-01  1.545658e+00
     vertex -1.045220e+00 -1.000723e-01  3.998748e+00
   endloop
 endfacet
 facet normal  9.896994e-01  1.431611e-01  2.566487e-05
   outer loop
     vertex -1.039315e+00 -1.494127e-01  3.997208e+00
     vertex -1.037470e+00 -1.617313e-01  1.541539e+00
     vertex -1.040773e+00 -1.388938e-01  1.543764e+00
   endloop
 endfacet
 facet normal  9.914360e-01  1.305933e-01 -2.924987e-05
   outer loop
     vertex -1.039315e+00 -1.494127e-01  3.997208e+00
     vertex -1.040773e+00 -1.388938e-01  1.543764e+00
     vertex -1.042556e+00 -1.248120e-01  3.998052e+00
   endloop
 endfacet
 facet normal  9.863186e-01  1.648505e-01  2.557859e-05
   outer loop
     vertex -1.035506e+00 -1.738612e-01  3.996220e+00
     vertex -1.033674e+00 -1.844397e-01  1.538987e+00
     vertex -1.037470e+00 -1.617313e-01  1.541539e+00
   endloop
 endfacet
 facet normal  9.880783e-01  1.539519e-01 -2.968467e-05
   outer loop
     vertex -1.035506e+00 -1.738612e-01  3.996220e+00
     vertex -1.037470e+00 -1.617313e-01  1.541539e+00
     vertex -1.039315e+00 -1.494127e-01  3.997208e+00
   endloop
 endfacet
 facet normal  9.824721e-01  1.864099e-01  2.438301e-05
   outer loop
     vertex -1.031135e+00 -1.981442e-01  3.995089e+00
     vertex -1.029393e+00 -2.070041e-01  1.536115e+00
     vertex -1.033674e+00 -1.844397e-01  1.538987e+00
   endloop
 endfacet
 facet normal  9.841822e-01  1.771590e-01 -2.900297e-05
   outer loop
     vertex -1.031135e+00 -1.981442e-01  3.995089e+00
     vertex -1.033674e+00 -1.844397e-01  1.538987e+00
     vertex -1.035506e+00 -1.738612e-01  3.996220e+00
   endloop
 endfacet
 facet normal  9.781659e-01  2.078255e-01  2.210581e-05
   outer loop
     vertex -1.026209e+00 -2.222486e-01  3.993821e+00
     vertex -1.024632e+00 -2.294099e-01  1.532929e+00
     vertex -1.029393e+00 -2.070041e-01  1.536115e+00
   endloop
 endfacet
 facet normal  9.797546e-01  2.002023e-01 -2.723720e-05
   outer loop
     vertex -1.026209e+00 -2.222486e-01  3.993821e+00
     vertex -1.029393e+00 -2.070041e-01  1.536115e+00
     vertex -1.031135e+00 -1.981442e-01  3.995089e+00
   endloop
 endfacet
 facet normal  9.734068e-01  2.290834e-01  1.876431e-05
   outer loop
     vertex -1.020737e+00 -2.461618e-01  3.992418e+00
     vertex -1.019400e+00 -2.516426e-01  1.529436e+00
     vertex -1.024632e+00 -2.294099e-01  1.532929e+00
   endloop
 endfacet
 facet normal  9.748026e-01  2.230692e-01 -2.440926e-05
   outer loop
     vertex -1.020737e+00 -2.461618e-01  3.992418e+00
     vertex -1.024632e+00 -2.294099e-01  1.532929e+00
     vertex -1.026209e+00 -2.222486e-01  3.993821e+00
   endloop
 endfacet
 facet normal  9.682020e-01  2.501698e-01  1.436541e-05
   outer loop
     vertex -1.014726e+00 -2.698709e-01  3.990886e+00
     vertex -1.013704e+00 -2.736879e-01  1.525646e+00
     vertex -1.019400e+00 -2.516426e-01  1.529436e+00
   endloop
 endfacet
 facet normal  9.693338e-01  2.457478e-01 -2.053066e-05
   outer loop
     vertex -1.014726e+00 -2.698709e-01  3.990886e+00
     vertex -1.019400e+00 -2.516426e-01  1.529436e+00
     vertex -1.020737e+00 -2.461618e-01  3.992418e+00
   endloop
 endfacet
 facet normal  9.633560e-01  2.682261e-01 -1.560245e-05
   outer loop
     vertex -1.008185e+00 -2.933638e-01  3.989228e+00
     vertex -1.013704e+00 -2.736879e-01  1.525646e+00
     vertex -1.014726e+00 -2.698709e-01  3.990886e+00
   endloop
 endfacet
 facet normal  9.625593e-01  2.710713e-01  8.905459e-06
   outer loop
     vertex -1.008185e+00 -2.933638e-01  3.989228e+00
     vertex -1.007552e+00 -2.955317e-01  1.521565e+00
     vertex -1.013704e+00 -2.736879e-01  1.525646e+00
   endloop
 endfacet
 facet normal  9.564872e-01  2.917744e-01  2.369978e-06
   outer loop
     vertex -1.001123e+00 -3.166281e-01  3.987449e+00
     vertex -1.000954e+00 -3.171600e-01  1.517205e+00
     vertex -1.007552e+00 -2.955317e-01  1.521565e+00
   endloop
 endfacet
 facet normal  9.499948e-01  3.122657e-01 -2.484317e-06
   outer loop
     vertex -1.001123e+00 -3.166281e-01  3.987449e+00
     vertex -9.939204e-01 -3.385591e-01  1.512573e+00
     vertex -1.000954e+00 -3.171600e-01  1.517205e+00
   endloop
 endfacet
 facet normal  9.568773e-01  2.904925e-01 -9.615140e-06
   outer loop
     vertex -1.001123e+00 -3.166281e-01  3.987449e+00
     vertex -1.007552e+00 -2.955317e-01  1.521565e+00
     vertex -1.008185e+00 -2.933638e-01  3.989228e+00
   endloop
 endfacet
 facet normal  9.430928e-01  3.325297e-01  4.730683e-06
   outer loop
     vertex -9.935474e-01 -3.396521e-01  3.985553e+00
     vertex -9.864607e-01 -3.597154e-01  1.507682e+00
     vertex -9.939204e-01 -3.385591e-01  1.512573e+00
   endloop
 endfacet
 facet normal  9.499061e-01  3.125355e-01 -5.134235e-06
   outer loop
     vertex -9.935474e-01 -3.396521e-01  3.985553e+00
     vertex -9.939204e-01 -3.385591e-01  1.512573e+00
     vertex -1.001123e+00 -3.166281e-01  3.987449e+00
   endloop
 endfacet
 facet normal  9.357906e-01  3.525563e-01  1.078788e-05
   outer loop
     vertex -9.854688e-01 -3.624240e-01  3.983547e+00
     vertex -9.785865e-01 -3.806158e-01  1.502542e+00
     vertex -9.864607e-01 -3.597154e-01  1.507682e+00
   endloop
 endfacet
 facet normal  9.424508e-01  3.343449e-01 -1.180333e-05
   outer loop
     vertex -9.854688e-01 -3.624240e-01  3.983547e+00
     vertex -9.864607e-01 -3.597154e-01  1.507682e+00
     vertex -9.935474e-01 -3.396521e-01  3.985553e+00
   endloop
 endfacet
 facet normal  9.280992e-01  3.723331e-01  1.566158e-05
   outer loop
     vertex -9.768967e-01 -3.849323e-01  3.981435e+00
     vertex -9.703096e-01 -4.012472e-01  1.497164e+00
     vertex -9.785865e-01 -3.806158e-01  1.502542e+00
   endloop
 endfacet
 facet normal  9.345207e-01  3.559087e-01 -1.731591e-05
   outer loop
     vertex -9.768967e-01 -3.849323e-01  3.981435e+00
     vertex -9.785865e-01 -3.806158e-01  1.502542e+00
     vertex -9.854688e-01 -3.624240e-01  3.983547e+00
   endloop
 endfacet
 facet normal  9.200301e-01  3.918478e-01  1.931294e-05
   outer loop
     vertex -9.678408e-01 -4.071660e-01  3.979223e+00
     vertex -9.616424e-01 -4.215969e-01  1.491562e+00
     vertex -9.703096e-01 -4.012472e-01  1.497164e+00
   endloop
 endfacet
 facet normal  9.261253e-01  3.772161e-01 -2.164051e-05
   outer loop
     vertex -9.678408e-01 -4.071660e-01  3.979223e+00
     vertex -9.703096e-01 -4.012472e-01  1.497164e+00
     vertex -9.768967e-01 -3.849323e-01  3.981435e+00
   endloop
 endfacet
 facet normal  9.115955e-01  4.110885e-01  2.168917e-05
   outer loop
     vertex -9.583116e-01 -4.291141e-01  3.976916e+00
     vertex -9.525981e-01 -4.416525e-01  1.485747e+00
     vertex -9.616424e-01 -4.215969e-01  1.491562e+00
   endloop
 endfacet
 facet normal  9.172740e-01  3.982566e-01 -2.473185e-05
   outer loop
     vertex -9.583116e-01 -4.291141e-01  3.976916e+00
     vertex -9.616424e-01 -4.215969e-01  1.491562e+00
     vertex -9.678408e-01 -4.071660e-01  3.979223e+00
   endloop
 endfacet
 facet normal  9.028072e-01  4.300455e-01  2.273169e-05
   outer loop
     vertex -9.483196e-01 -4.507659e-01  3.974520e+00
     vertex -9.431885e-01 -4.614060e-01  1.479731e+00
     vertex -9.525981e-01 -4.416525e-01  1.485747e+00
   endloop
 endfacet
 facet normal  9.079771e-01  4.190199e-01 -2.652964e-05
   outer loop
     vertex -9.483196e-01 -4.507659e-01  3.974520e+00
     vertex -9.525981e-01 -4.416525e-01  1.485747e+00
     vertex -9.583116e-01 -4.291141e-01  3.976916e+00
   endloop
 endfacet
 facet normal  8.936737e-01  4.487173e-01  2.239370e-05
   outer loop
     vertex -9.378758e-01 -4.721111e-01  3.972041e+00
     vertex -9.334194e-01 -4.808619e-01  1.473524e+00
     vertex -9.431885e-01 -4.614060e-01  1.479731e+00
   endloop
 endfacet
 facet normal  8.982446e-01  4.394959e-01 -2.695787e-05
   outer loop
     vertex -9.378758e-01 -4.721111e-01  3.972041e+00
     vertex -9.431885e-01 -4.614060e-01  1.479731e+00
     vertex -9.483196e-01 -4.507659e-01  3.974520e+00
   endloop
 endfacet
 facet normal  8.842017e-01  4.671053e-01  2.060830e-05
   outer loop
     vertex -9.269915e-01 -4.931397e-01  3.969485e+00
     vertex -9.232993e-01 -5.000184e-01  1.467134e+00
     vertex -9.334194e-01 -4.808619e-01  1.473524e+00
   endloop
 endfacet
 facet normal  8.880872e-01  4.596750e-01 -2.594844e-05
   outer loop
     vertex -9.269915e-01 -4.931397e-01  3.969485e+00
     vertex -9.334194e-01 -4.808619e-01  1.473524e+00
     vertex -9.378758e-01 -4.721111e-01  3.972041e+00
   endloop
 endfacet
 facet normal  8.775158e-01  4.795477e-01 -2.345945e-05
   outer loop
     vertex -9.156782e-01 -5.138419e-01  3.966859e+00
     vertex -9.232993e-01 -5.000184e-01  1.467134e+00
     vertex -9.269915e-01 -4.931397e-01  3.969485e+00
   endloop
 endfacet
 facet normal  8.743989e-01  4.852077e-01  1.734317e-05
   outer loop
     vertex -9.156782e-01 -5.138419e-01  3.966859e+00
     vertex -9.128363e-01 -5.188737e-01  1.460572e+00
     vertex -9.232993e-01 -5.000184e-01  1.467134e+00
   endloop
 endfacet
 facet normal  8.642733e-01  5.030226e-01  1.258384e-05
   outer loop
     vertex -9.039478e-01 -5.342081e-01  3.964167e+00
     vertex -9.020386e-01 -5.374256e-01  1.453848e+00
     vertex -9.128363e-01 -5.188737e-01  1.460572e+00
   endloop
 endfacet
 facet normal  8.665417e-01  4.991047e-01 -1.946671e-05
   outer loop
     vertex -9.039478e-01 -5.342081e-01  3.964167e+00
     vertex -9.128363e-01 -5.188737e-01  1.460572e+00
     vertex -9.156782e-01 -5.138419e-01  3.966859e+00
   endloop
 endfacet
 facet normal  8.551763e-01  5.183373e-01 -1.396369e-05
   outer loop
     vertex -8.918126e-01 -5.542294e-01  3.961418e+00
     vertex -9.020386e-01 -5.374256e-01  1.453848e+00
     vertex -9.039478e-01 -5.342081e-01  3.964167e+00
   endloop
 endfacet
 facet normal  8.538323e-01  5.205482e-01  6.333252e-06
   outer loop
     vertex -8.918126e-01 -5.542294e-01  3.961418e+00
     vertex -8.909141e-01 -5.556726e-01  1.446972e+00
     vertex -9.020386e-01 -5.374256e-01  1.453848e+00
   endloop
 endfacet
 facet normal  8.434314e-01  5.372369e-01 -6.961769e-06
   outer loop
     vertex -8.792852e-01 -5.738968e-01  3.958616e+00
     vertex -8.909141e-01 -5.556726e-01  1.446972e+00
     vertex -8.918126e-01 -5.542294e-01  3.961418e+00
   endloop
 endfacet
 facet normal  8.430833e-01  5.377830e-01 -1.387607e-06
   outer loop
     vertex -8.792852e-01 -5.738968e-01  3.958616e+00
     vertex -8.794705e-01 -5.736128e-01  1.439954e+00
     vertex -8.909141e-01 -5.556726e-01  1.446972e+00
   endloop
 endfacet
 facet normal  8.320358e-01  5.547219e-01  1.335782e-06
   outer loop
     vertex -8.792852e-01 -5.738968e-01  3.958616e+00
     vertex -8.677153e-01 -5.912446e-01  1.432805e+00
     vertex -8.794705e-01 -5.736128e-01  1.439954e+00
   endloop
 endfacet
 facet normal  8.313185e-01  5.557963e-01 -9.329438e-06
   outer loop
     vertex -8.663783e-01 -5.932019e-01  3.955769e+00
     vertex -8.677153e-01 -5.912446e-01  1.432805e+00
     vertex -8.792852e-01 -5.738968e-01  3.958616e+00
   endloop
 endfacet
 facet normal  8.206960e-01  5.713652e-01  8.377919e-06
   outer loop
     vertex -8.663783e-01 -5.932019e-01  3.955769e+00
     vertex -8.556557e-01 -6.085666e-01  1.425534e+00
     vertex -8.677153e-01 -5.912446e-01  1.432805e+00
   endloop
 endfacet
 facet normal  8.188503e-01  5.740072e-01 -1.548704e-05
   outer loop
     vertex -8.531053e-01 -6.121366e-01  3.952884e+00
     vertex -8.556557e-01 -6.085666e-01  1.425534e+00
     vertex -8.663783e-01 -5.932019e-01  3.955769e+00
   endloop
 endfacet
 facet normal  8.090694e-01  5.877131e-01  1.374330e-05
   outer loop
     vertex -8.531053e-01 -6.121366e-01  3.952884e+00
     vertex -8.432989e-01 -6.255774e-01  1.418151e+00
     vertex -8.556557e-01 -6.085666e-01  1.425534e+00
   endloop
 endfacet
 facet normal  8.060398e-01  5.918613e-01 -1.997385e-05
   outer loop
     vertex -8.394797e-01 -6.306932e-01  3.949965e+00
     vertex -8.432989e-01 -6.255774e-01  1.418151e+00
     vertex -8.531053e-01 -6.121366e-01  3.952884e+00
   endloop
 endfacet
 facet normal  7.971628e-01  6.037645e-01  1.746852e-05
   outer loop
     vertex -8.394797e-01 -6.306932e-01  3.949965e+00
     vertex -8.306517e-01 -6.422755e-01  1.410667e+00
     vertex -8.432989e-01 -6.255774e-01  1.418151e+00
   endloop
 endfacet
 facet normal  7.929002e-01  6.093515e-01 -2.283449e-05
   outer loop
     vertex -8.255152e-01 -6.488641e-01  3.947021e+00
     vertex -8.306517e-01 -6.422755e-01  1.410667e+00
     vertex -8.394797e-01 -6.306932e-01  3.949965e+00
   endloop
 endfacet
 facet normal  7.849825e-01  6.195179e-01  1.960872e-05
   outer loop
     vertex -8.255152e-01 -6.488641e-01  3.947021e+00
     vertex -8.177209e-01 -6.586597e-01  1.403092e+00
     vertex -8.306517e-01 -6.422755e-01  1.410667e+00
   endloop
 endfacet
 facet normal  7.725349e-01  6.349723e-01  2.023724e-05
   outer loop
     vertex -8.112261e-01 -6.666424e-01  3.944057e+00
     vertex -8.045130e-01 -6.747288e-01  1.395436e+00
     vertex -8.177209e-01 -6.586597e-01  1.403092e+00
   endloop
 endfacet
 facet normal  7.794447e-01  6.264710e-01 -2.413194e-05
   outer loop
     vertex -8.112261e-01 -6.666424e-01  3.944057e+00
     vertex -8.177209e-01 -6.586597e-01  1.403092e+00
     vertex -8.255152e-01 -6.488641e-01  3.947021e+00
   endloop
 endfacet
 facet normal  7.598261e-01  6.501263e-01  1.944521e-05
   outer loop
     vertex -7.966269e-01 -6.840216e-01  3.941080e+00
     vertex -7.910343e-01 -6.904815e-01  1.387709e+00
     vertex -8.045130e-01 -6.747288e-01  1.395436e+00
   endloop
 endfacet
 facet normal  7.656871e-01  6.432132e-01 -2.394732e-05
   outer loop
     vertex -7.966269e-01 -6.840216e-01  3.941080e+00
     vertex -8.045130e-01 -6.747288e-01  1.395436e+00
     vertex -8.112261e-01 -6.666424e-01  3.944057e+00
   endloop
 endfacet
 facet normal  7.468621e-01  6.649790e-01  1.734088e-05
   outer loop
     vertex -7.817325e-01 -7.009953e-01  3.938097e+00
     vertex -7.772911e-01 -7.059169e-01  1.379921e+00
     vertex -7.910343e-01 -6.904815e-01  1.387709e+00
   endloop
 endfacet
 facet normal  7.516413e-01  6.595721e-01 -2.237951e-05
   outer loop
     vertex -7.817325e-01 -7.009953e-01  3.938097e+00
     vertex -7.910343e-01 -6.904815e-01  1.387709e+00
     vertex -7.966269e-01 -6.840216e-01  3.941080e+00
   endloop
 endfacet
 facet normal  7.336485e-01  6.795291e-01  1.404901e-05
   outer loop
     vertex -7.665578e-01 -7.175577e-01  3.935113e+00
     vertex -7.632893e-01 -7.210336e-01  1.372083e+00
     vertex -7.772911e-01 -7.059169e-01  1.379921e+00
   endloop
 endfacet
 facet normal  7.373216e-01  6.755419e-01 -1.954457e-05
   outer loop
     vertex -7.665578e-01 -7.175577e-01  3.935113e+00
     vertex -7.772911e-01 -7.059169e-01  1.379921e+00
     vertex -7.817325e-01 -7.009953e-01  3.938097e+00
   endloop
 endfacet
 facet normal  7.201912e-01  6.937756e-01  9.709955e-06
   outer loop
     vertex -7.511186e-01 -7.337036e-01  3.932134e+00
     vertex -7.490347e-01 -7.358308e-01  1.364204e+00
     vertex -7.632893e-01 -7.210336e-01  1.372083e+00
   endloop
 endfacet
 facet normal  7.227425e-01  6.911174e-01 -1.557501e-05
   outer loop
     vertex -7.511186e-01 -7.337036e-01  3.932134e+00
     vertex -7.632893e-01 -7.210336e-01  1.372083e+00
     vertex -7.665578e-01 -7.175577e-01  3.935113e+00
   endloop
 endfacet
 facet normal  7.064956e-01  7.077175e-01  4.478763e-06
   outer loop
     vertex -7.354304e-01 -7.494279e-01  3.929168e+00
     vertex -7.345330e-01 -7.503074e-01  1.356296e+00
     vertex -7.490347e-01 -7.358308e-01  1.364204e+00
   endloop
 endfacet
 facet normal  7.079190e-01  7.062936e-01 -1.061879e-05
   outer loop
     vertex -7.354304e-01 -7.494279e-01  3.929168e+00
     vertex -7.490347e-01 -7.358308e-01  1.364204e+00
     vertex -7.511186e-01 -7.337036e-01  3.932134e+00
   endloop
 endfacet
 facet normal  6.925670e-01  7.213536e-01 -1.475925e-06
   outer loop
     vertex -7.195095e-01 -7.647262e-01  3.926219e+00
     vertex -7.197897e-01 -7.644624e-01  1.348368e+00
     vertex -7.345330e-01 -7.503074e-01  1.356296e+00
   endloop
 endfacet
 facet normal  6.784133e-01  7.346805e-01  1.426866e-06
   outer loop
     vertex -7.195095e-01 -7.647262e-01  3.926219e+00
     vertex -7.048102e-01 -7.782947e-01  1.340432e+00
     vertex -7.197897e-01 -7.644624e-01  1.348368e+00
   endloop
 endfacet
 facet normal  6.928662e-01  7.210661e-01 -4.838107e-06
   outer loop
     vertex -7.195095e-01 -7.647262e-01  3.926219e+00
     vertex -7.345330e-01 -7.503074e-01  1.356296e+00
     vertex -7.354304e-01 -7.494279e-01  3.929168e+00
   endloop
 endfacet
 facet normal  6.640378e-01  7.476990e-01  6.578951e-06
   outer loop
     vertex -7.033722e-01 -7.795945e-01  3.923294e+00
     vertex -6.895995e-01 -7.918033e-01  1.332497e+00
     vertex -7.048102e-01 -7.782947e-01  1.340432e+00
   endloop
 endfacet
 facet normal  6.775989e-01  7.354317e-01 -7.144417e-06
   outer loop
     vertex -7.033722e-01 -7.795945e-01  3.923294e+00
     vertex -7.048102e-01 -7.782947e-01  1.340432e+00
     vertex -7.195095e-01 -7.647262e-01  3.926219e+00
   endloop
 endfacet
 facet normal  6.494442e-01  7.604092e-01  1.057597e-05
   outer loop
     vertex -6.870304e-01 -7.940336e-01  3.920397e+00
     vertex -6.741628e-01 -8.049873e-01  1.324574e+00
     vertex -6.895995e-01 -7.918033e-01  1.332497e+00
   endloop
 endfacet
 facet normal  6.621310e-01  7.493881e-01 -1.151706e-05
   outer loop
     vertex -6.870304e-01 -7.940336e-01  3.920397e+00
     vertex -6.895995e-01 -7.918033e-01  1.332497e+00
     vertex -7.033722e-01 -7.795945e-01  3.923294e+00
   endloop
 endfacet
 facet normal  6.346374e-01  7.728100e-01  1.365991e-05
   outer loop
     vertex -6.704600e-01 -8.080739e-01  3.917527e+00
     vertex -6.585048e-01 -8.178456e-01  1.316673e+00
     vertex -6.741628e-01 -8.049873e-01  1.324574e+00
   endloop
 endfacet
 facet normal  6.464570e-01  7.629505e-01 -1.495533e-05
   outer loop
     vertex -6.704600e-01 -8.080739e-01  3.917527e+00
     vertex -6.741628e-01 -8.049873e-01  1.324574e+00
     vertex -6.870304e-01 -7.940336e-01  3.920397e+00
   endloop
 endfacet
 facet normal  6.196218e-01  7.849005e-01  1.592482e-05
   outer loop
     vertex -6.536622e-01 -8.217212e-01  3.914687e+00
     vertex -6.426302e-01 -8.303773e-01  1.308806e+00
     vertex -6.585048e-01 -8.178456e-01  1.316673e+00
   endloop
 endfacet
 facet normal  6.305660e-01  7.761357e-01 -1.754974e-05
   outer loop
     vertex -6.536622e-01 -8.217212e-01  3.914687e+00
     vertex -6.585048e-01 -8.178456e-01  1.316673e+00
     vertex -6.704600e-01 -8.080739e-01  3.917527e+00
   endloop
 endfacet
 facet normal  6.043988e-01  7.966819e-01  1.744550e-05
   outer loop
     vertex -6.366453e-01 -8.349747e-01  3.911882e+00
     vertex -6.265372e-01 -8.425860e-01  1.300980e+00
     vertex -6.426302e-01 -8.303773e-01  1.308806e+00
   endloop
 endfacet
 facet normal  6.144624e-01  7.889461e-01 -1.935540e-05
   outer loop
     vertex -6.366453e-01 -8.349747e-01  3.911882e+00
     vertex -6.426302e-01 -8.303773e-01  1.308806e+00
     vertex -6.536622e-01 -8.217212e-01  3.914687e+00
   endloop
 endfacet
 facet normal  5.889679e-01  8.081564e-01  1.828059e-05
   outer loop
     vertex -6.194173e-01 -8.478338e-01  3.909115e+00
     vertex -6.102264e-01 -8.544728e-01  1.293204e+00
     vertex -6.265372e-01 -8.425860e-01  1.300980e+00
   endloop
 endfacet
 facet normal  5.981542e-01  8.013811e-01 -2.042944e-05
   outer loop
     vertex -6.194173e-01 -8.478338e-01  3.909115e+00
     vertex -6.265372e-01 -8.425860e-01  1.300980e+00
     vertex -6.366453e-01 -8.349747e-01  3.911882e+00
   endloop
 endfacet
 facet normal  5.733315e-01  8.193235e-01  1.849794e-05
   outer loop
     vertex -6.019861e-01 -8.602980e-01  3.906391e+00
     vertex -5.937021e-01 -8.660357e-01  1.285489e+00
     vertex -6.102264e-01 -8.544728e-01  1.293204e+00
   endloop
 endfacet
 facet normal  5.816488e-01  8.134401e-01 -2.084437e-05
   outer loop
     vertex -6.019861e-01 -8.602980e-01  3.906391e+00
     vertex -6.102264e-01 -8.544728e-01  1.293204e+00
     vertex -6.194173e-01 -8.478338e-01  3.909115e+00
   endloop
 endfacet
 facet normal  5.574934e-01  8.301813e-01  1.817447e-05
   outer loop
     vertex -5.843597e-01 -8.723667e-01  3.903713e+00
     vertex -5.769683e-01 -8.772728e-01  1.277847e+00
     vertex -5.937021e-01 -8.660357e-01  1.285489e+00
   endloop
 endfacet
 facet normal  5.649537e-01  8.251226e-01 -2.067762e-05
   outer loop
     vertex -5.843597e-01 -8.723667e-01  3.903713e+00
     vertex -5.937021e-01 -8.660357e-01  1.285489e+00
     vertex -6.019861e-01 -8.602980e-01  3.906391e+00
   endloop
 endfacet
 facet normal  5.414577e-01  8.407280e-01  1.738432e-05
   outer loop
     vertex -5.665458e-01 -8.840395e-01  3.901086e+00
     vertex -5.600290e-01 -8.881821e-01  1.270288e+00
     vertex -5.769683e-01 -8.772728e-01  1.277847e+00
   endloop
 endfacet
 facet normal  5.480765e-01  8.364282e-01 -2.000453e-05
   outer loop
     vertex -5.665458e-01 -8.840395e-01  3.901086e+00
     vertex -5.769683e-01 -8.772728e-01  1.277847e+00
     vertex -5.843597e-01 -8.723667e-01  3.903713e+00
   endloop
 endfacet
 facet normal  5.310242e-01  8.473566e-01 -1.889813e-05
   outer loop
     vertex -5.485519e-01 -8.953161e-01  3.898514e+00
     vertex -5.600290e-01 -8.881821e-01  1.270288e+00
     vertex -5.665458e-01 -8.840395e-01  3.901086e+00
   endloop
 endfacet
 facet normal  5.252279e-01  8.509616e-01  1.619897e-05
   outer loop
     vertex -5.485519e-01 -8.953161e-01  3.898514e+00
     vertex -5.428882e-01 -8.987616e-01  1.262825e+00
     vertex -5.600290e-01 -8.881821e-01  1.270288e+00
   endloop
 endfacet
 facet normal  5.138042e-01  8.579075e-01 -1.742895e-05
   outer loop
     vertex -5.303855e-01 -9.061960e-01  3.895999e+00
     vertex -5.428882e-01 -8.987616e-01  1.262825e+00
     vertex -5.485519e-01 -8.953161e-01  3.898514e+00
   endloop
 endfacet
 facet normal  5.088079e-01  8.608801e-01  1.468737e-05
   outer loop
     vertex -5.303855e-01 -9.061960e-01  3.895999e+00
     vertex -5.255495e-01 -9.090092e-01  1.255469e+00
     vertex -5.428882e-01 -8.987616e-01  1.262825e+00
   endloop
 endfacet
 facet normal  4.964235e-01  8.680805e-01 -1.566504e-05
   outer loop
     vertex -5.120540e-01 -9.166792e-01  3.893546e+00
     vertex -5.255495e-01 -9.090092e-01  1.255469e+00
     vertex -5.303855e-01 -9.061960e-01  3.895999e+00
   endloop
 endfacet
 facet normal  4.922011e-01  8.704815e-01  1.291601e-05
   outer loop
     vertex -5.120540e-01 -9.166792e-01  3.893546e+00
     vertex -5.080167e-01 -9.189227e-01  1.248231e+00
     vertex -5.255495e-01 -9.090092e-01  1.255469e+00
   endloop
 endfacet
 facet normal  4.788889e-01  8.778755e-01 -1.367186e-05
   outer loop
     vertex -4.935646e-01 -9.267653e-01  3.891157e+00
     vertex -5.080167e-01 -9.189227e-01  1.248231e+00
     vertex -5.120540e-01 -9.166792e-01  3.893546e+00
   endloop
 endfacet
 facet normal  4.754111e-01  8.797638e-01  1.094888e-05
   outer loop
     vertex -4.935646e-01 -9.267653e-01  3.891157e+00
     vertex -4.902934e-01 -9.285001e-01  1.241124e+00
     vertex -5.080167e-01 -9.189227e-01  1.248231e+00
   endloop
 endfacet
 facet normal  4.612074e-01  8.872924e-01 -1.151230e-05
   outer loop
     vertex -4.749245e-01 -9.364543e-01  3.888837e+00
     vertex -4.902934e-01 -9.285001e-01  1.241124e+00
     vertex -4.935646e-01 -9.267653e-01  3.891157e+00
   endloop
 endfacet
 facet normal  4.584412e-01  8.887247e-01  8.847427e-06
   outer loop
     vertex -4.749245e-01 -9.364543e-01  3.888837e+00
     vertex -4.723831e-01 -9.377389e-01  1.234158e+00
     vertex -4.902934e-01 -9.285001e-01  1.241124e+00
   endloop
 endfacet
 facet normal  4.433857e-01  8.963309e-01 -9.246671e-06
   outer loop
     vertex -4.561408e-01 -9.457461e-01  3.886588e+00
     vertex -4.723831e-01 -9.377389e-01  1.234158e+00
     vertex -4.749245e-01 -9.364543e-01  3.888837e+00
   endloop
 endfacet
 facet normal  4.412948e-01  8.973622e-01  6.670564e-06
   outer loop
     vertex -4.561408e-01 -9.457461e-01  3.886588e+00
     vertex -4.542890e-01 -9.466370e-01  1.227346e+00
     vertex -4.723831e-01 -9.377389e-01  1.234158e+00
   endloop
 endfacet
 facet normal  4.254304e-01  9.049911e-01 -6.932620e-06
   outer loop
     vertex -4.372202e-01 -9.546405e-01  3.884413e+00
     vertex -4.542890e-01 -9.466370e-01  1.227346e+00
     vertex -4.561408e-01 -9.457461e-01  3.886588e+00
   endloop
 endfacet
 facet normal  4.239749e-01  9.056739e-01  4.474562e-06
   outer loop
     vertex -4.372202e-01 -9.546405e-01  3.884413e+00
     vertex -4.360144e-01 -9.551918e-01  1.220700e+00
     vertex -4.542890e-01 -9.466370e-01  1.227346e+00
   endloop
 endfacet
 facet normal  4.073482e-01  9.132729e-01 -4.625123e-06
   outer loop
     vertex -4.181698e-01 -9.631376e-01  3.882315e+00
     vertex -4.360144e-01 -9.551918e-01  1.220700e+00
     vertex -4.372202e-01 -9.546405e-01  3.884413e+00
   endloop
 endfacet
 facet normal  4.064846e-01  9.136576e-01  2.313002e-06
   outer loop
     vertex -4.181698e-01 -9.631376e-01  3.882315e+00
     vertex -4.175624e-01 -9.634011e-01  1.214232e+00
     vertex -4.360144e-01 -9.551918e-01  1.220700e+00
   endloop
 endfacet
 facet normal  3.891454e-01  9.211764e-01 -2.376362e-06
   outer loop
     vertex -3.989961e-01 -9.712374e-01  3.880296e+00
     vertex -4.175624e-01 -9.634011e-01  1.214232e+00
     vertex -4.181698e-01 -9.631376e-01  3.882315e+00
   endloop
 endfacet
 facet normal  3.888269e-01  9.213108e-01  2.366920e-07
   outer loop
     vertex -3.989961e-01 -9.712374e-01  3.880296e+00
     vertex -3.989361e-01 -9.712621e-01  1.207953e+00
     vertex -4.175624e-01 -9.634011e-01  1.214232e+00
   endloop
 endfacet
 facet normal  3.708284e-01  9.287014e-01 -2.355959e-07
   outer loop
     vertex -3.797059e-01 -9.789400e-01  3.878360e+00
     vertex -3.989361e-01 -9.712621e-01  1.207953e+00
     vertex -3.989961e-01 -9.712374e-01  3.880296e+00
   endloop
 endfacet
 facet normal  3.710046e-01  9.286310e-01 -1.706444e-06
   outer loop
     vertex -3.797059e-01 -9.789400e-01  3.878360e+00
     vertex -3.801383e-01 -9.787721e-01  1.201876e+00
     vertex -3.989361e-01 -9.712621e-01  1.207953e+00
   endloop
 endfacet
 facet normal  3.530216e-01  9.356152e-01  1.636563e-06
   outer loop
     vertex -3.797059e-01 -9.789400e-01  3.878360e+00
     vertex -3.611716e-01 -9.859285e-01  1.196012e+00
     vertex -3.801383e-01 -9.787721e-01  1.201876e+00
   endloop
 endfacet
 facet normal  3.524031e-01  9.358483e-01 -3.244630e-06
   outer loop
     vertex -3.603056e-01 -9.862453e-01  3.876509e+00
     vertex -3.611716e-01 -9.859285e-01  1.196012e+00
     vertex -3.797059e-01 -9.789400e-01  3.878360e+00
   endloop
 endfacet
 facet normal  3.348786e-01  9.422613e-01  3.175039e-06
   outer loop
     vertex -3.603056e-01 -9.862453e-01  3.876509e+00
     vertex -3.420388e-01 -9.927283e-01  1.190374e+00
     vertex -3.611716e-01 -9.859285e-01  1.196012e+00
   endloop
 endfacet
 facet normal  3.338763e-01  9.426169e-01 -4.499662e-06
   outer loop
     vertex -3.408018e-01 -9.931536e-01  3.874745e+00
     vertex -3.420388e-01 -9.927283e-01  1.190374e+00
     vertex -3.603056e-01 -9.862453e-01  3.876509e+00
   endloop
 endfacet
 facet normal  3.165784e-01  9.485664e-01  4.414273e-06
   outer loop
     vertex -3.408018e-01 -9.931536e-01  3.874745e+00
     vertex -3.227423e-01 -9.991684e-01  1.184974e+00
     vertex -3.420388e-01 -9.927283e-01  1.190374e+00
   endloop
 endfacet
 facet normal  3.152539e-01  9.490074e-01 -5.464852e-06
   outer loop
     vertex -3.212007e-01 -9.996650e-01  3.873070e+00
     vertex -3.227423e-01 -9.991684e-01  1.184974e+00
     vertex -3.408018e-01 -9.931536e-01  3.874745e+00
   endloop
 endfacet
 facet normal  2.981222e-01  9.545277e-01  5.379404e-06
   outer loop
     vertex -3.212007e-01 -9.996650e-01  3.873070e+00
     vertex -3.032822e-01 -1.005246e+00  1.179822e+00
     vertex -3.227423e-01 -9.991684e-01  1.184974e+00
   endloop
 endfacet
 facet normal  2.965420e-01  9.550198e-01 -6.153860e-06
   outer loop
     vertex -3.015087e-01 -1.005780e+00  3.871486e+00
     vertex -3.032822e-01 -1.005246e+00  1.179822e+00
     vertex -3.212007e-01 -9.996650e-01  3.873070e+00
   endloop
 endfacet
 facet normal  2.795116e-01  9.601423e-01  6.081975e-06
   outer loop
     vertex -3.015087e-01 -1.005780e+00  3.871486e+00
     vertex -2.836615e-01 -1.010958e+00  1.174931e+00
     vertex -3.032822e-01 -1.005246e+00  1.179822e+00
   endloop
 endfacet
 facet normal  2.777465e-01  9.606544e-01 -6.584044e-06
   outer loop
     vertex -2.817320e-01 -1.011497e+00  3.869996e+00
     vertex -2.836615e-01 -1.010958e+00  1.174931e+00
     vertex -3.015087e-01 -1.005780e+00  3.871486e+00
   endloop
 endfacet
 facet normal  2.607534e-01  9.654054e-01  6.532891e-06
   outer loop
     vertex -2.817320e-01 -1.011497e+00  3.869996e+00
     vertex -2.638917e-01 -1.016298e+00  1.170316e+00
     vertex -2.836615e-01 -1.010958e+00  1.174931e+00
   endloop
 endfacet
 facet normal  2.588732e-01  9.659113e-01 -6.791866e-06
   outer loop
     vertex -2.618766e-01 -1.016819e+00  3.868602e+00
     vertex -2.638917e-01 -1.016298e+00  1.170316e+00
     vertex -2.817320e-01 -1.011497e+00  3.869996e+00
   endloop
 endfacet
 facet normal  2.418585e-01  9.703115e-01  6.764112e-06
   outer loop
     vertex -2.618766e-01 -1.016819e+00  3.868602e+00
     vertex -2.439840e-01 -1.021260e+00  1.165988e+00
     vertex -2.638917e-01 -1.016298e+00  1.170316e+00
   endloop
 endfacet
 facet normal  2.399279e-01  9.707907e-01 -6.804610e-06
   outer loop
     vertex -2.419487e-01 -1.021744e+00  3.867304e+00
     vertex -2.439840e-01 -1.021260e+00  1.165988e+00
     vertex -2.618766e-01 -1.016819e+00  3.868602e+00
   endloop
 endfacet
 facet normal  2.228375e-01  9.748556e-01  6.800641e-06
   outer loop
     vertex -2.419487e-01 -1.021744e+00  3.867304e+00
     vertex -2.239495e-01 -1.025839e+00  1.161961e+00
     vertex -2.439840e-01 -1.021260e+00  1.165988e+00
   endloop
 endfacet
 facet normal  2.037006e-01  9.790332e-01  6.661044e-06
   outer loop
     vertex -2.219541e-01 -1.026273e+00  3.866104e+00
     vertex -2.037988e-01 -1.030032e+00  1.158246e+00
     vertex -2.239495e-01 -1.025839e+00  1.161961e+00
   endloop
 endfacet
 facet normal  2.209164e-01  9.752927e-01 -6.642175e-06
   outer loop
     vertex -2.219541e-01 -1.026273e+00  3.866104e+00
     vertex -2.239495e-01 -1.025839e+00  1.161961e+00
     vertex -2.419487e-01 -1.021744e+00  3.867304e+00
   endloop
 endfacet
 facet normal  1.844581e-01  9.828404e-01  6.358634e-06
   outer loop
     vertex -2.018988e-01 -1.030406e+00  3.865005e+00
     vertex -1.835425e-01 -1.033834e+00  1.154854e+00
     vertex -2.037988e-01 -1.030032e+00  1.158246e+00
   endloop
 endfacet
 facet normal  2.018443e-01  9.794176e-01 -6.319003e-06
   outer loop
     vertex -2.018988e-01 -1.030406e+00  3.865005e+00
     vertex -2.037988e-01 -1.030032e+00  1.158246e+00
     vertex -2.219541e-01 -1.026273e+00  3.866104e+00
   endloop
 endfacet
 facet normal  1.651197e-01  9.862735e-01  5.902555e-06
   outer loop
     vertex -1.817885e-01 -1.034144e+00  3.864007e+00
     vertex -1.631905e-01 -1.037241e+00  1.151795e+00
     vertex -1.835425e-01 -1.033834e+00  1.154854e+00
   endloop
 endfacet
 facet normal  1.827170e-01  9.831655e-01 -5.845514e-06
   outer loop
     vertex -1.817885e-01 -1.034144e+00  3.864007e+00
     vertex -1.835425e-01 -1.033834e+00  1.154854e+00
     vertex -2.018988e-01 -1.030406e+00  3.865005e+00
   endloop
 endfacet
 facet normal  1.456949e-01  9.893296e-01  5.298766e-06
   outer loop
     vertex -1.616292e-01 -1.037485e+00  3.863111e+00
     vertex -1.427527e-01 -1.040251e+00  1.149077e+00
     vertex -1.631905e-01 -1.037241e+00  1.151795e+00
   endloop
 endfacet
 facet normal  1.635402e-01  9.865367e-01 -5.229144e-06
   outer loop
     vertex -1.616292e-01 -1.037485e+00  3.863111e+00
     vertex -1.631905e-01 -1.037241e+00  1.151795e+00
     vertex -1.817885e-01 -1.034144e+00  3.864007e+00
   endloop
 endfacet
 facet normal  1.261930e-01  9.920057e-01  4.550924e-06
   outer loop
     vertex -1.414263e-01 -1.040432e+00  3.862318e+00
     vertex -1.222387e-01 -1.042860e+00  1.146709e+00
     vertex -1.427527e-01 -1.040251e+00  1.149077e+00
   endloop
 endfacet
 facet normal  1.443192e-01  9.895312e-01 -4.475097e-06
   outer loop
     vertex -1.414263e-01 -1.040432e+00  3.862318e+00
     vertex -1.427527e-01 -1.040251e+00  1.149077e+00
     vertex -1.616292e-01 -1.037485e+00  3.863111e+00
   endloop
 endfacet
 facet normal  1.066230e-01  9.942995e-01  3.661151e-06
   outer loop
     vertex -1.211857e-01 -1.042983e+00  3.861630e+00
     vertex -1.016579e-01 -1.045067e+00  1.144698e+00
     vertex -1.222387e-01 -1.042860e+00  1.146709e+00
   endloop
 endfacet
 facet normal  1.250594e-01  9.921493e-01 -3.586874e-06
   outer loop
     vertex -1.211857e-01 -1.042983e+00  3.861630e+00
     vertex -1.222387e-01 -1.042860e+00  1.146709e+00
     vertex -1.414263e-01 -1.040432e+00  3.862318e+00
   endloop
 endfacet
 facet normal  8.699370e-02  9.962089e-01  2.630700e-06
   outer loop
     vertex -1.009129e-01 -1.045140e+00  3.861047e+00
     vertex -8.101943e-02 -1.046870e+00  1.143050e+00
     vertex -1.016579e-01 -1.045067e+00  1.144698e+00
   endloop
 endfacet
 facet normal  1.057663e-01  9.943910e-01 -2.566660e-06
   outer loop
     vertex -1.009129e-01 -1.045140e+00  3.861047e+00
     vertex -1.016579e-01 -1.045067e+00  1.144698e+00
     vertex -1.211857e-01 -1.042983e+00  3.861630e+00
   endloop
 endfacet
 facet normal  6.731372e-02  9.977319e-01  1.460507e-06
   outer loop
     vertex -8.061331e-02 -1.046901e+00  3.860570e+00
     vertex -6.033221e-02 -1.048265e+00  1.141771e+00
     vertex -8.101943e-02 -1.046870e+00  1.143050e+00
   endloop
 endfacet
 facet normal  8.644501e-02  9.962566e-01 -1.415626e-06
   outer loop
     vertex -8.061331e-02 -1.046901e+00  3.860570e+00
     vertex -8.101943e-02 -1.046870e+00  1.143050e+00
     vertex -1.009129e-01 -1.045140e+00  3.861047e+00
   endloop
 endfacet
 facet normal  6.710091e-02  9.977462e-01 -1.341805e-07
   outer loop
     vertex -6.029252e-02 -1.048268e+00  3.860199e+00
     vertex -6.033221e-02 -1.048265e+00  1.141771e+00
     vertex -8.061331e-02 -1.046901e+00  3.860570e+00
   endloop
 endfacet
 facet normal  4.773919e-02  9.988598e-01  1.494801e-07
   outer loop
     vertex -3.995593e-02 -1.049240e+00  3.859935e+00
     vertex -6.033221e-02 -1.048265e+00  1.141771e+00
     vertex -6.029252e-02 -1.048268e+00  3.860199e+00
   endloop
 endfacet
 facet normal  4.759156e-02  9.988669e-01  1.258694e-06
   outer loop
     vertex -3.995593e-02 -1.049240e+00  3.859935e+00
     vertex -3.960505e-02 -1.049253e+00  1.140863e+00
     vertex -6.033221e-02 -1.048265e+00  1.141771e+00
   endloop
 endfacet
 facet normal  2.836510e-02  9.995976e-01 -1.225909e-06
   outer loop
     vertex -1.960891e-02 -1.049817e+00  3.859778e+00
     vertex -3.960505e-02 -1.049253e+00  1.140863e+00
     vertex -3.995593e-02 -1.049240e+00  3.859935e+00
   endloop
 endfacet
 facet normal  2.783550e-02  9.996125e-01  2.672080e-06
   outer loop
     vertex -1.960891e-02 -1.049817e+00  3.859778e+00
     vertex -1.884658e-02 -1.049831e+00  1.140331e+00
     vertex -3.960505e-02 -1.049253e+00  1.140863e+00
   endloop
 endfacet
 facet normal  8.983878e-03  9.999596e-01 -2.614290e-06
   outer loop
     vertex  7.432006e-04 -1.050000e+00  3.859728e+00
     vertex -1.884658e-02 -1.049831e+00  1.140331e+00
     vertex -1.960891e-02 -1.049817e+00  3.859778e+00
   endloop
 endfacet
 facet normal  8.053715e-03  9.999676e-01  4.086838e-06
   outer loop
     vertex  7.432006e-04 -1.050000e+00  3.859728e+00
     vertex  1.934600e-03 -1.049998e+00  1.140177e+00
     vertex -1.884658e-02 -1.049831e+00  1.140331e+00
   endloop
 endfacet
 facet normal -1.040155e-02  9.999459e-01 -3.998180e-06
   outer loop
     vertex  2.109855e-02 -1.049788e+00  3.859786e+00
     vertex  1.934600e-03 -1.049998e+00  1.140177e+00
     vertex  7.432006e-04 -1.050000e+00  3.859728e+00
   endloop
 endfacet
 facet normal -1.173993e-02  9.999311e-01  5.433989e-06
   outer loop
     vertex  2.109855e-02 -1.049788e+00  3.859786e+00
     vertex  2.271775e-02 -1.049754e+00  1.140402e+00
     vertex  1.934600e-03 -1.049998e+00  1.140177e+00
   endloop
 endfacet
 facet normal -2.978890e-02  9.995562e-01 -5.317559e-06
   outer loop
     vertex  4.145431e-02 -1.049181e+00  3.859951e+00
     vertex  2.271775e-02 -1.049754e+00  1.140402e+00
     vertex  2.109855e-02 -1.049788e+00  3.859786e+00
   endloop
 endfacet
 facet normal -3.152666e-02  9.995029e-01  6.666135e-06
   outer loop
     vertex  4.145431e-02 -1.049181e+00  3.859951e+00
     vertex  4.348451e-02 -1.049099e+00  1.141004e+00
     vertex  2.271775e-02 -1.049754e+00  1.140402e+00
   endloop
 endfacet
 facet normal -4.917352e-02  9.987903e-01 -6.532086e-06
   outer loop
     vertex  6.180441e-02 -1.048179e+00  3.860223e+00
     vertex  4.348451e-02 -1.049099e+00  1.141004e+00
     vertex  4.145431e-02 -1.049181e+00  3.859951e+00
   endloop
 endfacet
 facet normal -5.129282e-02  9.986837e-01  7.782134e-06
   outer loop
     vertex  6.180441e-02 -1.048179e+00  3.860223e+00
     vertex  6.422451e-02 -1.048034e+00  1.141983e+00
     vertex  4.348451e-02 -1.049099e+00  1.141004e+00
   endloop
 endfacet
 facet normal -6.854971e-02  9.976477e-01 -7.637432e-06
   outer loop
     vertex  8.214278e-02 -1.046782e+00  3.860602e+00
     vertex  6.422451e-02 -1.048034e+00  1.141983e+00
     vertex  6.180441e-02 -1.048179e+00  3.860223e+00
   endloop
 endfacet
 facet normal -7.102854e-02  9.974743e-01  8.780309e-06
   outer loop
     vertex  8.214278e-02 -1.046782e+00  3.860602e+00
     vertex  8.492716e-02 -1.046560e+00  1.143334e+00
     vertex  6.422451e-02 -1.048034e+00  1.141983e+00
   endloop
 endfacet
 facet normal -8.791176e-02  9.961283e-01 -8.629945e-06
   outer loop
     vertex  1.024634e-01 -1.044989e+00  3.861088e+00
     vertex  8.492716e-02 -1.046560e+00  1.143334e+00
     vertex  8.214278e-02 -1.046782e+00  3.860602e+00
   endloop
 endfacet
 facet normal -9.072367e-02  9.958761e-01  9.659545e-06
   outer loop
     vertex  1.024634e-01 -1.044989e+00  3.861088e+00
     vertex  1.055817e-01 -1.044678e+00  1.145054e+00
     vertex  8.492716e-02 -1.046560e+00  1.143334e+00
   endloop
 endfacet
 facet normal -1.072539e-01  9.942317e-01 -9.507111e-06
   outer loop
     vertex  1.227600e-01 -1.042799e+00  3.861680e+00
     vertex  1.055817e-01 -1.044678e+00  1.145054e+00
     vertex  1.024634e-01 -1.044989e+00  3.861088e+00
   endloop
 endfacet
 facet normal -1.103678e-01  9.938908e-01  1.041869e-05
   outer loop
     vertex  1.227600e-01 -1.042799e+00  3.861680e+00
     vertex  1.261771e-01 -1.042391e+00  1.147136e+00
     vertex  1.055817e-01 -1.044678e+00  1.145054e+00
   endloop
 endfacet
 facet normal -1.265705e-01  9.919576e-01 -1.026767e-05
   outer loop
     vertex  1.430267e-01 -1.040213e+00  3.862377e+00
     vertex  1.261771e-01 -1.042391e+00  1.147136e+00
     vertex  1.227600e-01 -1.042799e+00  3.861680e+00
   endloop
 endfacet
 facet normal -1.299502e-01  9.915205e-01  1.105609e-05
   outer loop
     vertex  1.430267e-01 -1.040213e+00  3.862377e+00
     vertex  1.467022e-01 -1.039701e+00  1.149574e+00
     vertex  1.261771e-01 -1.042391e+00  1.147136e+00
   endloop
 endfacet
 facet normal -1.458556e-01  9.893059e-01 -1.091134e-05
   outer loop
     vertex  1.632573e-01 -1.037230e+00  3.863179e+00
     vertex  1.467022e-01 -1.039701e+00  1.149574e+00
     vertex  1.430267e-01 -1.040213e+00  3.862377e+00
   endloop
 endfacet
 facet normal -1.494601e-01  9.887678e-01  1.156933e-05
   outer loop
     vertex  1.632573e-01 -1.037230e+00  3.863179e+00
     vertex  1.671455e-01 -1.036611e+00  1.152362e+00
     vertex  1.467022e-01 -1.039701e+00  1.149574e+00
   endloop
 endfacet
 facet normal -1.651034e-01  9.862763e-01 -1.143804e-05
   outer loop
     vertex  1.834456e-01 -1.033851e+00  3.864085e+00
     vertex  1.671455e-01 -1.036611e+00  1.152362e+00
     vertex  1.632573e-01 -1.037230e+00  3.863179e+00
   endloop
 endfacet
 facet normal -1.688867e-01  9.856355e-01  1.195509e-05
   outer loop
     vertex  1.834456e-01 -1.033851e+00  3.864085e+00
     vertex  1.874956e-01 -1.033124e+00  1.155489e+00
     vertex  1.671455e-01 -1.036611e+00  1.152362e+00
   endloop
 endfacet
 facet normal -1.843081e-01  9.828685e-01 -1.184667e-05
   outer loop
     vertex  2.035854e-01 -1.030074e+00  3.865093e+00
     vertex  1.874956e-01 -1.033124e+00  1.155489e+00
     vertex  1.834456e-01 -1.033851e+00  3.864085e+00
   endloop
 endfacet
 facet normal -1.882188e-01  9.821271e-01  1.220932e-05
   outer loop
     vertex  2.035854e-01 -1.030074e+00  3.865093e+00
     vertex  2.077407e-01 -1.029244e+00  1.158946e+00
     vertex  1.874956e-01 -1.033124e+00  1.155489e+00
   endloop
 endfacet
 facet normal -2.034639e-01  9.790825e-01 -1.213321e-05
   outer loop
     vertex  2.236707e-01 -1.025900e+00  3.866203e+00
     vertex  2.077407e-01 -1.029244e+00  1.158946e+00
     vertex  2.035854e-01 -1.030074e+00  3.865093e+00
   endloop
 endfacet
 facet normal -2.074473e-01  9.782462e-01  1.233874e-05
   outer loop
     vertex  2.236707e-01 -1.025900e+00  3.866203e+00
     vertex  2.278718e-01 -1.024975e+00  1.162723e+00
     vertex  2.077407e-01 -1.029244e+00  1.158946e+00
   endloop
 endfacet
 facet normal -2.225647e-01  9.749179e-01 -1.229221e-05
   outer loop
     vertex  2.436951e-01 -1.021329e+00  3.867414e+00
     vertex  2.278718e-01 -1.024975e+00  1.162723e+00
     vertex  2.236707e-01 -1.025900e+00  3.866203e+00
   endloop
 endfacet
 facet normal -2.265638e-01  9.739963e-01  1.234597e-05
   outer loop
     vertex  2.436951e-01 -1.021329e+00  3.867414e+00
     vertex  2.478839e-01 -1.020320e+00  1.166810e+00
     vertex  2.278718e-01 -1.024975e+00  1.162723e+00
   endloop
 endfacet
 facet normal -2.416047e-01  9.703748e-01 -1.233594e-05
   outer loop
     vertex  2.636525e-01 -1.016360e+00  3.868722e+00
     vertex  2.478839e-01 -1.020320e+00  1.166810e+00
     vertex  2.436951e-01 -1.021329e+00  3.867414e+00
   endloop
 endfacet
 facet normal -2.455625e-01  9.693808e-01  1.221892e-05
   outer loop
     vertex  2.636525e-01 -1.016360e+00  3.868722e+00
     vertex  2.677691e-01 -1.015283e+00  1.171196e+00
     vertex  2.478839e-01 -1.020320e+00  1.166810e+00
   endloop
 endfacet
 facet normal -2.605778e-01  9.654528e-01 -1.226349e-05
   outer loop
     vertex  2.835365e-01 -1.010993e+00  3.870128e+00
     vertex  2.677691e-01 -1.015283e+00  1.171196e+00
     vertex  2.636525e-01 -1.016360e+00  3.868722e+00
   endloop
 endfacet
 facet normal -2.644379e-01  9.644027e-01  1.195666e-05
   outer loop
     vertex  2.835365e-01 -1.010993e+00  3.870128e+00
     vertex  2.875200e-01 -1.009867e+00  1.175869e+00
     vertex  2.677691e-01 -1.015283e+00  1.171196e+00
   endloop
 endfacet
 facet normal -2.794781e-01  9.601521e-01 -1.205645e-05
   outer loop
     vertex  3.033408e-01 -1.005229e+00  3.871630e+00
     vertex  2.875200e-01 -1.009867e+00  1.175869e+00
     vertex  2.835365e-01 -1.010993e+00  3.870128e+00
   endloop
 endfacet
 facet normal -2.831831e-01  9.590659e-01  1.155642e-05
   outer loop
     vertex  3.033408e-01 -1.005229e+00  3.871630e+00
     vertex  3.071298e-01 -1.004077e+00  1.180817e+00
     vertex  2.875200e-01 -1.009867e+00  1.175869e+00
   endloop
 endfacet
 facet normal -2.982995e-01  9.544723e-01 -1.169447e-05
   outer loop
     vertex  3.230591e-01 -9.990660e-01  3.873224e+00
     vertex  3.071298e-01 -1.004077e+00  1.180817e+00
     vertex  3.033408e-01 -1.005229e+00  3.871630e+00
   endloop
 endfacet
 facet normal -3.017894e-01  9.533746e-01  1.099632e-05
   outer loop
     vertex  3.230591e-01 -9.990660e-01  3.873224e+00
     vertex  3.265916e-01 -9.979168e-01  1.186028e+00
     vertex  3.071298e-01 -1.004077e+00  1.180817e+00
   endloop
 endfacet
 facet normal -3.170358e-01  9.484136e-01 -1.116778e-05
   outer loop
     vertex  3.426849e-01 -9.925055e-01  3.874911e+00
     vertex  3.265916e-01 -9.979168e-01  1.186028e+00
     vertex  3.230591e-01 -9.990660e-01  3.873224e+00
   endloop
 endfacet
 facet normal -3.202485e-01  9.473336e-01  1.023431e-05
   outer loop
     vertex  3.426849e-01 -9.925055e-01  3.874911e+00
     vertex  3.458932e-01 -9.913919e-01  1.191487e+00
     vertex  3.265916e-01 -9.979168e-01  1.186028e+00
   endloop
 endfacet
 facet normal -3.356810e-01  9.419757e-01 -1.044059e-05
   outer loop
     vertex  3.622117e-01 -9.855469e-01  3.876686e+00
     vertex  3.458932e-01 -9.913919e-01  1.191487e+00
     vertex  3.426849e-01 -9.925055e-01  3.874911e+00
   endloop
 endfacet
 facet normal -3.385532e-01  9.409473e-01  9.253028e-06
   outer loop
     vertex  3.622117e-01 -9.855469e-01  3.876686e+00
     vertex  3.650300e-01 -9.845065e-01  1.197183e+00
     vertex  3.458932e-01 -9.913919e-01  1.191487e+00
   endloop
 endfacet
 facet normal -3.542289e-01  9.351588e-01 -9.481869e-06
   outer loop
     vertex  3.816332e-01 -9.781902e-01  3.878549e+00
     vertex  3.650300e-01 -9.845065e-01  1.197183e+00
     vertex  3.622117e-01 -9.855469e-01  3.876686e+00
   endloop
 endfacet
 facet normal -3.566995e-01  9.342192e-01  8.029764e-06
   outer loop
     vertex  3.816332e-01 -9.781902e-01  3.878549e+00
     vertex  3.839993e-01 -9.772638e-01  1.203102e+00
     vertex  3.650300e-01 -9.845065e-01  1.197183e+00
   endloop
 endfacet
 facet normal -3.726732e-01  9.279627e-01 -8.263876e-06
   outer loop
     vertex  4.009426e-01 -9.704355e-01  3.880497e+00
     vertex  3.839993e-01 -9.772638e-01  1.203102e+00
     vertex  3.816332e-01 -9.781902e-01  3.878549e+00
   endloop
 endfacet
 facet normal -3.746850e-01  9.271522e-01  6.534624e-06
   outer loop
     vertex  4.009426e-01 -9.704355e-01  3.880497e+00
     vertex  4.027986e-01 -9.696666e-01  1.209234e+00
     vertex  3.839993e-01 -9.772638e-01  1.203102e+00
   endloop
 endfacet
 facet normal -3.925071e-01  9.197490e-01  4.733069e-06
   outer loop
     vertex  4.201334e-01 -9.622827e-01  3.882527e+00
     vertex  4.214251e-01 -9.617177e-01  1.215565e+00
     vertex  4.027986e-01 -9.696666e-01  1.209234e+00
   endloop
 endfacet
 facet normal -3.910076e-01  9.203875e-01 -6.753887e-06
   outer loop
     vertex  4.201334e-01 -9.622827e-01  3.882527e+00
     vertex  4.027986e-01 -9.696666e-01  1.209234e+00
     vertex  4.009426e-01 -9.704355e-01  3.880497e+00
   endloop
 endfacet
 facet normal -4.092259e-01  9.124331e-01 -4.914611e-06
   outer loop
     vertex  4.391988e-01 -9.537318e-01  3.884636e+00
     vertex  4.214251e-01 -9.617177e-01  1.215565e+00
     vertex  4.201334e-01 -9.622827e-01  3.882527e+00
   endloop
 endfacet
 facet normal -4.101631e-01  9.120122e-01  2.586161e-06
   outer loop
     vertex  4.391988e-01 -9.537318e-01  3.884636e+00
     vertex  4.398759e-01 -9.534197e-01  1.222085e+00
     vertex  4.214251e-01 -9.617177e-01  1.215565e+00
   endloop
 endfacet
 facet normal -4.276502e-01  9.039443e-01  5.074366e-08
   outer loop
     vertex  4.581321e-01 -9.447830e-01  3.886822e+00
     vertex  4.581479e-01 -9.447754e-01  1.228780e+00
     vertex  4.398759e-01 -9.534197e-01  1.222085e+00
   endloop
 endfacet
 facet normal -4.449662e-01  8.955473e-01 -7.589883e-08
   outer loop
     vertex  4.581321e-01 -9.447830e-01  3.886822e+00
     vertex  4.762380e-01 -9.357870e-01  1.235639e+00
     vertex  4.581479e-01 -9.447754e-01  1.228780e+00
   endloop
 endfacet
 facet normal -4.273215e-01  9.040997e-01 -2.704544e-06
   outer loop
     vertex  4.581321e-01 -9.447830e-01  3.886822e+00
     vertex  4.398759e-01 -9.534197e-01  1.222085e+00
     vertex  4.391988e-01 -9.537318e-01  3.884636e+00
   endloop
 endfacet
 facet normal -4.621084e-01  8.868235e-01  2.681272e-06
   outer loop
     vertex  4.769265e-01 -9.354363e-01  3.889082e+00
     vertex  4.941430e-01 -9.264571e-01  1.242649e+00
     vertex  4.762380e-01 -9.357870e-01  1.235639e+00
   endloop
 endfacet
 facet normal -4.452879e-01  8.953874e-01 -2.815537e-06
   outer loop
     vertex  4.769265e-01 -9.354363e-01  3.889082e+00
     vertex  4.762380e-01 -9.357870e-01  1.235639e+00
     vertex  4.581321e-01 -9.447830e-01  3.886822e+00
   endloop
 endfacet
 facet normal -4.790725e-01  8.777753e-01  5.410014e-06
   outer loop
     vertex  4.955751e-01 -9.256918e-01  3.891413e+00
     vertex  5.118593e-01 -9.167879e-01  1.249800e+00
     vertex  4.941430e-01 -9.264571e-01  1.242649e+00
   endloop
 endfacet
 facet normal -4.631185e-01  8.862964e-01 -5.678259e-06
   outer loop
     vertex  4.955751e-01 -9.256918e-01  3.891413e+00
     vertex  4.941430e-01 -9.264571e-01  1.242649e+00
     vertex  4.769265e-01 -9.354363e-01  3.889082e+00
   endloop
 endfacet
 facet normal -4.958554e-01  8.684051e-01  8.052315e-06
   outer loop
     vertex  5.140709e-01 -9.155496e-01  3.893812e+00
     vertex  5.293837e-01 -9.067816e-01  1.257079e+00
     vertex  5.118593e-01 -9.167879e-01  1.249800e+00
   endloop
 endfacet
 facet normal -4.808068e-01  8.768266e-01 -8.478735e-06
   outer loop
     vertex  5.140709e-01 -9.155496e-01  3.893812e+00
     vertex  5.118593e-01 -9.167879e-01  1.249800e+00
     vertex  4.955751e-01 -9.256918e-01  3.891413e+00
   endloop
 endfacet
 facet normal -5.124536e-01  8.587149e-01  1.054759e-05
   outer loop
     vertex  5.324067e-01 -9.050100e-01  3.896275e+00
     vertex  5.467123e-01 -8.964405e-01  1.264474e+00
     vertex  5.293837e-01 -9.067816e-01  1.257079e+00
   endloop
 endfacet
 facet normal -4.983463e-01  8.669781e-01 -1.115850e-05
   outer loop
     vertex  5.324067e-01 -9.050100e-01  3.896275e+00
     vertex  5.293837e-01 -9.067816e-01  1.257079e+00
     vertex  5.140709e-01 -9.155496e-01  3.893812e+00
   endloop
 endfacet
 facet normal -5.288636e-01  8.487068e-01  1.283266e-05
   outer loop
     vertex  5.505755e-01 -8.940731e-01  3.898799e+00
     vertex  5.638415e-01 -8.857667e-01  1.271974e+00
     vertex  5.467123e-01 -8.964405e-01  1.264474e+00
   endloop
 endfacet
 facet normal -5.157301e-01  8.567511e-01 -1.365684e-05
   outer loop
     vertex  5.505755e-01 -8.940731e-01  3.898799e+00
     vertex  5.467123e-01 -8.964405e-01  1.264474e+00
     vertex  5.324067e-01 -9.050100e-01  3.896275e+00
   endloop
 endfacet
 facet normal -5.450818e-01  8.383829e-01  1.484181e-05
   outer loop
     vertex  5.685700e-01 -8.827390e-01  3.901381e+00
     vertex  5.807675e-01 -8.747623e-01  1.279567e+00
     vertex  5.638415e-01 -8.857667e-01  1.271974e+00
   endloop
 endfacet
 facet normal -5.329516e-01  8.461458e-01 -1.591071e-05
   outer loop
     vertex  5.685700e-01 -8.827390e-01  3.901381e+00
     vertex  5.638415e-01 -8.857667e-01  1.271974e+00
     vertex  5.505755e-01 -8.940731e-01  3.898799e+00
   endloop
 endfacet
 facet normal -5.611044e-01  8.277450e-01  1.650674e-05
   outer loop
     vertex  5.863828e-01 -8.710082e-01  3.904016e+00
     vertex  5.974864e-01 -8.634292e-01  1.287241e+00
     vertex  5.807675e-01 -8.747623e-01  1.279567e+00
   endloop
 endfacet
 facet normal -5.500036e-01  8.351623e-01 -1.785458e-05
   outer loop
     vertex  5.863828e-01 -8.710082e-01  3.904016e+00
     vertex  5.807675e-01 -8.747623e-01  1.279567e+00
     vertex  5.685700e-01 -8.827390e-01  3.901381e+00
   endloop
 endfacet
 facet normal -5.769277e-01  8.167952e-01  1.775658e-05
   outer loop
     vertex  6.040066e-01 -8.588808e-01  3.906702e+00
     vertex  6.139940e-01 -8.517695e-01  1.294986e+00
     vertex  5.974864e-01 -8.634292e-01  1.287241e+00
   endloop
 endfacet
 facet normal -5.668792e-01  8.238009e-01 -1.942030e-05
   outer loop
     vertex  6.040066e-01 -8.588808e-01  3.906702e+00
     vertex  5.974864e-01 -8.634292e-01  1.287241e+00
     vertex  5.863828e-01 -8.710082e-01  3.904016e+00
   endloop
 endfacet
 facet normal -5.925477e-01  8.055353e-01  1.851780e-05
   outer loop
     vertex  6.214337e-01 -8.463571e-01  3.909435e+00
     vertex  6.302864e-01 -8.397852e-01  1.302790e+00
     vertex  6.139940e-01 -8.517695e-01  1.294986e+00
   endloop
 endfacet
 facet normal -5.835713e-01  8.120619e-01 -2.053695e-05
   outer loop
     vertex  6.214337e-01 -8.463571e-01  3.909435e+00
     vertex  6.139940e-01 -8.517695e-01  1.294986e+00
     vertex  6.040066e-01 -8.588808e-01  3.906702e+00
   endloop
 endfacet
 facet normal -6.079605e-01  7.939673e-01  1.871432e-05
   outer loop
     vertex  6.386565e-01 -8.334375e-01  3.912209e+00
     vertex  6.463593e-01 -8.274779e-01  1.310641e+00
     vertex  6.302864e-01 -8.397852e-01  1.302790e+00
   endloop
 endfacet
 facet normal -6.000725e-01  7.999456e-01 -2.113070e-05
   outer loop
     vertex  6.386565e-01 -8.334375e-01  3.912209e+00
     vertex  6.302864e-01 -8.397852e-01  1.302790e+00
     vertex  6.214337e-01 -8.463571e-01  3.909435e+00
   endloop
 endfacet
 facet normal -6.231650e-01  7.820904e-01  1.828462e-05
   outer loop
     vertex  6.556672e-01 -8.201223e-01  3.915022e+00
     vertex  6.622144e-01 -8.148448e-01  1.318532e+00
     vertex  6.463593e-01 -8.274779e-01  1.310641e+00
   endloop
 endfacet
 facet normal -6.163755e-01  7.874524e-01 -2.112483e-05
   outer loop
     vertex  6.556672e-01 -8.201223e-01  3.915022e+00
     vertex  6.463593e-01 -8.274779e-01  1.310641e+00
     vertex  6.386565e-01 -8.334375e-01  3.912209e+00
   endloop
 endfacet
 facet normal -6.381615e-01  7.699025e-01  1.715733e-05
   outer loop
     vertex  6.724580e-01 -8.064120e-01  3.917869e+00
     vertex  6.778511e-01 -8.018840e-01  1.326455e+00
     vertex  6.622144e-01 -8.148448e-01  1.318532e+00
   endloop
 endfacet
 facet normal -6.324727e-01  7.745826e-01 -2.044497e-05
   outer loop
     vertex  6.724580e-01 -8.064120e-01  3.917869e+00
     vertex  6.622144e-01 -8.148448e-01  1.318532e+00
     vertex  6.556672e-01 -8.201223e-01  3.915022e+00
   endloop
 endfacet
 facet normal -6.529475e-01  7.574032e-01  1.526145e-05
   outer loop
     vertex  6.890208e-01 -7.923070e-01  3.920746e+00
     vertex  6.932645e-01 -7.885964e-01  1.334397e+00
     vertex  6.778511e-01 -8.018840e-01  1.326455e+00
   endloop
 endfacet
 facet normal -6.483565e-01  7.613369e-01 -1.902648e-05
   outer loop
     vertex  6.890208e-01 -7.923070e-01  3.920746e+00
     vertex  6.778511e-01 -8.018840e-01  1.326455e+00
     vertex  6.724580e-01 -8.064120e-01  3.917869e+00
   endloop
 endfacet
 facet normal -6.675182e-01  7.445935e-01  1.250183e-05
   outer loop
     vertex  7.053581e-01 -7.777981e-01  3.923650e+00
     vertex  7.084498e-01 -7.749831e-01  1.342349e+00
     vertex  6.932645e-01 -7.885964e-01  1.334397e+00
   endloop
 endfacet
 facet normal -6.640242e-01  7.477111e-01 -1.681878e-05
   outer loop
     vertex  7.053581e-01 -7.777981e-01  3.923650e+00
     vertex  6.932645e-01 -7.885964e-01  1.334397e+00
     vertex  6.890208e-01 -7.923070e-01  3.920746e+00
   endloop
 endfacet
 facet normal -6.818689e-01  7.314744e-01  8.666963e-06
   outer loop
     vertex  7.214915e-01 -7.628565e-01  3.926582e+00
     vertex  7.234019e-01 -7.610452e-01  1.350300e+00
     vertex  7.084498e-01 -7.749831e-01  1.342349e+00
   endloop
 endfacet
 facet normal -6.794880e-01  7.336866e-01 -1.372915e-05
   outer loop
     vertex  7.214915e-01 -7.628565e-01  3.926582e+00
     vertex  7.084498e-01 -7.749831e-01  1.342349e+00
     vertex  7.053581e-01 -7.777981e-01  3.923650e+00
   endloop
 endfacet
 facet normal -6.959947e-01  7.180470e-01  3.600482e-06
   outer loop
     vertex  7.374067e-01 -7.474833e-01  3.929538e+00
     vertex  7.381154e-01 -7.467835e-01  1.358239e+00
     vertex  7.234019e-01 -7.610452e-01  1.350300e+00
   endloop
 endfacet
 facet normal -7.098902e-01  7.043124e-01 -3.967349e-06
   outer loop
     vertex  7.374067e-01 -7.474833e-01  3.929538e+00
     vertex  7.525851e-01 -7.321992e-01  1.366157e+00
     vertex  7.381154e-01 -7.467835e-01  1.358239e+00
   endloop
 endfacet
 facet normal -6.947510e-01  7.192503e-01 -9.479699e-06
   outer loop
     vertex  7.374067e-01 -7.474833e-01  3.929538e+00
     vertex  7.234019e-01 -7.610452e-01  1.350300e+00
     vertex  7.214915e-01 -7.628565e-01  3.926582e+00
   endloop
 endfacet
 facet normal -7.235546e-01  6.902671e-01  2.661492e-06
   outer loop
     vertex  7.530872e-01 -7.316828e-01  3.932511e+00
     vertex  7.668053e-01 -7.172933e-01  1.374042e+00
     vertex  7.525851e-01 -7.321992e-01  1.366157e+00
   endloop
 endfacet
 facet normal -7.097986e-01  7.044047e-01 -2.874571e-06
   outer loop
     vertex  7.530872e-01 -7.316828e-01  3.932511e+00
     vertex  7.525851e-01 -7.321992e-01  1.366157e+00
     vertex  7.374067e-01 -7.474833e-01  3.929538e+00
   endloop
 endfacet
 facet normal -7.369785e-01  6.759162e-01  8.470387e-06
   outer loop
     vertex  7.685166e-01 -7.154595e-01  3.935495e+00
     vertex  7.807703e-01 -7.020668e-01  1.381884e+00
     vertex  7.668053e-01 -7.172933e-01  1.374042e+00
   endloop
 endfacet
 facet normal -7.246136e-01  6.891554e-01 -9.268835e-06
   outer loop
     vertex  7.685166e-01 -7.154595e-01  3.935495e+00
     vertex  7.668053e-01 -7.172933e-01  1.374042e+00
     vertex  7.530872e-01 -7.316828e-01  3.932511e+00
   endloop
 endfacet
 facet normal -7.501562e-01  6.612606e-01  1.329918e-05
   outer loop
     vertex  7.836791e-01 -6.988184e-01  3.938484e+00
     vertex  7.944742e-01 -6.865207e-01  1.389672e+00
     vertex  7.807703e-01 -7.020668e-01  1.381884e+00
   endloop
 endfacet
 facet normal -7.391820e-01  6.735057e-01 -1.474506e-05
   outer loop
     vertex  7.836791e-01 -6.988184e-01  3.938484e+00
     vertex  7.807703e-01 -7.020668e-01  1.381884e+00
     vertex  7.685166e-01 -7.154595e-01  3.935495e+00
   endloop
 endfacet
 facet normal -7.630820e-01  6.463016e-01  1.700275e-05
   outer loop
     vertex  7.985590e-01 -6.817650e-01  3.941471e+00
     vertex  8.079110e-01 -6.706563e-01  1.397398e+00
     vertex  7.944742e-01 -6.865207e-01  1.389672e+00
   endloop
 endfacet
 facet normal -7.534889e-01  6.574607e-01 -1.915022e-05
   outer loop
     vertex  7.985590e-01 -6.817650e-01  3.941471e+00
     vertex  7.944742e-01 -6.865207e-01  1.389672e+00
     vertex  7.836791e-01 -6.988184e-01  3.938484e+00
   endloop
 endfacet
 facet normal -7.757501e-01  6.310403e-01  1.945193e-05
   outer loop
     vertex  8.131411e-01 -6.643053e-01  3.944452e+00
     vertex  8.210743e-01 -6.544746e-01  1.405049e+00
     vertex  8.079110e-01 -6.706563e-01  1.397398e+00
   endloop
 endfacet
 facet normal -7.675195e-01  6.410256e-01 -2.234714e-05
   outer loop
     vertex  8.131411e-01 -6.643053e-01  3.944452e+00
     vertex  8.079110e-01 -6.706563e-01  1.397398e+00
     vertex  7.985590e-01 -6.817650e-01  3.941471e+00
   endloop
 endfacet
 facet normal -7.881543e-01  6.154777e-01  2.053436e-05
   outer loop
     vertex  8.274106e-01 -6.464455e-01  3.947418e+00
     vertex  8.339578e-01 -6.379768e-01  1.412617e+00
     vertex  8.210743e-01 -6.544746e-01  1.405049e+00
   endloop
 endfacet
 facet normal -7.812595e-01  6.242064e-01 -2.421548e-05
   outer loop
     vertex  8.274106e-01 -6.464455e-01  3.947418e+00
     vertex  8.210743e-01 -6.544746e-01  1.405049e+00
     vertex  8.131411e-01 -6.643053e-01  3.944452e+00
   endloop
 endfacet
 facet normal -8.002885e-01  5.996152e-01  2.015518e-05
   outer loop
     vertex  8.413527e-01 -6.281924e-01  3.950364e+00
     vertex  8.465548e-01 -6.211642e-01  1.420090e+00
     vertex  8.339578e-01 -6.379768e-01  1.412617e+00
   endloop
 endfacet
 facet normal -7.946948e-01  6.070091e-01 -2.465244e-05
   outer loop
     vertex  8.413527e-01 -6.281924e-01  3.950364e+00
     vertex  8.339578e-01 -6.379768e-01  1.412617e+00
     vertex  8.274106e-01 -6.464455e-01  3.947418e+00
   endloop
 endfacet
 facet normal -8.078118e-01  5.894406e-01 -2.357334e-05
   outer loop
     vertex  8.549532e-01 -6.095531e-01  3.953283e+00
     vertex  8.465548e-01 -6.211642e-01  1.420090e+00
     vertex  8.413527e-01 -6.281924e-01  3.950364e+00
   endloop
 endfacet
 facet normal -8.121463e-01  5.834539e-01  1.823760e-05
   outer loop
     vertex  8.549532e-01 -6.095531e-01  3.953283e+00
     vertex  8.588585e-01 -6.040381e-01  1.427459e+00
     vertex  8.465548e-01 -6.211642e-01  1.420090e+00
   endloop
 endfacet
 facet normal -8.205968e-01  5.715075e-01 -2.091197e-05
   outer loop
     vertex  8.681983e-01 -5.905352e-01  3.956168e+00
     vertex  8.588585e-01 -6.040381e-01  1.427459e+00
     vertex  8.549532e-01 -6.095531e-01  3.953283e+00
   endloop
 endfacet
 facet normal -8.237211e-01  5.669951e-01  1.472335e-05
   outer loop
     vertex  8.681983e-01 -5.905352e-01  3.956168e+00
     vertex  8.708619e-01 -5.865999e-01  1.434713e+00
     vertex  8.588585e-01 -6.040381e-01  1.427459e+00
   endloop
 endfacet
 facet normal -8.330369e-01  5.532175e-01 -1.662075e-05
   outer loop
     vertex  8.810742e-01 -5.711465e-01  3.959014e+00
     vertex  8.708619e-01 -5.865999e-01  1.434713e+00
     vertex  8.681983e-01 -5.905352e-01  3.956168e+00
   endloop
 endfacet
 facet normal -8.350064e-01  5.502403e-01  9.573031e-06
   outer loop
     vertex  8.810742e-01 -5.711465e-01  3.959014e+00
     vertex  8.825579e-01 -5.688510e-01  1.441842e+00
     vertex  8.708619e-01 -5.865999e-01  1.434713e+00
   endloop
 endfacet
 facet normal -8.451192e-01  5.345780e-01 -1.067088e-05
   outer loop
     vertex  8.935677e-01 -5.513953e-01  3.961813e+00
     vertex  8.825579e-01 -5.688510e-01  1.441842e+00
     vertex  8.810742e-01 -5.711465e-01  3.959014e+00
   endloop
 endfacet
 facet normal -8.459951e-01  5.331906e-01  2.766254e-06
   outer loop
     vertex  8.935677e-01 -5.513953e-01  3.961813e+00
     vertex  8.939391e-01 -5.507930e-01  1.448836e+00
     vertex  8.825579e-01 -5.688510e-01  1.441842e+00
   endloop
 endfacet
 facet normal -8.566807e-01  5.158470e-01 -2.970177e-06
   outer loop
     vertex  8.935677e-01 -5.513953e-01  3.961813e+00
     vertex  9.049978e-01 -5.324274e-01  1.455686e+00
     vertex  8.939391e-01 -5.507930e-01  1.448836e+00
   endloop
 endfacet
 facet normal -8.568310e-01  5.155974e-01 -5.544689e-06
   outer loop
     vertex  9.056659e-01 -5.312902e-01  3.964559e+00
     vertex  9.049978e-01 -5.324274e-01  1.455686e+00
     vertex  8.935677e-01 -5.513953e-01  3.961813e+00
   endloop
 endfacet
 facet normal -8.670578e-01  4.982075e-01  5.060642e-06
   outer loop
     vertex  9.056659e-01 -5.312902e-01  3.964559e+00
     vertex  9.157263e-01 -5.137561e-01  1.462380e+00
     vertex  9.049978e-01 -5.324274e-01  1.455686e+00
   endloop
 endfacet
 facet normal -8.681596e-01  4.962852e-01 -1.283979e-05
   outer loop
     vertex  9.173561e-01 -5.108402e-01  3.967246e+00
     vertex  9.157263e-01 -5.137561e-01  1.462380e+00
     vertex  9.056659e-01 -5.312902e-01  3.964559e+00
   endloop
 endfacet
 facet normal -8.771163e-01  4.802781e-01  1.162143e-05
   outer loop
     vertex  9.173561e-01 -5.108402e-01  3.967246e+00
     vertex  9.261166e-01 -4.947808e-01  1.468908e+00
     vertex  9.157263e-01 -5.137561e-01  1.462380e+00
   endloop
 endfacet
 facet normal -8.790939e-01  4.766487e-01 -1.864316e-05
   outer loop
     vertex  9.286262e-01 -4.900546e-01  3.969867e+00
     vertex  9.261166e-01 -4.947808e-01  1.468908e+00
     vertex  9.173561e-01 -5.108402e-01  3.967246e+00
   endloop
 endfacet
 facet normal -8.868484e-01  4.620605e-01  1.670628e-05
   outer loop
     vertex  9.286262e-01 -4.900546e-01  3.969867e+00
     vertex  9.361604e-01 -4.755035e-01  1.475261e+00
     vertex  9.261166e-01 -4.947808e-01  1.468908e+00
   endloop
 endfacet
 facet normal -8.896224e-01  4.566968e-01 -2.295856e-05
   outer loop
     vertex  9.394640e-01 -4.689428e-01  3.972416e+00
     vertex  9.361604e-01 -4.755035e-01  1.475261e+00
     vertex  9.286262e-01 -4.900546e-01  3.969867e+00
   endloop
 endfacet
 facet normal -8.962463e-01  4.435568e-01  2.032677e-05
   outer loop
     vertex  9.394640e-01 -4.689428e-01  3.972416e+00
     vertex  9.458494e-01 -4.559263e-01  1.481429e+00
     vertex  9.361604e-01 -4.755035e-01  1.475261e+00
   endloop
 endfacet
 facet normal -9.053022e-01  4.247680e-01  2.251508e-05
   outer loop
     vertex  9.498581e-01 -4.475149e-01  3.974887e+00
     vertex  9.551758e-01 -4.360494e-01  1.487401e+00
     vertex  9.458494e-01 -4.559263e-01  1.481429e+00
   endloop
 endfacet
 facet normal -8.997339e-01  4.364389e-01 -2.580751e-05
   outer loop
     vertex  9.498581e-01 -4.475149e-01  3.974887e+00
     vertex  9.458494e-01 -4.559263e-01  1.481429e+00
     vertex  9.394640e-01 -4.689428e-01  3.972416e+00
   endloop
 endfacet
 facet normal -9.140096e-01  4.056926e-01  2.332753e-05
   outer loop
     vertex  9.597971e-01 -4.257811e-01  3.977274e+00
     vertex  9.641330e-01 -4.158696e-01  1.493169e+00
     vertex  9.551758e-01 -4.360494e-01  1.487401e+00
   endloop
 endfacet
 facet normal -9.094174e-01  4.158846e-01 -2.722824e-05
   outer loop
     vertex  9.597971e-01 -4.257811e-01  3.977274e+00
     vertex  9.551758e-01 -4.360494e-01  1.487401e+00
     vertex  9.498581e-01 -4.475149e-01  3.974887e+00
   endloop
 endfacet
 facet normal -9.223589e-01  3.863341e-01  2.280370e-05
   outer loop
     vertex  9.692701e-01 -4.037518e-01  3.979571e+00
     vertex  9.727079e-01 -3.953977e-01  1.498720e+00
     vertex  9.641330e-01 -4.158696e-01  1.493169e+00
   endloop
 endfacet
 facet normal -9.186623e-01  3.950437e-01 -2.728172e-05
   outer loop
     vertex  9.692701e-01 -4.037518e-01  3.979571e+00
     vertex  9.641330e-01 -4.158696e-01  1.493169e+00
     vertex  9.597971e-01 -4.257811e-01  3.977274e+00
   endloop
 endfacet
 facet normal -9.303378e-01  3.667036e-01  2.100901e-05
   outer loop
     vertex  9.782664e-01 -3.814378e-01  3.981772e+00
     vertex  9.808875e-01 -3.746462e-01  1.504041e+00
     vertex  9.727079e-01 -3.953977e-01  1.498720e+00
   endloop
 endfacet
 facet normal -9.274583e-01  3.739265e-01 -2.604444e-05
   outer loop
     vertex  9.782664e-01 -3.814378e-01  3.981772e+00
     vertex  9.727079e-01 -3.953977e-01  1.498720e+00
     vertex  9.692701e-01 -4.037518e-01  3.979571e+00
   endloop
 endfacet
 facet normal -9.379342e-01  3.468133e-01  1.799838e-05
   outer loop
     vertex  9.867758e-01 -3.588503e-01  3.983871e+00
     vertex  9.886593e-01 -3.536282e-01  1.509121e+00
     vertex  9.808875e-01 -3.746462e-01  1.504041e+00
   endloop
 endfacet
 facet normal -9.357955e-01  3.525433e-01 -2.357868e-05
   outer loop
     vertex  9.867758e-01 -3.588503e-01  3.983871e+00
     vertex  9.808875e-01 -3.746462e-01  1.504041e+00
     vertex  9.782664e-01 -3.814378e-01  3.981772e+00
   endloop
 endfacet
 facet normal -9.451366e-01  3.266755e-01  1.381294e-05
   outer loop
     vertex  9.947883e-01 -3.360004e-01  3.985863e+00
     vertex  9.960116e-01 -3.323567e-01  1.513948e+00
     vertex  9.886593e-01 -3.536282e-01  1.509121e+00
   endloop
 endfacet
 facet normal -9.436642e-01  3.309048e-01 -1.993198e-05
   outer loop
     vertex  9.947883e-01 -3.360004e-01  3.985863e+00
     vertex  9.886593e-01 -3.536282e-01  1.509121e+00
     vertex  9.867758e-01 -3.588503e-01  3.983871e+00
   endloop
 endfacet
 facet normal -9.510549e-01  3.090219e-01 -1.513820e-05
   outer loop
     vertex  1.002294e+00 -3.128999e-01  3.987743e+00
     vertex  9.960116e-01 -3.323567e-01  1.513948e+00
     vertex  9.947883e-01 -3.360004e-01  3.985863e+00
   endloop
 endfacet
 facet normal -9.519341e-01  3.063028e-01  8.480818e-06
   outer loop
     vertex  1.002294e+00 -3.128999e-01  3.987743e+00
     vertex  1.002933e+00 -3.108453e-01  1.518511e+00
     vertex  9.960116e-01 -3.323567e-01  1.513948e+00
   endloop
 endfacet
 facet normal -9.583167e-01  2.857082e-01  2.017785e-06
   outer loop
     vertex  1.009284e+00 -2.895605e-01  3.989506e+00
     vertex  1.009414e+00 -2.891076e-01  1.522799e+00
     vertex  1.002933e+00 -3.108453e-01  1.518511e+00
   endloop
 endfacet
 facet normal -9.642748e-01  2.649041e-01 -2.115708e-06
   outer loop
     vertex  1.009284e+00 -2.895605e-01  3.989506e+00
     vertex  1.015444e+00 -2.671576e-01  1.526803e+00
     vertex  1.009414e+00 -2.891076e-01  1.522799e+00
   endloop
 endfacet
 facet normal -9.579588e-01  2.869059e-01 -9.218550e-06
   outer loop
     vertex  1.009284e+00 -2.895605e-01  3.989506e+00
     vertex  1.002933e+00 -3.108453e-01  1.518511e+00
     vertex  1.002294e+00 -3.128999e-01  3.987743e+00
   endloop
 endfacet
 facet normal -9.697997e-01  2.439026e-01  5.025682e-06
   outer loop
     vertex  1.015749e+00 -2.659944e-01  3.991146e+00
     vertex  1.021014e+00 -2.450093e-01  1.530513e+00
     vertex  1.015444e+00 -2.671576e-01  1.526803e+00
   endloop
 endfacet
 facet normal -9.643670e-01  2.645682e-01 -5.401878e-06
   outer loop
     vertex  1.015749e+00 -2.659944e-01  3.991146e+00
     vertex  1.015444e+00 -2.671576e-01  1.526803e+00
     vertex  1.009284e+00 -2.895605e-01  3.989506e+00
   endloop
 endfacet
 facet normal -9.748826e-01  2.227194e-01  1.113566e-05
   outer loop
     vertex  1.021681e+00 -2.422138e-01  3.992660e+00
     vertex  1.026116e+00 -2.226771e-01  1.533921e+00
     vertex  1.021014e+00 -2.450093e-01  1.530513e+00
   endloop
 endfacet
 facet normal -9.702710e-01  2.420211e-01 -1.202867e-05
   outer loop
     vertex  1.021681e+00 -2.422138e-01  3.992660e+00
     vertex  1.021014e+00 -2.450093e-01  1.530513e+00
     vertex  1.015749e+00 -2.659944e-01  3.991146e+00
   endloop
 endfacet
 facet normal -9.795156e-01  2.013683e-01  1.622072e-05
   outer loop
     vertex  1.027071e+00 -2.182312e-01  3.994042e+00
     vertex  1.030742e+00 -2.001755e-01  1.537020e+00
     vertex  1.026116e+00 -2.226771e-01  1.533921e+00
   endloop
 endfacet
 facet normal -9.756630e-01  2.192756e-01 -1.763639e-05
   outer loop
     vertex  1.027071e+00 -2.182312e-01  3.994042e+00
     vertex  1.026116e+00 -2.226771e-01  1.533921e+00
     vertex  1.021681e+00 -2.422138e-01  3.992660e+00
   endloop
 endfacet
 facet normal -9.836917e-01  1.798629e-01  2.027687e-05
   outer loop
     vertex  1.031911e+00 -1.940595e-01  3.995290e+00
     vertex  1.034885e+00 -1.775191e-01  1.539801e+00
     vertex  1.030742e+00 -2.001755e-01  1.537020e+00
   endloop
 endfacet
 facet normal -9.805352e-01  1.963436e-01 -2.222694e-05
   outer loop
     vertex  1.031911e+00 -1.940595e-01  3.995290e+00
     vertex  1.030742e+00 -2.001755e-01  1.537020e+00
     vertex  1.027071e+00 -2.182312e-01  3.994042e+00
   endloop
 endfacet
 facet normal -9.874043e-01  1.582175e-01  2.328980e-05
   outer loop
     vertex  1.036194e+00 -1.697115e-01  3.996398e+00
     vertex  1.038538e+00 -1.547227e-01  1.542258e+00
     vertex  1.034885e+00 -1.775191e-01  1.539801e+00
   endloop
 endfacet
 facet normal -9.848801e-01  1.732375e-01 -2.579187e-05
   outer loop
     vertex  1.036194e+00 -1.697115e-01  3.996398e+00
     vertex  1.034885e+00 -1.775191e-01  1.539801e+00
     vertex  1.031911e+00 -1.940595e-01  3.995290e+00
   endloop
 endfacet
 facet normal -9.906475e-01  1.364460e-01  2.523491e-05
   outer loop
     vertex  1.039912e+00 -1.452005e-01  3.997364e+00
     vertex  1.041695e+00 -1.318013e-01  1.544386e+00
     vertex  1.038538e+00 -1.547227e-01  1.542258e+00
   endloop
 endfacet
 facet normal -9.886906e-01  1.499697e-01 -2.831235e-05
   outer loop
     vertex  1.039912e+00 -1.452005e-01  3.997364e+00
     vertex  1.038538e+00 -1.547227e-01  1.542258e+00
     vertex  1.036194e+00 -1.697115e-01  3.996398e+00
   endloop
 endfacet
 facet normal -9.934160e-01  1.145628e-01  2.607725e-05
   outer loop
     vertex  1.043058e+00 -1.205398e-01  3.998183e+00
     vertex  1.044351e+00 -1.087701e-01  1.546179e+00
     vertex  1.041695e+00 -1.318013e-01  1.544386e+00
   endloop
 endfacet
 facet normal -9.919599e-01  1.265529e-01 -2.975917e-05
   outer loop
     vertex  1.043058e+00 -1.205398e-01  3.998183e+00
     vertex  1.041695e+00 -1.318013e-01  1.544386e+00
     vertex  1.039912e+00 -1.452005e-01  3.997364e+00
   endloop
 endfacet
 facet normal -9.957050e-01  9.258226e-02  2.577140e-05
   outer loop
     vertex  1.045626e+00 -9.574309e-02  3.998854e+00
     vertex  1.046501e+00 -8.564411e-02  1.547632e+00
     vertex  1.044351e+00 -1.087701e-01  1.546179e+00
   endloop
 endfacet
 facet normal -9.946814e-01  1.030000e-01 -3.009247e-05
   outer loop
     vertex  1.045626e+00 -9.574309e-02  3.998854e+00
     vertex  1.044351e+00 -1.087701e-01  1.546179e+00
     vertex  1.043058e+00 -1.205398e-01  3.998183e+00
   endloop
 endfacet
 facet normal -9.968489e-01  7.932385e-02 -2.926157e-05
   outer loop
     vertex  1.047609e+00 -7.082399e-02  3.999373e+00
     vertex  1.046501e+00 -8.564411e-02  1.547632e+00
     vertex  1.045626e+00 -9.574309e-02  3.998854e+00
   endloop
 endfacet
 facet normal -9.975104e-01  7.051884e-02  2.426117e-05
   outer loop
     vertex  1.047609e+00 -7.082399e-02  3.999373e+00
     vertex  1.048142e+00 -6.243877e-02  1.548742e+00
     vertex  1.046501e+00 -8.564411e-02  1.547632e+00
   endloop
 endfacet
 facet normal -9.984566e-01  5.553783e-02 -2.720458e-05
   outer loop
     vertex  1.049001e+00 -4.579648e-02  3.999738e+00
     vertex  1.048142e+00 -6.243877e-02  1.548742e+00
     vertex  1.047609e+00 -7.082399e-02  3.999373e+00
   endloop
 endfacet
 facet normal -9.988287e-01  4.838712e-02  2.147924e-05
   outer loop
     vertex  1.049001e+00 -4.579648e-02  3.999738e+00
     vertex  1.049269e+00 -3.916943e-02  1.549505e+00
     vertex  1.048142e+00 -6.243877e-02  1.548742e+00
   endloop
 endfacet
 facet normal -9.994642e-01  3.272984e-02 -2.093797e-05
   outer loop
     vertex  1.049750e+00 -2.293193e-02  3.999934e+00
     vertex  1.049269e+00 -3.916943e-02  1.549505e+00
     vertex  1.049001e+00 -4.579648e-02  3.999738e+00
   endloop
 endfacet
 facet normal -9.996083e-01  2.798511e-02  1.053077e-05
   outer loop
     vertex  1.049750e+00 -2.293193e-02  3.999934e+00
     vertex  1.049817e+00 -1.959722e-02  1.549876e+00
     vertex  1.049269e+00 -3.916943e-02  1.549505e+00
   endloop
 endfacet
 facet normal -9.999404e-01  1.092061e-02 -1.270444e-05
   outer loop
     vertex  1.050000e+00  3.612708e-16  4.000000e+00
     vertex  1.049817e+00 -1.959722e-02  1.549876e+00
     vertex  1.049750e+00 -2.293193e-02  3.999934e+00
   endloop
 endfacet
 facet normal -9.999565e-01  9.332397e-03 -1.142889e-18
   outer loop
     vertex  1.050000e+00  3.612708e-16  4.000000e+00
     vertex  1.050000e+00  6.123234e-17  1.550000e+00
     vertex  1.049817e+00 -1.959722e-02  1.549876e+00
   endloop
 endfacet
 facet normal -1.000000e+00  0.000000e+00  0.000000e+00
   outer loop
     vertex -2.500000e+00  1.122010e+00 -1.069389e+00
     vertex -2.500000e+00  2.895510e+00 -2.759714e+00
     vertex -2.500000e+00  2.818710e+00 -2.838111e+00
   endloop
 endfacet
 facet normal -1.000000e+00  0.000000e+00 -0.000000e+00
   outer loop
     vertex -2.500000e+00  1.122010e+00 -1.069389e+00
     vertex -2.500000e+00  2.818710e+00 -2.838111e+00
     vertex -2.500000e+00  1.092250e+00 -1.099768e+00
   endloop
 endfacet
 facet normal -1.000000e+00  0.000000e+00  0.000000e+00
   outer loop
     vertex -2.500000e+00  1.061668e+00 -1.129319e+00
     vertex -2.500000e+00  2.818710e+00 -2.838111e+00
     vertex -2.500000e+00  2.739788e+00 -2.914371e+00
   endloop
 endfacet
 facet normal -1.000000e+00  0.000000e+00  0.000000e+00
   outer loop
     vertex -2.500000e+00  1.061668e+00 -1.129319e+00
     vertex -2.500000e+00  1.092250e+00 -1.099768e+00
     vertex -2.500000e+00  2.818710e+00 -2.838111e+00
   endloop
 endfacet
 facet normal -1.000000e+00  0.000000e+00 -0.000000e+00
   outer loop
     vertex -2.500000e+00  1.150925e+00 -1.038205e+00
     vertex -2.500000e+00  2.895510e+00 -2.759714e+00
     vertex -2.500000e+00  1.122010e+00 -1.069389e+00
   endloop
 endfacet
 facet normal -1.000000e+00  0.000000e+00  0.000000e+00
   outer loop
     vertex -2.500000e+00  1.150925e+00 -1.038205e+00
     vertex -2.500000e+00  2.970130e+00 -2.679240e+00
     vertex -2.500000e+00  2.895510e+00 -2.759714e+00
   endloop
 endfacet
 facet normal -1.000000e+00  0.000000e+00  0.000000e+00
   outer loop
     vertex -2.500000e+00  1.030287e+00 -1.158020e+00
     vertex -2.500000e+00  1.061668e+00 -1.129319e+00
     vertex -2.500000e+00  2.739788e+00 -2.914371e+00
   endloop
 endfacet
 facet normal -1.000000e+00  0.000000e+00  0.000000e+00
   outer loop
     vertex -2.500000e+00  1.030287e+00 -1.158020e+00
     vertex -2.500000e+00  2.739788e+00 -2.914371e+00
     vertex -2.500000e+00  2.658804e+00 -2.988438e+00
   endloop
 endfacet
 facet normal -1.000000e+00  0.000000e+00 -0.000000e+00
   outer loop
     vertex -2.500000e+00  1.178974e+00 -1.006240e+00
     vertex -2.500000e+00  2.970130e+00 -2.679240e+00
     vertex -2.500000e+00  1.150925e+00 -1.038205e+00
   endloop
 endfacet
 facet normal -1.000000e+00  0.000000e+00  0.000000e+00
   outer loop
     vertex -2.500000e+00  1.178974e+00 -1.006240e+00
     vertex -2.500000e+00  3.042515e+00 -2.596749e+00
     vertex -2.500000e+00  2.970130e+00 -2.679240e+00
   endloop
 endfacet
 facet normal -1.000000e+00  0.000000e+00  0.000000e+00
   outer loop
     vertex -2.500000e+00  9.981295e-01 -1.185849e+00
     vertex -2.500000e+00  2.658804e+00 -2.988438e+00
     vertex -2.500000e+00  2.575818e+00 -3.060255e+00
   endloop
 endfacet
 facet normal -1.000000e+00  0.000000e+00  0.000000e+00
   outer loop
     vertex -2.500000e+00  9.981295e-01 -1.185849e+00
     vertex -2.500000e+00  1.030287e+00 -1.158020e+00
     vertex -2.500000e+00  2.658804e+00 -2.988438e+00
   endloop
 endfacet
 facet normal -1.000000e+00  0.000000e+00 -0.000000e+00
   outer loop
     vertex -2.500000e+00  1.206136e+00 -9.735174e-01
     vertex -2.500000e+00  3.042515e+00 -2.596749e+00
     vertex -2.500000e+00  1.178974e+00 -1.006240e+00
   endloop
 endfacet
 facet normal -1.000000e+00  0.000000e+00  0.000000e+00
   outer loop
     vertex -2.500000e+00  1.206136e+00 -9.735174e-01
     vertex -2.500000e+00  3.112609e+00 -2.512303e+00
     vertex -2.500000e+00  3.042515e+00 -2.596749e+00
   endloop
 endfacet
 facet normal -1.000000e+00  0.000000e+00  0.000000e+00
   outer loop
     vertex -2.500000e+00  9.652212e-01 -1.212785e+00
     vertex -2.500000e+00  2.575818e+00 -3.060255e+00
     vertex -2.500000e+00  2.490894e+00 -3.129768e+00
   endloop
 endfacet
 facet normal -1.000000e+00  0.000000e+00  0.000000e+00
   outer loop
     vertex -2.500000e+00  9.652212e-01 -1.212785e+00
     vertex -2.500000e+00  9.981295e-01 -1.185849e+00
     vertex -2.500000e+00  2.575818e+00 -3.060255e+00
   endloop
 endfacet
 facet normal -1.000000e+00  0.000000e+00  0.000000e+00
   outer loop
     vertex -2.500000e+00  1.232389e+00 -9.400618e-01
     vertex -2.500000e+00  3.180360e+00 -2.425966e+00
     vertex -2.500000e+00  3.112609e+00 -2.512303e+00
   endloop
 endfacet
 facet normal -1.000000e+00  0.000000e+00 -0.000000e+00
   outer loop
     vertex -2.500000e+00  1.232389e+00 -9.400618e-01
     vertex -2.500000e+00  3.112609e+00 -2.512303e+00
     vertex -2.500000e+00  1.206136e+00 -9.735174e-01
   endloop
 endfacet
 facet normal -1.000000e+00  0.000000e+00  0.000000e+00
   outer loop
     vertex -2.500000e+00  9.315863e-01 -1.238809e+00
     vertex -2.500000e+00  2.490894e+00 -3.129768e+00
     vertex -2.500000e+00  2.404094e+00 -3.196926e+00
   endloop
 endfacet
 facet normal -1.000000e+00  0.000000e+00  0.000000e+00
   outer loop
     vertex -2.500000e+00  9.315863e-01 -1.238809e+00
     vertex -2.500000e+00  9.652212e-01 -1.212785e+00
     vertex -2.500000e+00  2.490894e+00 -3.129768e+00
   endloop
 endfacet
 facet normal -1.000000e+00  0.000000e+00  0.000000e+00
   outer loop
     vertex -2.500000e+00  1.257715e+00 -9.058985e-01
     vertex -2.500000e+00  3.245717e+00 -2.337803e+00
     vertex -2.500000e+00  3.180360e+00 -2.425966e+00
   endloop
 endfacet
 facet normal -1.000000e+00  0.000000e+00 -0.000000e+00
   outer loop
     vertex -2.500000e+00  1.257715e+00 -9.058985e-01
     vertex -2.500000e+00  3.180360e+00 -2.425966e+00
     vertex -2.500000e+00  1.232389e+00 -9.400618e-01
   endloop
 endfacet
 facet normal -1.000000e+00  0.000000e+00  0.000000e+00
   outer loop
     vertex -2.500000e+00  8.972502e-01 -1.263900e+00
     vertex -2.500000e+00  9.315863e-01 -1.238809e+00
     vertex -2.500000e+00  2.404094e+00 -3.196926e+00
   endloop
 endfacet
 facet normal -1.000000e+00  0.000000e+00  0.000000e+00
   outer loop
     vertex -2.500000e+00  8.972502e-01 -1.263900e+00
     vertex -2.500000e+00  2.404094e+00 -3.196926e+00
     vertex -2.500000e+00  2.315484e+00 -3.261676e+00
   endloop
 endfacet
 facet normal -1.000000e+00  0.000000e+00 -0.000000e+00
   outer loop
     vertex -2.500000e+00  1.282094e+00 -8.710534e-01
     vertex -2.500000e+00  3.245717e+00 -2.337803e+00
     vertex -2.500000e+00  1.257715e+00 -9.058985e-01
   endloop
 endfacet
 facet normal -1.000000e+00  0.000000e+00  0.000000e+00
   outer loop
     vertex -2.500000e+00  1.282094e+00 -8.710534e-01
     vertex -2.500000e+00  3.308631e+00 -2.247880e+00
     vertex -2.500000e+00  3.245717e+00 -2.337803e+00
   endloop
 endfacet
 facet normal -1.000000e+00  0.000000e+00  0.000000e+00
   outer loop
     vertex -2.500000e+00  8.622386e-01 -1.288039e+00
     vertex -2.500000e+00  2.315484e+00 -3.261676e+00
     vertex -2.500000e+00  2.225132e+00 -3.323972e+00
   endloop
 endfacet
 facet normal -1.000000e+00  0.000000e+00  0.000000e+00
   outer loop
     vertex -2.500000e+00  8.622386e-01 -1.288039e+00
     vertex -2.500000e+00  8.972502e-01 -1.263900e+00
     vertex -2.500000e+00  2.315484e+00 -3.261676e+00
   endloop
 endfacet
 facet normal -1.000000e+00  0.000000e+00  0.000000e+00
   outer loop
     vertex -2.500000e+00  1.305508e+00 -8.355525e-01
     vertex -2.500000e+00  3.369054e+00 -2.156264e+00
     vertex -2.500000e+00  3.308631e+00 -2.247880e+00
   endloop
 endfacet
 facet normal -1.000000e+00  0.000000e+00 -0.000000e+00
   outer loop
     vertex -2.500000e+00  1.305508e+00 -8.355525e-01
     vertex -2.500000e+00  3.308631e+00 -2.247880e+00
     vertex -2.500000e+00  1.282094e+00 -8.710534e-01
   endloop
 endfacet
 facet normal -1.000000e+00  0.000000e+00  0.000000e+00
   outer loop
     vertex -2.500000e+00  8.265779e-01 -1.311209e+00
     vertex -2.500000e+00  2.225132e+00 -3.323972e+00
     vertex -2.500000e+00  2.133104e+00 -3.383765e+00
   endloop
 endfacet
 facet normal -1.000000e+00  0.000000e+00  0.000000e+00
   outer loop
     vertex -2.500000e+00  8.265779e-01 -1.311209e+00
     vertex -2.500000e+00  8.622386e-01 -1.288039e+00
     vertex -2.500000e+00  2.225132e+00 -3.323972e+00
   endloop
 endfacet
 facet normal -1.000000e+00  0.000000e+00 -0.000000e+00
   outer loop
     vertex -2.500000e+00  1.327940e+00 -7.994226e-01
     vertex -2.500000e+00  3.369054e+00 -2.156264e+00
     vertex -2.500000e+00  1.305508e+00 -8.355525e-01
   endloop
 endfacet
 facet normal -1.000000e+00  0.000000e+00  0.000000e+00
   outer loop
     vertex -2.500000e+00  1.327940e+00 -7.994226e-01
     vertex -2.500000e+00  3.426941e+00 -2.063026e+00
     vertex -2.500000e+00  3.369054e+00 -2.156264e+00
   endloop
 endfacet
 facet normal -1.000000e+00  0.000000e+00  0.000000e+00
   outer loop
     vertex -2.500000e+00  7.902950e-01 -1.333392e+00
     vertex -2.500000e+00  2.133104e+00 -3.383765e+00
     vertex -2.500000e+00  2.039471e+00 -3.441011e+00
   endloop
 endfacet
 facet normal -1.000000e+00  0.000000e+00  0.000000e+00
   outer loop
     vertex -2.500000e+00  7.902950e-01 -1.333392e+00
     vertex -2.500000e+00  8.265779e-01 -1.311209e+00
     vertex -2.500000e+00  2.133104e+00 -3.383765e+00
   endloop
 endfacet
 facet normal -1.000000e+00  0.000000e+00  0.000000e+00
   outer loop
     vertex -2.500000e+00  1.349371e+00 -7.626910e-01
     vertex -2.500000e+00  3.482248e+00 -1.968235e+00
     vertex -2.500000e+00  3.426941e+00 -2.063026e+00
   endloop
 endfacet
 facet normal -1.000000e+00  0.000000e+00 -0.000000e+00
   outer loop
     vertex -2.500000e+00  1.349371e+00 -7.626910e-01
     vertex -2.500000e+00  3.426941e+00 -2.063026e+00
     vertex -2.500000e+00  1.327940e+00 -7.994226e-01
   endloop
 endfacet
 facet normal -1.000000e+00  0.000000e+00  0.000000e+00
   outer loop
     vertex -2.500000e+00  7.534172e-01 -1.354571e+00
     vertex -2.500000e+00  2.039471e+00 -3.441011e+00
     vertex -2.500000e+00  1.944303e+00 -3.495667e+00
   endloop
 endfacet
 facet normal -1.000000e+00  0.000000e+00  0.000000e+00
   outer loop
     vertex -2.500000e+00  7.534172e-01 -1.354571e+00
     vertex -2.500000e+00  7.902950e-01 -1.333392e+00
     vertex -2.500000e+00  2.039471e+00 -3.441011e+00
   endloop
 endfacet
 facet normal -1.000000e+00  0.000000e+00  0.000000e+00
   outer loop
     vertex -2.500000e+00  1.369787e+00 -7.253852e-01
     vertex -2.500000e+00  3.534934e+00 -1.871962e+00
     vertex -2.500000e+00  3.482248e+00 -1.968235e+00
   endloop
 endfacet
 facet normal -1.000000e+00  0.000000e+00 -0.000000e+00
   outer loop
     vertex -2.500000e+00  1.369787e+00 -7.253852e-01
     vertex -2.500000e+00  3.482248e+00 -1.968235e+00
     vertex -2.500000e+00  1.349371e+00 -7.626910e-01
   endloop
 endfacet
 facet normal -1.000000e+00  0.000000e+00  0.000000e+00
   outer loop
     vertex -2.500000e+00  7.159723e-01 -1.374730e+00
     vertex -2.500000e+00  7.534172e-01 -1.354571e+00
     vertex -2.500000e+00  1.944303e+00 -3.495667e+00
   endloop
 endfacet
 facet normal -1.000000e+00  0.000000e+00  0.000000e+00
   outer loop
     vertex -2.500000e+00  7.159723e-01 -1.374730e+00
     vertex -2.500000e+00  1.944303e+00 -3.495667e+00
     vertex -2.500000e+00  1.847670e+00 -3.547691e+00
   endloop
 endfacet
 facet normal -1.000000e+00  0.000000e+00  0.000000e+00
   outer loop
     vertex -2.500000e+00  1.389172e+00 -6.875333e-01
     vertex -2.500000e+00  3.584959e+00 -1.774280e+00
     vertex -2.500000e+00  3.534934e+00 -1.871962e+00
   endloop
 endfacet
 facet normal -1.000000e+00  0.000000e+00 -0.000000e+00
   outer loop
     vertex -2.500000e+00  1.389172e+00 -6.875333e-01
     vertex -2.500000e+00  3.534934e+00 -1.871962e+00
     vertex -2.500000e+00  1.369787e+00 -7.253852e-01
   endloop
 endfacet
 facet normal -1.000000e+00  0.000000e+00  0.000000e+00
   outer loop
     vertex -2.500000e+00  6.779884e-01 -1.393855e+00
     vertex -2.500000e+00  1.847670e+00 -3.547691e+00
     vertex -2.500000e+00  1.749647e+00 -3.597045e+00
   endloop
 endfacet
 facet normal -1.000000e+00  0.000000e+00  0.000000e+00
   outer loop
     vertex -2.500000e+00  6.779884e-01 -1.393855e+00
     vertex -2.500000e+00  7.159723e-01 -1.374730e+00
     vertex -2.500000e+00  1.847670e+00 -3.547691e+00
   endloop
 endfacet
 facet normal -1.000000e+00  0.000000e+00  0.000000e+00
   outer loop
     vertex -2.500000e+00  1.407511e+00 -6.491640e-01
     vertex -2.500000e+00  3.632285e+00 -1.675262e+00
     vertex -2.500000e+00  3.584959e+00 -1.774280e+00
   endloop
 endfacet
 facet normal -1.000000e+00  0.000000e+00 -0.000000e+00
   outer loop
     vertex -2.500000e+00  1.407511e+00 -6.491640e-01
     vertex -2.500000e+00  3.584959e+00 -1.774280e+00
     vertex -2.500000e+00  1.389172e+00 -6.875333e-01
   endloop
 endfacet
 facet normal -1.000000e+00  0.000000e+00  0.000000e+00
   outer loop
     vertex -2.500000e+00  6.394941e-01 -1.411930e+00
     vertex -2.500000e+00  6.779884e-01 -1.393855e+00
     vertex -2.500000e+00  1.749647e+00 -3.597045e+00
   endloop
 endfacet
 facet normal -1.000000e+00  0.000000e+00  0.000000e+00
   outer loop
     vertex -2.500000e+00  6.394941e-01 -1.411930e+00
     vertex -2.500000e+00  1.749647e+00 -3.597045e+00
     vertex -2.500000e+00  1.650307e+00 -3.643691e+00
   endloop
 endfacet
 facet normal -1.000000e+00  0.000000e+00  0.000000e+00
   outer loop
     vertex -2.500000e+00  1.424790e+00 -6.103059e-01
     vertex -2.500000e+00  3.676878e+00 -1.574983e+00
     vertex -2.500000e+00  3.632285e+00 -1.675262e+00
   endloop
 endfacet
 facet normal -1.000000e+00  0.000000e+00 -0.000000e+00
   outer loop
     vertex -2.500000e+00  1.424790e+00 -6.103059e-01
     vertex -2.500000e+00  3.632285e+00 -1.675262e+00
     vertex -2.500000e+00  1.407511e+00 -6.491640e-01
   endloop
 endfacet
 facet normal -1.000000e+00  0.000000e+00  0.000000e+00
   outer loop
     vertex -2.500000e+00  6.005185e-01 -1.428943e+00
     vertex -2.500000e+00  1.650307e+00 -3.643691e+00
     vertex -2.500000e+00  1.549725e+00 -3.687594e+00
   endloop
 endfacet
 facet normal -1.000000e+00  0.000000e+00  0.000000e+00
   outer loop
     vertex -2.500000e+00  6.005185e-01 -1.428943e+00
     vertex -2.500000e+00  6.394941e-01 -1.411930e+00
     vertex -2.500000e+00  1.650307e+00 -3.643691e+00
   endloop
 endfacet
 facet normal -1.000000e+00  0.000000e+00  0.000000e+00
   outer loop
     vertex -2.500000e+00  1.440997e+00 -5.709885e-01
     vertex -2.500000e+00  3.718702e+00 -1.473519e+00
     vertex -2.500000e+00  3.676878e+00 -1.574983e+00
   endloop
 endfacet
 facet normal -1.000000e+00  0.000000e+00 -0.000000e+00
   outer loop
     vertex -2.500000e+00  1.440997e+00 -5.709885e-01
     vertex -2.500000e+00  3.676878e+00 -1.574983e+00
     vertex -2.500000e+00  1.424790e+00 -6.103059e-01
   endloop
 endfacet
 facet normal -1.000000e+00  0.000000e+00  0.000000e+00
   outer loop
     vertex -2.500000e+00  5.610908e-01 -1.444880e+00
     vertex -2.500000e+00  6.005185e-01 -1.428943e+00
     vertex -2.500000e+00  1.549725e+00 -3.687594e+00
   endloop
 endfacet
 facet normal -1.000000e+00  0.000000e+00  0.000000e+00
   outer loop
     vertex -2.500000e+00  5.610908e-01 -1.444880e+00
     vertex -2.500000e+00  1.549725e+00 -3.687594e+00
     vertex -2.500000e+00  1.447976e+00 -3.728722e+00
   endloop
 endfacet
 facet normal -1.000000e+00  0.000000e+00  0.000000e+00
   outer loop
     vertex -2.500000e+00  1.456119e+00 -5.312412e-01
     vertex -2.500000e+00  3.757727e+00 -1.370945e+00
     vertex -2.500000e+00  3.718702e+00 -1.473519e+00
   endloop
 endfacet
 facet normal -1.000000e+00  0.000000e+00 -0.000000e+00
   outer loop
     vertex -2.500000e+00  1.456119e+00 -5.312412e-01
     vertex -2.500000e+00  3.718702e+00 -1.473519e+00
     vertex -2.500000e+00  1.440997e+00 -5.709885e-01
   endloop
 endfacet
 facet normal -1.000000e+00  0.000000e+00  0.000000e+00
   outer loop
     vertex -2.500000e+00  5.212407e-01 -1.459729e+00
     vertex -2.500000e+00  1.447976e+00 -3.728722e+00
     vertex -2.500000e+00  1.345137e+00 -3.767042e+00
   endloop
 endfacet
 facet normal -1.000000e+00  0.000000e+00  0.000000e+00
   outer loop
     vertex -2.500000e+00  5.212407e-01 -1.459729e+00
     vertex -2.500000e+00  5.610908e-01 -1.444880e+00
     vertex -2.500000e+00  1.447976e+00 -3.728722e+00
   endloop
 endfacet
 facet normal -1.000000e+00  0.000000e+00  0.000000e+00
   outer loop
     vertex -2.500000e+00  1.470145e+00 -4.910940e-01
     vertex -2.500000e+00  3.793923e+00 -1.267339e+00
     vertex -2.500000e+00  3.757727e+00 -1.370945e+00
   endloop
 endfacet
 facet normal -1.000000e+00  0.000000e+00 -0.000000e+00
   outer loop
     vertex -2.500000e+00  1.470145e+00 -4.910940e-01
     vertex -2.500000e+00  3.757727e+00 -1.370945e+00
     vertex -2.500000e+00  1.456119e+00 -5.312412e-01
   endloop
 endfacet
 facet normal -1.000000e+00  0.000000e+00  0.000000e+00
   outer loop
     vertex -2.500000e+00  4.809982e-01 -1.473479e+00
     vertex -2.500000e+00  5.212407e-01 -1.459729e+00
     vertex -2.500000e+00  1.345137e+00 -3.767042e+00
   endloop
 endfacet
 facet normal -1.000000e+00  0.000000e+00  0.000000e+00
   outer loop
     vertex -2.500000e+00  4.809982e-01 -1.473479e+00
     vertex -2.500000e+00  1.345137e+00 -3.767042e+00
     vertex -2.500000e+00  1.241286e+00 -3.802527e+00
   endloop
 endfacet
 facet normal -1.000000e+00  0.000000e+00  0.000000e+00
   outer loop
     vertex -2.500000e+00  1.483064e+00 -4.505771e-01
     vertex -2.500000e+00  3.827263e+00 -1.162780e+00
     vertex -2.500000e+00  3.793923e+00 -1.267339e+00
   endloop
 endfacet
 facet normal -1.000000e+00  0.000000e+00 -0.000000e+00
   outer loop
     vertex -2.500000e+00  1.483064e+00 -4.505771e-01
     vertex -2.500000e+00  3.793923e+00 -1.267339e+00
     vertex -2.500000e+00  1.470145e+00 -4.910940e-01
   endloop
 endfacet
 facet normal -1.000000e+00  0.000000e+00  0.000000e+00
   outer loop
     vertex -2.500000e+00  4.403937e-01 -1.486120e+00
     vertex -2.500000e+00  4.809982e-01 -1.473479e+00
     vertex -2.500000e+00  1.241286e+00 -3.802527e+00
   endloop
 endfacet
 facet normal -1.000000e+00  0.000000e+00  0.000000e+00
   outer loop
     vertex -2.500000e+00  4.403937e-01 -1.486120e+00
     vertex -2.500000e+00  1.241286e+00 -3.802527e+00
     vertex -2.500000e+00  1.136500e+00 -3.835149e+00
   endloop
 endfacet
 facet normal -1.000000e+00  0.000000e+00  0.000000e+00
   outer loop
     vertex -2.500000e+00  1.494867e+00 -4.097210e-01
     vertex -2.500000e+00  3.857722e+00 -1.057345e+00
     vertex -2.500000e+00  3.827263e+00 -1.162780e+00
   endloop
 endfacet
 facet normal -1.000000e+00  0.000000e+00 -0.000000e+00
   outer loop
     vertex -2.500000e+00  1.494867e+00 -4.097210e-01
     vertex -2.500000e+00  3.827263e+00 -1.162780e+00
     vertex -2.500000e+00  1.483064e+00 -4.505771e-01
   endloop
 endfacet
 facet normal -1.000000e+00  0.000000e+00  0.000000e+00
   outer loop
     vertex -2.500000e+00  3.994576e-01 -1.497643e+00
     vertex -2.500000e+00  4.403937e-01 -1.486120e+00
     vertex -2.500000e+00  1.136500e+00 -3.835149e+00
   endloop
 endfacet
 facet normal -1.000000e+00  0.000000e+00  0.000000e+00
   outer loop
     vertex -2.500000e+00  3.994576e-01 -1.497643e+00
     vertex -2.500000e+00  1.136500e+00 -3.835149e+00
     vertex -2.500000e+00  1.030858e+00 -3.864884e+00
   endloop
 endfacet
 facet normal -1.000000e+00  0.000000e+00 -0.000000e+00
   outer loop
     vertex -2.500000e+00  1.505545e+00 -3.685566e-01
     vertex -2.500000e+00  3.857722e+00 -1.057345e+00
     vertex -2.500000e+00  1.494867e+00 -4.097210e-01
   endloop
 endfacet
 facet normal -1.000000e+00  0.000000e+00  0.000000e+00
   outer loop
     vertex -2.500000e+00  1.505545e+00 -3.685566e-01
     vertex -2.500000e+00  3.885278e+00 -9.511137e-01
     vertex -2.500000e+00  3.857722e+00 -1.057345e+00
   endloop
 endfacet
 facet normal -1.000000e+00  0.000000e+00  0.000000e+00
   outer loop
     vertex -2.500000e+00  3.582209e-01 -1.508038e+00
     vertex -2.500000e+00  3.994576e-01 -1.497643e+00
     vertex -2.500000e+00  1.030858e+00 -3.864884e+00
   endloop
 endfacet
 facet normal -1.000000e+00  0.000000e+00  0.000000e+00
   outer loop
     vertex -2.500000e+00  3.582209e-01 -1.508038e+00
     vertex -2.500000e+00  1.030858e+00 -3.864884e+00
     vertex -2.500000e+00  9.244410e-01 -3.891710e+00
   endloop
 endfacet
 facet normal -1.000000e+00  0.000000e+00  0.000000e+00
   outer loop
     vertex -2.500000e+00  1.515089e+00 -3.271147e-01
     vertex -2.500000e+00  3.909908e+00 -8.441668e-01
     vertex -2.500000e+00  3.885278e+00 -9.511137e-01
   endloop
 endfacet
 facet normal -1.000000e+00  0.000000e+00 -0.000000e+00
   outer loop
     vertex -2.500000e+00  1.515089e+00 -3.271147e-01
     vertex -2.500000e+00  3.885278e+00 -9.511137e-01
     vertex -2.500000e+00  1.505545e+00 -3.685566e-01
   endloop
 endfacet
 facet normal -1.000000e+00  0.000000e+00  0.000000e+00
   outer loop
     vertex -2.500000e+00  3.167145e-01 -1.517298e+00
     vertex -2.500000e+00  9.244410e-01 -3.891710e+00
     vertex -2.500000e+00  8.173277e-01 -3.915607e+00
   endloop
 endfacet
 facet normal -1.000000e+00  0.000000e+00  0.000000e+00
   outer loop
     vertex -2.500000e+00  3.167145e-01 -1.517298e+00
     vertex -2.500000e+00  3.582209e-01 -1.508038e+00
     vertex -2.500000e+00  9.244410e-01 -3.891710e+00
   endloop
 endfacet
 facet normal -1.000000e+00  0.000000e+00  0.000000e+00
   outer loop
     vertex -2.500000e+00  1.523493e+00 -2.854265e-01
     vertex -2.500000e+00  3.931596e+00 -7.365845e-01
     vertex -2.500000e+00  3.909908e+00 -8.441668e-01
   endloop
 endfacet
 facet normal -1.000000e+00  0.000000e+00  0.000000e+00
   outer loop
     vertex -2.500000e+00  1.523493e+00 -2.854265e-01
     vertex -2.500000e+00  3.950323e+00 -6.284477e-01
     vertex -2.500000e+00  3.931596e+00 -7.365845e-01
   endloop
 endfacet
 facet normal -1.000000e+00  0.000000e+00 -0.000000e+00
   outer loop
     vertex -2.500000e+00  1.523493e+00 -2.854265e-01
     vertex -2.500000e+00  3.909908e+00 -8.441668e-01
     vertex -2.500000e+00  1.515089e+00 -3.271147e-01
   endloop
 endfacet
 facet normal -1.000000e+00  0.000000e+00  0.000000e+00
   outer loop
     vertex -2.500000e+00  2.749697e-01 -1.525415e+00
     vertex -2.500000e+00  8.173277e-01 -3.915607e+00
     vertex -2.500000e+00  7.095991e-01 -3.936555e+00
   endloop
 endfacet
 facet normal -1.000000e+00  0.000000e+00  0.000000e+00
   outer loop
     vertex -2.500000e+00  2.749697e-01 -1.525415e+00
     vertex -2.500000e+00  3.167145e-01 -1.517298e+00
     vertex -2.500000e+00  8.173277e-01 -3.915607e+00
   endloop
 endfacet
 facet normal -1.000000e+00  0.000000e+00 -0.000000e+00
   outer loop
     vertex -2.500000e+00  1.530750e+00 -2.435235e-01
     vertex -2.500000e+00  3.950323e+00 -6.284477e-01
     vertex -2.500000e+00  1.523493e+00 -2.854265e-01
   endloop
 endfacet
 facet normal -1.000000e+00  0.000000e+00  0.000000e+00
   outer loop
     vertex -2.500000e+00  2.330178e-01 -1.532385e+00
     vertex -2.500000e+00  6.013364e-01 -3.954541e+00
     vertex -2.500000e+00  4.926210e-01 -3.969550e+00
   endloop
 endfacet
 facet normal -1.000000e+00  0.000000e+00  0.000000e+00
   outer loop
     vertex -2.500000e+00  2.330178e-01 -1.532385e+00
     vertex -2.500000e+00  7.095991e-01 -3.936555e+00
     vertex -2.500000e+00  6.013364e-01 -3.954541e+00
   endloop
 endfacet
 facet normal -1.000000e+00  0.000000e+00  0.000000e+00
   outer loop
     vertex -2.500000e+00  2.330178e-01 -1.532385e+00
     vertex -2.500000e+00  2.749697e-01 -1.525415e+00
     vertex -2.500000e+00  7.095991e-01 -3.936555e+00
   endloop
 endfacet
 facet normal -1.000000e+00  0.000000e+00 -0.000000e+00
   outer loop
     vertex -2.500000e+00  1.536855e+00 -2.014371e-01
     vertex -2.500000e+00  3.950323e+00 -6.284477e-01
     vertex -2.500000e+00  1.530750e+00 -2.435235e-01
   endloop
 endfacet
 facet normal -1.000000e+00  0.000000e+00  0.000000e+00
   outer loop
     vertex -2.500000e+00  1.536855e+00 -2.014371e-01
     vertex -2.500000e+00  3.966077e+00 -5.198378e-01
     vertex -2.500000e+00  3.950323e+00 -6.284477e-01
   endloop
 endfacet
 facet normal -1.000000e+00  0.000000e+00  0.000000e+00
   outer loop
     vertex -2.500000e+00  1.908906e-01 -1.538200e+00
     vertex -2.500000e+00  2.330178e-01 -1.532385e+00
     vertex -2.500000e+00  4.926210e-01 -3.969550e+00
   endloop
 endfacet
 facet normal -1.000000e+00  0.000000e+00 -0.000000e+00
   outer loop
     vertex -2.500000e+00  1.541803e+00 -1.591992e-01
     vertex -2.500000e+00  3.966077e+00 -5.198378e-01
     vertex -2.500000e+00  1.536855e+00 -2.014371e-01
   endloop
 endfacet
 facet normal -1.000000e+00  0.000000e+00  0.000000e+00
   outer loop
     vertex -2.500000e+00  1.541803e+00 -1.591992e-01
     vertex -2.500000e+00  3.978846e+00 -4.108366e-01
     vertex -2.500000e+00  3.966077e+00 -5.198378e-01
   endloop
 endfacet
 facet normal -1.000000e+00  0.000000e+00  0.000000e+00
   outer loop
     vertex -2.500000e+00  1.486197e-01 -1.542858e+00
     vertex -2.500000e+00  1.908906e-01 -1.538200e+00
     vertex -2.500000e+00  4.926210e-01 -3.969550e+00
   endloop
 endfacet
 facet normal -1.000000e+00  0.000000e+00  0.000000e+00
   outer loop
     vertex -2.500000e+00  1.486197e-01 -1.542858e+00
     vertex -2.500000e+00  4.926210e-01 -3.969550e+00
     vertex -2.500000e+00  3.835347e-01 -3.981570e+00
   endloop
 endfacet
 facet normal -1.000000e+00  0.000000e+00 -0.000000e+00
   outer loop
     vertex -2.500000e+00  1.545590e+00 -1.168414e-01
     vertex -2.500000e+00  3.978846e+00 -4.108366e-01
     vertex -2.500000e+00  1.541803e+00 -1.591992e-01
   endloop
 endfacet
 facet normal -1.000000e+00  0.000000e+00  0.000000e+00
   outer loop
     vertex -2.500000e+00  1.545590e+00 -1.168414e-01
     vertex -2.500000e+00  3.988619e+00 -3.015261e-01
     vertex -2.500000e+00  3.978846e+00 -4.108366e-01
   endloop
 endfacet
 facet normal -1.000000e+00  0.000000e+00  0.000000e+00
   outer loop
     vertex -2.500000e+00  1.062369e-01 -1.546355e+00
     vertex -2.500000e+00  3.835347e-01 -3.981570e+00
     vertex -2.500000e+00  2.741598e-01 -3.990593e+00
   endloop
 endfacet
 facet normal -1.000000e+00  0.000000e+00  0.000000e+00
   outer loop
     vertex -2.500000e+00  1.062369e-01 -1.546355e+00
     vertex -2.500000e+00  1.486197e-01 -1.542858e+00
     vertex -2.500000e+00  3.835347e-01 -3.981570e+00
   endloop
 endfacet
 facet normal -1.000000e+00  0.000000e+00 -0.000000e+00
   outer loop
     vertex -2.500000e+00  1.548214e+00 -7.439560e-02
     vertex -2.500000e+00  3.988619e+00 -3.015261e-01
     vertex -2.500000e+00  1.545590e+00 -1.168414e-01
   endloop
 endfacet
 facet normal -1.000000e+00  0.000000e+00  0.000000e+00
   outer loop
     vertex -2.500000e+00  1.548214e+00 -7.439560e-02
     vertex -2.500000e+00  3.995390e+00 -1.919886e-01
     vertex -2.500000e+00  3.988619e+00 -3.015261e-01
   endloop
 endfacet
 facet normal -1.000000e+00  0.000000e+00  0.000000e+00
   outer loop
     vertex -2.500000e+00  6.377416e-02 -1.548687e+00
     vertex -2.500000e+00  2.741598e-01 -3.990593e+00
     vertex -2.500000e+00  1.645785e-01 -3.996613e+00
   endloop
 endfacet
 facet normal -1.000000e+00  0.000000e+00  0.000000e+00
   outer loop
     vertex -2.500000e+00  6.377416e-02 -1.548687e+00
     vertex -2.500000e+00  1.062369e-01 -1.546355e+00
     vertex -2.500000e+00  2.741598e-01 -3.990593e+00
   endloop
 endfacet
 facet normal -1.000000e+00  0.000000e+00 -0.000000e+00
   outer loop
     vertex -2.500000e+00  1.549672e+00 -3.189383e-02
     vertex -2.500000e+00  3.995390e+00 -1.919886e-01
     vertex -2.500000e+00  1.548214e+00 -7.439560e-02
   endloop
 endfacet
 facet normal -1.000000e+00  0.000000e+00  0.000000e+00
   outer loop
     vertex -2.500000e+00  1.549672e+00 -3.189383e-02
     vertex -2.500000e+00  3.999153e+00 -8.230666e-02
     vertex -2.500000e+00  3.995390e+00 -1.919886e-01
   endloop
 endfacet
 facet normal -1.000000e+00  0.000000e+00  0.000000e+00
   outer loop
     vertex -2.500000e+00  2.126339e-02 -1.549854e+00
     vertex -2.500000e+00  1.645785e-01 -3.996613e+00
     vertex -2.500000e+00  5.487326e-02 -3.999624e+00
   endloop
 endfacet
 facet normal -1.000000e+00  0.000000e+00  0.000000e+00
   outer loop
     vertex -2.500000e+00  2.126339e-02 -1.549854e+00
     vertex -2.500000e+00  6.377416e-02 -1.548687e+00
     vertex -2.500000e+00  1.645785e-01 -3.996613e+00
   endloop
 endfacet
 facet normal -1.000000e+00  0.000000e+00 -0.000000e+00
   outer loop
     vertex -2.500000e+00  1.549964e+00  1.063194e-02
     vertex -2.500000e+00  3.999153e+00 -8.230666e-02
     vertex -2.500000e+00  1.549672e+00 -3.189383e-02
   endloop
 endfacet
 facet normal -1.000000e+00  0.000000e+00  0.000000e+00
   outer loop
     vertex -2.500000e+00  1.549964e+00  1.063194e-02
     vertex -2.500000e+00  3.999906e+00  2.743728e-02
     vertex -2.500000e+00  3.999153e+00 -8.230666e-02
   endloop
 endfacet
 facet normal -1.000000e+00  0.000000e+00 -0.000000e+00
   outer loop
     vertex -2.500000e+00 -2.126339e-02 -1.549854e+00
     vertex -2.500000e+00  5.487326e-02 -3.999624e+00
     vertex -2.500000e+00 -5.487326e-02 -3.999624e+00
   endloop
 endfacet
 facet normal -1.000000e+00  0.000000e+00  0.000000e+00
   outer loop
     vertex -2.500000e+00 -2.126339e-02 -1.549854e+00
     vertex -2.500000e+00  2.126339e-02 -1.549854e+00
     vertex -2.500000e+00  5.487326e-02 -3.999624e+00
   endloop
 endfacet
 facet normal -1.000000e+00  0.000000e+00  0.000000e+00
   outer loop
     vertex -2.500000e+00  1.549088e+00  5.314972e-02
     vertex -2.500000e+00  3.999906e+00  2.743728e-02
     vertex -2.500000e+00  1.549964e+00  1.063194e-02
   endloop
 endfacet
 facet normal -1.000000e+00  0.000000e+00  0.000000e+00
   outer loop
     vertex -2.500000e+00  1.549088e+00  5.314972e-02
     vertex -2.500000e+00  3.997648e+00  1.371606e-01
     vertex -2.500000e+00  3.999906e+00  2.743728e-02
   endloop
 endfacet
 facet normal -1.000000e+00  0.000000e+00 -0.000000e+00
   outer loop
     vertex -2.500000e+00 -6.377416e-02 -1.548687e+00
     vertex -2.500000e+00 -5.487326e-02 -3.999624e+00
     vertex -2.500000e+00 -1.645785e-01 -3.996613e+00
   endloop
 endfacet
 facet normal -1.000000e+00  0.000000e+00  0.000000e+00
   outer loop
     vertex -2.500000e+00 -6.377416e-02 -1.548687e+00
     vertex -2.500000e+00 -2.126339e-02 -1.549854e+00
     vertex -2.500000e+00 -5.487326e-02 -3.999624e+00
   endloop
 endfacet
 facet normal -1.000000e+00  0.000000e+00  0.000000e+00
   outer loop
     vertex -2.500000e+00  1.547047e+00  9.562748e-02
     vertex -2.500000e+00  3.997648e+00  1.371606e-01
     vertex -2.500000e+00  1.549088e+00  5.314972e-02
   endloop
 endfacet
 facet normal -1.000000e+00  0.000000e+00  0.000000e+00
   outer loop
     vertex -2.500000e+00  1.547047e+00  9.562748e-02
     vertex -2.500000e+00  3.992380e+00  2.467806e-01
     vertex -2.500000e+00  3.997648e+00  1.371606e-01
   endloop
 endfacet
 facet normal -1.000000e+00  0.000000e+00  0.000000e+00
   outer loop
     vertex -2.500000e+00 -1.062369e-01 -1.546355e+00
     vertex -2.500000e+00 -1.645785e-01 -3.996613e+00
     vertex -2.500000e+00 -2.741598e-01 -3.990593e+00
   endloop
 endfacet
 facet normal -1.000000e+00  0.000000e+00 -0.000000e+00
   outer loop
     vertex -2.500000e+00 -1.062369e-01 -1.546355e+00
     vertex -2.500000e+00 -6.377416e-02 -1.548687e+00
     vertex -2.500000e+00 -1.645785e-01 -3.996613e+00
   endloop
 endfacet
 facet normal -1.000000e+00  0.000000e+00  0.000000e+00
   outer loop
     vertex -2.500000e+00  1.543842e+00  1.380333e-01
     vertex -2.500000e+00  3.992380e+00  2.467806e-01
     vertex -2.500000e+00  1.547047e+00  9.562748e-02
   endloop
 endfacet
 facet normal -1.000000e+00  0.000000e+00  0.000000e+00
   outer loop
     vertex -2.500000e+00  1.543842e+00  1.380333e-01
     vertex -2.500000e+00  3.984107e+00  3.562149e-01
     vertex -2.500000e+00  3.992380e+00  2.467806e-01
   endloop
 endfacet
 facet normal -1.000000e+00  0.000000e+00  0.000000e+00
   outer loop
     vertex -2.500000e+00 -1.486197e-01 -1.542858e+00
     vertex -2.500000e+00 -2.741598e-01 -3.990593e+00
     vertex -2.500000e+00 -3.835347e-01 -3.981570e+00
   endloop
 endfacet
 facet normal -1.000000e+00  0.000000e+00 -0.000000e+00
   outer loop
     vertex -2.500000e+00 -1.486197e-01 -1.542858e+00
     vertex -2.500000e+00 -1.062369e-01 -1.546355e+00
     vertex -2.500000e+00 -2.741598e-01 -3.990593e+00
   endloop
 endfacet
 facet normal -1.000000e+00  0.000000e+00  0.000000e+00
   outer loop
     vertex -2.500000e+00  1.539474e+00  1.803351e-01
     vertex -2.500000e+00  3.984107e+00  3.562149e-01
     vertex -2.500000e+00  1.543842e+00  1.380333e-01
   endloop
 endfacet
 facet normal -1.000000e+00  0.000000e+00  0.000000e+00
   outer loop
     vertex -2.500000e+00  1.539474e+00  1.803351e-01
     vertex -2.500000e+00  3.972835e+00  4.653810e-01
     vertex -2.500000e+00  3.984107e+00  3.562149e-01
   endloop
 endfacet
 facet normal -1.000000e+00  0.000000e+00 -0.000000e+00
   outer loop
     vertex -2.500000e+00 -1.908906e-01 -1.538200e+00
     vertex -2.500000e+00 -1.486197e-01 -1.542858e+00
     vertex -2.500000e+00 -3.835347e-01 -3.981570e+00
   endloop
 endfacet
 facet normal -1.000000e+00  0.000000e+00  0.000000e+00
   outer loop
     vertex -2.500000e+00 -1.908906e-01 -1.538200e+00
     vertex -2.500000e+00 -3.835347e-01 -3.981570e+00
     vertex -2.500000e+00 -4.926210e-01 -3.969550e+00
   endloop
 endfacet
 facet normal -1.000000e+00  0.000000e+00  0.000000e+00
   outer loop
     vertex -2.500000e+00  1.533947e+00  2.225012e-01
     vertex -2.500000e+00  3.972835e+00  4.653810e-01
     vertex -2.500000e+00  1.539474e+00  1.803351e-01
   endloop
 endfacet
 facet normal -1.000000e+00  0.000000e+00  0.000000e+00
   outer loop
     vertex -2.500000e+00  1.533947e+00  2.225012e-01
     vertex -2.500000e+00  3.958573e+00  5.741968e-01
     vertex -2.500000e+00  3.972835e+00  4.653810e-01
   endloop
 endfacet
 facet normal -1.000000e+00  0.000000e+00  0.000000e+00
   outer loop
     vertex -2.500000e+00 -2.330178e-01 -1.532385e+00
     vertex -2.500000e+00 -4.926210e-01 -3.969550e+00
     vertex -2.500000e+00 -6.013364e-01 -3.954541e+00
   endloop
 endfacet
 facet normal -1.000000e+00  0.000000e+00 -0.000000e+00
   outer loop
     vertex -2.500000e+00 -2.330178e-01 -1.532385e+00
     vertex -2.500000e+00 -1.908906e-01 -1.538200e+00
     vertex -2.500000e+00 -4.926210e-01 -3.969550e+00
   endloop
 endfacet
 facet normal -1.000000e+00  0.000000e+00  0.000000e+00
   outer loop
     vertex -2.500000e+00  1.527265e+00  2.644999e-01
     vertex -2.500000e+00  3.958573e+00  5.741968e-01
     vertex -2.500000e+00  1.533947e+00  2.225012e-01
   endloop
 endfacet
 facet normal -1.000000e+00  0.000000e+00  0.000000e+00
   outer loop
     vertex -2.500000e+00  1.527265e+00  2.644999e-01
     vertex -2.500000e+00  3.941330e+00  6.825803e-01
     vertex -2.500000e+00  3.958573e+00  5.741968e-01
   endloop
 endfacet
 facet normal -1.000000e+00  0.000000e+00  0.000000e+00
   outer loop
     vertex -2.500000e+00 -2.749697e-01 -1.525415e+00
     vertex -2.500000e+00 -6.013364e-01 -3.954541e+00
     vertex -2.500000e+00 -7.095991e-01 -3.936555e+00
   endloop
 endfacet
 facet normal -1.000000e+00  0.000000e+00 -0.000000e+00
   outer loop
     vertex -2.500000e+00 -2.749697e-01 -1.525415e+00
     vertex -2.500000e+00 -2.330178e-01 -1.532385e+00
     vertex -2.500000e+00 -6.013364e-01 -3.954541e+00
   endloop
 endfacet
 facet normal -1.000000e+00  0.000000e+00  0.000000e+00
   outer loop
     vertex -2.500000e+00  1.519434e+00  3.062994e-01
     vertex -2.500000e+00  3.921121e+00  7.904501e-01
     vertex -2.500000e+00  3.941330e+00  6.825803e-01
   endloop
 endfacet
 facet normal -1.000000e+00  0.000000e+00  0.000000e+00
   outer loop
     vertex -2.500000e+00  1.519434e+00  3.062994e-01
     vertex -2.500000e+00  3.941330e+00  6.825803e-01
     vertex -2.500000e+00  1.527265e+00  2.644999e-01
   endloop
 endfacet
 facet normal -1.000000e+00  0.000000e+00  0.000000e+00
   outer loop
     vertex -2.500000e+00 -3.167145e-01 -1.517298e+00
     vertex -2.500000e+00 -7.095991e-01 -3.936555e+00
     vertex -2.500000e+00 -8.173277e-01 -3.915607e+00
   endloop
 endfacet
 facet normal -1.000000e+00  0.000000e+00 -0.000000e+00
   outer loop
     vertex -2.500000e+00 -3.167145e-01 -1.517298e+00
     vertex -2.500000e+00 -2.749697e-01 -1.525415e+00
     vertex -2.500000e+00 -7.095991e-01 -3.936555e+00
   endloop
 endfacet
 facet normal -1.000000e+00  0.000000e+00  0.000000e+00
   outer loop
     vertex -2.500000e+00  1.510459e+00  3.478683e-01
     vertex -2.500000e+00  3.897960e+00  8.977248e-01
     vertex -2.500000e+00  3.921121e+00  7.904501e-01
   endloop
 endfacet
 facet normal -1.000000e+00  0.000000e+00  0.000000e+00
   outer loop
     vertex -2.500000e+00  1.510459e+00  3.478683e-01
     vertex -2.500000e+00  3.921121e+00  7.904501e-01
     vertex -2.500000e+00  1.519434e+00  3.062994e-01
   endloop
 endfacet
 facet normal -1.000000e+00  0.000000e+00  0.000000e+00
   outer loop
     vertex -2.500000e+00 -3.582209e-01 -1.508038e+00
     vertex -2.500000e+00 -9.244410e-01 -3.891710e+00
     vertex -2.500000e+00 -1.030858e+00 -3.864884e+00
   endloop
 endfacet
 facet normal -1.000000e+00  0.000000e+00  0.000000e+00
   outer loop
     vertex -2.500000e+00 -3.582209e-01 -1.508038e+00
     vertex -2.500000e+00 -8.173277e-01 -3.915607e+00
     vertex -2.500000e+00 -9.244410e-01 -3.891710e+00
   endloop
 endfacet
 facet normal -1.000000e+00  0.000000e+00 -0.000000e+00
   outer loop
     vertex -2.500000e+00 -3.582209e-01 -1.508038e+00
     vertex -2.500000e+00 -3.167145e-01 -1.517298e+00
     vertex -2.500000e+00 -8.173277e-01 -3.915607e+00
   endloop
 endfacet
 facet normal -1.000000e+00  0.000000e+00  0.000000e+00
   outer loop
     vertex -2.500000e+00  1.500347e+00  3.891754e-01
     vertex -2.500000e+00  3.871864e+00  1.004324e+00
     vertex -2.500000e+00  3.897960e+00  8.977248e-01
   endloop
 endfacet
 facet normal -1.000000e+00  0.000000e+00  0.000000e+00
   outer loop
     vertex -2.500000e+00  1.500347e+00  3.891754e-01
     vertex -2.500000e+00  3.897960e+00  8.977248e-01
     vertex -2.500000e+00  1.510459e+00  3.478683e-01
   endloop
 endfacet
 facet normal -1.000000e+00  0.000000e+00 -0.000000e+00
   outer loop
     vertex -2.500000e+00 -3.994576e-01 -1.497643e+00
     vertex -2.500000e+00 -3.582209e-01 -1.508038e+00
     vertex -2.500000e+00 -1.030858e+00 -3.864884e+00
   endloop
 endfacet
 facet normal -1.000000e+00  0.000000e+00  0.000000e+00
   outer loop
     vertex -2.500000e+00  1.489106e+00  4.301896e-01
     vertex -2.500000e+00  3.871864e+00  1.004324e+00
     vertex -2.500000e+00  1.500347e+00  3.891754e-01
   endloop
 endfacet
 facet normal -1.000000e+00  0.000000e+00  0.000000e+00
   outer loop
     vertex -2.500000e+00  1.489106e+00  4.301896e-01
     vertex -2.500000e+00  3.842854e+00  1.110167e+00
     vertex -2.500000e+00  3.871864e+00  1.004324e+00
   endloop
 endfacet
 facet normal -1.000000e+00  0.000000e+00  0.000000e+00
   outer loop
     vertex -2.500000e+00 -4.403937e-01 -1.486120e+00
     vertex -2.500000e+00 -1.030858e+00 -3.864884e+00
     vertex -2.500000e+00 -1.136500e+00 -3.835149e+00
   endloop
 endfacet
 facet normal -1.000000e+00  0.000000e+00 -0.000000e+00
   outer loop
     vertex -2.500000e+00 -4.403937e-01 -1.486120e+00
     vertex -2.500000e+00 -3.994576e-01 -1.497643e+00
     vertex -2.500000e+00 -1.030858e+00 -3.864884e+00
   endloop
 endfacet
 facet normal -1.000000e+00  0.000000e+00  0.000000e+00
   outer loop
     vertex -2.500000e+00  1.476744e+00  4.708798e-01
     vertex -2.500000e+00  3.842854e+00  1.110167e+00
     vertex -2.500000e+00  1.489106e+00  4.301896e-01
   endloop
 endfacet
 facet normal -1.000000e+00  0.000000e+00  0.000000e+00
   outer loop
     vertex -2.500000e+00  1.476744e+00  4.708798e-01
     vertex -2.500000e+00  3.810952e+00  1.215174e+00
     vertex -2.500000e+00  3.842854e+00  1.110167e+00
   endloop
 endfacet
 facet normal -1.000000e+00  0.000000e+00  0.000000e+00
   outer loop
     vertex -2.500000e+00 -4.809982e-01 -1.473479e+00
     vertex -2.500000e+00 -1.136500e+00 -3.835149e+00
     vertex -2.500000e+00 -1.241286e+00 -3.802527e+00
   endloop
 endfacet
 facet normal -1.000000e+00  0.000000e+00 -0.000000e+00
   outer loop
     vertex -2.500000e+00 -4.809982e-01 -1.473479e+00
     vertex -2.500000e+00 -4.403937e-01 -1.486120e+00
     vertex -2.500000e+00 -1.136500e+00 -3.835149e+00
   endloop
 endfacet
 facet normal -1.000000e+00  0.000000e+00  0.000000e+00
   outer loop
     vertex -2.500000e+00  1.463270e+00  5.112157e-01
     vertex -2.500000e+00  3.810952e+00  1.215174e+00
     vertex -2.500000e+00  1.476744e+00  4.708798e-01
   endloop
 endfacet
 facet normal -1.000000e+00  0.000000e+00  0.000000e+00
   outer loop
     vertex -2.500000e+00  1.463270e+00  5.112157e-01
     vertex -2.500000e+00  3.776180e+00  1.319266e+00
     vertex -2.500000e+00  3.810952e+00  1.215174e+00
   endloop
 endfacet
 facet normal -1.000000e+00  0.000000e+00  0.000000e+00
   outer loop
     vertex -2.500000e+00 -5.212407e-01 -1.459729e+00
     vertex -2.500000e+00 -1.241286e+00 -3.802527e+00
     vertex -2.500000e+00 -1.345137e+00 -3.767042e+00
   endloop
 endfacet
 facet normal -1.000000e+00  0.000000e+00 -0.000000e+00
   outer loop
     vertex -2.500000e+00 -5.212407e-01 -1.459729e+00
     vertex -2.500000e+00 -4.809982e-01 -1.473479e+00
     vertex -2.500000e+00 -1.241286e+00 -3.802527e+00
   endloop
 endfacet
 facet normal -1.000000e+00  0.000000e+00  0.000000e+00
   outer loop
     vertex -2.500000e+00  1.448694e+00  5.511667e-01
     vertex -2.500000e+00  3.738566e+00  1.422366e+00
     vertex -2.500000e+00  3.776180e+00  1.319266e+00
   endloop
 endfacet
 facet normal -1.000000e+00  0.000000e+00  0.000000e+00
   outer loop
     vertex -2.500000e+00  1.448694e+00  5.511667e-01
     vertex -2.500000e+00  3.776180e+00  1.319266e+00
     vertex -2.500000e+00  1.463270e+00  5.112157e-01
   endloop
 endfacet
 facet normal -1.000000e+00  0.000000e+00  0.000000e+00
   outer loop
     vertex -2.500000e+00 -5.610908e-01 -1.444880e+00
     vertex -2.500000e+00 -1.345137e+00 -3.767042e+00
     vertex -2.500000e+00 -1.447976e+00 -3.728722e+00
   endloop
 endfacet
 facet normal -1.000000e+00  0.000000e+00 -0.000000e+00
   outer loop
     vertex -2.500000e+00 -5.610908e-01 -1.444880e+00
     vertex -2.500000e+00 -5.212407e-01 -1.459729e+00
     vertex -2.500000e+00 -1.345137e+00 -3.767042e+00
   endloop
 endfacet
 facet normal -1.000000e+00  0.000000e+00  0.000000e+00
   outer loop
     vertex -2.500000e+00  1.433028e+00  5.907028e-01
     vertex -2.500000e+00  3.738566e+00  1.422366e+00
     vertex -2.500000e+00  1.448694e+00  5.511667e-01
   endloop
 endfacet
 facet normal -1.000000e+00  0.000000e+00  0.000000e+00
   outer loop
     vertex -2.500000e+00  1.433028e+00  5.907028e-01
     vertex -2.500000e+00  3.698138e+00  1.524394e+00
     vertex -2.500000e+00  3.738566e+00  1.422366e+00
   endloop
 endfacet
 facet normal -1.000000e+00  0.000000e+00  0.000000e+00
   outer loop
     vertex -2.500000e+00 -6.005185e-01 -1.428943e+00
     vertex -2.500000e+00 -1.447976e+00 -3.728722e+00
     vertex -2.500000e+00 -1.549725e+00 -3.687594e+00
   endloop
 endfacet
 facet normal -1.000000e+00  0.000000e+00 -0.000000e+00
   outer loop
     vertex -2.500000e+00 -6.005185e-01 -1.428943e+00
     vertex -2.500000e+00 -5.610908e-01 -1.444880e+00
     vertex -2.500000e+00 -1.447976e+00 -3.728722e+00
   endloop
 endfacet
 facet normal -1.000000e+00  0.000000e+00  0.000000e+00
   outer loop
     vertex -2.500000e+00  1.416284e+00  6.297942e-01
     vertex -2.500000e+00  3.698138e+00  1.524394e+00
     vertex -2.500000e+00  1.433028e+00  5.907028e-01
   endloop
 endfacet
 facet normal -1.000000e+00  0.000000e+00  0.000000e+00
   outer loop
     vertex -2.500000e+00  1.416284e+00  6.297942e-01
     vertex -2.500000e+00  3.654925e+00  1.625275e+00
     vertex -2.500000e+00  3.698138e+00  1.524394e+00
   endloop
 endfacet
 facet normal -1.000000e+00  0.000000e+00 -0.000000e+00
   outer loop
     vertex -2.500000e+00 -6.394941e-01 -1.411930e+00
     vertex -2.500000e+00 -6.005185e-01 -1.428943e+00
     vertex -2.500000e+00 -1.549725e+00 -3.687594e+00
   endloop
 endfacet
 facet normal -1.000000e+00  0.000000e+00  0.000000e+00
   outer loop
     vertex -2.500000e+00 -6.394941e-01 -1.411930e+00
     vertex -2.500000e+00 -1.650307e+00 -3.643691e+00
     vertex -2.500000e+00 -1.749647e+00 -3.597045e+00
   endloop
 endfacet
 facet normal -1.000000e+00  0.000000e+00  0.000000e+00
   outer loop
     vertex -2.500000e+00 -6.394941e-01 -1.411930e+00
     vertex -2.500000e+00 -1.549725e+00 -3.687594e+00
     vertex -2.500000e+00 -1.650307e+00 -3.643691e+00
   endloop
 endfacet
 facet normal -1.000000e+00  0.000000e+00  0.000000e+00
   outer loop
     vertex -2.500000e+00  1.398473e+00  6.684116e-01
     vertex -2.500000e+00  3.654925e+00  1.625275e+00
     vertex -2.500000e+00  1.416284e+00  6.297942e-01
   endloop
 endfacet
 facet normal -1.000000e+00  0.000000e+00  0.000000e+00
   outer loop
     vertex -2.500000e+00  1.398473e+00  6.684116e-01
     vertex -2.500000e+00  3.608962e+00  1.724933e+00
     vertex -2.500000e+00  3.654925e+00  1.625275e+00
   endloop
 endfacet
 facet normal -1.000000e+00  0.000000e+00 -0.000000e+00
   outer loop
     vertex -2.500000e+00 -6.779884e-01 -1.393855e+00
     vertex -2.500000e+00 -6.394941e-01 -1.411930e+00
     vertex -2.500000e+00 -1.749647e+00 -3.597045e+00
   endloop
 endfacet
 facet normal -1.000000e+00  0.000000e+00  0.000000e+00
   outer loop
     vertex -2.500000e+00  1.379609e+00  7.065257e-01
     vertex -2.500000e+00  3.608962e+00  1.724933e+00
     vertex -2.500000e+00  1.398473e+00  6.684116e-01
   endloop
 endfacet
 facet normal -1.000000e+00  0.000000e+00  0.000000e+00
   outer loop
     vertex -2.500000e+00  1.379609e+00  7.065257e-01
     vertex -2.500000e+00  3.560282e+00  1.823292e+00
     vertex -2.500000e+00  3.608962e+00  1.724933e+00
   endloop
 endfacet
 facet normal -1.000000e+00  0.000000e+00 -0.000000e+00
   outer loop
     vertex -2.500000e+00 -7.159723e-01 -1.374730e+00
     vertex -2.500000e+00 -6.779884e-01 -1.393855e+00
     vertex -2.500000e+00 -1.749647e+00 -3.597045e+00
   endloop
 endfacet
 facet normal -1.000000e+00  0.000000e+00  0.000000e+00
   outer loop
     vertex -2.500000e+00 -7.159723e-01 -1.374730e+00
     vertex -2.500000e+00 -1.749647e+00 -3.597045e+00
     vertex -2.500000e+00 -1.847670e+00 -3.547691e+00
   endloop
 endfacet
 facet normal -1.000000e+00  0.000000e+00  0.000000e+00
   outer loop
     vertex -2.500000e+00  1.359707e+00  7.441081e-01
     vertex -2.500000e+00  3.560282e+00  1.823292e+00
     vertex -2.500000e+00  1.379609e+00  7.065257e-01
   endloop
 endfacet
 facet normal -1.000000e+00  0.000000e+00  0.000000e+00
   outer loop
     vertex -2.500000e+00  1.359707e+00  7.441081e-01
     vertex -2.500000e+00  3.508921e+00  1.920279e+00
     vertex -2.500000e+00  3.560282e+00  1.823292e+00
   endloop
 endfacet
 facet normal -1.000000e+00  0.000000e+00 -0.000000e+00
   outer loop
     vertex -2.500000e+00 -7.534172e-01 -1.354571e+00
     vertex -2.500000e+00 -7.159723e-01 -1.374730e+00
     vertex -2.500000e+00 -1.847670e+00 -3.547691e+00
   endloop
 endfacet
 facet normal -1.000000e+00  0.000000e+00  0.000000e+00
   outer loop
     vertex -2.500000e+00 -7.534172e-01 -1.354571e+00
     vertex -2.500000e+00 -1.847670e+00 -3.547691e+00
     vertex -2.500000e+00 -1.944303e+00 -3.495667e+00
   endloop
 endfacet
 facet normal -1.000000e+00  0.000000e+00  0.000000e+00
   outer loop
     vertex -2.500000e+00  1.338781e+00  7.811303e-01
     vertex -2.500000e+00  3.508921e+00  1.920279e+00
     vertex -2.500000e+00  1.359707e+00  7.441081e-01
   endloop
 endfacet
 facet normal -1.000000e+00  0.000000e+00  0.000000e+00
   outer loop
     vertex -2.500000e+00  1.338781e+00  7.811303e-01
     vertex -2.500000e+00  3.454920e+00  2.015820e+00
     vertex -2.500000e+00  3.508921e+00  1.920279e+00
   endloop
 endfacet
 facet normal -1.000000e+00  0.000000e+00  0.000000e+00
   outer loop
     vertex -2.500000e+00  1.338781e+00  7.811303e-01
     vertex -2.500000e+00  3.398317e+00  2.109844e+00
     vertex -2.500000e+00  3.454920e+00  2.015820e+00
   endloop
 endfacet
 facet normal -1.000000e+00  0.000000e+00 -0.000000e+00
   outer loop
     vertex -2.500000e+00 -7.902950e-01 -1.333392e+00
     vertex -2.500000e+00 -7.534172e-01 -1.354571e+00
     vertex -2.500000e+00 -1.944303e+00 -3.495667e+00
   endloop
 endfacet
 facet normal -1.000000e+00  0.000000e+00  0.000000e+00
   outer loop
     vertex -2.500000e+00 -7.902950e-01 -1.333392e+00
     vertex -2.500000e+00 -1.944303e+00 -3.495667e+00
     vertex -2.500000e+00 -2.039471e+00 -3.441011e+00
   endloop
 endfacet
 facet normal -1.000000e+00  0.000000e+00  0.000000e+00
   outer loop
     vertex -2.500000e+00  1.316848e+00  8.175645e-01
     vertex -2.500000e+00  3.398317e+00  2.109844e+00
     vertex -2.500000e+00  1.338781e+00  7.811303e-01
   endloop
 endfacet
 facet normal -1.000000e+00  0.000000e+00 -0.000000e+00
   outer loop
     vertex -2.500000e+00 -8.265779e-01 -1.311209e+00
     vertex -2.500000e+00 -7.902950e-01 -1.333392e+00
     vertex -2.500000e+00 -2.039471e+00 -3.441011e+00
   endloop
 endfacet
 facet normal -1.000000e+00  0.000000e+00  0.000000e+00
   outer loop
     vertex -2.500000e+00 -8.265779e-01 -1.311209e+00
     vertex -2.500000e+00 -2.039471e+00 -3.441011e+00
     vertex -2.500000e+00 -2.133104e+00 -3.383765e+00
   endloop
 endfacet
 facet normal -1.000000e+00  0.000000e+00  0.000000e+00
   outer loop
     vertex -2.500000e+00  1.293923e+00  8.533832e-01
     vertex -2.500000e+00  3.398317e+00  2.109844e+00
     vertex -2.500000e+00  1.316848e+00  8.175645e-01
   endloop
 endfacet
 facet normal -1.000000e+00  0.000000e+00  0.000000e+00
   outer loop
     vertex -2.500000e+00  1.293923e+00  8.533832e-01
     vertex -2.500000e+00  3.339156e+00  2.202279e+00
     vertex -2.500000e+00  3.398317e+00  2.109844e+00
   endloop
 endfacet
 facet normal -1.000000e+00  0.000000e+00 -0.000000e+00
   outer loop
     vertex -2.500000e+00 -8.622386e-01 -1.288039e+00
     vertex -2.500000e+00 -8.265779e-01 -1.311209e+00
     vertex -2.500000e+00 -2.133104e+00 -3.383765e+00
   endloop
 endfacet
 facet normal -1.000000e+00  0.000000e+00  0.000000e+00
   outer loop
     vertex -2.500000e+00 -8.622386e-01 -1.288039e+00
     vertex -2.500000e+00 -2.133104e+00 -3.383765e+00
     vertex -2.500000e+00 -2.225132e+00 -3.323972e+00
   endloop
 endfacet
 facet normal -1.000000e+00  0.000000e+00  0.000000e+00
   outer loop
     vertex -2.500000e+00  1.270024e+00  8.885596e-01
     vertex -2.500000e+00  3.339156e+00  2.202279e+00
     vertex -2.500000e+00  1.293923e+00  8.533832e-01
   endloop
 endfacet
 facet normal -1.000000e+00  0.000000e+00  0.000000e+00
   outer loop
     vertex -2.500000e+00  1.270024e+00  8.885596e-01
     vertex -2.500000e+00  3.277482e+00  2.293057e+00
     vertex -2.500000e+00  3.339156e+00  2.202279e+00
   endloop
 endfacet
 facet normal -1.000000e+00  0.000000e+00 -0.000000e+00
   outer loop
     vertex -2.500000e+00 -8.972502e-01 -1.263900e+00
     vertex -2.500000e+00 -8.622386e-01 -1.288039e+00
     vertex -2.500000e+00 -2.225132e+00 -3.323972e+00
   endloop
 endfacet
 facet normal -1.000000e+00  0.000000e+00  0.000000e+00
   outer loop
     vertex -2.500000e+00 -8.972502e-01 -1.263900e+00
     vertex -2.500000e+00 -2.225132e+00 -3.323972e+00
     vertex -2.500000e+00 -2.315484e+00 -3.261676e+00
   endloop
 endfacet
 facet normal -1.000000e+00  0.000000e+00  0.000000e+00
   outer loop
     vertex -2.500000e+00  1.245170e+00  9.230670e-01
     vertex -2.500000e+00  3.277482e+00  2.293057e+00
     vertex -2.500000e+00  1.270024e+00  8.885596e-01
   endloop
 endfacet
 facet normal -1.000000e+00  0.000000e+00  0.000000e+00
   outer loop
     vertex -2.500000e+00  1.245170e+00  9.230670e-01
     vertex -2.500000e+00  3.213341e+00  2.382108e+00
     vertex -2.500000e+00  3.277482e+00  2.293057e+00
   endloop
 endfacet
 facet normal -1.000000e+00  0.000000e+00 -0.000000e+00
   outer loop
     vertex -2.500000e+00 -9.315863e-01 -1.238809e+00
     vertex -2.500000e+00 -8.972502e-01 -1.263900e+00
     vertex -2.500000e+00 -2.315484e+00 -3.261676e+00
   endloop
 endfacet
 facet normal -1.000000e+00  0.000000e+00  0.000000e+00
   outer loop
     vertex -2.500000e+00 -9.315863e-01 -1.238809e+00
     vertex -2.500000e+00 -2.315484e+00 -3.261676e+00
     vertex -2.500000e+00 -2.404094e+00 -3.196926e+00
   endloop
 endfacet
 facet normal -1.000000e+00  0.000000e+00  0.000000e+00
   outer loop
     vertex -2.500000e+00  1.219377e+00  9.568796e-01
     vertex -2.500000e+00  3.213341e+00  2.382108e+00
     vertex -2.500000e+00  1.245170e+00  9.230670e-01
   endloop
 endfacet
 facet normal -1.000000e+00  0.000000e+00  0.000000e+00
   outer loop
     vertex -2.500000e+00  1.219377e+00  9.568796e-01
     vertex -2.500000e+00  3.146780e+00  2.469367e+00
     vertex -2.500000e+00  3.213341e+00  2.382108e+00
   endloop
 endfacet
 facet normal -1.000000e+00  0.000000e+00 -0.000000e+00
   outer loop
     vertex -2.500000e+00 -9.652212e-01 -1.212785e+00
     vertex -2.500000e+00 -9.315863e-01 -1.238809e+00
     vertex -2.500000e+00 -2.404094e+00 -3.196926e+00
   endloop
 endfacet
 facet normal -1.000000e+00  0.000000e+00  0.000000e+00
   outer loop
     vertex -2.500000e+00 -9.652212e-01 -1.212785e+00
     vertex -2.500000e+00 -2.404094e+00 -3.196926e+00
     vertex -2.500000e+00 -2.490894e+00 -3.129768e+00
   endloop
 endfacet
 facet normal -1.000000e+00  0.000000e+00  0.000000e+00
   outer loop
     vertex -2.500000e+00  1.192667e+00  9.899720e-01
     vertex -2.500000e+00  3.146780e+00  2.469367e+00
     vertex -2.500000e+00  1.219377e+00  9.568796e-01
   endloop
 endfacet
 facet normal -1.000000e+00  0.000000e+00  0.000000e+00
   outer loop
     vertex -2.500000e+00  1.192667e+00  9.899720e-01
     vertex -2.500000e+00  3.077851e+00  2.554766e+00
     vertex -2.500000e+00  3.146780e+00  2.469367e+00
   endloop
 endfacet
 facet normal -1.000000e+00  0.000000e+00  0.000000e+00
   outer loop
     vertex -2.500000e+00 -9.981295e-01 -1.185849e+00
     vertex -2.500000e+00 -2.490894e+00 -3.129768e+00
     vertex -2.500000e+00 -2.575818e+00 -3.060255e+00
   endloop
 endfacet
 facet normal -1.000000e+00  0.000000e+00 -0.000000e+00
   outer loop
     vertex -2.500000e+00 -9.981295e-01 -1.185849e+00
     vertex -2.500000e+00 -9.652212e-01 -1.212785e+00
     vertex -2.500000e+00 -2.490894e+00 -3.129768e+00
   endloop
 endfacet
 facet normal -1.000000e+00  0.000000e+00  0.000000e+00
   outer loop
     vertex -2.500000e+00  1.165060e+00  1.022319e+00
     vertex -2.500000e+00  3.077851e+00  2.554766e+00
     vertex -2.500000e+00  1.192667e+00  9.899720e-01
   endloop
 endfacet
 facet normal -1.000000e+00  0.000000e+00  0.000000e+00
   outer loop
     vertex -2.500000e+00  1.165060e+00  1.022319e+00
     vertex -2.500000e+00  3.006605e+00  2.638243e+00
     vertex -2.500000e+00  3.077851e+00  2.554766e+00
   endloop
 endfacet
 facet normal -1.000000e+00  0.000000e+00  0.000000e+00
   outer loop
     vertex -2.500000e+00 -1.030287e+00 -1.158020e+00
     vertex -2.500000e+00 -2.575818e+00 -3.060255e+00
     vertex -2.500000e+00 -2.658804e+00 -2.988438e+00
   endloop
 endfacet
 facet normal -1.000000e+00  0.000000e+00 -0.000000e+00
   outer loop
     vertex -2.500000e+00 -1.030287e+00 -1.158020e+00
     vertex -2.500000e+00 -9.981295e-01 -1.185849e+00
     vertex -2.500000e+00 -2.575818e+00 -3.060255e+00
   endloop
 endfacet
 facet normal -1.000000e+00  0.000000e+00  0.000000e+00
   outer loop
     vertex -2.500000e+00  1.136575e+00  1.053897e+00
     vertex -2.500000e+00  3.006605e+00  2.638243e+00
     vertex -2.500000e+00  1.165060e+00  1.022319e+00
   endloop
 endfacet
 facet normal -1.000000e+00  0.000000e+00  0.000000e+00
   outer loop
     vertex -2.500000e+00  1.136575e+00  1.053897e+00
     vertex -2.500000e+00  2.933096e+00  2.719733e+00
     vertex -2.500000e+00  3.006605e+00  2.638243e+00
   endloop
 endfacet
 facet normal -1.000000e+00  0.000000e+00  0.000000e+00
   outer loop
     vertex -2.500000e+00 -1.061668e+00 -1.129319e+00
     vertex -2.500000e+00 -2.658804e+00 -2.988438e+00
     vertex -2.500000e+00 -2.739788e+00 -2.914371e+00
   endloop
 endfacet
 facet normal -1.000000e+00  0.000000e+00 -0.000000e+00
   outer loop
     vertex -2.500000e+00 -1.061668e+00 -1.129319e+00
     vertex -2.500000e+00 -1.030287e+00 -1.158020e+00
     vertex -2.500000e+00 -2.658804e+00 -2.988438e+00
   endloop
 endfacet
 facet normal -1.000000e+00  0.000000e+00  0.000000e+00
   outer loop
     vertex -2.500000e+00  1.107234e+00  1.084681e+00
     vertex -2.500000e+00  2.933096e+00  2.719733e+00
     vertex -2.500000e+00  1.136575e+00  1.053897e+00
   endloop
 endfacet
 facet normal -1.000000e+00  0.000000e+00  0.000000e+00
   outer loop
     vertex -2.500000e+00  1.107234e+00  1.084681e+00
     vertex -2.500000e+00  2.857379e+00  2.799176e+00
     vertex -2.500000e+00  2.933096e+00  2.719733e+00
   endloop
 endfacet
 facet normal -1.000000e+00  0.000000e+00 -0.000000e+00
   outer loop
     vertex -2.500000e+00 -1.092250e+00 -1.099768e+00
     vertex -2.500000e+00 -1.061668e+00 -1.129319e+00
     vertex -2.500000e+00 -2.739788e+00 -2.914371e+00
   endloop
 endfacet
 facet normal -1.000000e+00  0.000000e+00  0.000000e+00
   outer loop
     vertex -2.500000e+00 -1.092250e+00 -1.099768e+00
     vertex -2.500000e+00 -2.739788e+00 -2.914371e+00
     vertex -2.500000e+00 -2.818710e+00 -2.838111e+00
   endloop
 endfacet
 facet normal -1.000000e+00  0.000000e+00  0.000000e+00
   outer loop
     vertex -2.500000e+00  2.779511e+00  2.876512e+00
     vertex -2.500000e+00  1.107234e+00  1.084681e+00
     vertex -2.500000e+00  1.077060e+00  1.114648e+00
   endloop
 endfacet
 facet normal -1.000000e+00  0.000000e+00 -0.000000e+00
   outer loop
     vertex -2.500000e+00  2.779511e+00  2.876512e+00
     vertex -2.500000e+00  2.857379e+00  2.799176e+00
     vertex -2.500000e+00  1.107234e+00  1.084681e+00
   endloop
 endfacet
 facet normal -1.000000e+00  0.000000e+00  0.000000e+00
   outer loop
     vertex -2.500000e+00 -2.895510e+00 -2.759714e+00
     vertex -2.500000e+00 -1.122010e+00 -1.069389e+00
     vertex -2.500000e+00 -1.092250e+00 -1.099768e+00
   endloop
 endfacet
 facet normal -1.000000e+00  0.000000e+00  0.000000e+00
   outer loop
     vertex -2.500000e+00 -2.895510e+00 -2.759714e+00
     vertex -2.500000e+00 -1.092250e+00 -1.099768e+00
     vertex -2.500000e+00 -2.818710e+00 -2.838111e+00
   endloop
 endfacet
 facet normal -1.000000e+00  0.000000e+00 -0.000000e+00
   outer loop
     vertex -2.500000e+00  2.699550e+00  2.951683e+00
     vertex -2.500000e+00  2.779511e+00  2.876512e+00
     vertex -2.500000e+00  1.077060e+00  1.114648e+00
   endloop
 endfacet
 facet normal -1.000000e+00  0.000000e+00  0.000000e+00
   outer loop
     vertex -2.500000e+00  2.699550e+00  2.951683e+00
     vertex -2.500000e+00  1.077060e+00  1.114648e+00
     vertex -2.500000e+00  1.046076e+00  1.143777e+00
   endloop
 endfacet
 facet normal -1.000000e+00  0.000000e+00  0.000000e+00
   outer loop
     vertex -2.500000e+00  2.699550e+00  2.951683e+00
     vertex -2.500000e+00  1.046076e+00  1.143777e+00
     vertex -2.500000e+00  1.014303e+00  1.172045e+00
   endloop
 endfacet
 facet normal -1.000000e+00  0.000000e+00  0.000000e+00
   outer loop
     vertex -2.500000e+00 -2.970130e+00 -2.679240e+00
     vertex -2.500000e+00 -1.178974e+00 -1.006240e+00
     vertex -2.500000e+00 -1.150925e+00 -1.038205e+00
   endloop
 endfacet
 facet normal -1.000000e+00  0.000000e+00  0.000000e+00
   outer loop
     vertex -2.500000e+00 -2.970130e+00 -2.679240e+00
     vertex -2.500000e+00 -1.150925e+00 -1.038205e+00
     vertex -2.500000e+00 -1.122010e+00 -1.069389e+00
   endloop
 endfacet
 facet normal -1.000000e+00  0.000000e+00  0.000000e+00
   outer loop
     vertex -2.500000e+00 -2.970130e+00 -2.679240e+00
     vertex -2.500000e+00 -1.122010e+00 -1.069389e+00
     vertex -2.500000e+00 -2.895510e+00 -2.759714e+00
   endloop
 endfacet
 facet normal -1.000000e+00  0.000000e+00 -0.000000e+00
   outer loop
     vertex -2.500000e+00  2.617557e+00  3.024631e+00
     vertex -2.500000e+00  2.699550e+00  2.951683e+00
     vertex -2.500000e+00  1.014303e+00  1.172045e+00
   endloop
 endfacet
 facet normal -1.000000e+00  0.000000e+00  0.000000e+00
   outer loop
     vertex -2.500000e+00 -3.042515e+00 -2.596749e+00
     vertex -2.500000e+00 -1.178974e+00 -1.006240e+00
     vertex -2.500000e+00 -2.970130e+00 -2.679240e+00
   endloop
 endfacet
 facet normal -1.000000e+00  0.000000e+00  0.000000e+00
   outer loop
     vertex -2.500000e+00  2.533594e+00  3.095303e+00
     vertex -2.500000e+00  1.014303e+00  1.172045e+00
     vertex -2.500000e+00  9.817678e-01  1.199430e+00
   endloop
 endfacet
 facet normal -1.000000e+00  0.000000e+00 -0.000000e+00
   outer loop
     vertex -2.500000e+00  2.533594e+00  3.095303e+00
     vertex -2.500000e+00  2.617557e+00  3.024631e+00
     vertex -2.500000e+00  1.014303e+00  1.172045e+00
   endloop
 endfacet
 facet normal -1.000000e+00  0.000000e+00  0.000000e+00
   outer loop
     vertex -2.500000e+00 -3.112609e+00 -2.512303e+00
     vertex -2.500000e+00 -1.206136e+00 -9.735174e-01
     vertex -2.500000e+00 -1.178974e+00 -1.006240e+00
   endloop
 endfacet
 facet normal -1.000000e+00  0.000000e+00  0.000000e+00
   outer loop
     vertex -2.500000e+00 -3.112609e+00 -2.512303e+00
     vertex -2.500000e+00 -1.178974e+00 -1.006240e+00
     vertex -2.500000e+00 -3.042515e+00 -2.596749e+00
   endloop
 endfacet
 facet normal -1.000000e+00  0.000000e+00  0.000000e+00
   outer loop
     vertex -2.500000e+00  2.447724e+00  3.163645e+00
     vertex -2.500000e+00  9.817678e-01  1.199430e+00
     vertex -2.500000e+00  9.484930e-01  1.225912e+00
   endloop
 endfacet
 facet normal -1.000000e+00  0.000000e+00 -0.000000e+00
   outer loop
     vertex -2.500000e+00  2.447724e+00  3.163645e+00
     vertex -2.500000e+00  2.533594e+00  3.095303e+00
     vertex -2.500000e+00  9.817678e-01  1.199430e+00
   endloop
 endfacet
 facet normal -1.000000e+00  0.000000e+00  0.000000e+00
   outer loop
     vertex -2.500000e+00 -3.180360e+00 -2.425966e+00
     vertex -2.500000e+00 -1.257715e+00 -9.058985e-01
     vertex -2.500000e+00 -1.232389e+00 -9.400618e-01
   endloop
 endfacet
 facet normal -1.000000e+00  0.000000e+00  0.000000e+00
   outer loop
     vertex -2.500000e+00 -3.180360e+00 -2.425966e+00
     vertex -2.500000e+00 -1.232389e+00 -9.400618e-01
     vertex -2.500000e+00 -1.206136e+00 -9.735174e-01
   endloop
 endfacet
 facet normal -1.000000e+00  0.000000e+00  0.000000e+00
   outer loop
     vertex -2.500000e+00 -3.180360e+00 -2.425966e+00
     vertex -2.500000e+00 -1.206136e+00 -9.735174e-01
     vertex -2.500000e+00 -3.112609e+00 -2.512303e+00
   endloop
 endfacet
 facet normal -1.000000e+00  0.000000e+00  0.000000e+00
   outer loop
     vertex -2.500000e+00  2.360011e+00  3.229605e+00
     vertex -2.500000e+00  9.484930e-01  1.225912e+00
     vertex -2.500000e+00  9.145043e-01  1.251472e+00
   endloop
 endfacet
 facet normal -1.000000e+00  0.000000e+00 -0.000000e+00
   outer loop
     vertex -2.500000e+00  2.360011e+00  3.229605e+00
     vertex -2.500000e+00  2.447724e+00  3.163645e+00
     vertex -2.500000e+00  9.484930e-01  1.225912e+00
   endloop
 endfacet
 facet normal -1.000000e+00  0.000000e+00  0.000000e+00
   outer loop
     vertex -2.500000e+00 -3.245717e+00 -2.337803e+00
     vertex -2.500000e+00 -1.257715e+00 -9.058985e-01
     vertex -2.500000e+00 -3.180360e+00 -2.425966e+00
   endloop
 endfacet
 facet normal -1.000000e+00  0.000000e+00  0.000000e+00
   outer loop
     vertex -2.500000e+00  2.270522e+00  3.293134e+00
     vertex -2.500000e+00  9.145043e-01  1.251472e+00
     vertex -2.500000e+00  8.798272e-01  1.276089e+00
   endloop
 endfacet
 facet normal -1.000000e+00  0.000000e+00 -0.000000e+00
   outer loop
     vertex -2.500000e+00  2.270522e+00  3.293134e+00
     vertex -2.500000e+00  2.360011e+00  3.229605e+00
     vertex -2.500000e+00  9.145043e-01  1.251472e+00
   endloop
 endfacet
 facet normal -1.000000e+00  0.000000e+00  0.000000e+00
   outer loop
     vertex -2.500000e+00 -3.308631e+00 -2.247880e+00
     vertex -2.500000e+00 -1.282094e+00 -8.710534e-01
     vertex -2.500000e+00 -1.257715e+00 -9.058985e-01
   endloop
 endfacet
 facet normal -1.000000e+00  0.000000e+00  0.000000e+00
   outer loop
     vertex -2.500000e+00 -3.308631e+00 -2.247880e+00
     vertex -2.500000e+00 -1.257715e+00 -9.058985e-01
     vertex -2.500000e+00 -3.245717e+00 -2.337803e+00
   endloop
 endfacet
 facet normal -1.000000e+00  0.000000e+00 -0.000000e+00
   outer loop
     vertex -2.500000e+00  2.179323e+00  3.354184e+00
     vertex -2.500000e+00  2.270522e+00  3.293134e+00
     vertex -2.500000e+00  8.798272e-01  1.276089e+00
   endloop
 endfacet
 facet normal -1.000000e+00  0.000000e+00  0.000000e+00
   outer loop
     vertex -2.500000e+00  2.179323e+00  3.354184e+00
     vertex -2.500000e+00  8.798272e-01  1.276089e+00
     vertex -2.500000e+00  8.444877e-01  1.299746e+00
   endloop
 endfacet
 facet normal -1.000000e+00  0.000000e+00  0.000000e+00
   outer loop
     vertex -2.500000e+00  2.179323e+00  3.354184e+00
     vertex -2.500000e+00  8.444877e-01  1.299746e+00
     vertex -2.500000e+00  8.085126e-01  1.322425e+00
   endloop
 endfacet
 facet normal -1.000000e+00  0.000000e+00  0.000000e+00
   outer loop
     vertex -2.500000e+00 -3.369054e+00 -2.156264e+00
     vertex -2.500000e+00 -1.305508e+00 -8.355525e-01
     vertex -2.500000e+00 -1.282094e+00 -8.710534e-01
   endloop
 endfacet
 facet normal -1.000000e+00  0.000000e+00  0.000000e+00
   outer loop
     vertex -2.500000e+00 -3.369054e+00 -2.156264e+00
     vertex -2.500000e+00 -1.282094e+00 -8.710534e-01
     vertex -2.500000e+00 -3.308631e+00 -2.247880e+00
   endloop
 endfacet
 facet normal -1.000000e+00  0.000000e+00 -0.000000e+00
   outer loop
     vertex -2.500000e+00  2.086484e+00  3.412709e+00
     vertex -2.500000e+00  2.179323e+00  3.354184e+00
     vertex -2.500000e+00  8.085126e-01  1.322425e+00
   endloop
 endfacet
 facet normal -1.000000e+00  0.000000e+00  0.000000e+00
   outer loop
     vertex -2.500000e+00 -3.426941e+00 -2.063026e+00
     vertex -2.500000e+00 -1.327940e+00 -7.994226e-01
     vertex -2.500000e+00 -1.305508e+00 -8.355525e-01
   endloop
 endfacet
 facet normal -1.000000e+00  0.000000e+00  0.000000e+00
   outer loop
     vertex -2.500000e+00 -3.426941e+00 -2.063026e+00
     vertex -2.500000e+00 -1.305508e+00 -8.355525e-01
     vertex -2.500000e+00 -3.369054e+00 -2.156264e+00
   endloop
 endfacet
 facet normal -1.000000e+00  0.000000e+00 -0.000000e+00
   outer loop
     vertex -2.500000e+00  1.992074e+00  3.468665e+00
     vertex -2.500000e+00  2.086484e+00  3.412709e+00
     vertex -2.500000e+00  8.085126e-01  1.322425e+00
   endloop
 endfacet
 facet normal -1.000000e+00  0.000000e+00  0.000000e+00
   outer loop
     vertex -2.500000e+00  1.992074e+00  3.468665e+00
     vertex -2.500000e+00  8.085126e-01  1.322425e+00
     vertex -2.500000e+00  7.719288e-01  1.344108e+00
   endloop
 endfacet
 facet normal -1.000000e+00  0.000000e+00  0.000000e+00
   outer loop
     vertex -2.500000e+00 -3.482248e+00 -1.968235e+00
     vertex -2.500000e+00 -1.349371e+00 -7.626910e-01
     vertex -2.500000e+00 -1.327940e+00 -7.994226e-01
   endloop
 endfacet
 facet normal -1.000000e+00  0.000000e+00  0.000000e+00
   outer loop
     vertex -2.500000e+00 -3.482248e+00 -1.968235e+00
     vertex -2.500000e+00 -1.327940e+00 -7.994226e-01
     vertex -2.500000e+00 -3.426941e+00 -2.063026e+00
   endloop
 endfacet
 facet normal -1.000000e+00  0.000000e+00  0.000000e+00
   outer loop
     vertex -2.500000e+00  1.896165e+00  3.522011e+00
     vertex -2.500000e+00  7.719288e-01  1.344108e+00
     vertex -2.500000e+00  7.347639e-01  1.364779e+00
   endloop
 endfacet
 facet normal -1.000000e+00  0.000000e+00 -0.000000e+00
   outer loop
     vertex -2.500000e+00  1.896165e+00  3.522011e+00
     vertex -2.500000e+00  1.992074e+00  3.468665e+00
     vertex -2.500000e+00  7.719288e-01  1.344108e+00
   endloop
 endfacet
 facet normal -1.000000e+00  0.000000e+00  0.000000e+00
   outer loop
     vertex -2.500000e+00 -3.534934e+00 -1.871962e+00
     vertex -2.500000e+00 -1.369787e+00 -7.253852e-01
     vertex -2.500000e+00 -1.349371e+00 -7.626910e-01
   endloop
 endfacet
 facet normal -1.000000e+00  0.000000e+00  0.000000e+00
   outer loop
     vertex -2.500000e+00 -3.534934e+00 -1.871962e+00
     vertex -2.500000e+00 -1.349371e+00 -7.626910e-01
     vertex -2.500000e+00 -3.482248e+00 -1.968235e+00
   endloop
 endfacet
 facet normal -1.000000e+00  0.000000e+00  0.000000e+00
   outer loop
     vertex -2.500000e+00  1.798828e+00  3.572704e+00
     vertex -2.500000e+00  7.347639e-01  1.364779e+00
     vertex -2.500000e+00  6.970459e-01  1.384423e+00
   endloop
 endfacet
 facet normal -1.000000e+00  0.000000e+00 -0.000000e+00
   outer loop
     vertex -2.500000e+00  1.798828e+00  3.572704e+00
     vertex -2.500000e+00  1.896165e+00  3.522011e+00
     vertex -2.500000e+00  7.347639e-01  1.364779e+00
   endloop
 endfacet
 facet normal -1.000000e+00  0.000000e+00  0.000000e+00
   outer loop
     vertex -2.500000e+00 -3.584959e+00 -1.774280e+00
     vertex -2.500000e+00 -1.389172e+00 -6.875333e-01
     vertex -2.500000e+00 -1.369787e+00 -7.253852e-01
   endloop
 endfacet
 facet normal -1.000000e+00  0.000000e+00  0.000000e+00
   outer loop
     vertex -2.500000e+00 -3.584959e+00 -1.774280e+00
     vertex -2.500000e+00 -1.369787e+00 -7.253852e-01
     vertex -2.500000e+00 -3.534934e+00 -1.871962e+00
   endloop
 endfacet
 facet normal -1.000000e+00  0.000000e+00  0.000000e+00
   outer loop
     vertex -2.500000e+00  1.700137e+00  3.620709e+00
     vertex -2.500000e+00  6.970459e-01  1.384423e+00
     vertex -2.500000e+00  6.588033e-01  1.403025e+00
   endloop
 endfacet
 facet normal -1.000000e+00  0.000000e+00  0.000000e+00
   outer loop
     vertex -2.500000e+00  1.700137e+00  3.620709e+00
     vertex -2.500000e+00  6.588033e-01  1.403025e+00
     vertex -2.500000e+00  6.200647e-01  1.420570e+00
   endloop
 endfacet
 facet normal -1.000000e+00  0.000000e+00 -0.000000e+00
   outer loop
     vertex -2.500000e+00  1.700137e+00  3.620709e+00
     vertex -2.500000e+00  1.798828e+00  3.572704e+00
     vertex -2.500000e+00  6.970459e-01  1.384423e+00
   endloop
 endfacet
 facet normal -1.000000e+00  0.000000e+00  0.000000e+00
   outer loop
     vertex -2.500000e+00 -3.632285e+00 -1.675262e+00
     vertex -2.500000e+00 -1.407511e+00 -6.491640e-01
     vertex -2.500000e+00 -1.389172e+00 -6.875333e-01
   endloop
 endfacet
 facet normal -1.000000e+00  0.000000e+00  0.000000e+00
   outer loop
     vertex -2.500000e+00 -3.632285e+00 -1.675262e+00
     vertex -2.500000e+00 -1.389172e+00 -6.875333e-01
     vertex -2.500000e+00 -3.584959e+00 -1.774280e+00
   endloop
 endfacet
 facet normal -1.000000e+00  0.000000e+00 -0.000000e+00
   outer loop
     vertex -2.500000e+00  1.600167e+00  3.665988e+00
     vertex -2.500000e+00  1.700137e+00  3.620709e+00
     vertex -2.500000e+00  6.200647e-01  1.420570e+00
   endloop
 endfacet
 facet normal -1.000000e+00  0.000000e+00  0.000000e+00
   outer loop
     vertex -2.500000e+00 -3.676878e+00 -1.574983e+00
     vertex -2.500000e+00 -1.407511e+00 -6.491640e-01
     vertex -2.500000e+00 -3.632285e+00 -1.675262e+00
   endloop
 endfacet
 facet normal -1.000000e+00  0.000000e+00  0.000000e+00
   outer loop
     vertex -2.500000e+00 -3.676878e+00 -1.574983e+00
     vertex -2.500000e+00 -1.424790e+00 -6.103059e-01
     vertex -2.500000e+00 -1.407511e+00 -6.491640e-01
   endloop
 endfacet
 facet normal -1.000000e+00  0.000000e+00 -0.000000e+00
   outer loop
     vertex -2.500000e+00  1.498992e+00  3.708507e+00
     vertex -2.500000e+00  1.600167e+00  3.665988e+00
     vertex -2.500000e+00  6.200647e-01  1.420570e+00
   endloop
 endfacet
 facet normal -1.000000e+00  0.000000e+00  0.000000e+00
   outer loop
     vertex -2.500000e+00  1.498992e+00  3.708507e+00
     vertex -2.500000e+00  6.200647e-01  1.420570e+00
     vertex -2.500000e+00  5.808593e-01  1.437046e+00
   endloop
 endfacet
 facet normal -1.000000e+00  0.000000e+00  0.000000e+00
   outer loop
     vertex -2.500000e+00 -3.718702e+00 -1.473519e+00
     vertex -2.500000e+00 -1.424790e+00 -6.103059e-01
     vertex -2.500000e+00 -3.676878e+00 -1.574983e+00
   endloop
 endfacet
 facet normal -1.000000e+00  0.000000e+00  0.000000e+00
   outer loop
     vertex -2.500000e+00 -3.718702e+00 -1.473519e+00
     vertex -2.500000e+00 -1.456119e+00 -5.312412e-01
     vertex -2.500000e+00 -1.440997e+00 -5.709885e-01
   endloop
 endfacet
 facet normal -1.000000e+00  0.000000e+00  0.000000e+00
   outer loop
     vertex -2.500000e+00 -3.718702e+00 -1.473519e+00
     vertex -2.500000e+00 -1.440997e+00 -5.709885e-01
     vertex -2.500000e+00 -1.424790e+00 -6.103059e-01
   endloop
 endfacet
 facet normal -1.000000e+00  0.000000e+00  0.000000e+00
   outer loop
     vertex -2.500000e+00  1.396688e+00  3.748235e+00
     vertex -2.500000e+00  5.808593e-01  1.437046e+00
     vertex -2.500000e+00  5.412166e-01  1.452441e+00
   endloop
 endfacet
 facet normal -1.000000e+00  0.000000e+00 -0.000000e+00
   outer loop
     vertex -2.500000e+00  1.396688e+00  3.748235e+00
     vertex -2.500000e+00  1.498992e+00  3.708507e+00
     vertex -2.500000e+00  5.808593e-01  1.437046e+00
   endloop
 endfacet
 facet normal -1.000000e+00  0.000000e+00  0.000000e+00
   outer loop
     vertex -2.500000e+00 -3.757727e+00 -1.370945e+00
     vertex -2.500000e+00 -1.456119e+00 -5.312412e-01
     vertex -2.500000e+00 -3.718702e+00 -1.473519e+00
   endloop
 endfacet
 facet normal -1.000000e+00  0.000000e+00 -0.000000e+00
   outer loop
     vertex -2.500000e+00  1.293333e+00  3.785141e+00
     vertex -2.500000e+00  1.396688e+00  3.748235e+00
     vertex -2.500000e+00  5.412166e-01  1.452441e+00
   endloop
 endfacet
 facet normal -1.000000e+00  0.000000e+00  0.000000e+00
   outer loop
     vertex -2.500000e+00  1.293333e+00  3.785141e+00
     vertex -2.500000e+00  5.412166e-01  1.452441e+00
     vertex -2.500000e+00  5.011666e-01  1.466742e+00
   endloop
 endfacet
 facet normal -1.000000e+00  0.000000e+00  0.000000e+00
   outer loop
     vertex -2.500000e+00 -3.793923e+00 -1.267339e+00
     vertex -2.500000e+00 -1.456119e+00 -5.312412e-01
     vertex -2.500000e+00 -3.757727e+00 -1.370945e+00
   endloop
 endfacet
 facet normal -1.000000e+00  0.000000e+00  0.000000e+00
   outer loop
     vertex -2.500000e+00 -3.793923e+00 -1.267339e+00
     vertex -2.500000e+00 -1.483064e+00 -4.505771e-01
     vertex -2.500000e+00 -1.470145e+00 -4.910940e-01
   endloop
 endfacet
 facet normal -1.000000e+00  0.000000e+00  0.000000e+00
   outer loop
     vertex -2.500000e+00 -3.793923e+00 -1.267339e+00
     vertex -2.500000e+00 -1.470145e+00 -4.910940e-01
     vertex -2.500000e+00 -1.456119e+00 -5.312412e-01
   endloop
 endfacet
 facet normal -1.000000e+00  0.000000e+00 -0.000000e+00
   outer loop
     vertex -2.500000e+00  1.189005e+00  3.819197e+00
     vertex -2.500000e+00  1.293333e+00  3.785141e+00
     vertex -2.500000e+00  5.011666e-01  1.466742e+00
   endloop
 endfacet
 facet normal -1.000000e+00  0.000000e+00  0.000000e+00
   outer loop
     vertex -2.500000e+00  1.189005e+00  3.819197e+00
     vertex -2.500000e+00  5.011666e-01  1.466742e+00
     vertex -2.500000e+00  4.607393e-01  1.479939e+00
   endloop
 endfacet
 facet normal -1.000000e+00  0.000000e+00  0.000000e+00
   outer loop
     vertex -2.500000e+00 -3.827263e+00 -1.162780e+00
     vertex -2.500000e+00 -1.483064e+00 -4.505771e-01
     vertex -2.500000e+00 -3.793923e+00 -1.267339e+00
   endloop
 endfacet
 facet normal -1.000000e+00  0.000000e+00  0.000000e+00
   outer loop
     vertex -2.500000e+00 -3.827263e+00 -1.162780e+00
     vertex -2.500000e+00 -1.494867e+00 -4.097210e-01
     vertex -2.500000e+00 -1.483064e+00 -4.505771e-01
   endloop
 endfacet
 facet normal -1.000000e+00  0.000000e+00  0.000000e+00
   outer loop
     vertex -2.500000e+00  1.083781e+00  3.850379e+00
     vertex -2.500000e+00  4.607393e-01  1.479939e+00
     vertex -2.500000e+00  4.199652e-01  1.492022e+00
   endloop
 endfacet
 facet normal -1.000000e+00  0.000000e+00 -0.000000e+00
   outer loop
     vertex -2.500000e+00  1.083781e+00  3.850379e+00
     vertex -2.500000e+00  1.189005e+00  3.819197e+00
     vertex -2.500000e+00  4.607393e-01  1.479939e+00
   endloop
 endfacet
 facet normal -1.000000e+00  0.000000e+00  0.000000e+00
   outer loop
     vertex -2.500000e+00 -3.857722e+00 -1.057345e+00
     vertex -2.500000e+00 -1.494867e+00 -4.097210e-01
     vertex -2.500000e+00 -3.827263e+00 -1.162780e+00
   endloop
 endfacet
 facet normal -1.000000e+00  0.000000e+00 -0.000000e+00
   outer loop
     vertex -2.500000e+00  9.777417e-01  3.878662e+00
     vertex -2.500000e+00  1.083781e+00  3.850379e+00
     vertex -2.500000e+00  4.199652e-01  1.492022e+00
   endloop
 endfacet
 facet normal -1.000000e+00  0.000000e+00  0.000000e+00
   outer loop
     vertex -2.500000e+00  9.777417e-01  3.878662e+00
     vertex -2.500000e+00  4.199652e-01  1.492022e+00
     vertex -2.500000e+00  3.788749e-01  1.502982e+00
   endloop
 endfacet
 facet normal -1.000000e+00  0.000000e+00  0.000000e+00
   outer loop
     vertex -2.500000e+00 -3.885278e+00 -9.511137e-01
     vertex -2.500000e+00 -1.494867e+00 -4.097210e-01
     vertex -2.500000e+00 -3.857722e+00 -1.057345e+00
   endloop
 endfacet
 facet normal -1.000000e+00  0.000000e+00  0.000000e+00
   outer loop
     vertex -2.500000e+00 -3.885278e+00 -9.511137e-01
     vertex -2.500000e+00 -1.505545e+00 -3.685566e-01
     vertex -2.500000e+00 -1.494867e+00 -4.097210e-01
   endloop
 endfacet
 facet normal -1.000000e+00  0.000000e+00 -0.000000e+00
   outer loop
     vertex -2.500000e+00  8.709663e-01  3.904026e+00
     vertex -2.500000e+00  9.777417e-01  3.878662e+00
     vertex -2.500000e+00  3.788749e-01  1.502982e+00
   endloop
 endfacet
 facet normal -1.000000e+00  0.000000e+00  0.000000e+00
   outer loop
     vertex -2.500000e+00  8.709663e-01  3.904026e+00
     vertex -2.500000e+00  3.788749e-01  1.502982e+00
     vertex -2.500000e+00  3.374994e-01  1.512810e+00
   endloop
 endfacet
 facet normal -1.000000e+00  0.000000e+00  0.000000e+00
   outer loop
     vertex -2.500000e+00 -3.909908e+00 -8.441668e-01
     vertex -2.500000e+00 -1.505545e+00 -3.685566e-01
     vertex -2.500000e+00 -3.885278e+00 -9.511137e-01
   endloop
 endfacet
 facet normal -1.000000e+00  0.000000e+00  0.000000e+00
   outer loop
     vertex -2.500000e+00 -3.909908e+00 -8.441668e-01
     vertex -2.500000e+00 -1.515089e+00 -3.271147e-01
     vertex -2.500000e+00 -1.505545e+00 -3.685566e-01
   endloop
 endfacet
 facet normal -1.000000e+00  0.000000e+00  0.000000e+00
   outer loop
     vertex -2.500000e+00  7.635352e-01  3.926451e+00
     vertex -2.500000e+00  3.374994e-01  1.512810e+00
     vertex -2.500000e+00  2.958699e-01  1.521500e+00
   endloop
 endfacet
 facet normal -1.000000e+00  0.000000e+00 -0.000000e+00
   outer loop
     vertex -2.500000e+00  7.635352e-01  3.926451e+00
     vertex -2.500000e+00  8.709663e-01  3.904026e+00
     vertex -2.500000e+00  3.374994e-01  1.512810e+00
   endloop
 endfacet
 facet normal -1.000000e+00  0.000000e+00  0.000000e+00
   outer loop
     vertex -2.500000e+00 -3.931596e+00 -7.365845e-01
     vertex -2.500000e+00 -1.515089e+00 -3.271147e-01
     vertex -2.500000e+00 -3.909908e+00 -8.441668e-01
   endloop
 endfacet
 facet normal -1.000000e+00  0.000000e+00  0.000000e+00
   outer loop
     vertex -2.500000e+00 -3.931596e+00 -7.365845e-01
     vertex -2.500000e+00 -1.523493e+00 -2.854265e-01
     vertex -2.500000e+00 -1.515089e+00 -3.271147e-01
   endloop
 endfacet
 facet normal -1.000000e+00  0.000000e+00  0.000000e+00
   outer loop
     vertex -2.500000e+00  6.555294e-01  3.945920e+00
     vertex -2.500000e+00  2.958699e-01  1.521500e+00
     vertex -2.500000e+00  2.540177e-01  1.529044e+00
   endloop
 endfacet
 facet normal -1.000000e+00  0.000000e+00 -0.000000e+00
   outer loop
     vertex -2.500000e+00  6.555294e-01  3.945920e+00
     vertex -2.500000e+00  7.635352e-01  3.926451e+00
     vertex -2.500000e+00  2.958699e-01  1.521500e+00
   endloop
 endfacet
 facet normal -1.000000e+00  0.000000e+00  0.000000e+00
   outer loop
     vertex -2.500000e+00 -3.950323e+00 -6.284477e-01
     vertex -2.500000e+00 -1.523493e+00 -2.854265e-01
     vertex -2.500000e+00 -3.931596e+00 -7.365845e-01
   endloop
 endfacet
 facet normal -1.000000e+00  0.000000e+00  0.000000e+00
   outer loop
     vertex -2.500000e+00 -3.950323e+00 -6.284477e-01
     vertex -2.500000e+00 -1.530750e+00 -2.435235e-01
     vertex -2.500000e+00 -1.523493e+00 -2.854265e-01
   endloop
 endfacet
 facet normal -1.000000e+00  0.000000e+00 -0.000000e+00
   outer loop
     vertex -2.500000e+00  5.470301e-01  3.962418e+00
     vertex -2.500000e+00  6.555294e-01  3.945920e+00
     vertex -2.500000e+00  2.540177e-01  1.529044e+00
   endloop
 endfacet
 facet normal -1.000000e+00  0.000000e+00  0.000000e+00
   outer loop
     vertex -2.500000e+00  5.470301e-01  3.962418e+00
     vertex -2.500000e+00  2.540177e-01  1.529044e+00
     vertex -2.500000e+00  2.119742e-01  1.535437e+00
   endloop
 endfacet
 facet normal -1.000000e+00  0.000000e+00  0.000000e+00
   outer loop
     vertex -2.500000e+00 -3.966077e+00 -5.198378e-01
     vertex -2.500000e+00 -1.530750e+00 -2.435235e-01
     vertex -2.500000e+00 -3.950323e+00 -6.284477e-01
   endloop
 endfacet
 facet normal -1.000000e+00  0.000000e+00  0.000000e+00
   outer loop
     vertex -2.500000e+00 -3.966077e+00 -5.198378e-01
     vertex -2.500000e+00 -1.536855e+00 -2.014371e-01
     vertex -2.500000e+00 -1.530750e+00 -2.435235e-01
   endloop
 endfacet
 facet normal -1.000000e+00  0.000000e+00  0.000000e+00
   outer loop
     vertex -2.500000e+00  4.381191e-01  3.975934e+00
     vertex -2.500000e+00  2.119742e-01  1.535437e+00
     vertex -2.500000e+00  1.697711e-01  1.540674e+00
   endloop
 endfacet
 facet normal -1.000000e+00  0.000000e+00 -0.000000e+00
   outer loop
     vertex -2.500000e+00  4.381191e-01  3.975934e+00
     vertex -2.500000e+00  5.470301e-01  3.962418e+00
     vertex -2.500000e+00  2.119742e-01  1.535437e+00
   endloop
 endfacet
 facet normal -1.000000e+00  0.000000e+00  0.000000e+00
   outer loop
     vertex -2.500000e+00 -3.978846e+00 -4.108366e-01
     vertex -2.500000e+00 -1.536855e+00 -2.014371e-01
     vertex -2.500000e+00 -3.966077e+00 -5.198378e-01
   endloop
 endfacet
 facet normal -1.000000e+00  0.000000e+00  0.000000e+00
   outer loop
     vertex -2.500000e+00 -3.978846e+00 -4.108366e-01
     vertex -2.500000e+00 -1.545590e+00 -1.168414e-01
     vertex -2.500000e+00 -1.541803e+00 -1.591992e-01
   endloop
 endfacet
 facet normal -1.000000e+00  0.000000e+00  0.000000e+00
   outer loop
     vertex -2.500000e+00 -3.978846e+00 -4.108366e-01
     vertex -2.500000e+00 -1.541803e+00 -1.591992e-01
     vertex -2.500000e+00 -1.536855e+00 -2.014371e-01
   endloop
 endfacet
 facet normal -1.000000e+00  0.000000e+00  0.000000e+00
   outer loop
     vertex -2.500000e+00  3.288782e-01  3.986457e+00
     vertex -2.500000e+00  1.697711e-01  1.540674e+00
     vertex -2.500000e+00  1.274403e-01  1.544752e+00
   endloop
 endfacet
 facet normal -1.000000e+00  0.000000e+00 -0.000000e+00
   outer loop
     vertex -2.500000e+00  3.288782e-01  3.986457e+00
     vertex -2.500000e+00  4.381191e-01  3.975934e+00
     vertex -2.500000e+00  1.697711e-01  1.540674e+00
   endloop
 endfacet
 facet normal -1.000000e+00  0.000000e+00  0.000000e+00
   outer loop
     vertex -2.500000e+00 -3.988619e+00 -3.015261e-01
     vertex -2.500000e+00 -1.545590e+00 -1.168414e-01
     vertex -2.500000e+00 -3.978846e+00 -4.108366e-01
   endloop
 endfacet
 facet normal -1.000000e+00  0.000000e+00 -0.000000e+00
   outer loop
     vertex -2.500000e+00  2.193898e-01  3.993979e+00
     vertex -2.500000e+00  3.288782e-01  3.986457e+00
     vertex -2.500000e+00  1.274403e-01  1.544752e+00
   endloop
 endfacet
 facet normal -1.000000e+00  0.000000e+00  0.000000e+00
   outer loop
     vertex -2.500000e+00  2.193898e-01  3.993979e+00
     vertex -2.500000e+00  1.274403e-01  1.544752e+00
     vertex -2.500000e+00  8.501354e-02  1.547667e+00
   endloop
 endfacet
 facet normal -1.000000e+00  0.000000e+00  0.000000e+00
   outer loop
     vertex -2.500000e+00 -3.995390e+00 -1.919886e-01
     vertex -2.500000e+00 -1.545590e+00 -1.168414e-01
     vertex -2.500000e+00 -3.988619e+00 -3.015261e-01
   endloop
 endfacet
 facet normal -1.000000e+00  0.000000e+00  0.000000e+00
   outer loop
     vertex -2.500000e+00 -3.995390e+00 -1.919886e-01
     vertex -2.500000e+00 -1.548214e+00 -7.439560e-02
     vertex -2.500000e+00 -1.545590e+00 -1.168414e-01
   endloop
 endfacet
 facet normal -1.000000e+00  0.000000e+00  0.000000e+00
   outer loop
     vertex -2.500000e+00  1.097362e-01  3.998494e+00
     vertex -2.500000e+00  8.501354e-02  1.547667e+00
     vertex -2.500000e+00  4.252277e-02  1.549417e+00
   endloop
 endfacet
 facet normal -1.000000e+00  0.000000e+00 -0.000000e+00
   outer loop
     vertex -2.500000e+00  1.097362e-01  3.998494e+00
     vertex -2.500000e+00  2.193898e-01  3.993979e+00
     vertex -2.500000e+00  8.501354e-02  1.547667e+00
   endloop
 endfacet
 facet normal -1.000000e+00  0.000000e+00  0.000000e+00
   outer loop
     vertex -2.500000e+00 -3.999153e+00 -8.230666e-02
     vertex -2.500000e+00 -1.548214e+00 -7.439560e-02
     vertex -2.500000e+00 -3.995390e+00 -1.919886e-01
   endloop
 endfacet
 facet normal -1.000000e+00  0.000000e+00  0.000000e+00
   outer loop
     vertex -2.500000e+00 -3.999153e+00 -8.230666e-02
     vertex -2.500000e+00 -1.549672e+00 -3.189383e-02
     vertex -2.500000e+00 -1.548214e+00 -7.439560e-02
   endloop
 endfacet
 facet normal -1.000000e+00  0.000000e+00  0.000000e+00
   outer loop
     vertex -2.500000e+00  9.797174e-16  4.000000e+00
     vertex -2.500000e+00  3.796405e-16  1.550000e+00
     vertex -2.500000e+00 -4.252277e-02  1.549417e+00
   endloop
 endfacet
 facet normal -1.000000e+00  0.000000e+00  0.000000e+00
   outer loop
     vertex -2.500000e+00  9.797174e-16  4.000000e+00
     vertex -2.500000e+00  1.097362e-01  3.998494e+00
     vertex -2.500000e+00  4.252277e-02  1.549417e+00
   endloop
 endfacet
 facet normal -1.000000e+00  0.000000e+00 -0.000000e+00
   outer loop
     vertex -2.500000e+00  9.797174e-16  4.000000e+00
     vertex -2.500000e+00  4.252277e-02  1.549417e+00
     vertex -2.500000e+00  3.796405e-16  1.550000e+00
   endloop
 endfacet
 facet normal -1.000000e+00  0.000000e+00  0.000000e+00
   outer loop
     vertex -2.500000e+00 -3.999906e+00  2.743728e-02
     vertex -2.500000e+00 -1.549672e+00 -3.189383e-02
     vertex -2.500000e+00 -3.999153e+00 -8.230666e-02
   endloop
 endfacet
 facet normal -1.000000e+00  0.000000e+00  0.000000e+00
   outer loop
     vertex -2.500000e+00 -3.999906e+00  2.743728e-02
     vertex -2.500000e+00 -1.549964e+00  1.063194e-02
     vertex -2.500000e+00 -1.549672e+00 -3.189383e-02
   endloop
 endfacet
 facet normal -1.000000e+00  0.000000e+00  0.000000e+00
   outer loop
     vertex -2.500000e+00 -1.097362e-01  3.998494e+00
     vertex -2.500000e+00  9.797174e-16  4.000000e+00
     vertex -2.500000e+00 -4.252277e-02  1.549417e+00
   endloop
 endfacet
 facet normal -1.000000e+00  0.000000e+00 -0.000000e+00
   outer loop
     vertex -2.500000e+00 -3.997648e+00  1.371606e-01
     vertex -2.500000e+00 -1.549964e+00  1.063194e-02
     vertex -2.500000e+00 -3.999906e+00  2.743728e-02
   endloop
 endfacet
 facet normal -1.000000e+00  0.000000e+00  0.000000e+00
   outer loop
     vertex -2.500000e+00 -3.997648e+00  1.371606e-01
     vertex -2.500000e+00 -1.549088e+00  5.314972e-02
     vertex -2.500000e+00 -1.549964e+00  1.063194e-02
   endloop
 endfacet
 facet normal -1.000000e+00  0.000000e+00  0.000000e+00
   outer loop
     vertex -2.500000e+00 -2.193898e-01  3.993979e+00
     vertex -2.500000e+00 -4.252277e-02  1.549417e+00
     vertex -2.500000e+00 -8.501354e-02  1.547667e+00
   endloop
 endfacet
 facet normal -1.000000e+00  0.000000e+00  0.000000e+00
   outer loop
     vertex -2.500000e+00 -2.193898e-01  3.993979e+00
     vertex -2.500000e+00 -1.097362e-01  3.998494e+00
     vertex -2.500000e+00 -4.252277e-02  1.549417e+00
   endloop
 endfacet
 facet normal -1.000000e+00  0.000000e+00 -0.000000e+00
   outer loop
     vertex -2.500000e+00 -3.992380e+00  2.467806e-01
     vertex -2.500000e+00 -1.549088e+00  5.314972e-02
     vertex -2.500000e+00 -3.997648e+00  1.371606e-01
   endloop
 endfacet
 facet normal -1.000000e+00  0.000000e+00  0.000000e+00
   outer loop
     vertex -2.500000e+00 -3.992380e+00  2.467806e-01
     vertex -2.500000e+00 -1.543842e+00  1.380333e-01
     vertex -2.500000e+00 -1.547047e+00  9.562748e-02
   endloop
 endfacet
 facet normal -1.000000e+00  0.000000e+00  0.000000e+00
   outer loop
     vertex -2.500000e+00 -3.992380e+00  2.467806e-01
     vertex -2.500000e+00 -1.547047e+00  9.562748e-02
     vertex -2.500000e+00 -1.549088e+00  5.314972e-02
   endloop
 endfacet
 facet normal -1.000000e+00  0.000000e+00  0.000000e+00
   outer loop
     vertex -2.500000e+00 -3.288782e-01  3.986457e+00
     vertex -2.500000e+00 -8.501354e-02  1.547667e+00
     vertex -2.500000e+00 -1.274403e-01  1.544752e+00
   endloop
 endfacet
 facet normal -1.000000e+00  0.000000e+00  0.000000e+00
   outer loop
     vertex -2.500000e+00 -3.288782e-01  3.986457e+00
     vertex -2.500000e+00 -2.193898e-01  3.993979e+00
     vertex -2.500000e+00 -8.501354e-02  1.547667e+00
   endloop
 endfacet
 facet normal -1.000000e+00  0.000000e+00 -0.000000e+00
   outer loop
     vertex -2.500000e+00 -3.984107e+00  3.562149e-01
     vertex -2.500000e+00 -1.543842e+00  1.380333e-01
     vertex -2.500000e+00 -3.992380e+00  2.467806e-01
   endloop
 endfacet
 facet normal -1.000000e+00  0.000000e+00  0.000000e+00
   outer loop
     vertex -2.500000e+00 -4.381191e-01  3.975934e+00
     vertex -2.500000e+00 -1.274403e-01  1.544752e+00
     vertex -2.500000e+00 -1.697711e-01  1.540674e+00
   endloop
 endfacet
 facet normal -1.000000e+00  0.000000e+00  0.000000e+00
   outer loop
     vertex -2.500000e+00 -4.381191e-01  3.975934e+00
     vertex -2.500000e+00 -3.288782e-01  3.986457e+00
     vertex -2.500000e+00 -1.274403e-01  1.544752e+00
   endloop
 endfacet
 facet normal -1.000000e+00  0.000000e+00 -0.000000e+00
   outer loop
     vertex -2.500000e+00 -3.972835e+00  4.653810e-01
     vertex -2.500000e+00 -1.543842e+00  1.380333e-01
     vertex -2.500000e+00 -3.984107e+00  3.562149e-01
   endloop
 endfacet
 facet normal -1.000000e+00  0.000000e+00  0.000000e+00
   outer loop
     vertex -2.500000e+00 -3.972835e+00  4.653810e-01
     vertex -2.500000e+00 -1.533947e+00  2.225012e-01
     vertex -2.500000e+00 -1.539474e+00  1.803351e-01
   endloop
 endfacet
 facet normal -1.000000e+00  0.000000e+00  0.000000e+00
   outer loop
     vertex -2.500000e+00 -3.972835e+00  4.653810e-01
     vertex -2.500000e+00 -1.539474e+00  1.803351e-01
     vertex -2.500000e+00 -1.543842e+00  1.380333e-01
   endloop
 endfacet
 facet normal -1.000000e+00  0.000000e+00  0.000000e+00
   outer loop
     vertex -2.500000e+00 -5.470301e-01  3.962418e+00
     vertex -2.500000e+00 -4.381191e-01  3.975934e+00
     vertex -2.500000e+00 -1.697711e-01  1.540674e+00
   endloop
 endfacet
 facet normal -1.000000e+00  0.000000e+00  0.000000e+00
   outer loop
     vertex -2.500000e+00 -5.470301e-01  3.962418e+00
     vertex -2.500000e+00 -1.697711e-01  1.540674e+00
     vertex -2.500000e+00 -2.119742e-01  1.535437e+00
   endloop
 endfacet
 facet normal -1.000000e+00  0.000000e+00 -0.000000e+00
   outer loop
     vertex -2.500000e+00 -3.958573e+00  5.741968e-01
     vertex -2.500000e+00 -1.533947e+00  2.225012e-01
     vertex -2.500000e+00 -3.972835e+00  4.653810e-01
   endloop
 endfacet
 facet normal -1.000000e+00  0.000000e+00  0.000000e+00
   outer loop
     vertex -2.500000e+00 -6.555294e-01  3.945920e+00
     vertex -2.500000e+00 -5.470301e-01  3.962418e+00
     vertex -2.500000e+00 -2.119742e-01  1.535437e+00
   endloop
 endfacet
 facet normal -1.000000e+00  0.000000e+00  0.000000e+00
   outer loop
     vertex -2.500000e+00 -6.555294e-01  3.945920e+00
     vertex -2.500000e+00 -2.119742e-01  1.535437e+00
     vertex -2.500000e+00 -2.540177e-01  1.529044e+00
   endloop
 endfacet
 facet normal -1.000000e+00  0.000000e+00 -0.000000e+00
   outer loop
     vertex -2.500000e+00 -3.941330e+00  6.825803e-01
     vertex -2.500000e+00 -1.533947e+00  2.225012e-01
     vertex -2.500000e+00 -3.958573e+00  5.741968e-01
   endloop
 endfacet
 facet normal -1.000000e+00  0.000000e+00  0.000000e+00
   outer loop
     vertex -2.500000e+00 -3.941330e+00  6.825803e-01
     vertex -2.500000e+00 -1.527265e+00  2.644999e-01
     vertex -2.500000e+00 -1.533947e+00  2.225012e-01
   endloop
 endfacet
 facet normal -1.000000e+00  0.000000e+00  0.000000e+00
   outer loop
     vertex -2.500000e+00 -7.635352e-01  3.926451e+00
     vertex -2.500000e+00 -6.555294e-01  3.945920e+00
     vertex -2.500000e+00 -2.540177e-01  1.529044e+00
   endloop
 endfacet
 facet normal -1.000000e+00  0.000000e+00  0.000000e+00
   outer loop
     vertex -2.500000e+00 -7.635352e-01  3.926451e+00
     vertex -2.500000e+00 -2.540177e-01  1.529044e+00
     vertex -2.500000e+00 -2.958699e-01  1.521500e+00
   endloop
 endfacet
 facet normal -1.000000e+00  0.000000e+00 -0.000000e+00
   outer loop
     vertex -2.500000e+00 -3.921121e+00  7.904501e-01
     vertex -2.500000e+00 -1.527265e+00  2.644999e-01
     vertex -2.500000e+00 -3.941330e+00  6.825803e-01
   endloop
 endfacet
 facet normal -1.000000e+00  0.000000e+00  0.000000e+00
   outer loop
     vertex -2.500000e+00 -3.921121e+00  7.904501e-01
     vertex -2.500000e+00 -1.510459e+00  3.478683e-01
     vertex -2.500000e+00 -1.519434e+00  3.062994e-01
   endloop
 endfacet
 facet normal -1.000000e+00  0.000000e+00  0.000000e+00
   outer loop
     vertex -2.500000e+00 -3.921121e+00  7.904501e-01
     vertex -2.500000e+00 -1.519434e+00  3.062994e-01
     vertex -2.500000e+00 -1.527265e+00  2.644999e-01
   endloop
 endfacet
 facet normal -1.000000e+00  0.000000e+00  0.000000e+00
   outer loop
     vertex -2.500000e+00 -8.709663e-01  3.904026e+00
     vertex -2.500000e+00 -2.958699e-01  1.521500e+00
     vertex -2.500000e+00 -3.374994e-01  1.512810e+00
   endloop
 endfacet
 facet normal -1.000000e+00  0.000000e+00  0.000000e+00
   outer loop
     vertex -2.500000e+00 -8.709663e-01  3.904026e+00
     vertex -2.500000e+00 -7.635352e-01  3.926451e+00
     vertex -2.500000e+00 -2.958699e-01  1.521500e+00
   endloop
 endfacet
 facet normal -1.000000e+00  0.000000e+00 -0.000000e+00
   outer loop
     vertex -2.500000e+00 -3.897960e+00  8.977248e-01
     vertex -2.500000e+00 -1.510459e+00  3.478683e-01
     vertex -2.500000e+00 -3.921121e+00  7.904501e-01
   endloop
 endfacet
 facet normal -1.000000e+00  0.000000e+00  0.000000e+00
   outer loop
     vertex -2.500000e+00 -9.777417e-01  3.878662e+00
     vertex -2.500000e+00 -3.374994e-01  1.512810e+00
     vertex -2.500000e+00 -3.788749e-01  1.502982e+00
   endloop
 endfacet
 facet normal -1.000000e+00  0.000000e+00  0.000000e+00
   outer loop
     vertex -2.500000e+00 -9.777417e-01  3.878662e+00
     vertex -2.500000e+00 -8.709663e-01  3.904026e+00
     vertex -2.500000e+00 -3.374994e-01  1.512810e+00
   endloop
 endfacet
 facet normal -1.000000e+00  0.000000e+00 -0.000000e+00
   outer loop
     vertex -2.500000e+00 -3.871864e+00  1.004324e+00
     vertex -2.500000e+00 -1.510459e+00  3.478683e-01
     vertex -2.500000e+00 -3.897960e+00  8.977248e-01
   endloop
 endfacet
 facet normal -1.000000e+00  0.000000e+00  0.000000e+00
   outer loop
     vertex -2.500000e+00 -3.871864e+00  1.004324e+00
     vertex -2.500000e+00 -1.489106e+00  4.301896e-01
     vertex -2.500000e+00 -1.500347e+00  3.891754e-01
   endloop
 endfacet
 facet normal -1.000000e+00  0.000000e+00  0.000000e+00
   outer loop
     vertex -2.500000e+00 -3.871864e+00  1.004324e+00
     vertex -2.500000e+00 -1.500347e+00  3.891754e-01
     vertex -2.500000e+00 -1.510459e+00  3.478683e-01
   endloop
 endfacet
 facet normal -1.000000e+00  0.000000e+00  0.000000e+00
   outer loop
     vertex -2.500000e+00 -1.083781e+00  3.850379e+00
     vertex -2.500000e+00 -3.788749e-01  1.502982e+00
     vertex -2.500000e+00 -4.199652e-01  1.492022e+00
   endloop
 endfacet
 facet normal -1.000000e+00  0.000000e+00  0.000000e+00
   outer loop
     vertex -2.500000e+00 -1.083781e+00  3.850379e+00
     vertex -2.500000e+00 -9.777417e-01  3.878662e+00
     vertex -2.500000e+00 -3.788749e-01  1.502982e+00
   endloop
 endfacet
 facet normal -1.000000e+00  0.000000e+00 -0.000000e+00
   outer loop
     vertex -2.500000e+00 -3.842854e+00  1.110167e+00
     vertex -2.500000e+00 -1.489106e+00  4.301896e-01
     vertex -2.500000e+00 -3.871864e+00  1.004324e+00
   endloop
 endfacet
 facet normal -1.000000e+00  0.000000e+00  0.000000e+00
   outer loop
     vertex -2.500000e+00 -1.189005e+00  3.819197e+00
     vertex -2.500000e+00 -4.199652e-01  1.492022e+00
     vertex -2.500000e+00 -4.607393e-01  1.479939e+00
   endloop
 endfacet
 facet normal -1.000000e+00  0.000000e+00  0.000000e+00
   outer loop
     vertex -2.500000e+00 -1.189005e+00  3.819197e+00
     vertex -2.500000e+00 -4.607393e-01  1.479939e+00
     vertex -2.500000e+00 -5.011666e-01  1.466742e+00
   endloop
 endfacet
 facet normal -1.000000e+00  0.000000e+00  0.000000e+00
   outer loop
     vertex -2.500000e+00 -1.189005e+00  3.819197e+00
     vertex -2.500000e+00 -1.083781e+00  3.850379e+00
     vertex -2.500000e+00 -4.199652e-01  1.492022e+00
   endloop
 endfacet
 facet normal -1.000000e+00  0.000000e+00  0.000000e+00
   outer loop
     vertex -2.500000e+00 -3.810952e+00  1.215174e+00
     vertex -2.500000e+00 -1.476744e+00  4.708798e-01
     vertex -2.500000e+00 -1.489106e+00  4.301896e-01
   endloop
 endfacet
 facet normal -1.000000e+00  0.000000e+00 -0.000000e+00
   outer loop
     vertex -2.500000e+00 -3.810952e+00  1.215174e+00
     vertex -2.500000e+00 -1.489106e+00  4.301896e-01
     vertex -2.500000e+00 -3.842854e+00  1.110167e+00
   endloop
 endfacet
 facet normal -1.000000e+00  0.000000e+00  0.000000e+00
   outer loop
     vertex -2.500000e+00 -1.293333e+00  3.785141e+00
     vertex -2.500000e+00 -1.189005e+00  3.819197e+00
     vertex -2.500000e+00 -5.011666e-01  1.466742e+00
   endloop
 endfacet
 facet normal -1.000000e+00  0.000000e+00  0.000000e+00
   outer loop
     vertex -2.500000e+00 -3.776180e+00  1.319266e+00
     vertex -2.500000e+00 -1.463270e+00  5.112157e-01
     vertex -2.500000e+00 -1.476744e+00  4.708798e-01
   endloop
 endfacet
 facet normal -1.000000e+00  0.000000e+00 -0.000000e+00
   outer loop
     vertex -2.500000e+00 -3.776180e+00  1.319266e+00
     vertex -2.500000e+00 -1.476744e+00  4.708798e-01
     vertex -2.500000e+00 -3.810952e+00  1.215174e+00
   endloop
 endfacet
 facet normal -1.000000e+00  0.000000e+00  0.000000e+00
   outer loop
     vertex -2.500000e+00 -1.396688e+00  3.748235e+00
     vertex -2.500000e+00 -1.293333e+00  3.785141e+00
     vertex -2.500000e+00 -5.011666e-01  1.466742e+00
   endloop
 endfacet
 facet normal -1.000000e+00  0.000000e+00  0.000000e+00
   outer loop
     vertex -2.500000e+00 -1.396688e+00  3.748235e+00
     vertex -2.500000e+00 -5.011666e-01  1.466742e+00
     vertex -2.500000e+00 -5.412166e-01  1.452441e+00
   endloop
 endfacet
 facet normal -1.000000e+00  0.000000e+00 -0.000000e+00
   outer loop
     vertex -2.500000e+00 -3.738566e+00  1.422366e+00
     vertex -2.500000e+00 -1.463270e+00  5.112157e-01
     vertex -2.500000e+00 -3.776180e+00  1.319266e+00
   endloop
 endfacet
 facet normal -1.000000e+00  0.000000e+00  0.000000e+00
   outer loop
     vertex -2.500000e+00 -3.738566e+00  1.422366e+00
     vertex -2.500000e+00 -1.448694e+00  5.511667e-01
     vertex -2.500000e+00 -1.463270e+00  5.112157e-01
   endloop
 endfacet
 facet normal -1.000000e+00  0.000000e+00  0.000000e+00
   outer loop
     vertex -2.500000e+00 -1.498992e+00  3.708507e+00
     vertex -2.500000e+00 -1.396688e+00  3.748235e+00
     vertex -2.500000e+00 -5.412166e-01  1.452441e+00
   endloop
 endfacet
 facet normal -1.000000e+00  0.000000e+00  0.000000e+00
   outer loop
     vertex -2.500000e+00 -1.498992e+00  3.708507e+00
     vertex -2.500000e+00 -5.412166e-01  1.452441e+00
     vertex -2.500000e+00 -5.808593e-01  1.437046e+00
   endloop
 endfacet
 facet normal -1.000000e+00  0.000000e+00  0.000000e+00
   outer loop
     vertex -2.500000e+00 -1.498992e+00  3.708507e+00
     vertex -2.500000e+00 -5.808593e-01  1.437046e+00
     vertex -2.500000e+00 -6.200647e-01  1.420570e+00
   endloop
 endfacet
 facet normal -1.000000e+00  0.000000e+00 -0.000000e+00
   outer loop
     vertex -2.500000e+00 -3.698138e+00  1.524394e+00
     vertex -2.500000e+00 -1.448694e+00  5.511667e-01
     vertex -2.500000e+00 -3.738566e+00  1.422366e+00
   endloop
 endfacet
 facet normal -1.000000e+00  0.000000e+00  0.000000e+00
   outer loop
     vertex -2.500000e+00 -3.698138e+00  1.524394e+00
     vertex -2.500000e+00 -1.433028e+00  5.907028e-01
     vertex -2.500000e+00 -1.448694e+00  5.511667e-01
   endloop
 endfacet
 facet normal -1.000000e+00  0.000000e+00  0.000000e+00
   outer loop
     vertex -2.500000e+00 -1.600167e+00  3.665988e+00
     vertex -2.500000e+00 -1.498992e+00  3.708507e+00
     vertex -2.500000e+00 -6.200647e-01  1.420570e+00
   endloop
 endfacet
 facet normal -1.000000e+00  0.000000e+00 -0.000000e+00
   outer loop
     vertex -2.500000e+00 -3.654925e+00  1.625275e+00
     vertex -2.500000e+00 -1.433028e+00  5.907028e-01
     vertex -2.500000e+00 -3.698138e+00  1.524394e+00
   endloop
 endfacet
 facet normal -1.000000e+00  0.000000e+00  0.000000e+00
   outer loop
     vertex -2.500000e+00 -3.654925e+00  1.625275e+00
     vertex -2.500000e+00 -1.416284e+00  6.297942e-01
     vertex -2.500000e+00 -1.433028e+00  5.907028e-01
   endloop
 endfacet
 facet normal -1.000000e+00  0.000000e+00  0.000000e+00
   outer loop
     vertex -2.500000e+00 -1.700137e+00  3.620709e+00
     vertex -2.500000e+00 -6.200647e-01  1.420570e+00
     vertex -2.500000e+00 -6.588033e-01  1.403025e+00
   endloop
 endfacet
 facet normal -1.000000e+00  0.000000e+00  0.000000e+00
   outer loop
     vertex -2.500000e+00 -1.700137e+00  3.620709e+00
     vertex -2.500000e+00 -6.588033e-01  1.403025e+00
     vertex -2.500000e+00 -6.970459e-01  1.384423e+00
   endloop
 endfacet
 facet normal -1.000000e+00  0.000000e+00  0.000000e+00
   outer loop
     vertex -2.500000e+00 -1.700137e+00  3.620709e+00
     vertex -2.500000e+00 -1.600167e+00  3.665988e+00
     vertex -2.500000e+00 -6.200647e-01  1.420570e+00
   endloop
 endfacet
 facet normal -1.000000e+00  0.000000e+00 -0.000000e+00
   outer loop
     vertex -2.500000e+00 -3.608962e+00  1.724933e+00
     vertex -2.500000e+00 -1.416284e+00  6.297942e-01
     vertex -2.500000e+00 -3.654925e+00  1.625275e+00
   endloop
 endfacet
 facet normal -1.000000e+00  0.000000e+00  0.000000e+00
   outer loop
     vertex -2.500000e+00 -3.608962e+00  1.724933e+00
     vertex -2.500000e+00 -1.398473e+00  6.684116e-01
     vertex -2.500000e+00 -1.416284e+00  6.297942e-01
   endloop
 endfacet
 facet normal -1.000000e+00  0.000000e+00  0.000000e+00
   outer loop
     vertex -2.500000e+00 -1.798828e+00  3.572704e+00
     vertex -2.500000e+00 -1.700137e+00  3.620709e+00
     vertex -2.500000e+00 -6.970459e-01  1.384423e+00
   endloop
 endfacet
 facet normal -1.000000e+00  0.000000e+00 -0.000000e+00
   outer loop
     vertex -2.500000e+00 -3.560282e+00  1.823292e+00
     vertex -2.500000e+00 -1.398473e+00  6.684116e-01
     vertex -2.500000e+00 -3.608962e+00  1.724933e+00
   endloop
 endfacet
 facet normal -1.000000e+00  0.000000e+00  0.000000e+00
   outer loop
     vertex -2.500000e+00 -3.560282e+00  1.823292e+00
     vertex -2.500000e+00 -1.379609e+00  7.065257e-01
     vertex -2.500000e+00 -1.398473e+00  6.684116e-01
   endloop
 endfacet
 facet normal -1.000000e+00  0.000000e+00  0.000000e+00
   outer loop
     vertex -2.500000e+00 -1.896165e+00  3.522011e+00
     vertex -2.500000e+00 -1.798828e+00  3.572704e+00
     vertex -2.500000e+00 -6.970459e-01  1.384423e+00
   endloop
 endfacet
 facet normal -1.000000e+00  0.000000e+00  0.000000e+00
   outer loop
     vertex -2.500000e+00 -1.896165e+00  3.522011e+00
     vertex -2.500000e+00 -6.970459e-01  1.384423e+00
     vertex -2.500000e+00 -7.347639e-01  1.364779e+00
   endloop
 endfacet
 facet normal -1.000000e+00  0.000000e+00  0.000000e+00
   outer loop
     vertex -2.500000e+00 -1.896165e+00  3.522011e+00
     vertex -2.500000e+00 -7.347639e-01  1.364779e+00
     vertex -2.500000e+00 -7.719288e-01  1.344108e+00
   endloop
 endfacet
 facet normal -1.000000e+00  0.000000e+00 -0.000000e+00
   outer loop
     vertex -2.500000e+00 -3.508921e+00  1.920279e+00
     vertex -2.500000e+00 -1.379609e+00  7.065257e-01
     vertex -2.500000e+00 -3.560282e+00  1.823292e+00
   endloop
 endfacet
 facet normal -1.000000e+00  0.000000e+00  0.000000e+00
   outer loop
     vertex -2.500000e+00 -3.508921e+00  1.920279e+00
     vertex -2.500000e+00 -1.338781e+00  7.811303e-01
     vertex -2.500000e+00 -1.359707e+00  7.441081e-01
   endloop
 endfacet
 facet normal -1.000000e+00  0.000000e+00  0.000000e+00
   outer loop
     vertex -2.500000e+00 -3.508921e+00  1.920279e+00
     vertex -2.500000e+00 -1.359707e+00  7.441081e-01
     vertex -2.500000e+00 -1.379609e+00  7.065257e-01
   endloop
 endfacet
 facet normal -1.000000e+00  0.000000e+00  0.000000e+00
   outer loop
     vertex -2.500000e+00 -1.992074e+00  3.468665e+00
     vertex -2.500000e+00 -7.719288e-01  1.344108e+00
     vertex -2.500000e+00 -8.085126e-01  1.322425e+00
   endloop
 endfacet
 facet normal -1.000000e+00  0.000000e+00  0.000000e+00
   outer loop
     vertex -2.500000e+00 -1.992074e+00  3.468665e+00
     vertex -2.500000e+00 -1.896165e+00  3.522011e+00
     vertex -2.500000e+00 -7.719288e-01  1.344108e+00
   endloop
 endfacet
 facet normal -1.000000e+00  0.000000e+00 -0.000000e+00
   outer loop
     vertex -2.500000e+00 -3.454920e+00  2.015820e+00
     vertex -2.500000e+00 -1.338781e+00  7.811303e-01
     vertex -2.500000e+00 -3.508921e+00  1.920279e+00
   endloop
 endfacet
 facet normal -1.000000e+00  0.000000e+00  0.000000e+00
   outer loop
     vertex -2.500000e+00 -2.086484e+00  3.412709e+00
     vertex -2.500000e+00 -1.992074e+00  3.468665e+00
     vertex -2.500000e+00 -8.085126e-01  1.322425e+00
   endloop
 endfacet
 facet normal -1.000000e+00  0.000000e+00 -0.000000e+00
   outer loop
     vertex -2.500000e+00 -3.398317e+00  2.109844e+00
     vertex -2.500000e+00 -1.338781e+00  7.811303e-01
     vertex -2.500000e+00 -3.454920e+00  2.015820e+00
   endloop
 endfacet
 facet normal -1.000000e+00  0.000000e+00  0.000000e+00
   outer loop
     vertex -2.500000e+00 -3.398317e+00  2.109844e+00
     vertex -2.500000e+00 -1.316848e+00  8.175645e-01
     vertex -2.500000e+00 -1.338781e+00  7.811303e-01
   endloop
 endfacet
 facet normal -1.000000e+00  0.000000e+00  0.000000e+00
   outer loop
     vertex -2.500000e+00 -2.179323e+00  3.354184e+00
     vertex -2.500000e+00 -2.086484e+00  3.412709e+00
     vertex -2.500000e+00 -8.085126e-01  1.322425e+00
   endloop
 endfacet
 facet normal -1.000000e+00  0.000000e+00  0.000000e+00
   outer loop
     vertex -2.500000e+00 -2.179323e+00  3.354184e+00
     vertex -2.500000e+00 -8.085126e-01  1.322425e+00
     vertex -2.500000e+00 -8.444877e-01  1.299746e+00
   endloop
 endfacet
 facet normal -1.000000e+00  0.000000e+00 -0.000000e+00
   outer loop
     vertex -2.500000e+00 -3.339156e+00  2.202279e+00
     vertex -2.500000e+00 -1.316848e+00  8.175645e-01
     vertex -2.500000e+00 -3.398317e+00  2.109844e+00
   endloop
 endfacet
 facet normal -1.000000e+00  0.000000e+00  0.000000e+00
   outer loop
     vertex -2.500000e+00 -3.339156e+00  2.202279e+00
     vertex -2.500000e+00 -1.293923e+00  8.533832e-01
     vertex -2.500000e+00 -1.316848e+00  8.175645e-01
   endloop
 endfacet
 facet normal -1.000000e+00  0.000000e+00  0.000000e+00
   outer loop
     vertex -2.500000e+00 -2.270522e+00  3.293134e+00
     vertex -2.500000e+00 -2.179323e+00  3.354184e+00
     vertex -2.500000e+00 -8.444877e-01  1.299746e+00
   endloop
 endfacet
 facet normal -1.000000e+00  0.000000e+00  0.000000e+00
   outer loop
     vertex -2.500000e+00 -2.270522e+00  3.293134e+00
     vertex -2.500000e+00 -8.444877e-01  1.299746e+00
     vertex -2.500000e+00 -8.798272e-01  1.276089e+00
   endloop
 endfacet
 facet normal -1.000000e+00  0.000000e+00 -0.000000e+00
   outer loop
     vertex -2.500000e+00 -3.277482e+00  2.293057e+00
     vertex -2.500000e+00 -1.293923e+00  8.533832e-01
     vertex -2.500000e+00 -3.339156e+00  2.202279e+00
   endloop
 endfacet
 facet normal -1.000000e+00  0.000000e+00  0.000000e+00
   outer loop
     vertex -2.500000e+00 -3.277482e+00  2.293057e+00
     vertex -2.500000e+00 -1.270024e+00  8.885596e-01
     vertex -2.500000e+00 -1.293923e+00  8.533832e-01
   endloop
 endfacet
 facet normal -1.000000e+00  0.000000e+00  0.000000e+00
   outer loop
     vertex -2.500000e+00 -2.360011e+00  3.229605e+00
     vertex -2.500000e+00 -8.798272e-01  1.276089e+00
     vertex -2.500000e+00 -9.145043e-01  1.251472e+00
   endloop
 endfacet
 facet normal -1.000000e+00  0.000000e+00  0.000000e+00
   outer loop
     vertex -2.500000e+00 -2.360011e+00  3.229605e+00
     vertex -2.500000e+00 -9.145043e-01  1.251472e+00
     vertex -2.500000e+00 -9.484930e-01  1.225912e+00
   endloop
 endfacet
 facet normal -1.000000e+00  0.000000e+00  0.000000e+00
   outer loop
     vertex -2.500000e+00 -2.360011e+00  3.229605e+00
     vertex -2.500000e+00 -2.270522e+00  3.293134e+00
     vertex -2.500000e+00 -8.798272e-01  1.276089e+00
   endloop
 endfacet
 facet normal -1.000000e+00  0.000000e+00 -0.000000e+00
   outer loop
     vertex -2.500000e+00 -3.213341e+00  2.382108e+00
     vertex -2.500000e+00 -1.270024e+00  8.885596e-01
     vertex -2.500000e+00 -3.277482e+00  2.293057e+00
   endloop
 endfacet
 facet normal -1.000000e+00  0.000000e+00  0.000000e+00
   outer loop
     vertex -2.500000e+00 -3.213341e+00  2.382108e+00
     vertex -2.500000e+00 -1.245170e+00  9.230670e-01
     vertex -2.500000e+00 -1.270024e+00  8.885596e-01
   endloop
 endfacet
 facet normal -1.000000e+00  0.000000e+00  0.000000e+00
   outer loop
     vertex -2.500000e+00 -2.447724e+00  3.163645e+00
     vertex -2.500000e+00 -2.360011e+00  3.229605e+00
     vertex -2.500000e+00 -9.484930e-01  1.225912e+00
   endloop
 endfacet
 facet normal -1.000000e+00  0.000000e+00 -0.000000e+00
   outer loop
     vertex -2.500000e+00 -3.146780e+00  2.469367e+00
     vertex -2.500000e+00 -1.245170e+00  9.230670e-01
     vertex -2.500000e+00 -3.213341e+00  2.382108e+00
   endloop
 endfacet
 facet normal -1.000000e+00  0.000000e+00  0.000000e+00
   outer loop
     vertex -2.500000e+00 -3.146780e+00  2.469367e+00
     vertex -2.500000e+00 -1.192667e+00  9.899720e-01
     vertex -2.500000e+00 -1.219377e+00  9.568796e-01
   endloop
 endfacet
 facet normal -1.000000e+00  0.000000e+00  0.000000e+00
   outer loop
     vertex -2.500000e+00 -3.146780e+00  2.469367e+00
     vertex -2.500000e+00 -1.219377e+00  9.568796e-01
     vertex -2.500000e+00 -1.245170e+00  9.230670e-01
   endloop
 endfacet
 facet normal -1.000000e+00  0.000000e+00  0.000000e+00
   outer loop
     vertex -2.500000e+00 -2.533594e+00  3.095303e+00
     vertex -2.500000e+00 -2.447724e+00  3.163645e+00
     vertex -2.500000e+00 -9.484930e-01  1.225912e+00
   endloop
 endfacet
 facet normal -1.000000e+00  0.000000e+00  0.000000e+00
   outer loop
     vertex -2.500000e+00 -2.533594e+00  3.095303e+00
     vertex -2.500000e+00 -9.484930e-01  1.225912e+00
     vertex -2.500000e+00 -9.817678e-01  1.199430e+00
   endloop
 endfacet
 facet normal -1.000000e+00  0.000000e+00 -0.000000e+00
   outer loop
     vertex -2.500000e+00 -3.077851e+00  2.554766e+00
     vertex -2.500000e+00 -1.192667e+00  9.899720e-01
     vertex -2.500000e+00 -3.146780e+00  2.469367e+00
   endloop
 endfacet
 facet normal -1.000000e+00  0.000000e+00  0.000000e+00
   outer loop
     vertex -2.500000e+00 -2.617557e+00  3.024631e+00
     vertex -2.500000e+00 -2.533594e+00  3.095303e+00
     vertex -2.500000e+00 -9.817678e-01  1.199430e+00
   endloop
 endfacet
 facet normal -1.000000e+00  0.000000e+00  0.000000e+00
   outer loop
     vertex -2.500000e+00 -2.617557e+00  3.024631e+00
     vertex -2.500000e+00 -9.817678e-01  1.199430e+00
     vertex -2.500000e+00 -1.014303e+00  1.172045e+00
   endloop
 endfacet
 facet normal -1.000000e+00  0.000000e+00 -0.000000e+00
   outer loop
     vertex -2.500000e+00 -3.006605e+00  2.638243e+00
     vertex -2.500000e+00 -1.192667e+00  9.899720e-01
     vertex -2.500000e+00 -3.077851e+00  2.554766e+00
   endloop
 endfacet
 facet normal -1.000000e+00  0.000000e+00  0.000000e+00
   outer loop
     vertex -2.500000e+00 -3.006605e+00  2.638243e+00
     vertex -2.500000e+00 -1.165060e+00  1.022319e+00
     vertex -2.500000e+00 -1.192667e+00  9.899720e-01
   endloop
 endfacet
 facet normal -1.000000e+00  0.000000e+00  0.000000e+00
   outer loop
     vertex -2.500000e+00 -2.699550e+00  2.951683e+00
     vertex -2.500000e+00 -2.617557e+00  3.024631e+00
     vertex -2.500000e+00 -1.014303e+00  1.172045e+00
   endloop
 endfacet
 facet normal -1.000000e+00  0.000000e+00  0.000000e+00
   outer loop
     vertex -2.500000e+00 -2.699550e+00  2.951683e+00
     vertex -2.500000e+00 -1.014303e+00  1.172045e+00
     vertex -2.500000e+00 -1.046076e+00  1.143777e+00
   endloop
 endfacet
 facet normal -1.000000e+00  0.000000e+00  0.000000e+00
   outer loop
     vertex -2.500000e+00 -2.699550e+00  2.951683e+00
     vertex -2.500000e+00 -1.046076e+00  1.143777e+00
     vertex -2.500000e+00 -1.077060e+00  1.114648e+00
   endloop
 endfacet
 facet normal -1.000000e+00  0.000000e+00 -0.000000e+00
   outer loop
     vertex -2.500000e+00 -2.933096e+00  2.719733e+00
     vertex -2.500000e+00 -1.165060e+00  1.022319e+00
     vertex -2.500000e+00 -3.006605e+00  2.638243e+00
   endloop
 endfacet
 facet normal -1.000000e+00  0.000000e+00  0.000000e+00
   outer loop
     vertex -2.500000e+00 -2.933096e+00  2.719733e+00
     vertex -2.500000e+00 -1.136575e+00  1.053897e+00
     vertex -2.500000e+00 -1.165060e+00  1.022319e+00
   endloop
 endfacet
 facet normal -1.000000e+00  0.000000e+00  0.000000e+00
   outer loop
     vertex -2.500000e+00 -2.779511e+00  2.876512e+00
     vertex -2.500000e+00 -1.077060e+00  1.114648e+00
     vertex -2.500000e+00 -1.107234e+00  1.084681e+00
   endloop
 endfacet
 facet normal -1.000000e+00  0.000000e+00  0.000000e+00
   outer loop
     vertex -2.500000e+00 -2.779511e+00  2.876512e+00
     vertex -2.500000e+00 -2.699550e+00  2.951683e+00
     vertex -2.500000e+00 -1.077060e+00  1.114648e+00
   endloop
 endfacet
 facet normal -1.000000e+00  0.000000e+00  0.000000e+00
   outer loop
     vertex -2.500000e+00 -2.857379e+00  2.799176e+00
     vertex -2.500000e+00 -1.107234e+00  1.084681e+00
     vertex -2.500000e+00 -1.136575e+00  1.053897e+00
   endloop
 endfacet
 facet normal -1.000000e+00  0.000000e+00 -0.000000e+00
   outer loop
     vertex -2.500000e+00 -2.857379e+00  2.799176e+00
     vertex -2.500000e+00 -1.136575e+00  1.053897e+00
     vertex -2.500000e+00 -2.933096e+00  2.719733e+00
   endloop
 endfacet
 facet normal -1.000000e+00  0.000000e+00  0.000000e+00
   outer loop
     vertex -2.500000e+00 -2.857379e+00  2.799176e+00
     vertex -2.500000e+00 -2.779511e+00  2.876512e+00
     vertex -2.500000e+00 -1.107234e+00  1.084681e+00
   endloop
 endfacet
 facet normal  1.000000e+00  0.000000e+00  0.000000e+00
   outer loop
     vertex  2.500000e+00  1.122010e+00 -1.069389e+00
     vertex  2.500000e+00  2.818710e+00 -2.838111e+00
     vertex  2.500000e+00  2.895510e+00 -2.759714e+00
   endloop
 endfacet
 facet normal  1.000000e+00  0.000000e+00  0.000000e+00
   outer loop
     vertex  2.500000e+00  1.122010e+00 -1.069389e+00
     vertex  2.500000e+00  1.092250e+00 -1.099768e+00
     vertex  2.500000e+00  2.818710e+00 -2.838111e+00
   endloop
 endfacet
 facet normal  1.000000e+00  0.000000e+00  0.000000e+00
   outer loop
     vertex  2.500000e+00  1.061668e+00 -1.129319e+00
     vertex  2.500000e+00  2.739788e+00 -2.914371e+00
     vertex  2.500000e+00  2.818710e+00 -2.838111e+00
   endloop
 endfacet
 facet normal  1.000000e+00 -0.000000e+00  0.000000e+00
   outer loop
     vertex  2.500000e+00  1.061668e+00 -1.129319e+00
     vertex  2.500000e+00  2.818710e+00 -2.838111e+00
     vertex  2.500000e+00  1.092250e+00 -1.099768e+00
   endloop
 endfacet
 facet normal  1.000000e+00  0.000000e+00  0.000000e+00
   outer loop
     vertex  2.500000e+00  1.150925e+00 -1.038205e+00
     vertex  2.500000e+00  1.122010e+00 -1.069389e+00
     vertex  2.500000e+00  2.895510e+00 -2.759714e+00
   endloop
 endfacet
 facet normal  1.000000e+00  0.000000e+00  0.000000e+00
   outer loop
     vertex  2.500000e+00  1.150925e+00 -1.038205e+00
     vertex  2.500000e+00  2.895510e+00 -2.759714e+00
     vertex  2.500000e+00  2.970130e+00 -2.679240e+00
   endloop
 endfacet
 facet normal  1.000000e+00 -0.000000e+00  0.000000e+00
   outer loop
     vertex  2.500000e+00  1.030287e+00 -1.158020e+00
     vertex  2.500000e+00  2.739788e+00 -2.914371e+00
     vertex  2.500000e+00  1.061668e+00 -1.129319e+00
   endloop
 endfacet
 facet normal  1.000000e+00  0.000000e+00  0.000000e+00
   outer loop
     vertex  2.500000e+00  1.030287e+00 -1.158020e+00
     vertex  2.500000e+00  2.658804e+00 -2.988438e+00
     vertex  2.500000e+00  2.739788e+00 -2.914371e+00
   endloop
 endfacet
 facet normal  1.000000e+00  0.000000e+00  0.000000e+00
   outer loop
     vertex  2.500000e+00  1.178974e+00 -1.006240e+00
     vertex  2.500000e+00  1.150925e+00 -1.038205e+00
     vertex  2.500000e+00  2.970130e+00 -2.679240e+00
   endloop
 endfacet
 facet normal  1.000000e+00  0.000000e+00  0.000000e+00
   outer loop
     vertex  2.500000e+00  1.178974e+00 -1.006240e+00
     vertex  2.500000e+00  2.970130e+00 -2.679240e+00
     vertex  2.500000e+00  3.042515e+00 -2.596749e+00
   endloop
 endfacet
 facet normal  1.000000e+00  0.000000e+00  0.000000e+00
   outer loop
     vertex  2.500000e+00  9.981295e-01 -1.185849e+00
     vertex  2.500000e+00  2.575818e+00 -3.060255e+00
     vertex  2.500000e+00  2.658804e+00 -2.988438e+00
   endloop
 endfacet
 facet normal  1.000000e+00 -0.000000e+00  0.000000e+00
   outer loop
     vertex  2.500000e+00  9.981295e-01 -1.185849e+00
     vertex  2.500000e+00  2.658804e+00 -2.988438e+00
     vertex  2.500000e+00  1.030287e+00 -1.158020e+00
   endloop
 endfacet
 facet normal  1.000000e+00  0.000000e+00  0.000000e+00
   outer loop
     vertex  2.500000e+00  1.206136e+00 -9.735174e-01
     vertex  2.500000e+00  1.178974e+00 -1.006240e+00
     vertex  2.500000e+00  3.042515e+00 -2.596749e+00
   endloop
 endfacet
 facet normal  1.000000e+00  0.000000e+00  0.000000e+00
   outer loop
     vertex  2.500000e+00  1.206136e+00 -9.735174e-01
     vertex  2.500000e+00  3.042515e+00 -2.596749e+00
     vertex  2.500000e+00  3.112609e+00 -2.512303e+00
   endloop
 endfacet
 facet normal  1.000000e+00  0.000000e+00  0.000000e+00
   outer loop
     vertex  2.500000e+00  9.652212e-01 -1.212785e+00
     vertex  2.500000e+00  2.490894e+00 -3.129768e+00
     vertex  2.500000e+00  2.575818e+00 -3.060255e+00
   endloop
 endfacet
 facet normal  1.000000e+00 -0.000000e+00  0.000000e+00
   outer loop
     vertex  2.500000e+00  9.652212e-01 -1.212785e+00
     vertex  2.500000e+00  2.575818e+00 -3.060255e+00
     vertex  2.500000e+00  9.981295e-01 -1.185849e+00
   endloop
 endfacet
 facet normal  1.000000e+00  0.000000e+00  0.000000e+00
   outer loop
     vertex  2.500000e+00  1.232389e+00 -9.400618e-01
     vertex  2.500000e+00  3.112609e+00 -2.512303e+00
     vertex  2.500000e+00  3.180360e+00 -2.425966e+00
   endloop
 endfacet
 facet normal  1.000000e+00  0.000000e+00  0.000000e+00
   outer loop
     vertex  2.500000e+00  1.232389e+00 -9.400618e-01
     vertex  2.500000e+00  1.206136e+00 -9.735174e-01
     vertex  2.500000e+00  3.112609e+00 -2.512303e+00
   endloop
 endfacet
 facet normal  1.000000e+00  0.000000e+00  0.000000e+00
   outer loop
     vertex  2.500000e+00  9.315863e-01 -1.238809e+00
     vertex  2.500000e+00  2.404094e+00 -3.196926e+00
     vertex  2.500000e+00  2.490894e+00 -3.129768e+00
   endloop
 endfacet
 facet normal  1.000000e+00 -0.000000e+00  0.000000e+00
   outer loop
     vertex  2.500000e+00  9.315863e-01 -1.238809e+00
     vertex  2.500000e+00  2.490894e+00 -3.129768e+00
     vertex  2.500000e+00  9.652212e-01 -1.212785e+00
   endloop
 endfacet
 facet normal  1.000000e+00  0.000000e+00  0.000000e+00
   outer loop
     vertex  2.500000e+00  1.257715e+00 -9.058985e-01
     vertex  2.500000e+00  3.180360e+00 -2.425966e+00
     vertex  2.500000e+00  3.245717e+00 -2.337803e+00
   endloop
 endfacet
 facet normal  1.000000e+00  0.000000e+00  0.000000e+00
   outer loop
     vertex  2.500000e+00  1.257715e+00 -9.058985e-01
     vertex  2.500000e+00  1.232389e+00 -9.400618e-01
     vertex  2.500000e+00  3.180360e+00 -2.425966e+00
   endloop
 endfacet
 facet normal  1.000000e+00 -0.000000e+00  0.000000e+00
   outer loop
     vertex  2.500000e+00  8.972502e-01 -1.263900e+00
     vertex  2.500000e+00  2.404094e+00 -3.196926e+00
     vertex  2.500000e+00  9.315863e-01 -1.238809e+00
   endloop
 endfacet
 facet normal  1.000000e+00  0.000000e+00  0.000000e+00
   outer loop
     vertex  2.500000e+00  8.972502e-01 -1.263900e+00
     vertex  2.500000e+00  2.315484e+00 -3.261676e+00
     vertex  2.500000e+00  2.404094e+00 -3.196926e+00
   endloop
 endfacet
 facet normal  1.000000e+00  0.000000e+00  0.000000e+00
   outer loop
     vertex  2.500000e+00  1.282094e+00 -8.710534e-01
     vertex  2.500000e+00  1.257715e+00 -9.058985e-01
     vertex  2.500000e+00  3.245717e+00 -2.337803e+00
   endloop
 endfacet
 facet normal  1.000000e+00  0.000000e+00  0.000000e+00
   outer loop
     vertex  2.500000e+00  1.282094e+00 -8.710534e-01
     vertex  2.500000e+00  3.245717e+00 -2.337803e+00
     vertex  2.500000e+00  3.308631e+00 -2.247880e+00
   endloop
 endfacet
 facet normal  1.000000e+00  0.000000e+00  0.000000e+00
   outer loop
     vertex  2.500000e+00  8.622386e-01 -1.288039e+00
     vertex  2.500000e+00  2.225132e+00 -3.323972e+00
     vertex  2.500000e+00  2.315484e+00 -3.261676e+00
   endloop
 endfacet
 facet normal  1.000000e+00 -0.000000e+00  0.000000e+00
   outer loop
     vertex  2.500000e+00  8.622386e-01 -1.288039e+00
     vertex  2.500000e+00  2.315484e+00 -3.261676e+00
     vertex  2.500000e+00  8.972502e-01 -1.263900e+00
   endloop
 endfacet
 facet normal  1.000000e+00  0.000000e+00  0.000000e+00
   outer loop
     vertex  2.500000e+00  1.305508e+00 -8.355525e-01
     vertex  2.500000e+00  3.308631e+00 -2.247880e+00
     vertex  2.500000e+00  3.369054e+00 -2.156264e+00
   endloop
 endfacet
 facet normal  1.000000e+00  0.000000e+00  0.000000e+00
   outer loop
     vertex  2.500000e+00  1.305508e+00 -8.355525e-01
     vertex  2.500000e+00  1.282094e+00 -8.710534e-01
     vertex  2.500000e+00  3.308631e+00 -2.247880e+00
   endloop
 endfacet
 facet normal  1.000000e+00  0.000000e+00  0.000000e+00
   outer loop
     vertex  2.500000e+00  8.265779e-01 -1.311209e+00
     vertex  2.500000e+00  2.133104e+00 -3.383765e+00
     vertex  2.500000e+00  2.225132e+00 -3.323972e+00
   endloop
 endfacet
 facet normal  1.000000e+00 -0.000000e+00  0.000000e+00
   outer loop
     vertex  2.500000e+00  8.265779e-01 -1.311209e+00
     vertex  2.500000e+00  2.225132e+00 -3.323972e+00
     vertex  2.500000e+00  8.622386e-01 -1.288039e+00
   endloop
 endfacet
 facet normal  1.000000e+00  0.000000e+00  0.000000e+00
   outer loop
     vertex  2.500000e+00  1.327940e+00 -7.994226e-01
     vertex  2.500000e+00  1.305508e+00 -8.355525e-01
     vertex  2.500000e+00  3.369054e+00 -2.156264e+00
   endloop
 endfacet
 facet normal  1.000000e+00  0.000000e+00  0.000000e+00
   outer loop
     vertex  2.500000e+00  1.327940e+00 -7.994226e-01
     vertex  2.500000e+00  3.369054e+00 -2.156264e+00
     vertex  2.500000e+00  3.426941e+00 -2.063026e+00
   endloop
 endfacet
 facet normal  1.000000e+00  0.000000e+00  0.000000e+00
   outer loop
     vertex  2.500000e+00  7.902950e-01 -1.333392e+00
     vertex  2.500000e+00  2.039471e+00 -3.441011e+00
     vertex  2.500000e+00  2.133104e+00 -3.383765e+00
   endloop
 endfacet
 facet normal  1.000000e+00 -0.000000e+00  0.000000e+00
   outer loop
     vertex  2.500000e+00  7.902950e-01 -1.333392e+00
     vertex  2.500000e+00  2.133104e+00 -3.383765e+00
     vertex  2.500000e+00  8.265779e-01 -1.311209e+00
   endloop
 endfacet
 facet normal  1.000000e+00  0.000000e+00  0.000000e+00
   outer loop
     vertex  2.500000e+00  1.349371e+00 -7.626910e-01
     vertex  2.500000e+00  3.426941e+00 -2.063026e+00
     vertex  2.500000e+00  3.482248e+00 -1.968235e+00
   endloop
 endfacet
 facet normal  1.000000e+00  0.000000e+00  0.000000e+00
   outer loop
     vertex  2.500000e+00  1.349371e+00 -7.626910e-01
     vertex  2.500000e+00  1.327940e+00 -7.994226e-01
     vertex  2.500000e+00  3.426941e+00 -2.063026e+00
   endloop
 endfacet
 facet normal  1.000000e+00  0.000000e+00  0.000000e+00
   outer loop
     vertex  2.500000e+00  7.534172e-01 -1.354571e+00
     vertex  2.500000e+00  1.944303e+00 -3.495667e+00
     vertex  2.500000e+00  2.039471e+00 -3.441011e+00
   endloop
 endfacet
 facet normal  1.000000e+00 -0.000000e+00  0.000000e+00
   outer loop
     vertex  2.500000e+00  7.534172e-01 -1.354571e+00
     vertex  2.500000e+00  2.039471e+00 -3.441011e+00
     vertex  2.500000e+00  7.902950e-01 -1.333392e+00
   endloop
 endfacet
 facet normal  1.000000e+00  0.000000e+00  0.000000e+00
   outer loop
     vertex  2.500000e+00  1.369787e+00 -7.253852e-01
     vertex  2.500000e+00  3.482248e+00 -1.968235e+00
     vertex  2.500000e+00  3.534934e+00 -1.871962e+00
   endloop
 endfacet
 facet normal  1.000000e+00  0.000000e+00  0.000000e+00
   outer loop
     vertex  2.500000e+00  1.369787e+00 -7.253852e-01
     vertex  2.500000e+00  1.349371e+00 -7.626910e-01
     vertex  2.500000e+00  3.482248e+00 -1.968235e+00
   endloop
 endfacet
 facet normal  1.000000e+00 -0.000000e+00  0.000000e+00
   outer loop
     vertex  2.500000e+00  7.159723e-01 -1.374730e+00
     vertex  2.500000e+00  1.944303e+00 -3.495667e+00
     vertex  2.500000e+00  7.534172e-01 -1.354571e+00
   endloop
 endfacet
 facet normal  1.000000e+00  0.000000e+00  0.000000e+00
   outer loop
     vertex  2.500000e+00  7.159723e-01 -1.374730e+00
     vertex  2.500000e+00  1.847670e+00 -3.547691e+00
     vertex  2.500000e+00  1.944303e+00 -3.495667e+00
   endloop
 endfacet
 facet normal  1.000000e+00  0.000000e+00  0.000000e+00
   outer loop
     vertex  2.500000e+00  1.389172e+00 -6.875333e-01
     vertex  2.500000e+00  3.534934e+00 -1.871962e+00
     vertex  2.500000e+00  3.584959e+00 -1.774280e+00
   endloop
 endfacet
 facet normal  1.000000e+00  0.000000e+00  0.000000e+00
   outer loop
     vertex  2.500000e+00  1.389172e+00 -6.875333e-01
     vertex  2.500000e+00  1.369787e+00 -7.253852e-01
     vertex  2.500000e+00  3.534934e+00 -1.871962e+00
   endloop
 endfacet
 facet normal  1.000000e+00  0.000000e+00  0.000000e+00
   outer loop
     vertex  2.500000e+00  6.779884e-01 -1.393855e+00
     vertex  2.500000e+00  1.749647e+00 -3.597045e+00
     vertex  2.500000e+00  1.847670e+00 -3.547691e+00
   endloop
 endfacet
 facet normal  1.000000e+00 -0.000000e+00  0.000000e+00
   outer loop
     vertex  2.500000e+00  6.779884e-01 -1.393855e+00
     vertex  2.500000e+00  1.847670e+00 -3.547691e+00
     vertex  2.500000e+00  7.159723e-01 -1.374730e+00
   endloop
 endfacet
 facet normal  1.000000e+00  0.000000e+00  0.000000e+00
   outer loop
     vertex  2.500000e+00  1.407511e+00 -6.491640e-01
     vertex  2.500000e+00  3.584959e+00 -1.774280e+00
     vertex  2.500000e+00  3.632285e+00 -1.675262e+00
   endloop
 endfacet
 facet normal  1.000000e+00  0.000000e+00  0.000000e+00
   outer loop
     vertex  2.500000e+00  1.407511e+00 -6.491640e-01
     vertex  2.500000e+00  1.389172e+00 -6.875333e-01
     vertex  2.500000e+00  3.584959e+00 -1.774280e+00
   endloop
 endfacet
 facet normal  1.000000e+00 -0.000000e+00  0.000000e+00
   outer loop
     vertex  2.500000e+00  6.394941e-01 -1.411930e+00
     vertex  2.500000e+00  1.749647e+00 -3.597045e+00
     vertex  2.500000e+00  6.779884e-01 -1.393855e+00
   endloop
 endfacet
 facet normal  1.000000e+00  0.000000e+00  0.000000e+00
   outer loop
     vertex  2.500000e+00  6.394941e-01 -1.411930e+00
     vertex  2.500000e+00  1.650307e+00 -3.643691e+00
     vertex  2.500000e+00  1.749647e+00 -3.597045e+00
   endloop
 endfacet
 facet normal  1.000000e+00  0.000000e+00  0.000000e+00
   outer loop
     vertex  2.500000e+00  1.424790e+00 -6.103059e-01
     vertex  2.500000e+00  3.632285e+00 -1.675262e+00
     vertex  2.500000e+00  3.676878e+00 -1.574983e+00
   endloop
 endfacet
 facet normal  1.000000e+00  0.000000e+00  0.000000e+00
   outer loop
     vertex  2.500000e+00  1.424790e+00 -6.103059e-01
     vertex  2.500000e+00  1.407511e+00 -6.491640e-01
     vertex  2.500000e+00  3.632285e+00 -1.675262e+00
   endloop
 endfacet
 facet normal  1.000000e+00  0.000000e+00  0.000000e+00
   outer loop
     vertex  2.500000e+00  6.005185e-01 -1.428943e+00
     vertex  2.500000e+00  1.549725e+00 -3.687594e+00
     vertex  2.500000e+00  1.650307e+00 -3.643691e+00
   endloop
 endfacet
 facet normal  1.000000e+00 -0.000000e+00  0.000000e+00
   outer loop
     vertex  2.500000e+00  6.005185e-01 -1.428943e+00
     vertex  2.500000e+00  1.650307e+00 -3.643691e+00
     vertex  2.500000e+00  6.394941e-01 -1.411930e+00
   endloop
 endfacet
 facet normal  1.000000e+00  0.000000e+00  0.000000e+00
   outer loop
     vertex  2.500000e+00  1.440997e+00 -5.709885e-01
     vertex  2.500000e+00  3.676878e+00 -1.574983e+00
     vertex  2.500000e+00  3.718702e+00 -1.473519e+00
   endloop
 endfacet
 facet normal  1.000000e+00  0.000000e+00  0.000000e+00
   outer loop
     vertex  2.500000e+00  1.440997e+00 -5.709885e-01
     vertex  2.500000e+00  1.424790e+00 -6.103059e-01
     vertex  2.500000e+00  3.676878e+00 -1.574983e+00
   endloop
 endfacet
 facet normal  1.000000e+00 -0.000000e+00  0.000000e+00
   outer loop
     vertex  2.500000e+00  5.610908e-01 -1.444880e+00
     vertex  2.500000e+00  1.549725e+00 -3.687594e+00
     vertex  2.500000e+00  6.005185e-01 -1.428943e+00
   endloop
 endfacet
 facet normal  1.000000e+00  0.000000e+00  0.000000e+00
   outer loop
     vertex  2.500000e+00  5.610908e-01 -1.444880e+00
     vertex  2.500000e+00  1.447976e+00 -3.728722e+00
     vertex  2.500000e+00  1.549725e+00 -3.687594e+00
   endloop
 endfacet
 facet normal  1.000000e+00  0.000000e+00  0.000000e+00
   outer loop
     vertex  2.500000e+00  1.456119e+00 -5.312412e-01
     vertex  2.500000e+00  3.718702e+00 -1.473519e+00
     vertex  2.500000e+00  3.757727e+00 -1.370945e+00
   endloop
 endfacet
 facet normal  1.000000e+00  0.000000e+00  0.000000e+00
   outer loop
     vertex  2.500000e+00  1.456119e+00 -5.312412e-01
     vertex  2.500000e+00  1.440997e+00 -5.709885e-01
     vertex  2.500000e+00  3.718702e+00 -1.473519e+00
   endloop
 endfacet
 facet normal  1.000000e+00  0.000000e+00  0.000000e+00
   outer loop
     vertex  2.500000e+00  5.212407e-01 -1.459729e+00
     vertex  2.500000e+00  1.345137e+00 -3.767042e+00
     vertex  2.500000e+00  1.447976e+00 -3.728722e+00
   endloop
 endfacet
 facet normal  1.000000e+00 -0.000000e+00  0.000000e+00
   outer loop
     vertex  2.500000e+00  5.212407e-01 -1.459729e+00
     vertex  2.500000e+00  1.447976e+00 -3.728722e+00
     vertex  2.500000e+00  5.610908e-01 -1.444880e+00
   endloop
 endfacet
 facet normal  1.000000e+00  0.000000e+00  0.000000e+00
   outer loop
     vertex  2.500000e+00  1.470145e+00 -4.910940e-01
     vertex  2.500000e+00  3.757727e+00 -1.370945e+00
     vertex  2.500000e+00  3.793923e+00 -1.267339e+00
   endloop
 endfacet
 facet normal  1.000000e+00  0.000000e+00  0.000000e+00
   outer loop
     vertex  2.500000e+00  1.470145e+00 -4.910940e-01
     vertex  2.500000e+00  1.456119e+00 -5.312412e-01
     vertex  2.500000e+00  3.757727e+00 -1.370945e+00
   endloop
 endfacet
 facet normal  1.000000e+00 -0.000000e+00  0.000000e+00
   outer loop
     vertex  2.500000e+00  4.809982e-01 -1.473479e+00
     vertex  2.500000e+00  1.345137e+00 -3.767042e+00
     vertex  2.500000e+00  5.212407e-01 -1.459729e+00
   endloop
 endfacet
 facet normal  1.000000e+00  0.000000e+00  0.000000e+00
   outer loop
     vertex  2.500000e+00  4.809982e-01 -1.473479e+00
     vertex  2.500000e+00  1.241286e+00 -3.802527e+00
     vertex  2.500000e+00  1.345137e+00 -3.767042e+00
   endloop
 endfacet
 facet normal  1.000000e+00  0.000000e+00  0.000000e+00
   outer loop
     vertex  2.500000e+00  1.483064e+00 -4.505771e-01
     vertex  2.500000e+00  3.793923e+00 -1.267339e+00
     vertex  2.500000e+00  3.827263e+00 -1.162780e+00
   endloop
 endfacet
 facet normal  1.000000e+00  0.000000e+00  0.000000e+00
   outer loop
     vertex  2.500000e+00  1.483064e+00 -4.505771e-01
     vertex  2.500000e+00  1.470145e+00 -4.910940e-01
     vertex  2.500000e+00  3.793923e+00 -1.267339e+00
   endloop
 endfacet
 facet normal  1.000000e+00 -0.000000e+00  0.000000e+00
   outer loop
     vertex  2.500000e+00  4.403937e-01 -1.486120e+00
     vertex  2.500000e+00  1.241286e+00 -3.802527e+00
     vertex  2.500000e+00  4.809982e-01 -1.473479e+00
   endloop
 endfacet
 facet normal  1.000000e+00  0.000000e+00  0.000000e+00
   outer loop
     vertex  2.500000e+00  4.403937e-01 -1.486120e+00
     vertex  2.500000e+00  1.136500e+00 -3.835149e+00
     vertex  2.500000e+00  1.241286e+00 -3.802527e+00
   endloop
 endfacet
 facet normal  1.000000e+00  0.000000e+00  0.000000e+00
   outer loop
     vertex  2.500000e+00  1.494867e+00 -4.097210e-01
     vertex  2.500000e+00  3.827263e+00 -1.162780e+00
     vertex  2.500000e+00  3.857722e+00 -1.057345e+00
   endloop
 endfacet
 facet normal  1.000000e+00  0.000000e+00  0.000000e+00
   outer loop
     vertex  2.500000e+00  1.494867e+00 -4.097210e-01
     vertex  2.500000e+00  1.483064e+00 -4.505771e-01
     vertex  2.500000e+00  3.827263e+00 -1.162780e+00
   endloop
 endfacet
 facet normal  1.000000e+00 -0.000000e+00  0.000000e+00
   outer loop
     vertex  2.500000e+00  3.994576e-01 -1.497643e+00
     vertex  2.500000e+00  1.136500e+00 -3.835149e+00
     vertex  2.500000e+00  4.403937e-01 -1.486120e+00
   endloop
 endfacet
 facet normal  1.000000e+00  0.000000e+00  0.000000e+00
   outer loop
     vertex  2.500000e+00  3.994576e-01 -1.497643e+00
     vertex  2.500000e+00  1.030858e+00 -3.864884e+00
     vertex  2.500000e+00  1.136500e+00 -3.835149e+00
   endloop
 endfacet
 facet normal  1.000000e+00  0.000000e+00  0.000000e+00
   outer loop
     vertex  2.500000e+00  1.505545e+00 -3.685566e-01
     vertex  2.500000e+00  1.494867e+00 -4.097210e-01
     vertex  2.500000e+00  3.857722e+00 -1.057345e+00
   endloop
 endfacet
 facet normal  1.000000e+00  0.000000e+00  0.000000e+00
   outer loop
     vertex  2.500000e+00  1.505545e+00 -3.685566e-01
     vertex  2.500000e+00  3.857722e+00 -1.057345e+00
     vertex  2.500000e+00  3.885278e+00 -9.511137e-01
   endloop
 endfacet
 facet normal  1.000000e+00 -0.000000e+00  0.000000e+00
   outer loop
     vertex  2.500000e+00  3.582209e-01 -1.508038e+00
     vertex  2.500000e+00  1.030858e+00 -3.864884e+00
     vertex  2.500000e+00  3.994576e-01 -1.497643e+00
   endloop
 endfacet
 facet normal  1.000000e+00  0.000000e+00  0.000000e+00
   outer loop
     vertex  2.500000e+00  3.582209e-01 -1.508038e+00
     vertex  2.500000e+00  9.244410e-01 -3.891710e+00
     vertex  2.500000e+00  1.030858e+00 -3.864884e+00
   endloop
 endfacet
 facet normal  1.000000e+00  0.000000e+00  0.000000e+00
   outer loop
     vertex  2.500000e+00  1.515089e+00 -3.271147e-01
     vertex  2.500000e+00  3.885278e+00 -9.511137e-01
     vertex  2.500000e+00  3.909908e+00 -8.441668e-01
   endloop
 endfacet
 facet normal  1.000000e+00  0.000000e+00  0.000000e+00
   outer loop
     vertex  2.500000e+00  1.515089e+00 -3.271147e-01
     vertex  2.500000e+00  1.505545e+00 -3.685566e-01
     vertex  2.500000e+00  3.885278e+00 -9.511137e-01
   endloop
 endfacet
 facet normal  1.000000e+00  0.000000e+00  0.000000e+00
   outer loop
     vertex  2.500000e+00  3.167145e-01 -1.517298e+00
     vertex  2.500000e+00  8.173277e-01 -3.915607e+00
     vertex  2.500000e+00  9.244410e-01 -3.891710e+00
   endloop
 endfacet
 facet normal  1.000000e+00 -0.000000e+00  0.000000e+00
   outer loop
     vertex  2.500000e+00  3.167145e-01 -1.517298e+00
     vertex  2.500000e+00  9.244410e-01 -3.891710e+00
     vertex  2.500000e+00  3.582209e-01 -1.508038e+00
   endloop
 endfacet
 facet normal  1.000000e+00  0.000000e+00  0.000000e+00
   outer loop
     vertex  2.500000e+00  1.523493e+00 -2.854265e-01
     vertex  2.500000e+00  3.909908e+00 -8.441668e-01
     vertex  2.500000e+00  3.931596e+00 -7.365845e-01
   endloop
 endfacet
 facet normal  1.000000e+00  0.000000e+00  0.000000e+00
   outer loop
     vertex  2.500000e+00  1.523493e+00 -2.854265e-01
     vertex  2.500000e+00  3.931596e+00 -7.365845e-01
     vertex  2.500000e+00  3.950323e+00 -6.284477e-01
   endloop
 endfacet
 facet normal  1.000000e+00  0.000000e+00  0.000000e+00
   outer loop
     vertex  2.500000e+00  1.523493e+00 -2.854265e-01
     vertex  2.500000e+00  1.515089e+00 -3.271147e-01
     vertex  2.500000e+00  3.909908e+00 -8.441668e-01
   endloop
 endfacet
 facet normal  1.000000e+00  0.000000e+00  0.000000e+00
   outer loop
     vertex  2.500000e+00  2.749697e-01 -1.525415e+00
     vertex  2.500000e+00  7.095991e-01 -3.936555e+00
     vertex  2.500000e+00  8.173277e-01 -3.915607e+00
   endloop
 endfacet
 facet normal  1.000000e+00 -0.000000e+00  0.000000e+00
   outer loop
     vertex  2.500000e+00  2.749697e-01 -1.525415e+00
     vertex  2.500000e+00  8.173277e-01 -3.915607e+00
     vertex  2.500000e+00  3.167145e-01 -1.517298e+00
   endloop
 endfacet
 facet normal  1.000000e+00  0.000000e+00  0.000000e+00
   outer loop
     vertex  2.500000e+00  1.530750e+00 -2.435235e-01
     vertex  2.500000e+00  1.523493e+00 -2.854265e-01
     vertex  2.500000e+00  3.950323e+00 -6.284477e-01
   endloop
 endfacet
 facet normal  1.000000e+00  0.000000e+00  0.000000e+00
   outer loop
     vertex  2.500000e+00  2.330178e-01 -1.532385e+00
     vertex  2.500000e+00  4.926210e-01 -3.969550e+00
     vertex  2.500000e+00  6.013364e-01 -3.954541e+00
   endloop
 endfacet
 facet normal  1.000000e+00  0.000000e+00  0.000000e+00
   outer loop
     vertex  2.500000e+00  2.330178e-01 -1.532385e+00
     vertex  2.500000e+00  6.013364e-01 -3.954541e+00
     vertex  2.500000e+00  7.095991e-01 -3.936555e+00
   endloop
 endfacet
 facet normal  1.000000e+00 -0.000000e+00  0.000000e+00
   outer loop
     vertex  2.500000e+00  2.330178e-01 -1.532385e+00
     vertex  2.500000e+00  7.095991e-01 -3.936555e+00
     vertex  2.500000e+00  2.749697e-01 -1.525415e+00
   endloop
 endfacet
 facet normal  1.000000e+00  0.000000e+00  0.000000e+00
   outer loop
     vertex  2.500000e+00  1.536855e+00 -2.014371e-01
     vertex  2.500000e+00  1.530750e+00 -2.435235e-01
     vertex  2.500000e+00  3.950323e+00 -6.284477e-01
   endloop
 endfacet
 facet normal  1.000000e+00  0.000000e+00  0.000000e+00
   outer loop
     vertex  2.500000e+00  1.536855e+00 -2.014371e-01
     vertex  2.500000e+00  3.950323e+00 -6.284477e-01
     vertex  2.500000e+00  3.966077e+00 -5.198378e-01
   endloop
 endfacet
 facet normal  1.000000e+00 -0.000000e+00  0.000000e+00
   outer loop
     vertex  2.500000e+00  1.908906e-01 -1.538200e+00
     vertex  2.500000e+00  4.926210e-01 -3.969550e+00
     vertex  2.500000e+00  2.330178e-01 -1.532385e+00
   endloop
 endfacet
 facet normal  1.000000e+00  0.000000e+00  0.000000e+00
   outer loop
     vertex  2.500000e+00  1.541803e+00 -1.591992e-01
     vertex  2.500000e+00  1.536855e+00 -2.014371e-01
     vertex  2.500000e+00  3.966077e+00 -5.198378e-01
   endloop
 endfacet
 facet normal  1.000000e+00  0.000000e+00  0.000000e+00
   outer loop
     vertex  2.500000e+00  1.541803e+00 -1.591992e-01
     vertex  2.500000e+00  3.966077e+00 -5.198378e-01
     vertex  2.500000e+00  3.978846e+00 -4.108366e-01
   endloop
 endfacet
 facet normal  1.000000e+00 -0.000000e+00  0.000000e+00
   outer loop
     vertex  2.500000e+00  1.486197e-01 -1.542858e+00
     vertex  2.500000e+00  4.926210e-01 -3.969550e+00
     vertex  2.500000e+00  1.908906e-01 -1.538200e+00
   endloop
 endfacet
 facet normal  1.000000e+00  0.000000e+00  0.000000e+00
   outer loop
     vertex  2.500000e+00  1.486197e-01 -1.542858e+00
     vertex  2.500000e+00  3.835347e-01 -3.981570e+00
     vertex  2.500000e+00  4.926210e-01 -3.969550e+00
   endloop
 endfacet
 facet normal  1.000000e+00  0.000000e+00  0.000000e+00
   outer loop
     vertex  2.500000e+00  1.545590e+00 -1.168414e-01
     vertex  2.500000e+00  1.541803e+00 -1.591992e-01
     vertex  2.500000e+00  3.978846e+00 -4.108366e-01
   endloop
 endfacet
 facet normal  1.000000e+00  0.000000e+00  0.000000e+00
   outer loop
     vertex  2.500000e+00  1.545590e+00 -1.168414e-01
     vertex  2.500000e+00  3.978846e+00 -4.108366e-01
     vertex  2.500000e+00  3.988619e+00 -3.015261e-01
   endloop
 endfacet
 facet normal  1.000000e+00  0.000000e+00  0.000000e+00
   outer loop
     vertex  2.500000e+00  1.062369e-01 -1.546355e+00
     vertex  2.500000e+00  2.741598e-01 -3.990593e+00
     vertex  2.500000e+00  3.835347e-01 -3.981570e+00
   endloop
 endfacet
 facet normal  1.000000e+00 -0.000000e+00  0.000000e+00
   outer loop
     vertex  2.500000e+00  1.062369e-01 -1.546355e+00
     vertex  2.500000e+00  3.835347e-01 -3.981570e+00
     vertex  2.500000e+00  1.486197e-01 -1.542858e+00
   endloop
 endfacet
 facet normal  1.000000e+00  0.000000e+00  0.000000e+00
   outer loop
     vertex  2.500000e+00  1.548214e+00 -7.439560e-02
     vertex  2.500000e+00  1.545590e+00 -1.168414e-01
     vertex  2.500000e+00  3.988619e+00 -3.015261e-01
   endloop
 endfacet
 facet normal  1.000000e+00  0.000000e+00  0.000000e+00
   outer loop
     vertex  2.500000e+00  1.548214e+00 -7.439560e-02
     vertex  2.500000e+00  3.988619e+00 -3.015261e-01
     vertex  2.500000e+00  3.995390e+00 -1.919886e-01
   endloop
 endfacet
 facet normal  1.000000e+00  0.000000e+00  0.000000e+00
   outer loop
     vertex  2.500000e+00  6.377416e-02 -1.548687e+00
     vertex  2.500000e+00  1.645785e-01 -3.996613e+00
     vertex  2.500000e+00  2.741598e-01 -3.990593e+00
   endloop
 endfacet
 facet normal  1.000000e+00 -0.000000e+00  0.000000e+00
   outer loop
     vertex  2.500000e+00  6.377416e-02 -1.548687e+00
     vertex  2.500000e+00  2.741598e-01 -3.990593e+00
     vertex  2.500000e+00  1.062369e-01 -1.546355e+00
   endloop
 endfacet
 facet normal  1.000000e+00  0.000000e+00  0.000000e+00
   outer loop
     vertex  2.500000e+00  1.549672e+00 -3.189383e-02
     vertex  2.500000e+00  1.548214e+00 -7.439560e-02
     vertex  2.500000e+00  3.995390e+00 -1.919886e-01
   endloop
 endfacet
 facet normal  1.000000e+00  0.000000e+00  0.000000e+00
   outer loop
     vertex  2.500000e+00  1.549672e+00 -3.189383e-02
     vertex  2.500000e+00  3.995390e+00 -1.919886e-01
     vertex  2.500000e+00  3.999153e+00 -8.230666e-02
   endloop
 endfacet
 facet normal  1.000000e+00  0.000000e+00  0.000000e+00
   outer loop
     vertex  2.500000e+00  2.126339e-02 -1.549854e+00
     vertex  2.500000e+00  5.487326e-02 -3.999624e+00
     vertex  2.500000e+00  1.645785e-01 -3.996613e+00
   endloop
 endfacet
 facet normal  1.000000e+00 -0.000000e+00  0.000000e+00
   outer loop
     vertex  2.500000e+00  2.126339e-02 -1.549854e+00
     vertex  2.500000e+00  1.645785e-01 -3.996613e+00
     vertex  2.500000e+00  6.377416e-02 -1.548687e+00
   endloop
 endfacet
 facet normal  1.000000e+00  0.000000e+00  0.000000e+00
   outer loop
     vertex  2.500000e+00  1.549964e+00  1.063194e-02
     vertex  2.500000e+00  1.549672e+00 -3.189383e-02
     vertex  2.500000e+00  3.999153e+00 -8.230666e-02
   endloop
 endfacet
 facet normal  1.000000e+00 -0.000000e+00  0.000000e+00
   outer loop
     vertex  2.500000e+00  1.549964e+00  1.063194e-02
     vertex  2.500000e+00  3.999153e+00 -8.230666e-02
     vertex  2.500000e+00  3.999906e+00  2.743728e-02
   endloop
 endfacet
 facet normal  1.000000e+00  0.000000e+00  0.000000e+00
   outer loop
     vertex  2.500000e+00 -2.126339e-02 -1.549854e+00
     vertex  2.500000e+00 -5.487326e-02 -3.999624e+00
     vertex  2.500000e+00  5.487326e-02 -3.999624e+00
   endloop
 endfacet
 facet normal  1.000000e+00 -0.000000e+00  0.000000e+00
   outer loop
     vertex  2.500000e+00 -2.126339e-02 -1.549854e+00
     vertex  2.500000e+00  5.487326e-02 -3.999624e+00
     vertex  2.500000e+00  2.126339e-02 -1.549854e+00
   endloop
 endfacet
 facet normal  1.000000e+00  0.000000e+00  0.000000e+00
   outer loop
     vertex  2.500000e+00  1.549088e+00  5.314972e-02
     vertex  2.500000e+00  1.549964e+00  1.063194e-02
     vertex  2.500000e+00  3.999906e+00  2.743728e-02
   endloop
 endfacet
 facet normal  1.000000e+00 -0.000000e+00  0.000000e+00
   outer loop
     vertex  2.500000e+00  1.549088e+00  5.314972e-02
     vertex  2.500000e+00  3.999906e+00  2.743728e-02
     vertex  2.500000e+00  3.997648e+00  1.371606e-01
   endloop
 endfacet
 facet normal  1.000000e+00  0.000000e+00  0.000000e+00
   outer loop
     vertex  2.500000e+00 -6.377416e-02 -1.548687e+00
     vertex  2.500000e+00 -1.645785e-01 -3.996613e+00
     vertex  2.500000e+00 -5.487326e-02 -3.999624e+00
   endloop
 endfacet
 facet normal  1.000000e+00  0.000000e+00  0.000000e+00
   outer loop
     vertex  2.500000e+00 -6.377416e-02 -1.548687e+00
     vertex  2.500000e+00 -5.487326e-02 -3.999624e+00
     vertex  2.500000e+00 -2.126339e-02 -1.549854e+00
   endloop
 endfacet
 facet normal  1.000000e+00 -0.000000e+00  0.000000e+00
   outer loop
     vertex  2.500000e+00  1.547047e+00  9.562748e-02
     vertex  2.500000e+00  1.549088e+00  5.314972e-02
     vertex  2.500000e+00  3.997648e+00  1.371606e-01
   endloop
 endfacet
 facet normal  1.000000e+00  0.000000e+00  0.000000e+00
   outer loop
     vertex  2.500000e+00  1.547047e+00  9.562748e-02
     vertex  2.500000e+00  3.997648e+00  1.371606e-01
     vertex  2.500000e+00  3.992380e+00  2.467806e-01
   endloop
 endfacet
 facet normal  1.000000e+00  0.000000e+00  0.000000e+00
   outer loop
     vertex  2.500000e+00 -1.062369e-01 -1.546355e+00
     vertex  2.500000e+00 -2.741598e-01 -3.990593e+00
     vertex  2.500000e+00 -1.645785e-01 -3.996613e+00
   endloop
 endfacet
 facet normal  1.000000e+00  0.000000e+00  0.000000e+00
   outer loop
     vertex  2.500000e+00 -1.062369e-01 -1.546355e+00
     vertex  2.500000e+00 -1.645785e-01 -3.996613e+00
     vertex  2.500000e+00 -6.377416e-02 -1.548687e+00
   endloop
 endfacet
 facet normal  1.000000e+00 -0.000000e+00  0.000000e+00
   outer loop
     vertex  2.500000e+00  1.543842e+00  1.380333e-01
     vertex  2.500000e+00  1.547047e+00  9.562748e-02
     vertex  2.500000e+00  3.992380e+00  2.467806e-01
   endloop
 endfacet
 facet normal  1.000000e+00  0.000000e+00  0.000000e+00
   outer loop
     vertex  2.500000e+00  1.543842e+00  1.380333e-01
     vertex  2.500000e+00  3.992380e+00  2.467806e-01
     vertex  2.500000e+00  3.984107e+00  3.562149e-01
   endloop
 endfacet
 facet normal  1.000000e+00  0.000000e+00  0.000000e+00
   outer loop
     vertex  2.500000e+00 -1.486197e-01 -1.542858e+00
     vertex  2.500000e+00 -3.835347e-01 -3.981570e+00
     vertex  2.500000e+00 -2.741598e-01 -3.990593e+00
   endloop
 endfacet
 facet normal  1.000000e+00  0.000000e+00  0.000000e+00
   outer loop
     vertex  2.500000e+00 -1.486197e-01 -1.542858e+00
     vertex  2.500000e+00 -2.741598e-01 -3.990593e+00
     vertex  2.500000e+00 -1.062369e-01 -1.546355e+00
   endloop
 endfacet
 facet normal  1.000000e+00 -0.000000e+00  0.000000e+00
   outer loop
     vertex  2.500000e+00  1.539474e+00  1.803351e-01
     vertex  2.500000e+00  1.543842e+00  1.380333e-01
     vertex  2.500000e+00  3.984107e+00  3.562149e-01
   endloop
 endfacet
 facet normal  1.000000e+00  0.000000e+00  0.000000e+00
   outer loop
     vertex  2.500000e+00  1.539474e+00  1.803351e-01
     vertex  2.500000e+00  3.984107e+00  3.562149e-01
     vertex  2.500000e+00  3.972835e+00  4.653810e-01
   endloop
 endfacet
 facet normal  1.000000e+00  0.000000e+00  0.000000e+00
   outer loop
     vertex  2.500000e+00 -1.908906e-01 -1.538200e+00
     vertex  2.500000e+00 -3.835347e-01 -3.981570e+00
     vertex  2.500000e+00 -1.486197e-01 -1.542858e+00
   endloop
 endfacet
 facet normal  1.000000e+00  0.000000e+00  0.000000e+00
   outer loop
     vertex  2.500000e+00 -1.908906e-01 -1.538200e+00
     vertex  2.500000e+00 -4.926210e-01 -3.969550e+00
     vertex  2.500000e+00 -3.835347e-01 -3.981570e+00
   endloop
 endfacet
 facet normal  1.000000e+00 -0.000000e+00  0.000000e+00
   outer loop
     vertex  2.500000e+00  1.533947e+00  2.225012e-01
     vertex  2.500000e+00  1.539474e+00  1.803351e-01
     vertex  2.500000e+00  3.972835e+00  4.653810e-01
   endloop
 endfacet
 facet normal  1.000000e+00  0.000000e+00  0.000000e+00
   outer loop
     vertex  2.500000e+00  1.533947e+00  2.225012e-01
     vertex  2.500000e+00  3.972835e+00  4.653810e-01
     vertex  2.500000e+00  3.958573e+00  5.741968e-01
   endloop
 endfacet
 facet normal  1.000000e+00  0.000000e+00  0.000000e+00
   outer loop
     vertex  2.500000e+00 -2.330178e-01 -1.532385e+00
     vertex  2.500000e+00 -6.013364e-01 -3.954541e+00
     vertex  2.500000e+00 -4.926210e-01 -3.969550e+00
   endloop
 endfacet
 facet normal  1.000000e+00  0.000000e+00  0.000000e+00
   outer loop
     vertex  2.500000e+00 -2.330178e-01 -1.532385e+00
     vertex  2.500000e+00 -4.926210e-01 -3.969550e+00
     vertex  2.500000e+00 -1.908906e-01 -1.538200e+00
   endloop
 endfacet
 facet normal  1.000000e+00 -0.000000e+00  0.000000e+00
   outer loop
     vertex  2.500000e+00  1.527265e+00  2.644999e-01
     vertex  2.500000e+00  1.533947e+00  2.225012e-01
     vertex  2.500000e+00  3.958573e+00  5.741968e-01
   endloop
 endfacet
 facet normal  1.000000e+00  0.000000e+00  0.000000e+00
   outer loop
     vertex  2.500000e+00  1.527265e+00  2.644999e-01
     vertex  2.500000e+00  3.958573e+00  5.741968e-01
     vertex  2.500000e+00  3.941330e+00  6.825803e-01
   endloop
 endfacet
 facet normal  1.000000e+00  0.000000e+00  0.000000e+00
   outer loop
     vertex  2.500000e+00 -2.749697e-01 -1.525415e+00
     vertex  2.500000e+00 -7.095991e-01 -3.936555e+00
     vertex  2.500000e+00 -6.013364e-01 -3.954541e+00
   endloop
 endfacet
 facet normal  1.000000e+00  0.000000e+00  0.000000e+00
   outer loop
     vertex  2.500000e+00 -2.749697e-01 -1.525415e+00
     vertex  2.500000e+00 -6.013364e-01 -3.954541e+00
     vertex  2.500000e+00 -2.330178e-01 -1.532385e+00
   endloop
 endfacet
 facet normal  1.000000e+00  0.000000e+00  0.000000e+00
   outer loop
     vertex  2.500000e+00  1.519434e+00  3.062994e-01
     vertex  2.500000e+00  3.941330e+00  6.825803e-01
     vertex  2.500000e+00  3.921121e+00  7.904501e-01
   endloop
 endfacet
 facet normal  1.000000e+00 -0.000000e+00  0.000000e+00
   outer loop
     vertex  2.500000e+00  1.519434e+00  3.062994e-01
     vertex  2.500000e+00  1.527265e+00  2.644999e-01
     vertex  2.500000e+00  3.941330e+00  6.825803e-01
   endloop
 endfacet
 facet normal  1.000000e+00  0.000000e+00  0.000000e+00
   outer loop
     vertex  2.500000e+00 -3.167145e-01 -1.517298e+00
     vertex  2.500000e+00 -8.173277e-01 -3.915607e+00
     vertex  2.500000e+00 -7.095991e-01 -3.936555e+00
   endloop
 endfacet
 facet normal  1.000000e+00  0.000000e+00  0.000000e+00
   outer loop
     vertex  2.500000e+00 -3.167145e-01 -1.517298e+00
     vertex  2.500000e+00 -7.095991e-01 -3.936555e+00
     vertex  2.500000e+00 -2.749697e-01 -1.525415e+00
   endloop
 endfacet
 facet normal  1.000000e+00  0.000000e+00  0.000000e+00
   outer loop
     vertex  2.500000e+00  1.510459e+00  3.478683e-01
     vertex  2.500000e+00  3.921121e+00  7.904501e-01
     vertex  2.500000e+00  3.897960e+00  8.977248e-01
   endloop
 endfacet
 facet normal  1.000000e+00 -0.000000e+00  0.000000e+00
   outer loop
     vertex  2.500000e+00  1.510459e+00  3.478683e-01
     vertex  2.500000e+00  1.519434e+00  3.062994e-01
     vertex  2.500000e+00  3.921121e+00  7.904501e-01
   endloop
 endfacet
 facet normal  1.000000e+00  0.000000e+00  0.000000e+00
   outer loop
     vertex  2.500000e+00 -3.582209e-01 -1.508038e+00
     vertex  2.500000e+00 -1.030858e+00 -3.864884e+00
     vertex  2.500000e+00 -9.244410e-01 -3.891710e+00
   endloop
 endfacet
 facet normal  1.000000e+00  0.000000e+00  0.000000e+00
   outer loop
     vertex  2.500000e+00 -3.582209e-01 -1.508038e+00
     vertex  2.500000e+00 -9.244410e-01 -3.891710e+00
     vertex  2.500000e+00 -8.173277e-01 -3.915607e+00
   endloop
 endfacet
 facet normal  1.000000e+00  0.000000e+00  0.000000e+00
   outer loop
     vertex  2.500000e+00 -3.582209e-01 -1.508038e+00
     vertex  2.500000e+00 -8.173277e-01 -3.915607e+00
     vertex  2.500000e+00 -3.167145e-01 -1.517298e+00
   endloop
 endfacet
 facet normal  1.000000e+00  0.000000e+00  0.000000e+00
   outer loop
     vertex  2.500000e+00  1.500347e+00  3.891754e-01
     vertex  2.500000e+00  3.897960e+00  8.977248e-01
     vertex  2.500000e+00  3.871864e+00  1.004324e+00
   endloop
 endfacet
 facet normal  1.000000e+00 -0.000000e+00  0.000000e+00
   outer loop
     vertex  2.500000e+00  1.500347e+00  3.891754e-01
     vertex  2.500000e+00  1.510459e+00  3.478683e-01
     vertex  2.500000e+00  3.897960e+00  8.977248e-01
   endloop
 endfacet
 facet normal  1.000000e+00  0.000000e+00  0.000000e+00
   outer loop
     vertex  2.500000e+00 -3.994576e-01 -1.497643e+00
     vertex  2.500000e+00 -1.030858e+00 -3.864884e+00
     vertex  2.500000e+00 -3.582209e-01 -1.508038e+00
   endloop
 endfacet
 facet normal  1.000000e+00 -0.000000e+00  0.000000e+00
   outer loop
     vertex  2.500000e+00  1.489106e+00  4.301896e-01
     vertex  2.500000e+00  1.500347e+00  3.891754e-01
     vertex  2.500000e+00  3.871864e+00  1.004324e+00
   endloop
 endfacet
 facet normal  1.000000e+00  0.000000e+00  0.000000e+00
   outer loop
     vertex  2.500000e+00  1.489106e+00  4.301896e-01
     vertex  2.500000e+00  3.871864e+00  1.004324e+00
     vertex  2.500000e+00  3.842854e+00  1.110167e+00
   endloop
 endfacet
 facet normal  1.000000e+00  0.000000e+00  0.000000e+00
   outer loop
     vertex  2.500000e+00 -4.403937e-01 -1.486120e+00
     vertex  2.500000e+00 -1.136500e+00 -3.835149e+00
     vertex  2.500000e+00 -1.030858e+00 -3.864884e+00
   endloop
 endfacet
 facet normal  1.000000e+00  0.000000e+00  0.000000e+00
   outer loop
     vertex  2.500000e+00 -4.403937e-01 -1.486120e+00
     vertex  2.500000e+00 -1.030858e+00 -3.864884e+00
     vertex  2.500000e+00 -3.994576e-01 -1.497643e+00
   endloop
 endfacet
 facet normal  1.000000e+00 -0.000000e+00  0.000000e+00
   outer loop
     vertex  2.500000e+00  1.476744e+00  4.708798e-01
     vertex  2.500000e+00  1.489106e+00  4.301896e-01
     vertex  2.500000e+00  3.842854e+00  1.110167e+00
   endloop
 endfacet
 facet normal  1.000000e+00  0.000000e+00  0.000000e+00
   outer loop
     vertex  2.500000e+00  1.476744e+00  4.708798e-01
     vertex  2.500000e+00  3.842854e+00  1.110167e+00
     vertex  2.500000e+00  3.810952e+00  1.215174e+00
   endloop
 endfacet
 facet normal  1.000000e+00  0.000000e+00  0.000000e+00
   outer loop
     vertex  2.500000e+00 -4.809982e-01 -1.473479e+00
     vertex  2.500000e+00 -1.241286e+00 -3.802527e+00
     vertex  2.500000e+00 -1.136500e+00 -3.835149e+00
   endloop
 endfacet
 facet normal  1.000000e+00  0.000000e+00  0.000000e+00
   outer loop
     vertex  2.500000e+00 -4.809982e-01 -1.473479e+00
     vertex  2.500000e+00 -1.136500e+00 -3.835149e+00
     vertex  2.500000e+00 -4.403937e-01 -1.486120e+00
   endloop
 endfacet
 facet normal  1.000000e+00 -0.000000e+00  0.000000e+00
   outer loop
     vertex  2.500000e+00  1.463270e+00  5.112157e-01
     vertex  2.500000e+00  1.476744e+00  4.708798e-01
     vertex  2.500000e+00  3.810952e+00  1.215174e+00
   endloop
 endfacet
 facet normal  1.000000e+00  0.000000e+00  0.000000e+00
   outer loop
     vertex  2.500000e+00  1.463270e+00  5.112157e-01
     vertex  2.500000e+00  3.810952e+00  1.215174e+00
     vertex  2.500000e+00  3.776180e+00  1.319266e+00
   endloop
 endfacet
 facet normal  1.000000e+00  0.000000e+00  0.000000e+00
   outer loop
     vertex  2.500000e+00 -5.212407e-01 -1.459729e+00
     vertex  2.500000e+00 -1.345137e+00 -3.767042e+00
     vertex  2.500000e+00 -1.241286e+00 -3.802527e+00
   endloop
 endfacet
 facet normal  1.000000e+00  0.000000e+00  0.000000e+00
   outer loop
     vertex  2.500000e+00 -5.212407e-01 -1.459729e+00
     vertex  2.500000e+00 -1.241286e+00 -3.802527e+00
     vertex  2.500000e+00 -4.809982e-01 -1.473479e+00
   endloop
 endfacet
 facet normal  1.000000e+00  0.000000e+00  0.000000e+00
   outer loop
     vertex  2.500000e+00  1.448694e+00  5.511667e-01
     vertex  2.500000e+00  3.776180e+00  1.319266e+00
     vertex  2.500000e+00  3.738566e+00  1.422366e+00
   endloop
 endfacet
 facet normal  1.000000e+00 -0.000000e+00  0.000000e+00
   outer loop
     vertex  2.500000e+00  1.448694e+00  5.511667e-01
     vertex  2.500000e+00  1.463270e+00  5.112157e-01
     vertex  2.500000e+00  3.776180e+00  1.319266e+00
   endloop
 endfacet
 facet normal  1.000000e+00  0.000000e+00  0.000000e+00
   outer loop
     vertex  2.500000e+00 -5.610908e-01 -1.444880e+00
     vertex  2.500000e+00 -1.447976e+00 -3.728722e+00
     vertex  2.500000e+00 -1.345137e+00 -3.767042e+00
   endloop
 endfacet
 facet normal  1.000000e+00  0.000000e+00  0.000000e+00
   outer loop
     vertex  2.500000e+00 -5.610908e-01 -1.444880e+00
     vertex  2.500000e+00 -1.345137e+00 -3.767042e+00
     vertex  2.500000e+00 -5.212407e-01 -1.459729e+00
   endloop
 endfacet
 facet normal  1.000000e+00 -0.000000e+00  0.000000e+00
   outer loop
     vertex  2.500000e+00  1.433028e+00  5.907028e-01
     vertex  2.500000e+00  1.448694e+00  5.511667e-01
     vertex  2.500000e+00  3.738566e+00  1.422366e+00
   endloop
 endfacet
 facet normal  1.000000e+00  0.000000e+00  0.000000e+00
   outer loop
     vertex  2.500000e+00  1.433028e+00  5.907028e-01
     vertex  2.500000e+00  3.738566e+00  1.422366e+00
     vertex  2.500000e+00  3.698138e+00  1.524394e+00
   endloop
 endfacet
 facet normal  1.000000e+00  0.000000e+00  0.000000e+00
   outer loop
     vertex  2.500000e+00 -6.005185e-01 -1.428943e+00
     vertex  2.500000e+00 -1.549725e+00 -3.687594e+00
     vertex  2.500000e+00 -1.447976e+00 -3.728722e+00
   endloop
 endfacet
 facet normal  1.000000e+00  0.000000e+00  0.000000e+00
   outer loop
     vertex  2.500000e+00 -6.005185e-01 -1.428943e+00
     vertex  2.500000e+00 -1.447976e+00 -3.728722e+00
     vertex  2.500000e+00 -5.610908e-01 -1.444880e+00
   endloop
 endfacet
 facet normal  1.000000e+00 -0.000000e+00  0.000000e+00
   outer loop
     vertex  2.500000e+00  1.416284e+00  6.297942e-01
     vertex  2.500000e+00  1.433028e+00  5.907028e-01
     vertex  2.500000e+00  3.698138e+00  1.524394e+00
   endloop
 endfacet
 facet normal  1.000000e+00  0.000000e+00  0.000000e+00
   outer loop
     vertex  2.500000e+00  1.416284e+00  6.297942e-01
     vertex  2.500000e+00  3.698138e+00  1.524394e+00
     vertex  2.500000e+00  3.654925e+00  1.625275e+00
   endloop
 endfacet
 facet normal  1.000000e+00  0.000000e+00  0.000000e+00
   outer loop
     vertex  2.500000e+00 -6.394941e-01 -1.411930e+00
     vertex  2.500000e+00 -1.549725e+00 -3.687594e+00
     vertex  2.500000e+00 -6.005185e-01 -1.428943e+00
   endloop
 endfacet
 facet normal  1.000000e+00  0.000000e+00  0.000000e+00
   outer loop
     vertex  2.500000e+00 -6.394941e-01 -1.411930e+00
     vertex  2.500000e+00 -1.749647e+00 -3.597045e+00
     vertex  2.500000e+00 -1.650307e+00 -3.643691e+00
   endloop
 endfacet
 facet normal  1.000000e+00  0.000000e+00  0.000000e+00
   outer loop
     vertex  2.500000e+00 -6.394941e-01 -1.411930e+00
     vertex  2.500000e+00 -1.650307e+00 -3.643691e+00
     vertex  2.500000e+00 -1.549725e+00 -3.687594e+00
   endloop
 endfacet
 facet normal  1.000000e+00 -0.000000e+00  0.000000e+00
   outer loop
     vertex  2.500000e+00  1.398473e+00  6.684116e-01
     vertex  2.500000e+00  1.416284e+00  6.297942e-01
     vertex  2.500000e+00  3.654925e+00  1.625275e+00
   endloop
 endfacet
 facet normal  1.000000e+00  0.000000e+00  0.000000e+00
   outer loop
     vertex  2.500000e+00  1.398473e+00  6.684116e-01
     vertex  2.500000e+00  3.654925e+00  1.625275e+00
     vertex  2.500000e+00  3.608962e+00  1.724933e+00
   endloop
 endfacet
 facet normal  1.000000e+00  0.000000e+00  0.000000e+00
   outer loop
     vertex  2.500000e+00 -6.779884e-01 -1.393855e+00
     vertex  2.500000e+00 -1.749647e+00 -3.597045e+00
     vertex  2.500000e+00 -6.394941e-01 -1.411930e+00
   endloop
 endfacet
 facet normal  1.000000e+00 -0.000000e+00  0.000000e+00
   outer loop
     vertex  2.500000e+00  1.379609e+00  7.065257e-01
     vertex  2.500000e+00  1.398473e+00  6.684116e-01
     vertex  2.500000e+00  3.608962e+00  1.724933e+00
   endloop
 endfacet
 facet normal  1.000000e+00  0.000000e+00  0.000000e+00
   outer loop
     vertex  2.500000e+00  1.379609e+00  7.065257e-01
     vertex  2.500000e+00  3.608962e+00  1.724933e+00
     vertex  2.500000e+00  3.560282e+00  1.823292e+00
   endloop
 endfacet
 facet normal  1.000000e+00  0.000000e+00  0.000000e+00
   outer loop
     vertex  2.500000e+00 -7.159723e-01 -1.374730e+00
     vertex  2.500000e+00 -1.749647e+00 -3.597045e+00
     vertex  2.500000e+00 -6.779884e-01 -1.393855e+00
   endloop
 endfacet
 facet normal  1.000000e+00  0.000000e+00  0.000000e+00
   outer loop
     vertex  2.500000e+00 -7.159723e-01 -1.374730e+00
     vertex  2.500000e+00 -1.847670e+00 -3.547691e+00
     vertex  2.500000e+00 -1.749647e+00 -3.597045e+00
   endloop
 endfacet
 facet normal  1.000000e+00 -0.000000e+00  0.000000e+00
   outer loop
     vertex  2.500000e+00  1.359707e+00  7.441081e-01
     vertex  2.500000e+00  1.379609e+00  7.065257e-01
     vertex  2.500000e+00  3.560282e+00  1.823292e+00
   endloop
 endfacet
 facet normal  1.000000e+00  0.000000e+00  0.000000e+00
   outer loop
     vertex  2.500000e+00  1.359707e+00  7.441081e-01
     vertex  2.500000e+00  3.560282e+00  1.823292e+00
     vertex  2.500000e+00  3.508921e+00  1.920279e+00
   endloop
 endfacet
 facet normal  1.000000e+00  0.000000e+00  0.000000e+00
   outer loop
     vertex  2.500000e+00 -7.534172e-01 -1.354571e+00
     vertex  2.500000e+00 -1.847670e+00 -3.547691e+00
     vertex  2.500000e+00 -7.159723e-01 -1.374730e+00
   endloop
 endfacet
 facet normal  1.000000e+00  0.000000e+00  0.000000e+00
   outer loop
     vertex  2.500000e+00 -7.534172e-01 -1.354571e+00
     vertex  2.500000e+00 -1.944303e+00 -3.495667e+00
     vertex  2.500000e+00 -1.847670e+00 -3.547691e+00
   endloop
 endfacet
 facet normal  1.000000e+00 -0.000000e+00  0.000000e+00
   outer loop
     vertex  2.500000e+00  1.338781e+00  7.811303e-01
     vertex  2.500000e+00  1.359707e+00  7.441081e-01
     vertex  2.500000e+00  3.508921e+00  1.920279e+00
   endloop
 endfacet
 facet normal  1.000000e+00  0.000000e+00  0.000000e+00
   outer loop
     vertex  2.500000e+00  1.338781e+00  7.811303e-01
     vertex  2.500000e+00  3.508921e+00  1.920279e+00
     vertex  2.500000e+00  3.454920e+00  2.015820e+00
   endloop
 endfacet
 facet normal  1.000000e+00  0.000000e+00  0.000000e+00
   outer loop
     vertex  2.500000e+00  1.338781e+00  7.811303e-01
     vertex  2.500000e+00  3.454920e+00  2.015820e+00
     vertex  2.500000e+00  3.398317e+00  2.109844e+00
   endloop
 endfacet
 facet normal  1.000000e+00  0.000000e+00  0.000000e+00
   outer loop
     vertex  2.500000e+00 -7.902950e-01 -1.333392e+00
     vertex  2.500000e+00 -1.944303e+00 -3.495667e+00
     vertex  2.500000e+00 -7.534172e-01 -1.354571e+00
   endloop
 endfacet
 facet normal  1.000000e+00  0.000000e+00  0.000000e+00
   outer loop
     vertex  2.500000e+00 -7.902950e-01 -1.333392e+00
     vertex  2.500000e+00 -2.039471e+00 -3.441011e+00
     vertex  2.500000e+00 -1.944303e+00 -3.495667e+00
   endloop
 endfacet
 facet normal  1.000000e+00 -0.000000e+00  0.000000e+00
   outer loop
     vertex  2.500000e+00  1.316848e+00  8.175645e-01
     vertex  2.500000e+00  1.338781e+00  7.811303e-01
     vertex  2.500000e+00  3.398317e+00  2.109844e+00
   endloop
 endfacet
 facet normal  1.000000e+00  0.000000e+00  0.000000e+00
   outer loop
     vertex  2.500000e+00 -8.265779e-01 -1.311209e+00
     vertex  2.500000e+00 -2.039471e+00 -3.441011e+00
     vertex  2.500000e+00 -7.902950e-01 -1.333392e+00
   endloop
 endfacet
 facet normal  1.000000e+00  0.000000e+00  0.000000e+00
   outer loop
     vertex  2.500000e+00 -8.265779e-01 -1.311209e+00
     vertex  2.500000e+00 -2.133104e+00 -3.383765e+00
     vertex  2.500000e+00 -2.039471e+00 -3.441011e+00
   endloop
 endfacet
 facet normal  1.000000e+00 -0.000000e+00  0.000000e+00
   outer loop
     vertex  2.500000e+00  1.293923e+00  8.533832e-01
     vertex  2.500000e+00  1.316848e+00  8.175645e-01
     vertex  2.500000e+00  3.398317e+00  2.109844e+00
   endloop
 endfacet
 facet normal  1.000000e+00  0.000000e+00  0.000000e+00
   outer loop
     vertex  2.500000e+00  1.293923e+00  8.533832e-01
     vertex  2.500000e+00  3.398317e+00  2.109844e+00
     vertex  2.500000e+00  3.339156e+00  2.202279e+00
   endloop
 endfacet
 facet normal  1.000000e+00  0.000000e+00  0.000000e+00
   outer loop
     vertex  2.500000e+00 -8.622386e-01 -1.288039e+00
     vertex  2.500000e+00 -2.133104e+00 -3.383765e+00
     vertex  2.500000e+00 -8.265779e-01 -1.311209e+00
   endloop
 endfacet
 facet normal  1.000000e+00  0.000000e+00  0.000000e+00
   outer loop
     vertex  2.500000e+00 -8.622386e-01 -1.288039e+00
     vertex  2.500000e+00 -2.225132e+00 -3.323972e+00
     vertex  2.500000e+00 -2.133104e+00 -3.383765e+00
   endloop
 endfacet
 facet normal  1.000000e+00 -0.000000e+00  0.000000e+00
   outer loop
     vertex  2.500000e+00  1.270024e+00  8.885596e-01
     vertex  2.500000e+00  1.293923e+00  8.533832e-01
     vertex  2.500000e+00  3.339156e+00  2.202279e+00
   endloop
 endfacet
 facet normal  1.000000e+00  0.000000e+00  0.000000e+00
   outer loop
     vertex  2.500000e+00  1.270024e+00  8.885596e-01
     vertex  2.500000e+00  3.339156e+00  2.202279e+00
     vertex  2.500000e+00  3.277482e+00  2.293057e+00
   endloop
 endfacet
 facet normal  1.000000e+00  0.000000e+00  0.000000e+00
   outer loop
     vertex  2.500000e+00 -8.972502e-01 -1.263900e+00
     vertex  2.500000e+00 -2.225132e+00 -3.323972e+00
     vertex  2.500000e+00 -8.622386e-01 -1.288039e+00
   endloop
 endfacet
 facet normal  1.000000e+00  0.000000e+00  0.000000e+00
   outer loop
     vertex  2.500000e+00 -8.972502e-01 -1.263900e+00
     vertex  2.500000e+00 -2.315484e+00 -3.261676e+00
     vertex  2.500000e+00 -2.225132e+00 -3.323972e+00
   endloop
 endfacet
 facet normal  1.000000e+00 -0.000000e+00  0.000000e+00
   outer loop
     vertex  2.500000e+00  1.245170e+00  9.230670e-01
     vertex  2.500000e+00  1.270024e+00  8.885596e-01
     vertex  2.500000e+00  3.277482e+00  2.293057e+00
   endloop
 endfacet
 facet normal  1.000000e+00  0.000000e+00  0.000000e+00
   outer loop
     vertex  2.500000e+00  1.245170e+00  9.230670e-01
     vertex  2.500000e+00  3.277482e+00  2.293057e+00
     vertex  2.500000e+00  3.213341e+00  2.382108e+00
   endloop
 endfacet
 facet normal  1.000000e+00  0.000000e+00  0.000000e+00
   outer loop
     vertex  2.500000e+00 -9.315863e-01 -1.238809e+00
     vertex  2.500000e+00 -2.315484e+00 -3.261676e+00
     vertex  2.500000e+00 -8.972502e-01 -1.263900e+00
   endloop
 endfacet
 facet normal  1.000000e+00  0.000000e+00  0.000000e+00
   outer loop
     vertex  2.500000e+00 -9.315863e-01 -1.238809e+00
     vertex  2.500000e+00 -2.404094e+00 -3.196926e+00
     vertex  2.500000e+00 -2.315484e+00 -3.261676e+00
   endloop
 endfacet
 facet normal  1.000000e+00 -0.000000e+00  0.000000e+00
   outer loop
     vertex  2.500000e+00  1.219377e+00  9.568796e-01
     vertex  2.500000e+00  1.245170e+00  9.230670e-01
     vertex  2.500000e+00  3.213341e+00  2.382108e+00
   endloop
 endfacet
 facet normal  1.000000e+00  0.000000e+00  0.000000e+00
   outer loop
     vertex  2.500000e+00  1.219377e+00  9.568796e-01
     vertex  2.500000e+00  3.213341e+00  2.382108e+00
     vertex  2.500000e+00  3.146780e+00  2.469367e+00
   endloop
 endfacet
 facet normal  1.000000e+00  0.000000e+00  0.000000e+00
   outer loop
     vertex  2.500000e+00 -9.652212e-01 -1.212785e+00
     vertex  2.500000e+00 -2.404094e+00 -3.196926e+00
     vertex  2.500000e+00 -9.315863e-01 -1.238809e+00
   endloop
 endfacet
 facet normal  1.000000e+00  0.000000e+00  0.000000e+00
   outer loop
     vertex  2.500000e+00 -9.652212e-01 -1.212785e+00
     vertex  2.500000e+00 -2.490894e+00 -3.129768e+00
     vertex  2.500000e+00 -2.404094e+00 -3.196926e+00
   endloop
 endfacet
 facet normal  1.000000e+00 -0.000000e+00  0.000000e+00
   outer loop
     vertex  2.500000e+00  1.192667e+00  9.899720e-01
     vertex  2.500000e+00  1.219377e+00  9.568796e-01
     vertex  2.500000e+00  3.146780e+00  2.469367e+00
   endloop
 endfacet
 facet normal  1.000000e+00  0.000000e+00  0.000000e+00
   outer loop
     vertex  2.500000e+00  1.192667e+00  9.899720e-01
     vertex  2.500000e+00  3.146780e+00  2.469367e+00
     vertex  2.500000e+00  3.077851e+00  2.554766e+00
   endloop
 endfacet
 facet normal  1.000000e+00  0.000000e+00  0.000000e+00
   outer loop
     vertex  2.500000e+00 -9.981295e-01 -1.185849e+00
     vertex  2.500000e+00 -2.575818e+00 -3.060255e+00
     vertex  2.500000e+00 -2.490894e+00 -3.129768e+00
   endloop
 endfacet
 facet normal  1.000000e+00  0.000000e+00  0.000000e+00
   outer loop
     vertex  2.500000e+00 -9.981295e-01 -1.185849e+00
     vertex  2.500000e+00 -2.490894e+00 -3.129768e+00
     vertex  2.500000e+00 -9.652212e-01 -1.212785e+00
   endloop
 endfacet
 facet normal  1.000000e+00 -0.000000e+00  0.000000e+00
   outer loop
     vertex  2.500000e+00  1.165060e+00  1.022319e+00
     vertex  2.500000e+00  1.192667e+00  9.899720e-01
     vertex  2.500000e+00  3.077851e+00  2.554766e+00
   endloop
 endfacet
 facet normal  1.000000e+00  0.000000e+00  0.000000e+00
   outer loop
     vertex  2.500000e+00  1.165060e+00  1.022319e+00
     vertex  2.500000e+00  3.077851e+00  2.554766e+00
     vertex  2.500000e+00  3.006605e+00  2.638243e+00
   endloop
 endfacet
 facet normal  1.000000e+00  0.000000e+00  0.000000e+00
   outer loop
     vertex  2.500000e+00 -1.030287e+00 -1.158020e+00
     vertex  2.500000e+00 -2.658804e+00 -2.988438e+00
     vertex  2.500000e+00 -2.575818e+00 -3.060255e+00
   endloop
 endfacet
 facet normal  1.000000e+00  0.000000e+00  0.000000e+00
   outer loop
     vertex  2.500000e+00 -1.030287e+00 -1.158020e+00
     vertex  2.500000e+00 -2.575818e+00 -3.060255e+00
     vertex  2.500000e+00 -9.981295e-01 -1.185849e+00
   endloop
 endfacet
 facet normal  1.000000e+00 -0.000000e+00  0.000000e+00
   outer loop
     vertex  2.500000e+00  1.136575e+00  1.053897e+00
     vertex  2.500000e+00  1.165060e+00  1.022319e+00
     vertex  2.500000e+00  3.006605e+00  2.638243e+00
   endloop
 endfacet
 facet normal  1.000000e+00  0.000000e+00  0.000000e+00
   outer loop
     vertex  2.500000e+00  1.136575e+00  1.053897e+00
     vertex  2.500000e+00  3.006605e+00  2.638243e+00
     vertex  2.500000e+00  2.933096e+00  2.719733e+00
   endloop
 endfacet
 facet normal  1.000000e+00  0.000000e+00  0.000000e+00
   outer loop
     vertex  2.500000e+00 -1.061668e+00 -1.129319e+00
     vertex  2.500000e+00 -2.739788e+00 -2.914371e+00
     vertex  2.500000e+00 -2.658804e+00 -2.988438e+00
   endloop
 endfacet
 facet normal  1.000000e+00  0.000000e+00  0.000000e+00
   outer loop
     vertex  2.500000e+00 -1.061668e+00 -1.129319e+00
     vertex  2.500000e+00 -2.658804e+00 -2.988438e+00
     vertex  2.500000e+00 -1.030287e+00 -1.158020e+00
   endloop
 endfacet
 facet normal  1.000000e+00 -0.000000e+00  0.000000e+00
   outer loop
     vertex  2.500000e+00  1.107234e+00  1.084681e+00
     vertex  2.500000e+00  1.136575e+00  1.053897e+00
     vertex  2.500000e+00  2.933096e+00  2.719733e+00
   endloop
 endfacet
 facet normal  1.000000e+00  0.000000e+00  0.000000e+00
   outer loop
     vertex  2.500000e+00  1.107234e+00  1.084681e+00
     vertex  2.500000e+00  2.933096e+00  2.719733e+00
     vertex  2.500000e+00  2.857379e+00  2.799176e+00
   endloop
 endfacet
 facet normal  1.000000e+00  0.000000e+00  0.000000e+00
   outer loop
     vertex  2.500000e+00 -1.092250e+00 -1.099768e+00
     vertex  2.500000e+00 -2.739788e+00 -2.914371e+00
     vertex  2.500000e+00 -1.061668e+00 -1.129319e+00
   endloop
 endfacet
 facet normal  1.000000e+00  0.000000e+00  0.000000e+00
   outer loop
     vertex  2.500000e+00 -1.092250e+00 -1.099768e+00
     vertex  2.500000e+00 -2.818710e+00 -2.838111e+00
     vertex  2.500000e+00 -2.739788e+00 -2.914371e+00
   endloop
 endfacet
 facet normal  1.000000e+00  0.000000e+00  0.000000e+00
   outer loop
     vertex  2.500000e+00  2.779511e+00  2.876512e+00
     vertex  2.500000e+00  1.077060e+00  1.114648e+00
     vertex  2.500000e+00  1.107234e+00  1.084681e+00
   endloop
 endfacet
 facet normal  1.000000e+00  0.000000e+00  0.000000e+00
   outer loop
     vertex  2.500000e+00  2.779511e+00  2.876512e+00
     vertex  2.500000e+00  1.107234e+00  1.084681e+00
     vertex  2.500000e+00  2.857379e+00  2.799176e+00
   endloop
 endfacet
 facet normal  1.000000e+00  0.000000e+00  0.000000e+00
   outer loop
     vertex  2.500000e+00 -2.895510e+00 -2.759714e+00
     vertex  2.500000e+00 -1.092250e+00 -1.099768e+00
     vertex  2.500000e+00 -1.122010e+00 -1.069389e+00
   endloop
 endfacet
 facet normal  1.000000e+00 -0.000000e+00  0.000000e+00
   outer loop
     vertex  2.500000e+00 -2.895510e+00 -2.759714e+00
     vertex  2.500000e+00 -2.818710e+00 -2.838111e+00
     vertex  2.500000e+00 -1.092250e+00 -1.099768e+00
   endloop
 endfacet
 facet normal  1.000000e+00  0.000000e+00  0.000000e+00
   outer loop
     vertex  2.500000e+00  2.699550e+00  2.951683e+00
     vertex  2.500000e+00  1.077060e+00  1.114648e+00
     vertex  2.500000e+00  2.779511e+00  2.876512e+00
   endloop
 endfacet
 facet normal  1.000000e+00  0.000000e+00  0.000000e+00
   outer loop
     vertex  2.500000e+00  2.699550e+00  2.951683e+00
     vertex  2.500000e+00  1.046076e+00  1.143777e+00
     vertex  2.500000e+00  1.077060e+00  1.114648e+00
   endloop
 endfacet
 facet normal  1.000000e+00  0.000000e+00  0.000000e+00
   outer loop
     vertex  2.500000e+00  2.699550e+00  2.951683e+00
     vertex  2.500000e+00  1.014303e+00  1.172045e+00
     vertex  2.500000e+00  1.046076e+00  1.143777e+00
   endloop
 endfacet
 facet normal  1.000000e+00  0.000000e+00  0.000000e+00
   outer loop
     vertex  2.500000e+00 -2.970130e+00 -2.679240e+00
     vertex  2.500000e+00 -1.150925e+00 -1.038205e+00
     vertex  2.500000e+00 -1.178974e+00 -1.006240e+00
   endloop
 endfacet
 facet normal  1.000000e+00  0.000000e+00  0.000000e+00
   outer loop
     vertex  2.500000e+00 -2.970130e+00 -2.679240e+00
     vertex  2.500000e+00 -1.122010e+00 -1.069389e+00
     vertex  2.500000e+00 -1.150925e+00 -1.038205e+00
   endloop
 endfacet
 facet normal  1.000000e+00 -0.000000e+00  0.000000e+00
   outer loop
     vertex  2.500000e+00 -2.970130e+00 -2.679240e+00
     vertex  2.500000e+00 -2.895510e+00 -2.759714e+00
     vertex  2.500000e+00 -1.122010e+00 -1.069389e+00
   endloop
 endfacet
 facet normal  1.000000e+00  0.000000e+00  0.000000e+00
   outer loop
     vertex  2.500000e+00  2.617557e+00  3.024631e+00
     vertex  2.500000e+00  1.014303e+00  1.172045e+00
     vertex  2.500000e+00  2.699550e+00  2.951683e+00
   endloop
 endfacet
 facet normal  1.000000e+00 -0.000000e+00  0.000000e+00
   outer loop
     vertex  2.500000e+00 -3.042515e+00 -2.596749e+00
     vertex  2.500000e+00 -2.970130e+00 -2.679240e+00
     vertex  2.500000e+00 -1.178974e+00 -1.006240e+00
   endloop
 endfacet
 facet normal  1.000000e+00  0.000000e+00  0.000000e+00
   outer loop
     vertex  2.500000e+00  2.533594e+00  3.095303e+00
     vertex  2.500000e+00  9.817678e-01  1.199430e+00
     vertex  2.500000e+00  1.014303e+00  1.172045e+00
   endloop
 endfacet
 facet normal  1.000000e+00  0.000000e+00  0.000000e+00
   outer loop
     vertex  2.500000e+00  2.533594e+00  3.095303e+00
     vertex  2.500000e+00  1.014303e+00  1.172045e+00
     vertex  2.500000e+00  2.617557e+00  3.024631e+00
   endloop
 endfacet
 facet normal  1.000000e+00  0.000000e+00  0.000000e+00
   outer loop
     vertex  2.500000e+00 -3.112609e+00 -2.512303e+00
     vertex  2.500000e+00 -1.178974e+00 -1.006240e+00
     vertex  2.500000e+00 -1.206136e+00 -9.735174e-01
   endloop
 endfacet
 facet normal  1.000000e+00 -0.000000e+00  0.000000e+00
   outer loop
     vertex  2.500000e+00 -3.112609e+00 -2.512303e+00
     vertex  2.500000e+00 -3.042515e+00 -2.596749e+00
     vertex  2.500000e+00 -1.178974e+00 -1.006240e+00
   endloop
 endfacet
 facet normal  1.000000e+00  0.000000e+00  0.000000e+00
   outer loop
     vertex  2.500000e+00  2.447724e+00  3.163645e+00
     vertex  2.500000e+00  9.484930e-01  1.225912e+00
     vertex  2.500000e+00  9.817678e-01  1.199430e+00
   endloop
 endfacet
 facet normal  1.000000e+00  0.000000e+00  0.000000e+00
   outer loop
     vertex  2.500000e+00  2.447724e+00  3.163645e+00
     vertex  2.500000e+00  9.817678e-01  1.199430e+00
     vertex  2.500000e+00  2.533594e+00  3.095303e+00
   endloop
 endfacet
 facet normal  1.000000e+00  0.000000e+00  0.000000e+00
   outer loop
     vertex  2.500000e+00 -3.180360e+00 -2.425966e+00
     vertex  2.500000e+00 -1.232389e+00 -9.400618e-01
     vertex  2.500000e+00 -1.257715e+00 -9.058985e-01
   endloop
 endfacet
 facet normal  1.000000e+00  0.000000e+00  0.000000e+00
   outer loop
     vertex  2.500000e+00 -3.180360e+00 -2.425966e+00
     vertex  2.500000e+00 -1.206136e+00 -9.735174e-01
     vertex  2.500000e+00 -1.232389e+00 -9.400618e-01
   endloop
 endfacet
 facet normal  1.000000e+00 -0.000000e+00  0.000000e+00
   outer loop
     vertex  2.500000e+00 -3.180360e+00 -2.425966e+00
     vertex  2.500000e+00 -3.112609e+00 -2.512303e+00
     vertex  2.500000e+00 -1.206136e+00 -9.735174e-01
   endloop
 endfacet
 facet normal  1.000000e+00  0.000000e+00  0.000000e+00
   outer loop
     vertex  2.500000e+00  2.360011e+00  3.229605e+00
     vertex  2.500000e+00  9.145043e-01  1.251472e+00
     vertex  2.500000e+00  9.484930e-01  1.225912e+00
   endloop
 endfacet
 facet normal  1.000000e+00  0.000000e+00  0.000000e+00
   outer loop
     vertex  2.500000e+00  2.360011e+00  3.229605e+00
     vertex  2.500000e+00  9.484930e-01  1.225912e+00
     vertex  2.500000e+00  2.447724e+00  3.163645e+00
   endloop
 endfacet
 facet normal  1.000000e+00 -0.000000e+00  0.000000e+00
   outer loop
     vertex  2.500000e+00 -3.245717e+00 -2.337803e+00
     vertex  2.500000e+00 -3.180360e+00 -2.425966e+00
     vertex  2.500000e+00 -1.257715e+00 -9.058985e-01
   endloop
 endfacet
 facet normal  1.000000e+00  0.000000e+00  0.000000e+00
   outer loop
     vertex  2.500000e+00  2.270522e+00  3.293134e+00
     vertex  2.500000e+00  8.798272e-01  1.276089e+00
     vertex  2.500000e+00  9.145043e-01  1.251472e+00
   endloop
 endfacet
 facet normal  1.000000e+00  0.000000e+00  0.000000e+00
   outer loop
     vertex  2.500000e+00  2.270522e+00  3.293134e+00
     vertex  2.500000e+00  9.145043e-01  1.251472e+00
     vertex  2.500000e+00  2.360011e+00  3.229605e+00
   endloop
 endfacet
 facet normal  1.000000e+00  0.000000e+00  0.000000e+00
   outer loop
     vertex  2.500000e+00 -3.308631e+00 -2.247880e+00
     vertex  2.500000e+00 -1.257715e+00 -9.058985e-01
     vertex  2.500000e+00 -1.282094e+00 -8.710534e-01
   endloop
 endfacet
 facet normal  1.000000e+00 -0.000000e+00  0.000000e+00
   outer loop
     vertex  2.500000e+00 -3.308631e+00 -2.247880e+00
     vertex  2.500000e+00 -3.245717e+00 -2.337803e+00
     vertex  2.500000e+00 -1.257715e+00 -9.058985e-01
   endloop
 endfacet
 facet normal  1.000000e+00  0.000000e+00  0.000000e+00
   outer loop
     vertex  2.500000e+00  2.179323e+00  3.354184e+00
     vertex  2.500000e+00  8.798272e-01  1.276089e+00
     vertex  2.500000e+00  2.270522e+00  3.293134e+00
   endloop
 endfacet
 facet normal  1.000000e+00  0.000000e+00  0.000000e+00
   outer loop
     vertex  2.500000e+00  2.179323e+00  3.354184e+00
     vertex  2.500000e+00  8.444877e-01  1.299746e+00
     vertex  2.500000e+00  8.798272e-01  1.276089e+00
   endloop
 endfacet
 facet normal  1.000000e+00  0.000000e+00  0.000000e+00
   outer loop
     vertex  2.500000e+00  2.179323e+00  3.354184e+00
     vertex  2.500000e+00  8.085126e-01  1.322425e+00
     vertex  2.500000e+00  8.444877e-01  1.299746e+00
   endloop
 endfacet
 facet normal  1.000000e+00  0.000000e+00  0.000000e+00
   outer loop
     vertex  2.500000e+00 -3.369054e+00 -2.156264e+00
     vertex  2.500000e+00 -1.282094e+00 -8.710534e-01
     vertex  2.500000e+00 -1.305508e+00 -8.355525e-01
   endloop
 endfacet
 facet normal  1.000000e+00 -0.000000e+00  0.000000e+00
   outer loop
     vertex  2.500000e+00 -3.369054e+00 -2.156264e+00
     vertex  2.500000e+00 -3.308631e+00 -2.247880e+00
     vertex  2.500000e+00 -1.282094e+00 -8.710534e-01
   endloop
 endfacet
 facet normal  1.000000e+00  0.000000e+00  0.000000e+00
   outer loop
     vertex  2.500000e+00  2.086484e+00  3.412709e+00
     vertex  2.500000e+00  8.085126e-01  1.322425e+00
     vertex  2.500000e+00  2.179323e+00  3.354184e+00
   endloop
 endfacet
 facet normal  1.000000e+00  0.000000e+00  0.000000e+00
   outer loop
     vertex  2.500000e+00 -3.426941e+00 -2.063026e+00
     vertex  2.500000e+00 -1.305508e+00 -8.355525e-01
     vertex  2.500000e+00 -1.327940e+00 -7.994226e-01
   endloop
 endfacet
 facet normal  1.000000e+00 -0.000000e+00  0.000000e+00
   outer loop
     vertex  2.500000e+00 -3.426941e+00 -2.063026e+00
     vertex  2.500000e+00 -3.369054e+00 -2.156264e+00
     vertex  2.500000e+00 -1.305508e+00 -8.355525e-01
   endloop
 endfacet
 facet normal  1.000000e+00  0.000000e+00  0.000000e+00
   outer loop
     vertex  2.500000e+00  1.992074e+00  3.468665e+00
     vertex  2.500000e+00  8.085126e-01  1.322425e+00
     vertex  2.500000e+00  2.086484e+00  3.412709e+00
   endloop
 endfacet
 facet normal  1.000000e+00  0.000000e+00  0.000000e+00
   outer loop
     vertex  2.500000e+00  1.992074e+00  3.468665e+00
     vertex  2.500000e+00  7.719288e-01  1.344108e+00
     vertex  2.500000e+00  8.085126e-01  1.322425e+00
   endloop
 endfacet
 facet normal  1.000000e+00  0.000000e+00  0.000000e+00
   outer loop
     vertex  2.500000e+00 -3.482248e+00 -1.968235e+00
     vertex  2.500000e+00 -1.327940e+00 -7.994226e-01
     vertex  2.500000e+00 -1.349371e+00 -7.626910e-01
   endloop
 endfacet
 facet normal  1.000000e+00 -0.000000e+00  0.000000e+00
   outer loop
     vertex  2.500000e+00 -3.482248e+00 -1.968235e+00
     vertex  2.500000e+00 -3.426941e+00 -2.063026e+00
     vertex  2.500000e+00 -1.327940e+00 -7.994226e-01
   endloop
 endfacet
 facet normal  1.000000e+00  0.000000e+00  0.000000e+00
   outer loop
     vertex  2.500000e+00  1.896165e+00  3.522011e+00
     vertex  2.500000e+00  7.347639e-01  1.364779e+00
     vertex  2.500000e+00  7.719288e-01  1.344108e+00
   endloop
 endfacet
 facet normal  1.000000e+00  0.000000e+00  0.000000e+00
   outer loop
     vertex  2.500000e+00  1.896165e+00  3.522011e+00
     vertex  2.500000e+00  7.719288e-01  1.344108e+00
     vertex  2.500000e+00  1.992074e+00  3.468665e+00
   endloop
 endfacet
 facet normal  1.000000e+00  0.000000e+00  0.000000e+00
   outer loop
     vertex  2.500000e+00 -3.534934e+00 -1.871962e+00
     vertex  2.500000e+00 -1.349371e+00 -7.626910e-01
     vertex  2.500000e+00 -1.369787e+00 -7.253852e-01
   endloop
 endfacet
 facet normal  1.000000e+00 -0.000000e+00  0.000000e+00
   outer loop
     vertex  2.500000e+00 -3.534934e+00 -1.871962e+00
     vertex  2.500000e+00 -3.482248e+00 -1.968235e+00
     vertex  2.500000e+00 -1.349371e+00 -7.626910e-01
   endloop
 endfacet
 facet normal  1.000000e+00  0.000000e+00  0.000000e+00
   outer loop
     vertex  2.500000e+00  1.798828e+00  3.572704e+00
     vertex  2.500000e+00  6.970459e-01  1.384423e+00
     vertex  2.500000e+00  7.347639e-01  1.364779e+00
   endloop
 endfacet
 facet normal  1.000000e+00  0.000000e+00  0.000000e+00
   outer loop
     vertex  2.500000e+00  1.798828e+00  3.572704e+00
     vertex  2.500000e+00  7.347639e-01  1.364779e+00
     vertex  2.500000e+00  1.896165e+00  3.522011e+00
   endloop
 endfacet
 facet normal  1.000000e+00  0.000000e+00  0.000000e+00
   outer loop
     vertex  2.500000e+00 -3.584959e+00 -1.774280e+00
     vertex  2.500000e+00 -1.369787e+00 -7.253852e-01
     vertex  2.500000e+00 -1.389172e+00 -6.875333e-01
   endloop
 endfacet
 facet normal  1.000000e+00 -0.000000e+00  0.000000e+00
   outer loop
     vertex  2.500000e+00 -3.584959e+00 -1.774280e+00
     vertex  2.500000e+00 -3.534934e+00 -1.871962e+00
     vertex  2.500000e+00 -1.369787e+00 -7.253852e-01
   endloop
 endfacet
 facet normal  1.000000e+00  0.000000e+00  0.000000e+00
   outer loop
     vertex  2.500000e+00  1.700137e+00  3.620709e+00
     vertex  2.500000e+00  6.588033e-01  1.403025e+00
     vertex  2.500000e+00  6.970459e-01  1.384423e+00
   endloop
 endfacet
 facet normal  1.000000e+00  0.000000e+00  0.000000e+00
   outer loop
     vertex  2.500000e+00  1.700137e+00  3.620709e+00
     vertex  2.500000e+00  6.200647e-01  1.420570e+00
     vertex  2.500000e+00  6.588033e-01  1.403025e+00
   endloop
 endfacet
 facet normal  1.000000e+00  0.000000e+00  0.000000e+00
   outer loop
     vertex  2.500000e+00  1.700137e+00  3.620709e+00
     vertex  2.500000e+00  6.970459e-01  1.384423e+00
     vertex  2.500000e+00  1.798828e+00  3.572704e+00
   endloop
 endfacet
 facet normal  1.000000e+00  0.000000e+00  0.000000e+00
   outer loop
     vertex  2.500000e+00 -3.632285e+00 -1.675262e+00
     vertex  2.500000e+00 -1.389172e+00 -6.875333e-01
     vertex  2.500000e+00 -1.407511e+00 -6.491640e-01
   endloop
 endfacet
 facet normal  1.000000e+00 -0.000000e+00  0.000000e+00
   outer loop
     vertex  2.500000e+00 -3.632285e+00 -1.675262e+00
     vertex  2.500000e+00 -3.584959e+00 -1.774280e+00
     vertex  2.500000e+00 -1.389172e+00 -6.875333e-01
   endloop
 endfacet
 facet normal  1.000000e+00  0.000000e+00  0.000000e+00
   outer loop
     vertex  2.500000e+00  1.600167e+00  3.665988e+00
     vertex  2.500000e+00  6.200647e-01  1.420570e+00
     vertex  2.500000e+00  1.700137e+00  3.620709e+00
   endloop
 endfacet
 facet normal  1.000000e+00 -0.000000e+00  0.000000e+00
   outer loop
     vertex  2.500000e+00 -3.676878e+00 -1.574983e+00
     vertex  2.500000e+00 -3.632285e+00 -1.675262e+00
     vertex  2.500000e+00 -1.407511e+00 -6.491640e-01
   endloop
 endfacet
 facet normal  1.000000e+00  0.000000e+00  0.000000e+00
   outer loop
     vertex  2.500000e+00 -3.676878e+00 -1.574983e+00
     vertex  2.500000e+00 -1.407511e+00 -6.491640e-01
     vertex  2.500000e+00 -1.424790e+00 -6.103059e-01
   endloop
 endfacet
 facet normal  1.000000e+00  0.000000e+00  0.000000e+00
   outer loop
     vertex  2.500000e+00  1.498992e+00  3.708507e+00
     vertex  2.500000e+00  6.200647e-01  1.420570e+00
     vertex  2.500000e+00  1.600167e+00  3.665988e+00
   endloop
 endfacet
 facet normal  1.000000e+00  0.000000e+00  0.000000e+00
   outer loop
     vertex  2.500000e+00  1.498992e+00  3.708507e+00
     vertex  2.500000e+00  5.808593e-01  1.437046e+00
     vertex  2.500000e+00  6.200647e-01  1.420570e+00
   endloop
 endfacet
 facet normal  1.000000e+00 -0.000000e+00  0.000000e+00
   outer loop
     vertex  2.500000e+00 -3.718702e+00 -1.473519e+00
     vertex  2.500000e+00 -3.676878e+00 -1.574983e+00
     vertex  2.500000e+00 -1.424790e+00 -6.103059e-01
   endloop
 endfacet
 facet normal  1.000000e+00  0.000000e+00  0.000000e+00
   outer loop
     vertex  2.500000e+00 -3.718702e+00 -1.473519e+00
     vertex  2.500000e+00 -1.440997e+00 -5.709885e-01
     vertex  2.500000e+00 -1.456119e+00 -5.312412e-01
   endloop
 endfacet
 facet normal  1.000000e+00  0.000000e+00  0.000000e+00
   outer loop
     vertex  2.500000e+00 -3.718702e+00 -1.473519e+00
     vertex  2.500000e+00 -1.424790e+00 -6.103059e-01
     vertex  2.500000e+00 -1.440997e+00 -5.709885e-01
   endloop
 endfacet
 facet normal  1.000000e+00  0.000000e+00  0.000000e+00
   outer loop
     vertex  2.500000e+00  1.396688e+00  3.748235e+00
     vertex  2.500000e+00  5.412166e-01  1.452441e+00
     vertex  2.500000e+00  5.808593e-01  1.437046e+00
   endloop
 endfacet
 facet normal  1.000000e+00  0.000000e+00  0.000000e+00
   outer loop
     vertex  2.500000e+00  1.396688e+00  3.748235e+00
     vertex  2.500000e+00  5.808593e-01  1.437046e+00
     vertex  2.500000e+00  1.498992e+00  3.708507e+00
   endloop
 endfacet
 facet normal  1.000000e+00 -0.000000e+00  0.000000e+00
   outer loop
     vertex  2.500000e+00 -3.757727e+00 -1.370945e+00
     vertex  2.500000e+00 -3.718702e+00 -1.473519e+00
     vertex  2.500000e+00 -1.456119e+00 -5.312412e-01
   endloop
 endfacet
 facet normal  1.000000e+00  0.000000e+00  0.000000e+00
   outer loop
     vertex  2.500000e+00  1.293333e+00  3.785141e+00
     vertex  2.500000e+00  5.412166e-01  1.452441e+00
     vertex  2.500000e+00  1.396688e+00  3.748235e+00
   endloop
 endfacet
 facet normal  1.000000e+00  0.000000e+00  0.000000e+00
   outer loop
     vertex  2.500000e+00  1.293333e+00  3.785141e+00
     vertex  2.500000e+00  5.011666e-01  1.466742e+00
     vertex  2.500000e+00  5.412166e-01  1.452441e+00
   endloop
 endfacet
 facet normal  1.000000e+00 -0.000000e+00  0.000000e+00
   outer loop
     vertex  2.500000e+00 -3.793923e+00 -1.267339e+00
     vertex  2.500000e+00 -3.757727e+00 -1.370945e+00
     vertex  2.500000e+00 -1.456119e+00 -5.312412e-01
   endloop
 endfacet
 facet normal  1.000000e+00  0.000000e+00  0.000000e+00
   outer loop
     vertex  2.500000e+00 -3.793923e+00 -1.267339e+00
     vertex  2.500000e+00 -1.470145e+00 -4.910940e-01
     vertex  2.500000e+00 -1.483064e+00 -4.505771e-01
   endloop
 endfacet
 facet normal  1.000000e+00  0.000000e+00  0.000000e+00
   outer loop
     vertex  2.500000e+00 -3.793923e+00 -1.267339e+00
     vertex  2.500000e+00 -1.456119e+00 -5.312412e-01
     vertex  2.500000e+00 -1.470145e+00 -4.910940e-01
   endloop
 endfacet
 facet normal  1.000000e+00  0.000000e+00  0.000000e+00
   outer loop
     vertex  2.500000e+00  1.189005e+00  3.819197e+00
     vertex  2.500000e+00  5.011666e-01  1.466742e+00
     vertex  2.500000e+00  1.293333e+00  3.785141e+00
   endloop
 endfacet
 facet normal  1.000000e+00  0.000000e+00  0.000000e+00
   outer loop
     vertex  2.500000e+00  1.189005e+00  3.819197e+00
     vertex  2.500000e+00  4.607393e-01  1.479939e+00
     vertex  2.500000e+00  5.011666e-01  1.466742e+00
   endloop
 endfacet
 facet normal  1.000000e+00 -0.000000e+00  0.000000e+00
   outer loop
     vertex  2.500000e+00 -3.827263e+00 -1.162780e+00
     vertex  2.500000e+00 -3.793923e+00 -1.267339e+00
     vertex  2.500000e+00 -1.483064e+00 -4.505771e-01
   endloop
 endfacet
 facet normal  1.000000e+00  0.000000e+00  0.000000e+00
   outer loop
     vertex  2.500000e+00 -3.827263e+00 -1.162780e+00
     vertex  2.500000e+00 -1.483064e+00 -4.505771e-01
     vertex  2.500000e+00 -1.494867e+00 -4.097210e-01
   endloop
 endfacet
 facet normal  1.000000e+00  0.000000e+00  0.000000e+00
   outer loop
     vertex  2.500000e+00  1.083781e+00  3.850379e+00
     vertex  2.500000e+00  4.199652e-01  1.492022e+00
     vertex  2.500000e+00  4.607393e-01  1.479939e+00
   endloop
 endfacet
 facet normal  1.000000e+00  0.000000e+00  0.000000e+00
   outer loop
     vertex  2.500000e+00  1.083781e+00  3.850379e+00
     vertex  2.500000e+00  4.607393e-01  1.479939e+00
     vertex  2.500000e+00  1.189005e+00  3.819197e+00
   endloop
 endfacet
 facet normal  1.000000e+00 -0.000000e+00  0.000000e+00
   outer loop
     vertex  2.500000e+00 -3.857722e+00 -1.057345e+00
     vertex  2.500000e+00 -3.827263e+00 -1.162780e+00
     vertex  2.500000e+00 -1.494867e+00 -4.097210e-01
   endloop
 endfacet
 facet normal  1.000000e+00  0.000000e+00  0.000000e+00
   outer loop
     vertex  2.500000e+00  9.777417e-01  3.878662e+00
     vertex  2.500000e+00  4.199652e-01  1.492022e+00
     vertex  2.500000e+00  1.083781e+00  3.850379e+00
   endloop
 endfacet
 facet normal  1.000000e+00  0.000000e+00  0.000000e+00
   outer loop
     vertex  2.500000e+00  9.777417e-01  3.878662e+00
     vertex  2.500000e+00  3.788749e-01  1.502982e+00
     vertex  2.500000e+00  4.199652e-01  1.492022e+00
   endloop
 endfacet
 facet normal  1.000000e+00 -0.000000e+00  0.000000e+00
   outer loop
     vertex  2.500000e+00 -3.885278e+00 -9.511137e-01
     vertex  2.500000e+00 -3.857722e+00 -1.057345e+00
     vertex  2.500000e+00 -1.494867e+00 -4.097210e-01
   endloop
 endfacet
 facet normal  1.000000e+00  0.000000e+00  0.000000e+00
   outer loop
     vertex  2.500000e+00 -3.885278e+00 -9.511137e-01
     vertex  2.500000e+00 -1.494867e+00 -4.097210e-01
     vertex  2.500000e+00 -1.505545e+00 -3.685566e-01
   endloop
 endfacet
 facet normal  1.000000e+00  0.000000e+00  0.000000e+00
   outer loop
     vertex  2.500000e+00  8.709663e-01  3.904026e+00
     vertex  2.500000e+00  3.788749e-01  1.502982e+00
     vertex  2.500000e+00  9.777417e-01  3.878662e+00
   endloop
 endfacet
 facet normal  1.000000e+00  0.000000e+00  0.000000e+00
   outer loop
     vertex  2.500000e+00  8.709663e-01  3.904026e+00
     vertex  2.500000e+00  3.374994e-01  1.512810e+00
     vertex  2.500000e+00  3.788749e-01  1.502982e+00
   endloop
 endfacet
 facet normal  1.000000e+00 -0.000000e+00  0.000000e+00
   outer loop
     vertex  2.500000e+00 -3.909908e+00 -8.441668e-01
     vertex  2.500000e+00 -3.885278e+00 -9.511137e-01
     vertex  2.500000e+00 -1.505545e+00 -3.685566e-01
   endloop
 endfacet
 facet normal  1.000000e+00  0.000000e+00  0.000000e+00
   outer loop
     vertex  2.500000e+00 -3.909908e+00 -8.441668e-01
     vertex  2.500000e+00 -1.505545e+00 -3.685566e-01
     vertex  2.500000e+00 -1.515089e+00 -3.271147e-01
   endloop
 endfacet
 facet normal  1.000000e+00  0.000000e+00  0.000000e+00
   outer loop
     vertex  2.500000e+00  7.635352e-01  3.926451e+00
     vertex  2.500000e+00  2.958699e-01  1.521500e+00
     vertex  2.500000e+00  3.374994e-01  1.512810e+00
   endloop
 endfacet
 facet normal  1.000000e+00  0.000000e+00  0.000000e+00
   outer loop
     vertex  2.500000e+00  7.635352e-01  3.926451e+00
     vertex  2.500000e+00  3.374994e-01  1.512810e+00
     vertex  2.500000e+00  8.709663e-01  3.904026e+00
   endloop
 endfacet
 facet normal  1.000000e+00 -0.000000e+00  0.000000e+00
   outer loop
     vertex  2.500000e+00 -3.931596e+00 -7.365845e-01
     vertex  2.500000e+00 -3.909908e+00 -8.441668e-01
     vertex  2.500000e+00 -1.515089e+00 -3.271147e-01
   endloop
 endfacet
 facet normal  1.000000e+00  0.000000e+00  0.000000e+00
   outer loop
     vertex  2.500000e+00 -3.931596e+00 -7.365845e-01
     vertex  2.500000e+00 -1.515089e+00 -3.271147e-01
     vertex  2.500000e+00 -1.523493e+00 -2.854265e-01
   endloop
 endfacet
 facet normal  1.000000e+00  0.000000e+00  0.000000e+00
   outer loop
     vertex  2.500000e+00  6.555294e-01  3.945920e+00
     vertex  2.500000e+00  2.540177e-01  1.529044e+00
     vertex  2.500000e+00  2.958699e-01  1.521500e+00
   endloop
 endfacet
 facet normal  1.000000e+00  0.000000e+00  0.000000e+00
   outer loop
     vertex  2.500000e+00  6.555294e-01  3.945920e+00
     vertex  2.500000e+00  2.958699e-01  1.521500e+00
     vertex  2.500000e+00  7.635352e-01  3.926451e+00
   endloop
 endfacet
 facet normal  1.000000e+00 -0.000000e+00  0.000000e+00
   outer loop
     vertex  2.500000e+00 -3.950323e+00 -6.284477e-01
     vertex  2.500000e+00 -3.931596e+00 -7.365845e-01
     vertex  2.500000e+00 -1.523493e+00 -2.854265e-01
   endloop
 endfacet
 facet normal  1.000000e+00  0.000000e+00  0.000000e+00
   outer loop
     vertex  2.500000e+00 -3.950323e+00 -6.284477e-01
     vertex  2.500000e+00 -1.523493e+00 -2.854265e-01
     vertex  2.500000e+00 -1.530750e+00 -2.435235e-01
   endloop
 endfacet
 facet normal  1.000000e+00  0.000000e+00  0.000000e+00
   outer loop
     vertex  2.500000e+00  5.470301e-01  3.962418e+00
     vertex  2.500000e+00  2.540177e-01  1.529044e+00
     vertex  2.500000e+00  6.555294e-01  3.945920e+00
   endloop
 endfacet
 facet normal  1.000000e+00  0.000000e+00  0.000000e+00
   outer loop
     vertex  2.500000e+00  5.470301e-01  3.962418e+00
     vertex  2.500000e+00  2.119742e-01  1.535437e+00
     vertex  2.500000e+00  2.540177e-01  1.529044e+00
   endloop
 endfacet
 facet normal  1.000000e+00 -0.000000e+00  0.000000e+00
   outer loop
     vertex  2.500000e+00 -3.966077e+00 -5.198378e-01
     vertex  2.500000e+00 -3.950323e+00 -6.284477e-01
     vertex  2.500000e+00 -1.530750e+00 -2.435235e-01
   endloop
 endfacet
 facet normal  1.000000e+00  0.000000e+00  0.000000e+00
   outer loop
     vertex  2.500000e+00 -3.966077e+00 -5.198378e-01
     vertex  2.500000e+00 -1.530750e+00 -2.435235e-01
     vertex  2.500000e+00 -1.536855e+00 -2.014371e-01
   endloop
 endfacet
 facet normal  1.000000e+00  0.000000e+00  0.000000e+00
   outer loop
     vertex  2.500000e+00  4.381191e-01  3.975934e+00
     vertex  2.500000e+00  1.697711e-01  1.540674e+00
     vertex  2.500000e+00  2.119742e-01  1.535437e+00
   endloop
 endfacet
 facet normal  1.000000e+00  0.000000e+00  0.000000e+00
   outer loop
     vertex  2.500000e+00  4.381191e-01  3.975934e+00
     vertex  2.500000e+00  2.119742e-01  1.535437e+00
     vertex  2.500000e+00  5.470301e-01  3.962418e+00
   endloop
 endfacet
 facet normal  1.000000e+00 -0.000000e+00  0.000000e+00
   outer loop
     vertex  2.500000e+00 -3.978846e+00 -4.108366e-01
     vertex  2.500000e+00 -3.966077e+00 -5.198378e-01
     vertex  2.500000e+00 -1.536855e+00 -2.014371e-01
   endloop
 endfacet
 facet normal  1.000000e+00  0.000000e+00  0.000000e+00
   outer loop
     vertex  2.500000e+00 -3.978846e+00 -4.108366e-01
     vertex  2.500000e+00 -1.541803e+00 -1.591992e-01
     vertex  2.500000e+00 -1.545590e+00 -1.168414e-01
   endloop
 endfacet
 facet normal  1.000000e+00  0.000000e+00  0.000000e+00
   outer loop
     vertex  2.500000e+00 -3.978846e+00 -4.108366e-01
     vertex  2.500000e+00 -1.536855e+00 -2.014371e-01
     vertex  2.500000e+00 -1.541803e+00 -1.591992e-01
   endloop
 endfacet
 facet normal  1.000000e+00  0.000000e+00  0.000000e+00
   outer loop
     vertex  2.500000e+00  3.288782e-01  3.986457e+00
     vertex  2.500000e+00  1.274403e-01  1.544752e+00
     vertex  2.500000e+00  1.697711e-01  1.540674e+00
   endloop
 endfacet
 facet normal  1.000000e+00  0.000000e+00  0.000000e+00
   outer loop
     vertex  2.500000e+00  3.288782e-01  3.986457e+00
     vertex  2.500000e+00  1.697711e-01  1.540674e+00
     vertex  2.500000e+00  4.381191e-01  3.975934e+00
   endloop
 endfacet
 facet normal  1.000000e+00 -0.000000e+00  0.000000e+00
   outer loop
     vertex  2.500000e+00 -3.988619e+00 -3.015261e-01
     vertex  2.500000e+00 -3.978846e+00 -4.108366e-01
     vertex  2.500000e+00 -1.545590e+00 -1.168414e-01
   endloop
 endfacet
 facet normal  1.000000e+00  0.000000e+00  0.000000e+00
   outer loop
     vertex  2.500000e+00  2.193898e-01  3.993979e+00
     vertex  2.500000e+00  1.274403e-01  1.544752e+00
     vertex  2.500000e+00  3.288782e-01  3.986457e+00
   endloop
 endfacet
 facet normal  1.000000e+00  0.000000e+00  0.000000e+00
   outer loop
     vertex  2.500000e+00  2.193898e-01  3.993979e+00
     vertex  2.500000e+00  8.501354e-02  1.547667e+00
     vertex  2.500000e+00  1.274403e-01  1.544752e+00
   endloop
 endfacet
 facet normal  1.000000e+00 -0.000000e+00  0.000000e+00
   outer loop
     vertex  2.500000e+00 -3.995390e+00 -1.919886e-01
     vertex  2.500000e+00 -3.988619e+00 -3.015261e-01
     vertex  2.500000e+00 -1.545590e+00 -1.168414e-01
   endloop
 endfacet
 facet normal  1.000000e+00  0.000000e+00  0.000000e+00
   outer loop
     vertex  2.500000e+00 -3.995390e+00 -1.919886e-01
     vertex  2.500000e+00 -1.545590e+00 -1.168414e-01
     vertex  2.500000e+00 -1.548214e+00 -7.439560e-02
   endloop
 endfacet
 facet normal  1.000000e+00  0.000000e+00  0.000000e+00
   outer loop
     vertex  2.500000e+00  1.097362e-01  3.998494e+00
     vertex  2.500000e+00  4.252277e-02  1.549417e+00
     vertex  2.500000e+00  8.501354e-02  1.547667e+00
   endloop
 endfacet
 facet normal  1.000000e+00  0.000000e+00  0.000000e+00
   outer loop
     vertex  2.500000e+00  1.097362e-01  3.998494e+00
     vertex  2.500000e+00  8.501354e-02  1.547667e+00
     vertex  2.500000e+00  2.193898e-01  3.993979e+00
   endloop
 endfacet
 facet normal  1.000000e+00 -0.000000e+00  0.000000e+00
   outer loop
     vertex  2.500000e+00 -3.999153e+00 -8.230666e-02
     vertex  2.500000e+00 -3.995390e+00 -1.919886e-01
     vertex  2.500000e+00 -1.548214e+00 -7.439560e-02
   endloop
 endfacet
 facet normal  1.000000e+00  0.000000e+00  0.000000e+00
   outer loop
     vertex  2.500000e+00 -3.999153e+00 -8.230666e-02
     vertex  2.500000e+00 -1.548214e+00 -7.439560e-02
     vertex  2.500000e+00 -1.549672e+00 -3.189383e-02
   endloop
 endfacet
 facet normal  1.000000e+00  0.000000e+00  0.000000e+00
   outer loop
     vertex  2.500000e+00  9.797174e-16  4.000000e+00
     vertex  2.500000e+00 -4.252277e-02  1.549417e+00
     vertex  2.500000e+00  3.796405e-16  1.550000e+00
   endloop
 endfacet
 facet normal  1.000000e+00  0.000000e+00  0.000000e+00
   outer loop
     vertex  2.500000e+00  9.797174e-16  4.000000e+00
     vertex  2.500000e+00  4.252277e-02  1.549417e+00
     vertex  2.500000e+00  1.097362e-01  3.998494e+00
   endloop
 endfacet
 facet normal  1.000000e+00  0.000000e+00  0.000000e+00
   outer loop
     vertex  2.500000e+00  9.797174e-16  4.000000e+00
     vertex  2.500000e+00  3.796405e-16  1.550000e+00
     vertex  2.500000e+00  4.252277e-02  1.549417e+00
   endloop
 endfacet
 facet normal  1.000000e+00  0.000000e+00  0.000000e+00
   outer loop
     vertex  2.500000e+00 -3.999906e+00  2.743728e-02
     vertex  2.500000e+00 -3.999153e+00 -8.230666e-02
     vertex  2.500000e+00 -1.549672e+00 -3.189383e-02
   endloop
 endfacet
 facet normal  1.000000e+00  0.000000e+00  0.000000e+00
   outer loop
     vertex  2.500000e+00 -3.999906e+00  2.743728e-02
     vertex  2.500000e+00 -1.549672e+00 -3.189383e-02
     vertex  2.500000e+00 -1.549964e+00  1.063194e-02
   endloop
 endfacet
 facet normal  1.000000e+00 -0.000000e+00  0.000000e+00
   outer loop
     vertex  2.500000e+00 -1.097362e-01  3.998494e+00
     vertex  2.500000e+00 -4.252277e-02  1.549417e+00
     vertex  2.500000e+00  9.797174e-16  4.000000e+00
   endloop
 endfacet
 facet normal  1.000000e+00  0.000000e+00  0.000000e+00
   outer loop
     vertex  2.500000e+00 -3.997648e+00  1.371606e-01
     vertex  2.500000e+00 -3.999906e+00  2.743728e-02
     vertex  2.500000e+00 -1.549964e+00  1.063194e-02
   endloop
 endfacet
 facet normal  1.000000e+00  0.000000e+00  0.000000e+00
   outer loop
     vertex  2.500000e+00 -3.997648e+00  1.371606e-01
     vertex  2.500000e+00 -1.549964e+00  1.063194e-02
     vertex  2.500000e+00 -1.549088e+00  5.314972e-02
   endloop
 endfacet
 facet normal  1.000000e+00  0.000000e+00  0.000000e+00
   outer loop
     vertex  2.500000e+00 -2.193898e-01  3.993979e+00
     vertex  2.500000e+00 -8.501354e-02  1.547667e+00
     vertex  2.500000e+00 -4.252277e-02  1.549417e+00
   endloop
 endfacet
 facet normal  1.000000e+00 -0.000000e+00  0.000000e+00
   outer loop
     vertex  2.500000e+00 -2.193898e-01  3.993979e+00
     vertex  2.500000e+00 -4.252277e-02  1.549417e+00
     vertex  2.500000e+00 -1.097362e-01  3.998494e+00
   endloop
 endfacet
 facet normal  1.000000e+00  0.000000e+00  0.000000e+00
   outer loop
     vertex  2.500000e+00 -3.992380e+00  2.467806e-01
     vertex  2.500000e+00 -3.997648e+00  1.371606e-01
     vertex  2.500000e+00 -1.549088e+00  5.314972e-02
   endloop
 endfacet
 facet normal  1.000000e+00  0.000000e+00  0.000000e+00
   outer loop
     vertex  2.500000e+00 -3.992380e+00  2.467806e-01
     vertex  2.500000e+00 -1.547047e+00  9.562748e-02
     vertex  2.500000e+00 -1.543842e+00  1.380333e-01
   endloop
 endfacet
 facet normal  1.000000e+00  0.000000e+00  0.000000e+00
   outer loop
     vertex  2.500000e+00 -3.992380e+00  2.467806e-01
     vertex  2.500000e+00 -1.549088e+00  5.314972e-02
     vertex  2.500000e+00 -1.547047e+00  9.562748e-02
   endloop
 endfacet
 facet normal  1.000000e+00  0.000000e+00  0.000000e+00
   outer loop
     vertex  2.500000e+00 -3.288782e-01  3.986457e+00
     vertex  2.500000e+00 -1.274403e-01  1.544752e+00
     vertex  2.500000e+00 -8.501354e-02  1.547667e+00
   endloop
 endfacet
 facet normal  1.000000e+00 -0.000000e+00  0.000000e+00
   outer loop
     vertex  2.500000e+00 -3.288782e-01  3.986457e+00
     vertex  2.500000e+00 -8.501354e-02  1.547667e+00
     vertex  2.500000e+00 -2.193898e-01  3.993979e+00
   endloop
 endfacet
 facet normal  1.000000e+00  0.000000e+00  0.000000e+00
   outer loop
     vertex  2.500000e+00 -3.984107e+00  3.562149e-01
     vertex  2.500000e+00 -3.992380e+00  2.467806e-01
     vertex  2.500000e+00 -1.543842e+00  1.380333e-01
   endloop
 endfacet
 facet normal  1.000000e+00  0.000000e+00  0.000000e+00
   outer loop
     vertex  2.500000e+00 -4.381191e-01  3.975934e+00
     vertex  2.500000e+00 -1.697711e-01  1.540674e+00
     vertex  2.500000e+00 -1.274403e-01  1.544752e+00
   endloop
 endfacet
 facet normal  1.000000e+00 -0.000000e+00  0.000000e+00
   outer loop
     vertex  2.500000e+00 -4.381191e-01  3.975934e+00
     vertex  2.500000e+00 -1.274403e-01  1.544752e+00
     vertex  2.500000e+00 -3.288782e-01  3.986457e+00
   endloop
 endfacet
 facet normal  1.000000e+00  0.000000e+00  0.000000e+00
   outer loop
     vertex  2.500000e+00 -3.972835e+00  4.653810e-01
     vertex  2.500000e+00 -3.984107e+00  3.562149e-01
     vertex  2.500000e+00 -1.543842e+00  1.380333e-01
   endloop
 endfacet
 facet normal  1.000000e+00  0.000000e+00  0.000000e+00
   outer loop
     vertex  2.500000e+00 -3.972835e+00  4.653810e-01
     vertex  2.500000e+00 -1.539474e+00  1.803351e-01
     vertex  2.500000e+00 -1.533947e+00  2.225012e-01
   endloop
 endfacet
 facet normal  1.000000e+00  0.000000e+00  0.000000e+00
   outer loop
     vertex  2.500000e+00 -3.972835e+00  4.653810e-01
     vertex  2.500000e+00 -1.543842e+00  1.380333e-01
     vertex  2.500000e+00 -1.539474e+00  1.803351e-01
   endloop
 endfacet
 facet normal  1.000000e+00 -0.000000e+00  0.000000e+00
   outer loop
     vertex  2.500000e+00 -5.470301e-01  3.962418e+00
     vertex  2.500000e+00 -1.697711e-01  1.540674e+00
     vertex  2.500000e+00 -4.381191e-01  3.975934e+00
   endloop
 endfacet
 facet normal  1.000000e+00  0.000000e+00  0.000000e+00
   outer loop
     vertex  2.500000e+00 -5.470301e-01  3.962418e+00
     vertex  2.500000e+00 -2.119742e-01  1.535437e+00
     vertex  2.500000e+00 -1.697711e-01  1.540674e+00
   endloop
 endfacet
 facet normal  1.000000e+00  0.000000e+00  0.000000e+00
   outer loop
     vertex  2.500000e+00 -3.958573e+00  5.741968e-01
     vertex  2.500000e+00 -3.972835e+00  4.653810e-01
     vertex  2.500000e+00 -1.533947e+00  2.225012e-01
   endloop
 endfacet
 facet normal  1.000000e+00 -0.000000e+00  0.000000e+00
   outer loop
     vertex  2.500000e+00 -6.555294e-01  3.945920e+00
     vertex  2.500000e+00 -2.119742e-01  1.535437e+00
     vertex  2.500000e+00 -5.470301e-01  3.962418e+00
   endloop
 endfacet
 facet normal  1.000000e+00  0.000000e+00  0.000000e+00
   outer loop
     vertex  2.500000e+00 -6.555294e-01  3.945920e+00
     vertex  2.500000e+00 -2.540177e-01  1.529044e+00
     vertex  2.500000e+00 -2.119742e-01  1.535437e+00
   endloop
 endfacet
 facet normal  1.000000e+00  0.000000e+00  0.000000e+00
   outer loop
     vertex  2.500000e+00 -3.941330e+00  6.825803e-01
     vertex  2.500000e+00 -3.958573e+00  5.741968e-01
     vertex  2.500000e+00 -1.533947e+00  2.225012e-01
   endloop
 endfacet
 facet normal  1.000000e+00  0.000000e+00  0.000000e+00
   outer loop
     vertex  2.500000e+00 -3.941330e+00  6.825803e-01
     vertex  2.500000e+00 -1.533947e+00  2.225012e-01
     vertex  2.500000e+00 -1.527265e+00  2.644999e-01
   endloop
 endfacet
 facet normal  1.000000e+00 -0.000000e+00  0.000000e+00
   outer loop
     vertex  2.500000e+00 -7.635352e-01  3.926451e+00
     vertex  2.500000e+00 -2.540177e-01  1.529044e+00
     vertex  2.500000e+00 -6.555294e-01  3.945920e+00
   endloop
 endfacet
 facet normal  1.000000e+00  0.000000e+00  0.000000e+00
   outer loop
     vertex  2.500000e+00 -7.635352e-01  3.926451e+00
     vertex  2.500000e+00 -2.958699e-01  1.521500e+00
     vertex  2.500000e+00 -2.540177e-01  1.529044e+00
   endloop
 endfacet
 facet normal  1.000000e+00  0.000000e+00  0.000000e+00
   outer loop
     vertex  2.500000e+00 -3.921121e+00  7.904501e-01
     vertex  2.500000e+00 -3.941330e+00  6.825803e-01
     vertex  2.500000e+00 -1.527265e+00  2.644999e-01
   endloop
 endfacet
 facet normal  1.000000e+00  0.000000e+00  0.000000e+00
   outer loop
     vertex  2.500000e+00 -3.921121e+00  7.904501e-01
     vertex  2.500000e+00 -1.519434e+00  3.062994e-01
     vertex  2.500000e+00 -1.510459e+00  3.478683e-01
   endloop
 endfacet
 facet normal  1.000000e+00  0.000000e+00  0.000000e+00
   outer loop
     vertex  2.500000e+00 -3.921121e+00  7.904501e-01
     vertex  2.500000e+00 -1.527265e+00  2.644999e-01
     vertex  2.500000e+00 -1.519434e+00  3.062994e-01
   endloop
 endfacet
 facet normal  1.000000e+00  0.000000e+00  0.000000e+00
   outer loop
     vertex  2.500000e+00 -8.709663e-01  3.904026e+00
     vertex  2.500000e+00 -3.374994e-01  1.512810e+00
     vertex  2.500000e+00 -2.958699e-01  1.521500e+00
   endloop
 endfacet
 facet normal  1.000000e+00 -0.000000e+00  0.000000e+00
   outer loop
     vertex  2.500000e+00 -8.709663e-01  3.904026e+00
     vertex  2.500000e+00 -2.958699e-01  1.521500e+00
     vertex  2.500000e+00 -7.635352e-01  3.926451e+00
   endloop
 endfacet
 facet normal  1.000000e+00  0.000000e+00  0.000000e+00
   outer loop
     vertex  2.500000e+00 -3.897960e+00  8.977248e-01
     vertex  2.500000e+00 -3.921121e+00  7.904501e-01
     vertex  2.500000e+00 -1.510459e+00  3.478683e-01
   endloop
 endfacet
 facet normal  1.000000e+00  0.000000e+00  0.000000e+00
   outer loop
     vertex  2.500000e+00 -9.777417e-01  3.878662e+00
     vertex  2.500000e+00 -3.788749e-01  1.502982e+00
     vertex  2.500000e+00 -3.374994e-01  1.512810e+00
   endloop
 endfacet
 facet normal  1.000000e+00 -0.000000e+00  0.000000e+00
   outer loop
     vertex  2.500000e+00 -9.777417e-01  3.878662e+00
     vertex  2.500000e+00 -3.374994e-01  1.512810e+00
     vertex  2.500000e+00 -8.709663e-01  3.904026e+00
   endloop
 endfacet
 facet normal  1.000000e+00  0.000000e+00  0.000000e+00
   outer loop
     vertex  2.500000e+00 -3.871864e+00  1.004324e+00
     vertex  2.500000e+00 -3.897960e+00  8.977248e-01
     vertex  2.500000e+00 -1.510459e+00  3.478683e-01
   endloop
 endfacet
 facet normal  1.000000e+00  0.000000e+00  0.000000e+00
   outer loop
     vertex  2.500000e+00 -3.871864e+00  1.004324e+00
     vertex  2.500000e+00 -1.500347e+00  3.891754e-01
     vertex  2.500000e+00 -1.489106e+00  4.301896e-01
   endloop
 endfacet
 facet normal  1.000000e+00  0.000000e+00  0.000000e+00
   outer loop
     vertex  2.500000e+00 -3.871864e+00  1.004324e+00
     vertex  2.500000e+00 -1.510459e+00  3.478683e-01
     vertex  2.500000e+00 -1.500347e+00  3.891754e-01
   endloop
 endfacet
 facet normal  1.000000e+00  0.000000e+00  0.000000e+00
   outer loop
     vertex  2.500000e+00 -1.083781e+00  3.850379e+00
     vertex  2.500000e+00 -4.199652e-01  1.492022e+00
     vertex  2.500000e+00 -3.788749e-01  1.502982e+00
   endloop
 endfacet
 facet normal  1.000000e+00 -0.000000e+00  0.000000e+00
   outer loop
     vertex  2.500000e+00 -1.083781e+00  3.850379e+00
     vertex  2.500000e+00 -3.788749e-01  1.502982e+00
     vertex  2.500000e+00 -9.777417e-01  3.878662e+00
   endloop
 endfacet
 facet normal  1.000000e+00  0.000000e+00  0.000000e+00
   outer loop
     vertex  2.500000e+00 -3.842854e+00  1.110167e+00
     vertex  2.500000e+00 -3.871864e+00  1.004324e+00
     vertex  2.500000e+00 -1.489106e+00  4.301896e-01
   endloop
 endfacet
 facet normal  1.000000e+00  0.000000e+00  0.000000e+00
   outer loop
     vertex  2.500000e+00 -1.189005e+00  3.819197e+00
     vertex  2.500000e+00 -4.607393e-01  1.479939e+00
     vertex  2.500000e+00 -4.199652e-01  1.492022e+00
   endloop
 endfacet
 facet normal  1.000000e+00  0.000000e+00  0.000000e+00
   outer loop
     vertex  2.500000e+00 -1.189005e+00  3.819197e+00
     vertex  2.500000e+00 -5.011666e-01  1.466742e+00
     vertex  2.500000e+00 -4.607393e-01  1.479939e+00
   endloop
 endfacet
 facet normal  1.000000e+00 -0.000000e+00  0.000000e+00
   outer loop
     vertex  2.500000e+00 -1.189005e+00  3.819197e+00
     vertex  2.500000e+00 -4.199652e-01  1.492022e+00
     vertex  2.500000e+00 -1.083781e+00  3.850379e+00
   endloop
 endfacet
 facet normal  1.000000e+00  0.000000e+00  0.000000e+00
   outer loop
     vertex  2.500000e+00 -3.810952e+00  1.215174e+00
     vertex  2.500000e+00 -1.489106e+00  4.301896e-01
     vertex  2.500000e+00 -1.476744e+00  4.708798e-01
   endloop
 endfacet
 facet normal  1.000000e+00  0.000000e+00  0.000000e+00
   outer loop
     vertex  2.500000e+00 -3.810952e+00  1.215174e+00
     vertex  2.500000e+00 -3.842854e+00  1.110167e+00
     vertex  2.500000e+00 -1.489106e+00  4.301896e-01
   endloop
 endfacet
 facet normal  1.000000e+00 -0.000000e+00  0.000000e+00
   outer loop
     vertex  2.500000e+00 -1.293333e+00  3.785141e+00
     vertex  2.500000e+00 -5.011666e-01  1.466742e+00
     vertex  2.500000e+00 -1.189005e+00  3.819197e+00
   endloop
 endfacet
 facet normal  1.000000e+00  0.000000e+00  0.000000e+00
   outer loop
     vertex  2.500000e+00 -3.776180e+00  1.319266e+00
     vertex  2.500000e+00 -1.476744e+00  4.708798e-01
     vertex  2.500000e+00 -1.463270e+00  5.112157e-01
   endloop
 endfacet
 facet normal  1.000000e+00  0.000000e+00  0.000000e+00
   outer loop
     vertex  2.500000e+00 -3.776180e+00  1.319266e+00
     vertex  2.500000e+00 -3.810952e+00  1.215174e+00
     vertex  2.500000e+00 -1.476744e+00  4.708798e-01
   endloop
 endfacet
 facet normal  1.000000e+00 -0.000000e+00  0.000000e+00
   outer loop
     vertex  2.500000e+00 -1.396688e+00  3.748235e+00
     vertex  2.500000e+00 -5.011666e-01  1.466742e+00
     vertex  2.500000e+00 -1.293333e+00  3.785141e+00
   endloop
 endfacet
 facet normal  1.000000e+00  0.000000e+00  0.000000e+00
   outer loop
     vertex  2.500000e+00 -1.396688e+00  3.748235e+00
     vertex  2.500000e+00 -5.412166e-01  1.452441e+00
     vertex  2.500000e+00 -5.011666e-01  1.466742e+00
   endloop
 endfacet
 facet normal  1.000000e+00  0.000000e+00  0.000000e+00
   outer loop
     vertex  2.500000e+00 -3.738566e+00  1.422366e+00
     vertex  2.500000e+00 -3.776180e+00  1.319266e+00
     vertex  2.500000e+00 -1.463270e+00  5.112157e-01
   endloop
 endfacet
 facet normal  1.000000e+00  0.000000e+00  0.000000e+00
   outer loop
     vertex  2.500000e+00 -3.738566e+00  1.422366e+00
     vertex  2.500000e+00 -1.463270e+00  5.112157e-01
     vertex  2.500000e+00 -1.448694e+00  5.511667e-01
   endloop
 endfacet
 facet normal  1.000000e+00 -0.000000e+00  0.000000e+00
   outer loop
     vertex  2.500000e+00 -1.498992e+00  3.708507e+00
     vertex  2.500000e+00 -5.412166e-01  1.452441e+00
     vertex  2.500000e+00 -1.396688e+00  3.748235e+00
   endloop
 endfacet
 facet normal  1.000000e+00  0.000000e+00  0.000000e+00
   outer loop
     vertex  2.500000e+00 -1.498992e+00  3.708507e+00
     vertex  2.500000e+00 -5.808593e-01  1.437046e+00
     vertex  2.500000e+00 -5.412166e-01  1.452441e+00
   endloop
 endfacet
 facet normal  1.000000e+00  0.000000e+00  0.000000e+00
   outer loop
     vertex  2.500000e+00 -1.498992e+00  3.708507e+00
     vertex  2.500000e+00 -6.200647e-01  1.420570e+00
     vertex  2.500000e+00 -5.808593e-01  1.437046e+00
   endloop
 endfacet
 facet normal  1.000000e+00  0.000000e+00  0.000000e+00
   outer loop
     vertex  2.500000e+00 -3.698138e+00  1.524394e+00
     vertex  2.500000e+00 -3.738566e+00  1.422366e+00
     vertex  2.500000e+00 -1.448694e+00  5.511667e-01
   endloop
 endfacet
 facet normal  1.000000e+00  0.000000e+00  0.000000e+00
   outer loop
     vertex  2.500000e+00 -3.698138e+00  1.524394e+00
     vertex  2.500000e+00 -1.448694e+00  5.511667e-01
     vertex  2.500000e+00 -1.433028e+00  5.907028e-01
   endloop
 endfacet
 facet normal  1.000000e+00 -0.000000e+00  0.000000e+00
   outer loop
     vertex  2.500000e+00 -1.600167e+00  3.665988e+00
     vertex  2.500000e+00 -6.200647e-01  1.420570e+00
     vertex  2.500000e+00 -1.498992e+00  3.708507e+00
   endloop
 endfacet
 facet normal  1.000000e+00  0.000000e+00  0.000000e+00
   outer loop
     vertex  2.500000e+00 -3.654925e+00  1.625275e+00
     vertex  2.500000e+00 -3.698138e+00  1.524394e+00
     vertex  2.500000e+00 -1.433028e+00  5.907028e-01
   endloop
 endfacet
 facet normal  1.000000e+00  0.000000e+00  0.000000e+00
   outer loop
     vertex  2.500000e+00 -3.654925e+00  1.625275e+00
     vertex  2.500000e+00 -1.433028e+00  5.907028e-01
     vertex  2.500000e+00 -1.416284e+00  6.297942e-01
   endloop
 endfacet
 facet normal  1.000000e+00  0.000000e+00  0.000000e+00
   outer loop
     vertex  2.500000e+00 -1.700137e+00  3.620709e+00
     vertex  2.500000e+00 -6.588033e-01  1.403025e+00
     vertex  2.500000e+00 -6.200647e-01  1.420570e+00
   endloop
 endfacet
 facet normal  1.000000e+00  0.000000e+00  0.000000e+00
   outer loop
     vertex  2.500000e+00 -1.700137e+00  3.620709e+00
     vertex  2.500000e+00 -6.970459e-01  1.384423e+00
     vertex  2.500000e+00 -6.588033e-01  1.403025e+00
   endloop
 endfacet
 facet normal  1.000000e+00 -0.000000e+00  0.000000e+00
   outer loop
     vertex  2.500000e+00 -1.700137e+00  3.620709e+00
     vertex  2.500000e+00 -6.200647e-01  1.420570e+00
     vertex  2.500000e+00 -1.600167e+00  3.665988e+00
   endloop
 endfacet
 facet normal  1.000000e+00  0.000000e+00  0.000000e+00
   outer loop
     vertex  2.500000e+00 -3.608962e+00  1.724933e+00
     vertex  2.500000e+00 -3.654925e+00  1.625275e+00
     vertex  2.500000e+00 -1.416284e+00  6.297942e-01
   endloop
 endfacet
 facet normal  1.000000e+00  0.000000e+00  0.000000e+00
   outer loop
     vertex  2.500000e+00 -3.608962e+00  1.724933e+00
     vertex  2.500000e+00 -1.416284e+00  6.297942e-01
     vertex  2.500000e+00 -1.398473e+00  6.684116e-01
   endloop
 endfacet
 facet normal  1.000000e+00 -0.000000e+00  0.000000e+00
   outer loop
     vertex  2.500000e+00 -1.798828e+00  3.572704e+00
     vertex  2.500000e+00 -6.970459e-01  1.384423e+00
     vertex  2.500000e+00 -1.700137e+00  3.620709e+00
   endloop
 endfacet
 facet normal  1.000000e+00  0.000000e+00  0.000000e+00
   outer loop
     vertex  2.500000e+00 -3.560282e+00  1.823292e+00
     vertex  2.500000e+00 -3.608962e+00  1.724933e+00
     vertex  2.500000e+00 -1.398473e+00  6.684116e-01
   endloop
 endfacet
 facet normal  1.000000e+00  0.000000e+00  0.000000e+00
   outer loop
     vertex  2.500000e+00 -3.560282e+00  1.823292e+00
     vertex  2.500000e+00 -1.398473e+00  6.684116e-01
     vertex  2.500000e+00 -1.379609e+00  7.065257e-01
   endloop
 endfacet
 facet normal  1.000000e+00 -0.000000e+00  0.000000e+00
   outer loop
     vertex  2.500000e+00 -1.896165e+00  3.522011e+00
     vertex  2.500000e+00 -6.970459e-01  1.384423e+00
     vertex  2.500000e+00 -1.798828e+00  3.572704e+00
   endloop
 endfacet
 facet normal  1.000000e+00  0.000000e+00  0.000000e+00
   outer loop
     vertex  2.500000e+00 -1.896165e+00  3.522011e+00
     vertex  2.500000e+00 -7.347639e-01  1.364779e+00
     vertex  2.500000e+00 -6.970459e-01  1.384423e+00
   endloop
 endfacet
 facet normal  1.000000e+00  0.000000e+00  0.000000e+00
   outer loop
     vertex  2.500000e+00 -1.896165e+00  3.522011e+00
     vertex  2.500000e+00 -7.719288e-01  1.344108e+00
     vertex  2.500000e+00 -7.347639e-01  1.364779e+00
   endloop
 endfacet
 facet normal  1.000000e+00  0.000000e+00  0.000000e+00
   outer loop
     vertex  2.500000e+00 -3.508921e+00  1.920279e+00
     vertex  2.500000e+00 -3.560282e+00  1.823292e+00
     vertex  2.500000e+00 -1.379609e+00  7.065257e-01
   endloop
 endfacet
 facet normal  1.000000e+00  0.000000e+00  0.000000e+00
   outer loop
     vertex  2.500000e+00 -3.508921e+00  1.920279e+00
     vertex  2.500000e+00 -1.359707e+00  7.441081e-01
     vertex  2.500000e+00 -1.338781e+00  7.811303e-01
   endloop
 endfacet
 facet normal  1.000000e+00  0.000000e+00  0.000000e+00
   outer loop
     vertex  2.500000e+00 -3.508921e+00  1.920279e+00
     vertex  2.500000e+00 -1.379609e+00  7.065257e-01
     vertex  2.500000e+00 -1.359707e+00  7.441081e-01
   endloop
 endfacet
 facet normal  1.000000e+00  0.000000e+00  0.000000e+00
   outer loop
     vertex  2.500000e+00 -1.992074e+00  3.468665e+00
     vertex  2.500000e+00 -8.085126e-01  1.322425e+00
     vertex  2.500000e+00 -7.719288e-01  1.344108e+00
   endloop
 endfacet
 facet normal  1.000000e+00 -0.000000e+00  0.000000e+00
   outer loop
     vertex  2.500000e+00 -1.992074e+00  3.468665e+00
     vertex  2.500000e+00 -7.719288e-01  1.344108e+00
     vertex  2.500000e+00 -1.896165e+00  3.522011e+00
   endloop
 endfacet
 facet normal  1.000000e+00  0.000000e+00  0.000000e+00
   outer loop
     vertex  2.500000e+00 -3.454920e+00  2.015820e+00
     vertex  2.500000e+00 -3.508921e+00  1.920279e+00
     vertex  2.500000e+00 -1.338781e+00  7.811303e-01
   endloop
 endfacet
 facet normal  1.000000e+00 -0.000000e+00  0.000000e+00
   outer loop
     vertex  2.500000e+00 -2.086484e+00  3.412709e+00
     vertex  2.500000e+00 -8.085126e-01  1.322425e+00
     vertex  2.500000e+00 -1.992074e+00  3.468665e+00
   endloop
 endfacet
 facet normal  1.000000e+00  0.000000e+00  0.000000e+00
   outer loop
     vertex  2.500000e+00 -3.398317e+00  2.109844e+00
     vertex  2.500000e+00 -3.454920e+00  2.015820e+00
     vertex  2.500000e+00 -1.338781e+00  7.811303e-01
   endloop
 endfacet
 facet normal  1.000000e+00  0.000000e+00  0.000000e+00
   outer loop
     vertex  2.500000e+00 -3.398317e+00  2.109844e+00
     vertex  2.500000e+00 -1.338781e+00  7.811303e-01
     vertex  2.500000e+00 -1.316848e+00  8.175645e-01
   endloop
 endfacet
 facet normal  1.000000e+00 -0.000000e+00  0.000000e+00
   outer loop
     vertex  2.500000e+00 -2.179323e+00  3.354184e+00
     vertex  2.500000e+00 -8.085126e-01  1.322425e+00
     vertex  2.500000e+00 -2.086484e+00  3.412709e+00
   endloop
 endfacet
 facet normal  1.000000e+00  0.000000e+00  0.000000e+00
   outer loop
     vertex  2.500000e+00 -2.179323e+00  3.354184e+00
     vertex  2.500000e+00 -8.444877e-01  1.299746e+00
     vertex  2.500000e+00 -8.085126e-01  1.322425e+00
   endloop
 endfacet
 facet normal  1.000000e+00  0.000000e+00  0.000000e+00
   outer loop
     vertex  2.500000e+00 -3.339156e+00  2.202279e+00
     vertex  2.500000e+00 -3.398317e+00  2.109844e+00
     vertex  2.500000e+00 -1.316848e+00  8.175645e-01
   endloop
 endfacet
 facet normal  1.000000e+00  0.000000e+00  0.000000e+00
   outer loop
     vertex  2.500000e+00 -3.339156e+00  2.202279e+00
     vertex  2.500000e+00 -1.316848e+00  8.175645e-01
     vertex  2.500000e+00 -1.293923e+00  8.533832e-01
   endloop
 endfacet
 facet normal  1.000000e+00 -0.000000e+00  0.000000e+00
   outer loop
     vertex  2.500000e+00 -2.270522e+00  3.293134e+00
     vertex  2.500000e+00 -8.444877e-01  1.299746e+00
     vertex  2.500000e+00 -2.179323e+00  3.354184e+00
   endloop
 endfacet
 facet normal  1.000000e+00  0.000000e+00  0.000000e+00
   outer loop
     vertex  2.500000e+00 -2.270522e+00  3.293134e+00
     vertex  2.500000e+00 -8.798272e-01  1.276089e+00
     vertex  2.500000e+00 -8.444877e-01  1.299746e+00
   endloop
 endfacet
 facet normal  1.000000e+00  0.000000e+00  0.000000e+00
   outer loop
     vertex  2.500000e+00 -3.277482e+00  2.293057e+00
     vertex  2.500000e+00 -3.339156e+00  2.202279e+00
     vertex  2.500000e+00 -1.293923e+00  8.533832e-01
   endloop
 endfacet
 facet normal  1.000000e+00  0.000000e+00  0.000000e+00
   outer loop
     vertex  2.500000e+00 -3.277482e+00  2.293057e+00
     vertex  2.500000e+00 -1.293923e+00  8.533832e-01
     vertex  2.500000e+00 -1.270024e+00  8.885596e-01
   endloop
 endfacet
 facet normal  1.000000e+00  0.000000e+00  0.000000e+00
   outer loop
     vertex  2.500000e+00 -2.360011e+00  3.229605e+00
     vertex  2.500000e+00 -9.145043e-01  1.251472e+00
     vertex  2.500000e+00 -8.798272e-01  1.276089e+00
   endloop
 endfacet
 facet normal  1.000000e+00  0.000000e+00  0.000000e+00
   outer loop
     vertex  2.500000e+00 -2.360011e+00  3.229605e+00
     vertex  2.500000e+00 -9.484930e-01  1.225912e+00
     vertex  2.500000e+00 -9.145043e-01  1.251472e+00
   endloop
 endfacet
 facet normal  1.000000e+00 -0.000000e+00  0.000000e+00
   outer loop
     vertex  2.500000e+00 -2.360011e+00  3.229605e+00
     vertex  2.500000e+00 -8.798272e-01  1.276089e+00
     vertex  2.500000e+00 -2.270522e+00  3.293134e+00
   endloop
 endfacet
 facet normal  1.000000e+00  0.000000e+00  0.000000e+00
   outer loop
     vertex  2.500000e+00 -3.213341e+00  2.382108e+00
     vertex  2.500000e+00 -3.277482e+00  2.293057e+00
     vertex  2.500000e+00 -1.270024e+00  8.885596e-01
   endloop
 endfacet
 facet normal  1.000000e+00  0.000000e+00  0.000000e+00
   outer loop
     vertex  2.500000e+00 -3.213341e+00  2.382108e+00
     vertex  2.500000e+00 -1.270024e+00  8.885596e-01
     vertex  2.500000e+00 -1.245170e+00  9.230670e-01
   endloop
 endfacet
 facet normal  1.000000e+00 -0.000000e+00  0.000000e+00
   outer loop
     vertex  2.500000e+00 -2.447724e+00  3.163645e+00
     vertex  2.500000e+00 -9.484930e-01  1.225912e+00
     vertex  2.500000e+00 -2.360011e+00  3.229605e+00
   endloop
 endfacet
 facet normal  1.000000e+00  0.000000e+00  0.000000e+00
   outer loop
     vertex  2.500000e+00 -3.146780e+00  2.469367e+00
     vertex  2.500000e+00 -3.213341e+00  2.382108e+00
     vertex  2.500000e+00 -1.245170e+00  9.230670e-01
   endloop
 endfacet
 facet normal  1.000000e+00  0.000000e+00  0.000000e+00
   outer loop
     vertex  2.500000e+00 -3.146780e+00  2.469367e+00
     vertex  2.500000e+00 -1.219377e+00  9.568796e-01
     vertex  2.500000e+00 -1.192667e+00  9.899720e-01
   endloop
 endfacet
 facet normal  1.000000e+00  0.000000e+00  0.000000e+00
   outer loop
     vertex  2.500000e+00 -3.146780e+00  2.469367e+00
     vertex  2.500000e+00 -1.245170e+00  9.230670e-01
     vertex  2.500000e+00 -1.219377e+00  9.568796e-01
   endloop
 endfacet
 facet normal  1.000000e+00 -0.000000e+00  0.000000e+00
   outer loop
     vertex  2.500000e+00 -2.533594e+00  3.095303e+00
     vertex  2.500000e+00 -9.484930e-01  1.225912e+00
     vertex  2.500000e+00 -2.447724e+00  3.163645e+00
   endloop
 endfacet
 facet normal  1.000000e+00  0.000000e+00  0.000000e+00
   outer loop
     vertex  2.500000e+00 -2.533594e+00  3.095303e+00
     vertex  2.500000e+00 -9.817678e-01  1.199430e+00
     vertex  2.500000e+00 -9.484930e-01  1.225912e+00
   endloop
 endfacet
 facet normal  1.000000e+00  0.000000e+00  0.000000e+00
   outer loop
     vertex  2.500000e+00 -3.077851e+00  2.554766e+00
     vertex  2.500000e+00 -3.146780e+00  2.469367e+00
     vertex  2.500000e+00 -1.192667e+00  9.899720e-01
   endloop
 endfacet
 facet normal  1.000000e+00 -0.000000e+00  0.000000e+00
   outer loop
     vertex  2.500000e+00 -2.617557e+00  3.024631e+00
     vertex  2.500000e+00 -9.817678e-01  1.199430e+00
     vertex  2.500000e+00 -2.533594e+00  3.095303e+00
   endloop
 endfacet
 facet normal  1.000000e+00  0.000000e+00  0.000000e+00
   outer loop
     vertex  2.500000e+00 -2.617557e+00  3.024631e+00
     vertex  2.500000e+00 -1.014303e+00  1.172045e+00
     vertex  2.500000e+00 -9.817678e-01  1.199430e+00
   endloop
 endfacet
 facet normal  1.000000e+00  0.000000e+00  0.000000e+00
   outer loop
     vertex  2.500000e+00 -3.006605e+00  2.638243e+00
     vertex  2.500000e+00 -3.077851e+00  2.554766e+00
     vertex  2.500000e+00 -1.192667e+00  9.899720e-01
   endloop
 endfacet
 facet normal  1.000000e+00  0.000000e+00  0.000000e+00
   outer loop
     vertex  2.500000e+00 -3.006605e+00  2.638243e+00
     vertex  2.500000e+00 -1.192667e+00  9.899720e-01
     vertex  2.500000e+00 -1.165060e+00  1.022319e+00
   endloop
 endfacet
 facet normal  1.000000e+00 -0.000000e+00  0.000000e+00
   outer loop
     vertex  2.500000e+00 -2.699550e+00  2.951683e+00
     vertex  2.500000e+00 -1.014303e+00  1.172045e+00
     vertex  2.500000e+00 -2.617557e+00  3.024631e+00
   endloop
 endfacet
 facet normal  1.000000e+00  0.000000e+00  0.000000e+00
   outer loop
     vertex  2.500000e+00 -2.699550e+00  2.951683e+00
     vertex  2.500000e+00 -1.046076e+00  1.143777e+00
     vertex  2.500000e+00 -1.014303e+00  1.172045e+00
   endloop
 endfacet
 facet normal  1.000000e+00  0.000000e+00  0.000000e+00
   outer loop
     vertex  2.500000e+00 -2.699550e+00  2.951683e+00
     vertex  2.500000e+00 -1.077060e+00  1.114648e+00
     vertex  2.500000e+00 -1.046076e+00  1.143777e+00
   endloop
 endfacet
 facet normal  1.000000e+00  0.000000e+00  0.000000e+00
   outer loop
     vertex  2.500000e+00 -2.933096e+00  2.719733e+00
     vertex  2.500000e+00 -3.006605e+00  2.638243e+00
     vertex  2.500000e+00 -1.165060e+00  1.022319e+00
   endloop
 endfacet
 facet normal  1.000000e+00  0.000000e+00  0.000000e+00
   outer loop
     vertex  2.500000e+00 -2.933096e+00  2.719733e+00
     vertex  2.500000e+00 -1.165060e+00  1.022319e+00
     vertex  2.500000e+00 -1.136575e+00  1.053897e+00
   endloop
 endfacet
 facet normal  1.000000e+00  0.000000e+00  0.000000e+00
   outer loop
     vertex  2.500000e+00 -2.779511e+00  2.876512e+00
     vertex  2.500000e+00 -1.107234e+00  1.084681e+00
     vertex  2.500000e+00 -1.077060e+00  1.114648e+00
   endloop
 endfacet
 facet normal  1.000000e+00 -0.000000e+00  0.000000e+00
   outer loop
     vertex  2.500000e+00 -2.779511e+00  2.876512e+00
     vertex  2.500000e+00 -1.077060e+00  1.114648e+00
     vertex  2.500000e+00 -2.699550e+00  2.951683e+00
   endloop
 endfacet
 facet normal  1.000000e+00  0.000000e+00  0.000000e+00
   outer loop
     vertex  2.500000e+00 -2.857379e+00  2.799176e+00
     vertex  2.500000e+00 -1.136575e+00  1.053897e+00
     vertex  2.500000e+00 -1.107234e+00  1.084681e+00
   endloop
 endfacet
 facet normal  1.000000e+00  0.000000e+00  0.000000e+00
   outer loop
     vertex  2.500000e+00 -2.857379e+00  2.799176e+00
     vertex  2.500000e+00 -2.933096e+00  2.719733e+00
     vertex  2.500000e+00 -1.136575e+00  1.053897e+00
   endloop
 endfacet
 facet normal  1.000000e+00 -0.000000e+00  0.000000e+00
   outer loop
     vertex  2.500000e+00 -2.857379e+00  2.799176e+00
     vertex  2.500000e+00 -1.107234e+00  1.084681e+00
     vertex  2.500000e+00 -2.779511e+00  2.876512e+00
   endloop
 endfacet
 facet normal  0.000000e+00  7.514953e-03 -9.999718e-01
   outer loop
     vertex -1.049742e+00 -2.329529e-02  1.549825e+00
     vertex -2.500000e+00  3.796405e-16  1.550000e+00
     vertex -1.050000e+00  3.796405e-16  1.550000e+00
   endloop
 endfacet
 facet normal  9.965163e-05  1.371831e-02 -9.999059e-01
   outer loop
     vertex -1.049742e+00 -2.329529e-02  1.549825e+00
     vertex -2.500000e+00 -4.252277e-02  1.549417e+00
     vertex -2.500000e+00  3.796405e-16  1.550000e+00
   endloop
 endfacet
 facet normal -1.724199e-05  2.253178e-02 -9.997461e-01
   outer loop
     vertex -1.048968e+00 -4.655249e-02  1.549301e+00
     vertex -2.500000e+00 -4.252277e-02  1.549417e+00
     vertex -1.049742e+00 -2.329529e-02  1.549825e+00
   endloop
 endfacet
 facet normal -1.388243e-18  6.321927e-03 -9.999800e-01
   outer loop
     vertex  2.500000e+00  3.796405e-16  1.550000e+00
     vertex  1.049817e+00 -1.959722e-02  1.549876e+00
     vertex  1.050000e+00  6.123234e-17  1.550000e+00
   endloop
 endfacet
 facet normal  2.442220e-05  3.752139e-02 -9.992958e-01
   outer loop
     vertex -1.047680e+00 -6.975623e-02  1.548430e+00
     vertex -2.500000e+00 -4.252277e-02  1.549417e+00
     vertex -1.048968e+00 -4.655249e-02  1.549301e+00
   endloop
 endfacet
 facet normal  9.246071e-05  4.114462e-02 -9.991532e-01
   outer loop
     vertex -1.047680e+00 -6.975623e-02  1.548430e+00
     vertex -2.500000e+00 -8.501354e-02  1.547667e+00
     vertex -2.500000e+00 -4.252277e-02  1.549417e+00
   endloop
 endfacet
 facet normal -2.675646e-05  5.246620e-02 -9.986227e-01
   outer loop
     vertex -1.045883e+00 -9.289118e-02  1.547214e+00
     vertex -2.500000e+00 -8.501354e-02  1.547667e+00
     vertex -1.047680e+00 -6.975623e-02  1.548430e+00
   endloop
 endfacet
 facet normal  1.486643e-05  3.277713e-02 -9.994627e-01
   outer loop
     vertex  2.500000e+00 -4.252277e-02  1.549417e+00
     vertex  1.048142e+00 -6.243877e-02  1.548742e+00
     vertex  1.049269e+00 -3.916943e-02  1.549505e+00
   endloop
 endfacet
 facet normal -1.709803e-05  1.895802e-02 -9.998203e-01
   outer loop
     vertex  2.500000e+00 -4.252277e-02  1.549417e+00
     vertex  1.049269e+00 -3.916943e-02  1.549505e+00
     vertex  1.049817e+00 -1.959722e-02  1.549876e+00
   endloop
 endfacet
 facet normal -9.995830e-05  1.371831e-02 -9.999059e-01
   outer loop
     vertex  2.500000e+00 -4.252277e-02  1.549417e+00
     vertex  1.049817e+00 -1.959722e-02  1.549876e+00
     vertex  2.500000e+00  3.796405e-16  1.550000e+00
   endloop
 endfacet
 facet normal  7.917588e-05  6.853995e-02 -9.976484e-01
   outer loop
     vertex -1.043579e+00 -1.159421e-01  1.545658e+00
     vertex -2.500000e+00 -1.274403e-01  1.544752e+00
     vertex -2.500000e+00 -8.501354e-02  1.547667e+00
   endloop
 endfacet
 facet normal  5.427753e-05  6.737265e-02 -9.977279e-01
   outer loop
     vertex -1.043579e+00 -1.159421e-01  1.545658e+00
     vertex -2.500000e+00 -8.501354e-02  1.547667e+00
     vertex -1.045883e+00 -9.289118e-02  1.547214e+00
   endloop
 endfacet
 facet normal -2.933904e-05  8.220365e-02 -9.966156e-01
   outer loop
     vertex -1.040773e+00 -1.388938e-01  1.543764e+00
     vertex -2.500000e+00 -1.274403e-01  1.544752e+00
     vertex -1.043579e+00 -1.159421e-01  1.545658e+00
   endloop
 endfacet
 facet normal  7.886381e-05  9.588368e-02 -9.953925e-01
   outer loop
     vertex -2.500000e+00 -1.697711e-01  1.540674e+00
     vertex -2.500000e+00 -1.274403e-01  1.544752e+00
     vertex -1.040773e+00 -1.388938e-01  1.543764e+00
   endloop
 endfacet
 facet normal -1.000591e-04  4.114462e-02 -9.991532e-01
   outer loop
     vertex  2.500000e+00 -8.501354e-02  1.547667e+00
     vertex  1.048142e+00 -6.243877e-02  1.548742e+00
     vertex  2.500000e+00 -4.252277e-02  1.549417e+00
   endloop
 endfacet
 facet normal -3.331759e-06  6.271615e-02 -9.980314e-01
   outer loop
     vertex  2.500000e+00 -8.501354e-02  1.547667e+00
     vertex  1.044351e+00 -1.087701e-01  1.546179e+00
     vertex  1.046501e+00 -8.564411e-02  1.547632e+00
   endloop
 endfacet
 facet normal  3.172245e-06  4.776973e-02 -9.988584e-01
   outer loop
     vertex  2.500000e+00 -8.501354e-02  1.547667e+00
     vertex  1.046501e+00 -8.564411e-02  1.547632e+00
     vertex  1.048142e+00 -6.243877e-02  1.548742e+00
   endloop
 endfacet
 facet normal  5.530591e-05  9.698631e-02 -9.952857e-01
   outer loop
     vertex -1.037470e+00 -1.617313e-01  1.541539e+00
     vertex -2.500000e+00 -1.697711e-01  1.540674e+00
     vertex -1.040773e+00 -1.388938e-01  1.543764e+00
   endloop
 endfacet
 facet normal -2.630572e-05  1.116667e-01 -9.937457e-01
   outer loop
     vertex -1.033674e+00 -1.844397e-01  1.538987e+00
     vertex -2.500000e+00 -1.697711e-01  1.540674e+00
     vertex -1.037470e+00 -1.617313e-01  1.541539e+00
   endloop
 endfacet
 facet normal  9.018351e-05  1.231552e-01 -9.923874e-01
   outer loop
     vertex -2.500000e+00 -2.119742e-01  1.535437e+00
     vertex -2.500000e+00 -1.697711e-01  1.540674e+00
     vertex -1.033674e+00 -1.844397e-01  1.538987e+00
   endloop
 endfacet
 facet normal -9.876910e-05  6.853995e-02 -9.976484e-01
   outer loop
     vertex  2.500000e+00 -1.274403e-01  1.544752e+00
     vertex  1.044351e+00 -1.087701e-01  1.546179e+00
     vertex  2.500000e+00 -8.501354e-02  1.547667e+00
   endloop
 endfacet
 facet normal  1.813222e-05  7.760356e-02 -9.969843e-01
   outer loop
     vertex  2.500000e+00 -1.274403e-01  1.544752e+00
     vertex  1.041695e+00 -1.318013e-01  1.544386e+00
     vertex  1.044351e+00 -1.087701e-01  1.546179e+00
   endloop
 endfacet
 facet normal -2.653277e-05  9.243313e-02 -9.957189e-01
   outer loop
     vertex  1.038538e+00 -1.547227e-01  1.542258e+00
     vertex  1.041695e+00 -1.318013e-01  1.544386e+00
     vertex  2.500000e+00 -1.274403e-01  1.544752e+00
   endloop
 endfacet
 facet normal  3.052993e-05  1.262814e-01 -9.919945e-01
   outer loop
     vertex -1.029393e+00 -2.070041e-01  1.536115e+00
     vertex -2.500000e+00 -2.119742e-01  1.535437e+00
     vertex -1.033674e+00 -1.844397e-01  1.538987e+00
   endloop
 endfacet
 facet normal -9.150412e-05  9.588368e-02 -9.953925e-01
   outer loop
     vertex  2.500000e+00 -1.697711e-01  1.540674e+00
     vertex  1.038538e+00 -1.547227e-01  1.542258e+00
     vertex  2.500000e+00 -1.274403e-01  1.544752e+00
   endloop
 endfacet
 facet normal  2.599442e-05  1.071735e-01 -9.942403e-01
   outer loop
     vertex  2.500000e+00 -1.697711e-01  1.540674e+00
     vertex  1.034885e+00 -1.775191e-01  1.539801e+00
     vertex  1.038538e+00 -1.547227e-01  1.542258e+00
   endloop
 endfacet
 facet normal -1.936551e-05  1.407786e-01 -9.900411e-01
   outer loop
     vertex -1.024632e+00 -2.294099e-01  1.532929e+00
     vertex -2.500000e+00 -2.119742e-01  1.535437e+00
     vertex -1.029393e+00 -2.070041e-01  1.536115e+00
   endloop
 endfacet
 facet normal  9.595030e-05  1.503341e-01 -9.886352e-01
   outer loop
     vertex -1.024632e+00 -2.294099e-01  1.532929e+00
     vertex -2.500000e+00 -2.540177e-01  1.529044e+00
     vertex -2.500000e+00 -2.119742e-01  1.535437e+00
   endloop
 endfacet
 facet normal -5.262615e-05  1.218498e-01 -9.925486e-01
   outer loop
     vertex  1.030742e+00 -2.001755e-01  1.537020e+00
     vertex  1.034885e+00 -1.775191e-01  1.539801e+00
     vertex  2.500000e+00 -1.697711e-01  1.540674e+00
   endloop
 endfacet
 facet normal  1.305864e-05  1.551855e-01 -9.878853e-01
   outer loop
     vertex -1.019400e+00 -2.516426e-01  1.529436e+00
     vertex -2.500000e+00 -2.540177e-01  1.529044e+00
     vertex -1.024632e+00 -2.294099e-01  1.532929e+00
   endloop
 endfacet
 facet normal -8.004161e-05  1.231552e-01 -9.923874e-01
   outer loop
     vertex  2.500000e+00 -2.119742e-01  1.535437e+00
     vertex  1.030742e+00 -2.001755e-01  1.537020e+00
     vertex  2.500000e+00 -1.697711e-01  1.540674e+00
   endloop
 endfacet
 facet normal  2.820415e-05  1.364022e-01 -9.906535e-01
   outer loop
     vertex  2.500000e+00 -2.119742e-01  1.535437e+00
     vertex  1.026116e+00 -2.226771e-01  1.533921e+00
     vertex  1.030742e+00 -2.001755e-01  1.537020e+00
   endloop
 endfacet
 facet normal -1.046731e-05  1.694634e-01 -9.855365e-01
   outer loop
     vertex -1.013704e+00 -2.736879e-01  1.525646e+00
     vertex -2.500000e+00 -2.540177e-01  1.529044e+00
     vertex -1.019400e+00 -2.516426e-01  1.529436e+00
   endloop
 endfacet
 facet normal  9.776164e-05  1.773998e-01 -9.841389e-01
   outer loop
     vertex -1.013704e+00 -2.736879e-01  1.525646e+00
     vertex -2.500000e+00 -2.958699e-01  1.521500e+00
     vertex -2.500000e+00 -2.540177e-01  1.529044e+00
   endloop
 endfacet
 facet normal  1.675859e-06  1.836244e-01 -9.829965e-01
   outer loop
     vertex -1.007552e+00 -2.955317e-01  1.521565e+00
     vertex -2.500000e+00 -2.958699e-01  1.521500e+00
     vertex -1.013704e+00 -2.736879e-01  1.525646e+00
   endloop
 endfacet
 facet normal -7.504107e-05  1.503341e-01 -9.886352e-01
   outer loop
     vertex  2.500000e+00 -2.540177e-01  1.529044e+00
     vertex  1.026116e+00 -2.226771e-01  1.533921e+00
     vertex  2.500000e+00 -2.119742e-01  1.535437e+00
   endloop
 endfacet
 facet normal  2.649806e-05  1.652131e-01 -9.862579e-01
   outer loop
     vertex  2.500000e+00 -2.540177e-01  1.529044e+00
     vertex  1.015444e+00 -2.671576e-01  1.526803e+00
     vertex  1.021014e+00 -2.450093e-01  1.530513e+00
   endloop
 endfacet
 facet normal -6.305223e-05  1.508848e-01 -9.885513e-01
   outer loop
     vertex  2.500000e+00 -2.540177e-01  1.529044e+00
     vertex  1.021014e+00 -2.450093e-01  1.530513e+00
     vertex  1.026116e+00 -2.226771e-01  1.533921e+00
   endloop
 endfacet
 facet normal -1.621582e-06  1.976469e-01 -9.802733e-01
   outer loop
     vertex -1.000954e+00 -3.171600e-01  1.517205e+00
     vertex -2.500000e+00 -2.958699e-01  1.521500e+00
     vertex -1.007552e+00 -2.955317e-01  1.521565e+00
   endloop
 endfacet
 facet normal  9.725145e-05  2.043319e-01 -9.789017e-01
   outer loop
     vertex -1.000954e+00 -3.171600e-01  1.517205e+00
     vertex -2.500000e+00 -3.374994e-01  1.512810e+00
     vertex -2.500000e+00 -2.958699e-01  1.521500e+00
   endloop
 endfacet
 facet normal -4.840763e-06  2.115259e-01 -9.773724e-01
   outer loop
     vertex -9.939204e-01 -3.385591e-01  1.512573e+00
     vertex -2.500000e+00 -3.374994e-01  1.512810e+00
     vertex -1.000954e+00 -3.171600e-01  1.517205e+00
   endloop
 endfacet
 facet normal -8.456596e-05  1.773998e-01 -9.841389e-01
   outer loop
     vertex  2.500000e+00 -2.958699e-01  1.521500e+00
     vertex  1.015444e+00 -2.671576e-01  1.526803e+00
     vertex  2.500000e+00 -2.540177e-01  1.529044e+00
   endloop
 endfacet
 facet normal  2.272981e-05  1.935316e-01 -9.810941e-01
   outer loop
     vertex  2.500000e+00 -2.958699e-01  1.521500e+00
     vertex  1.002933e+00 -3.108453e-01  1.518511e+00
     vertex  1.009414e+00 -2.891076e-01  1.522799e+00
   endloop
 endfacet
 facet normal -4.345235e-05  1.794566e-01 -9.837659e-01
   outer loop
     vertex  2.500000e+00 -2.958699e-01  1.521500e+00
     vertex  1.009414e+00 -2.891076e-01  1.522799e+00
     vertex  1.015444e+00 -2.671576e-01  1.526803e+00
   endloop
 endfacet
 facet normal  5.303145e-06  2.252569e-01 -9.742994e-01
   outer loop
     vertex -9.864607e-01 -3.597154e-01  1.507682e+00
     vertex -2.500000e+00 -3.374994e-01  1.512810e+00
     vertex -9.939204e-01 -3.385591e-01  1.512573e+00
   endloop
 endfacet
 facet normal  9.586719e-05  2.311102e-01 -9.729276e-01
   outer loop
     vertex -9.864607e-01 -3.597154e-01  1.507682e+00
     vertex -2.500000e+00 -3.788749e-01  1.502982e+00
     vertex -2.500000e+00 -3.374994e-01  1.512810e+00
   endloop
 endfacet
 facet normal -7.509064e-06  2.388195e-01 -9.710640e-01
   outer loop
     vertex -9.785865e-01 -3.806158e-01  1.502542e+00
     vertex -2.500000e+00 -3.788749e-01  1.502982e+00
     vertex -9.864607e-01 -3.597154e-01  1.507682e+00
   endloop
 endfacet
 facet normal -8.968483e-05  2.043319e-01 -9.789017e-01
   outer loop
     vertex  2.500000e+00 -3.374994e-01  1.512810e+00
     vertex  1.002933e+00 -3.108453e-01  1.518511e+00
     vertex  2.500000e+00 -2.958699e-01  1.521500e+00
   endloop
 endfacet
 facet normal  1.866914e-05  2.212846e-01 -9.752093e-01
   outer loop
     vertex  2.500000e+00 -3.374994e-01  1.512810e+00
     vertex  9.886593e-01 -3.536282e-01  1.509121e+00
     vertex  9.960116e-01 -3.323567e-01  1.513948e+00
   endloop
 endfacet
 facet normal -3.075892e-05  2.074990e-01 -9.782352e-01
   outer loop
     vertex  2.500000e+00 -3.374994e-01  1.512810e+00
     vertex  9.960116e-01 -3.323567e-01  1.513948e+00
     vertex  1.002933e+00 -3.108453e-01  1.518511e+00
   endloop
 endfacet
 facet normal  8.810104e-06  2.522232e-01 -9.676691e-01
   outer loop
     vertex -9.703096e-01 -4.012472e-01  1.497164e+00
     vertex -2.500000e+00 -3.788749e-01  1.502982e+00
     vertex -9.785865e-01 -3.806158e-01  1.502542e+00
   endloop
 endfacet
 facet normal  9.463149e-05  2.577146e-01 -9.662211e-01
   outer loop
     vertex -9.703096e-01 -4.012472e-01  1.497164e+00
     vertex -2.500000e+00 -4.199652e-01  1.492022e+00
     vertex -2.500000e+00 -3.788749e-01  1.502982e+00
   endloop
 endfacet
 facet normal -6.901073e-06  2.654372e-01 -9.641282e-01
   outer loop
     vertex -9.616424e-01 -4.215969e-01  1.491562e+00
     vertex -2.500000e+00 -4.199652e-01  1.492022e+00
     vertex -9.703096e-01 -4.012472e-01  1.497164e+00
   endloop
 endfacet
 facet normal  1.577330e-05  2.484013e-01 -9.686572e-01
   outer loop
     vertex  2.500000e+00 -3.788749e-01  1.502982e+00
     vertex  9.727079e-01 -3.953977e-01  1.498720e+00
     vertex  9.808875e-01 -3.746462e-01  1.504041e+00
   endloop
 endfacet
 facet normal -2.403372e-05  2.349411e-01 -9.720096e-01
   outer loop
     vertex  2.500000e+00 -3.788749e-01  1.502982e+00
     vertex  9.808875e-01 -3.746462e-01  1.504041e+00
     vertex  9.886593e-01 -3.536282e-01  1.509121e+00
   endloop
 endfacet
 facet normal -9.175754e-05  2.311102e-01 -9.729276e-01
   outer loop
     vertex  2.500000e+00 -3.788749e-01  1.502982e+00
     vertex  9.886593e-01 -3.536282e-01  1.509121e+00
     vertex  2.500000e+00 -3.374994e-01  1.512810e+00
   endloop
 endfacet
 facet normal  8.033613e-06  2.784774e-01 -9.604428e-01
   outer loop
     vertex -9.525981e-01 -4.416525e-01  1.485747e+00
     vertex -2.500000e+00 -4.199652e-01  1.492022e+00
     vertex -9.616424e-01 -4.215969e-01  1.491562e+00
   endloop
 endfacet
 facet normal  9.389931e-05  2.841250e-01 -9.587873e-01
   outer loop
     vertex -9.525981e-01 -4.416525e-01  1.485747e+00
     vertex -2.500000e+00 -4.607393e-01  1.479939e+00
     vertex -2.500000e+00 -4.199652e-01  1.492022e+00
   endloop
 endfacet
 facet normal -2.889853e-06  2.913146e-01 -9.566273e-01
   outer loop
     vertex -9.431885e-01 -4.614060e-01  1.479731e+00
     vertex -2.500000e+00 -4.607393e-01  1.479939e+00
     vertex -9.525981e-01 -4.416525e-01  1.485747e+00
   endloop
 endfacet
 facet normal  1.492777e-05  2.748130e-01 -9.614977e-01
   outer loop
     vertex  2.500000e+00 -4.199652e-01  1.492022e+00
     vertex  9.551758e-01 -4.360494e-01  1.487401e+00
     vertex  9.641330e-01 -4.158696e-01  1.493169e+00
   endloop
 endfacet
 facet normal -2.272478e-05  2.617143e-01 -9.651454e-01
   outer loop
     vertex  2.500000e+00 -4.199652e-01  1.492022e+00
     vertex  9.641330e-01 -4.158696e-01  1.493169e+00
     vertex  9.727079e-01 -3.953977e-01  1.498720e+00
   endloop
 endfacet
 facet normal -9.177924e-05  2.577146e-01 -9.662211e-01
   outer loop
     vertex  2.500000e+00 -4.199652e-01  1.492022e+00
     vertex  9.727079e-01 -3.953977e-01  1.498720e+00
     vertex  2.500000e+00 -3.788749e-01  1.502982e+00
   endloop
 endfacet
 facet normal  9.309018e-05  3.103214e-01 -9.506317e-01
   outer loop
     vertex -9.334194e-01 -4.808619e-01  1.473524e+00
     vertex -2.500000e+00 -5.011666e-01  1.466742e+00
     vertex -2.500000e+00 -4.607393e-01  1.479939e+00
   endloop
 endfacet
 facet normal  3.054358e-06  3.039659e-01 -9.526829e-01
   outer loop
     vertex -9.334194e-01 -4.808619e-01  1.473524e+00
     vertex -2.500000e+00 -4.607393e-01  1.479939e+00
     vertex -9.431885e-01 -4.614060e-01  1.479731e+00
   endloop
 endfacet
 facet normal  5.294015e-06  3.164228e-01 -9.486183e-01
   outer loop
     vertex -9.232993e-01 -5.000184e-01  1.467134e+00
     vertex -2.500000e+00 -5.011666e-01  1.466742e+00
     vertex -9.334194e-01 -4.808619e-01  1.473524e+00
   endloop
 endfacet
 facet normal -9.013348e-05  2.841250e-01 -9.587873e-01
   outer loop
     vertex  2.500000e+00 -4.607393e-01  1.479939e+00
     vertex  9.551758e-01 -4.360494e-01  1.487401e+00
     vertex  2.500000e+00 -4.199652e-01  1.492022e+00
   endloop
 endfacet
 facet normal  1.617401e-05  3.004611e-01 -9.537941e-01
   outer loop
     vertex  2.500000e+00 -4.607393e-01  1.479939e+00
     vertex  9.361604e-01 -4.755035e-01  1.475261e+00
     vertex  9.458494e-01 -4.559263e-01  1.481429e+00
   endloop
 endfacet
 facet normal -2.693201e-05  2.877523e-01 -9.577049e-01
   outer loop
     vertex  2.500000e+00 -4.607393e-01  1.479939e+00
     vertex  9.458494e-01 -4.559263e-01  1.481429e+00
     vertex  9.551758e-01 -4.360494e-01  1.487401e+00
   endloop
 endfacet
 facet normal -4.669432e-06  3.286796e-01 -9.444415e-01
   outer loop
     vertex -9.128363e-01 -5.188737e-01  1.460572e+00
     vertex -2.500000e+00 -5.011666e-01  1.466742e+00
     vertex -9.232993e-01 -5.000184e-01  1.467134e+00
   endloop
 endfacet
 facet normal  9.059390e-05  3.362843e-01 -9.417605e-01
   outer loop
     vertex -9.128363e-01 -5.188737e-01  1.460572e+00
     vertex -2.500000e+00 -5.412166e-01  1.452441e+00
     vertex -2.500000e+00 -5.011666e-01  1.466742e+00
   endloop
 endfacet
 facet normal  1.936329e-05  3.407585e-01 -9.401509e-01
   outer loop
     vertex -9.020386e-01 -5.374256e-01  1.453848e+00
     vertex -2.500000e+00 -5.412166e-01  1.452441e+00
     vertex -9.128363e-01 -5.188737e-01  1.460572e+00
   endloop
 endfacet
 facet normal -8.637683e-05  3.103214e-01 -9.506317e-01
   outer loop
     vertex  2.500000e+00 -5.011666e-01  1.466742e+00
     vertex  9.361604e-01 -4.755035e-01  1.475261e+00
     vertex  2.500000e+00 -4.607393e-01  1.479939e+00
   endloop
 endfacet
 facet normal  1.839073e-05  3.253326e-01 -9.455996e-01
   outer loop
     vertex  2.500000e+00 -5.011666e-01  1.466742e+00
     vertex  9.157263e-01 -5.137561e-01  1.462380e+00
     vertex  9.261166e-01 -4.947808e-01  1.468908e+00
   endloop
 endfacet
 facet normal -3.727524e-05  3.130197e-01 -9.497466e-01
   outer loop
     vertex  2.500000e+00 -5.011666e-01  1.466742e+00
     vertex  9.261166e-01 -4.947808e-01  1.468908e+00
     vertex  9.361604e-01 -4.755035e-01  1.475261e+00
   endloop
 endfacet
 facet normal -1.261621e-05  3.526122e-01 -9.357695e-01
   outer loop
     vertex -8.909141e-01 -5.556726e-01  1.446972e+00
     vertex -2.500000e+00 -5.412166e-01  1.452441e+00
     vertex -9.020386e-01 -5.374256e-01  1.453848e+00
   endloop
 endfacet
 facet normal  8.386812e-05  3.619940e-01 -9.321804e-01
   outer loop
     vertex -8.909141e-01 -5.556726e-01  1.446972e+00
     vertex -2.500000e+00 -5.808593e-01  1.437046e+00
     vertex -2.500000e+00 -5.412166e-01  1.452441e+00
   endloop
 endfacet
 facet normal  4.195310e-05  3.643153e-01 -9.312757e-01
   outer loop
     vertex -8.794705e-01 -5.736128e-01  1.439954e+00
     vertex -2.500000e+00 -5.808593e-01  1.437046e+00
     vertex -8.909141e-01 -5.556726e-01  1.446972e+00
   endloop
 endfacet
 facet normal -1.738842e-05  3.757570e-01 -9.267182e-01
   outer loop
     vertex -8.677153e-01 -5.912446e-01  1.432805e+00
     vertex -2.500000e+00 -5.808593e-01  1.437046e+00
     vertex -8.794705e-01 -5.736128e-01  1.439954e+00
   endloop
 endfacet
 facet normal -7.920791e-05  3.362843e-01 -9.417605e-01
   outer loop
     vertex  2.500000e+00 -5.412166e-01  1.452441e+00
     vertex  9.157263e-01 -5.137561e-01  1.462380e+00
     vertex  2.500000e+00 -5.011666e-01  1.466742e+00
   endloop
 endfacet
 facet normal  1.934224e-05  3.494224e-01 -9.369653e-01
   outer loop
     vertex  2.500000e+00 -5.412166e-01  1.452441e+00
     vertex  8.939391e-01 -5.507930e-01  1.448836e+00
     vertex  9.049978e-01 -5.324274e-01  1.455686e+00
   endloop
 endfacet
 facet normal -5.514181e-05  3.375136e-01 -9.413207e-01
   outer loop
     vertex  2.500000e+00 -5.412166e-01  1.452441e+00
     vertex  9.049978e-01 -5.324274e-01  1.455686e+00
     vertex  9.157263e-01 -5.137561e-01  1.462380e+00
   endloop
 endfacet
 facet normal -6.103626e-05  3.612155e-01 -9.324824e-01
   outer loop
     vertex  8.825579e-01 -5.688510e-01  1.441842e+00
     vertex  8.939391e-01 -5.507930e-01  1.448836e+00
     vertex  2.500000e+00 -5.412166e-01  1.452441e+00
   endloop
 endfacet
 facet normal  6.680950e-05  3.870820e-01 -9.220453e-01
   outer loop
     vertex -8.556557e-01 -6.085666e-01  1.425534e+00
     vertex -2.500000e+00 -5.808593e-01  1.437046e+00
     vertex -8.677153e-01 -5.912446e-01  1.432805e+00
   endloop
 endfacet
 facet normal  7.372171e-05  3.874313e-01 -9.218986e-01
   outer loop
     vertex -8.556557e-01 -6.085666e-01  1.425534e+00
     vertex -2.500000e+00 -6.200647e-01  1.420570e+00
     vertex -2.500000e+00 -5.808593e-01  1.437046e+00
   endloop
 endfacet
 facet normal -1.470582e-05  3.981087e-01 -9.173382e-01
   outer loop
     vertex -8.432989e-01 -6.255774e-01  1.418151e+00
     vertex -2.500000e+00 -6.200647e-01  1.420570e+00
     vertex -8.556557e-01 -6.085666e-01  1.425534e+00
   endloop
 endfacet
 facet normal -7.631663e-05  3.619940e-01 -9.321804e-01
   outer loop
     vertex  2.500000e+00 -5.808593e-01  1.437046e+00
     vertex  8.825579e-01 -5.688510e-01  1.441842e+00
     vertex  2.500000e+00 -5.412166e-01  1.452441e+00
   endloop
 endfacet
 facet normal -3.084841e-05  3.841015e-01 -9.232909e-01
   outer loop
     vertex  2.500000e+00 -5.808593e-01  1.437046e+00
     vertex  8.588585e-01 -6.040381e-01  1.427459e+00
     vertex  8.708619e-01 -5.865999e-01  1.434713e+00
   endloop
 endfacet
 facet normal  1.590752e-05  3.727236e-01 -9.279424e-01
   outer loop
     vertex  2.500000e+00 -5.808593e-01  1.437046e+00
     vertex  8.708619e-01 -5.865999e-01  1.434713e+00
     vertex  8.825579e-01 -5.688510e-01  1.441842e+00
   endloop
 endfacet
 facet normal  8.558296e-05  4.125769e-01 -9.109228e-01
   outer loop
     vertex -8.306517e-01 -6.422755e-01  1.410667e+00
     vertex -2.500000e+00 -6.588033e-01  1.403025e+00
     vertex -2.500000e+00 -6.200647e-01  1.420570e+00
   endloop
 endfacet
 facet normal  2.858837e-05  4.090098e-01 -9.125300e-01
   outer loop
     vertex -8.306517e-01 -6.422755e-01  1.410667e+00
     vertex -2.500000e+00 -6.200647e-01  1.420570e+00
     vertex -8.432989e-01 -6.255774e-01  1.418151e+00
   endloop
 endfacet
 facet normal  5.661956e-07  4.196640e-01 -9.076795e-01
   outer loop
     vertex -8.177209e-01 -6.586597e-01  1.403092e+00
     vertex -2.500000e+00 -6.588033e-01  1.403025e+00
     vertex -8.306517e-01 -6.422755e-01  1.410667e+00
   endloop
 endfacet
 facet normal -8.601109e-05  3.874313e-01 -9.218986e-01
   outer loop
     vertex  2.500000e+00 -6.200647e-01  1.420570e+00
     vertex  8.588585e-01 -6.040381e-01  1.427459e+00
     vertex  2.500000e+00 -5.808593e-01  1.437046e+00
   endloop
 endfacet
 facet normal -4.599803e-06  4.061844e-01 -9.137912e-01
   outer loop
     vertex  2.500000e+00 -6.200647e-01  1.420570e+00
     vertex  8.339578e-01 -6.379768e-01  1.412617e+00
     vertex  8.465548e-01 -6.211642e-01  1.420090e+00
   endloop
 endfacet
 facet normal  4.076704e-06  3.952308e-01 -9.185818e-01
   outer loop
     vertex  2.500000e+00 -6.200647e-01  1.420570e+00
     vertex  8.465548e-01 -6.211642e-01  1.420090e+00
     vertex  8.588585e-01 -6.040381e-01  1.427459e+00
   endloop
 endfacet
 facet normal  8.353839e-05  4.374119e-01 -8.992613e-01
   outer loop
     vertex -8.045130e-01 -6.747288e-01  1.395436e+00
     vertex -2.500000e+00 -6.970459e-01  1.384423e+00
     vertex -2.500000e+00 -6.588033e-01  1.403025e+00
   endloop
 endfacet
 facet normal -5.240533e-07  4.301323e-01 -9.027659e-01
   outer loop
     vertex -8.045130e-01 -6.747288e-01  1.395436e+00
     vertex -2.500000e+00 -6.588033e-01  1.403025e+00
     vertex -8.177209e-01 -6.586597e-01  1.403092e+00
   endloop
 endfacet
 facet normal  3.437340e-05  4.404216e-01 -8.977911e-01
   outer loop
     vertex -7.910343e-01 -6.904815e-01  1.387709e+00
     vertex -2.500000e+00 -6.970459e-01  1.384423e+00
     vertex -8.045130e-01 -6.747288e-01  1.395436e+00
   endloop
 endfacet
 facet normal -1.373436e-05  4.504488e-01 -8.928023e-01
   outer loop
     vertex -7.772911e-01 -7.059169e-01  1.379921e+00
     vertex -2.500000e+00 -6.970459e-01  1.384423e+00
     vertex -7.910343e-01 -6.904815e-01  1.387709e+00
   endloop
 endfacet
 facet normal  1.201069e-05  4.274609e-01 -9.040338e-01
   outer loop
     vertex  2.500000e+00 -6.588033e-01  1.403025e+00
     vertex  8.079110e-01 -6.706563e-01  1.397398e+00
     vertex  8.210743e-01 -6.544746e-01  1.405049e+00
   endloop
 endfacet
 facet normal -2.102165e-05  4.169405e-01 -9.089338e-01
   outer loop
     vertex  2.500000e+00 -6.588033e-01  1.403025e+00
     vertex  8.210743e-01 -6.544746e-01  1.405049e+00
     vertex  8.339578e-01 -6.379768e-01  1.412617e+00
   endloop
 endfacet
 facet normal -8.702124e-05  4.125769e-01 -9.109228e-01
   outer loop
     vertex  2.500000e+00 -6.588033e-01  1.403025e+00
     vertex  8.339578e-01 -6.379768e-01  1.412617e+00
     vertex  2.500000e+00 -6.200647e-01  1.420570e+00
   endloop
 endfacet
 facet normal  7.791914e-05  4.619176e-01 -8.869228e-01
   outer loop
     vertex -7.632893e-01 -7.210336e-01  1.372083e+00
     vertex -2.500000e+00 -7.347639e-01  1.364779e+00
     vertex -2.500000e+00 -6.970459e-01  1.384423e+00
   endloop
 endfacet
 facet normal  5.049264e-05  4.603508e-01 -8.877371e-01
   outer loop
     vertex -7.632893e-01 -7.210336e-01  1.372083e+00
     vertex -2.500000e+00 -6.970459e-01  1.384423e+00
     vertex -7.772911e-01 -7.059169e-01  1.379921e+00
   endloop
 endfacet
 facet normal -3.481899e-06  4.699609e-01 -8.826873e-01
   outer loop
     vertex -7.490347e-01 -7.358308e-01  1.364204e+00
     vertex -2.500000e+00 -7.347639e-01  1.364779e+00
     vertex -7.632893e-01 -7.210336e-01  1.372083e+00
   endloop
 endfacet
 facet normal -2.408728e-05  4.578829e-01 -8.890125e-01
   outer loop
     vertex  2.500000e+00 -6.970459e-01  1.384423e+00
     vertex  7.668053e-01 -7.172933e-01  1.374042e+00
     vertex  7.807703e-01 -7.020668e-01  1.381884e+00
   endloop
 endfacet
 facet normal  1.244681e-05  4.479301e-01 -8.940686e-01
   outer loop
     vertex  2.500000e+00 -6.970459e-01  1.384423e+00
     vertex  7.807703e-01 -7.020668e-01  1.381884e+00
     vertex  7.944742e-01 -6.865207e-01  1.389672e+00
   endloop
 endfacet
 facet normal -6.507849e-05  4.378510e-01 -8.990475e-01
   outer loop
     vertex  2.500000e+00 -6.970459e-01  1.384423e+00
     vertex  7.944742e-01 -6.865207e-01  1.389672e+00
     vertex  8.079110e-01 -6.706563e-01  1.397398e+00
   endloop
 endfacet
 facet normal -7.356659e-05  4.374119e-01 -8.992613e-01
   outer loop
     vertex  2.500000e+00 -6.970459e-01  1.384423e+00
     vertex  8.079110e-01 -6.706563e-01  1.397398e+00
     vertex  2.500000e+00 -6.588033e-01  1.403025e+00
   endloop
 endfacet
 facet normal  8.029610e-05  4.860756e-01 -8.739167e-01
   outer loop
     vertex -7.345330e-01 -7.503074e-01  1.356296e+00
     vertex -2.500000e+00 -7.719288e-01  1.344108e+00
     vertex -2.500000e+00 -7.347639e-01  1.364779e+00
   endloop
 endfacet
 facet normal  3.948815e-06  4.794094e-01 -8.775914e-01
   outer loop
     vertex -7.345330e-01 -7.503074e-01  1.356296e+00
     vertex -2.500000e+00 -7.347639e-01  1.364779e+00
     vertex -7.490347e-01 -7.358308e-01  1.364204e+00
   endloop
 endfacet
 facet normal  3.848472e-05  4.886726e-01 -8.724672e-01
   outer loop
     vertex -7.197897e-01 -7.644624e-01  1.348368e+00
     vertex -2.500000e+00 -7.719288e-01  1.344108e+00
     vertex -7.345330e-01 -7.503074e-01  1.356296e+00
   endloop
 endfacet
 facet normal -1.140702e-05  4.976607e-01 -8.673718e-01
   outer loop
     vertex -7.048102e-01 -7.782947e-01  1.340432e+00
     vertex -2.500000e+00 -7.719288e-01  1.344108e+00
     vertex -7.197897e-01 -7.644624e-01  1.348368e+00
   endloop
 endfacet
 facet normal  7.351109e-06  4.770926e-01 -8.788530e-01
   outer loop
     vertex  2.500000e+00 -7.347639e-01  1.364779e+00
     vertex  7.381154e-01 -7.467835e-01  1.358239e+00
     vertex  7.525851e-01 -7.321992e-01  1.366157e+00
   endloop
 endfacet
 facet normal -1.060440e-05  4.675934e-01 -8.839437e-01
   outer loop
     vertex  2.500000e+00 -7.347639e-01  1.364779e+00
     vertex  7.525851e-01 -7.321992e-01  1.366157e+00
     vertex  7.668053e-01 -7.172933e-01  1.374042e+00
   endloop
 endfacet
 facet normal -8.373723e-05  4.619176e-01 -8.869228e-01
   outer loop
     vertex  2.500000e+00 -7.347639e-01  1.364779e+00
     vertex  7.668053e-01 -7.172933e-01  1.374042e+00
     vertex  2.500000e+00 -6.970459e-01  1.384423e+00
   endloop
 endfacet
 facet normal  8.001286e-05  5.098678e-01 -8.602528e-01
   outer loop
     vertex -6.895995e-01 -7.918033e-01  1.332497e+00
     vertex -2.500000e+00 -8.085126e-01  1.322425e+00
     vertex -2.500000e+00 -7.719288e-01  1.344108e+00
   endloop
 endfacet
 facet normal  3.051768e-05  5.065150e-01 -8.622312e-01
   outer loop
     vertex -6.895995e-01 -7.918033e-01  1.332497e+00
     vertex -2.500000e+00 -7.719288e-01  1.344108e+00
     vertex -7.048102e-01 -7.782947e-01  1.340432e+00
   endloop
 endfacet
 facet normal  1.419740e-05  5.151120e-01 -8.571229e-01
   outer loop
     vertex -6.741628e-01 -8.049873e-01  1.324574e+00
     vertex -2.500000e+00 -8.085126e-01  1.322425e+00
     vertex -6.895995e-01 -7.918033e-01  1.332497e+00
   endloop
 endfacet
 facet normal -7.979382e-06  5.234935e-01 -8.520297e-01
   outer loop
     vertex -6.585048e-01 -8.178456e-01  1.316673e+00
     vertex -2.500000e+00 -8.085126e-01  1.322425e+00
     vertex -6.741628e-01 -8.049873e-01  1.324574e+00
   endloop
 endfacet
 facet normal -1.225678e-05  5.043970e-01 -8.634719e-01
   outer loop
     vertex  2.500000e+00 -7.719288e-01  1.344108e+00
     vertex  6.932645e-01 -7.885964e-01  1.334397e+00
     vertex  7.084498e-01 -7.749831e-01  1.342349e+00
   endloop
 endfacet
 facet normal  7.969192e-06  4.954930e-01 -8.686119e-01
   outer loop
     vertex  2.500000e+00 -7.719288e-01  1.344108e+00
     vertex  7.084498e-01 -7.749831e-01  1.342349e+00
     vertex  7.234019e-01 -7.610452e-01  1.350300e+00
   endloop
 endfacet
 facet normal -6.515716e-05  4.864544e-01 -8.737060e-01
   outer loop
     vertex  2.500000e+00 -7.719288e-01  1.344108e+00
     vertex  7.234019e-01 -7.610452e-01  1.350300e+00
     vertex  7.381154e-01 -7.467835e-01  1.358239e+00
   endloop
 endfacet
 facet normal -7.225371e-05  4.860756e-01 -8.739167e-01
   outer loop
     vertex  2.500000e+00 -7.719288e-01  1.344108e+00
     vertex  7.381154e-01 -7.467835e-01  1.358239e+00
     vertex  2.500000e+00 -7.347639e-01  1.364779e+00
   endloop
 endfacet
 facet normal  7.501838e-05  5.332761e-01 -8.459413e-01
   outer loop
     vertex -6.426302e-01 -8.303773e-01  1.308806e+00
     vertex -2.500000e+00 -8.444877e-01  1.299746e+00
     vertex -2.500000e+00 -8.085126e-01  1.322425e+00
   endloop
 endfacet
 facet normal  4.978546e-05  5.317360e-01 -8.469101e-01
   outer loop
     vertex -6.426302e-01 -8.303773e-01  1.308806e+00
     vertex -2.500000e+00 -8.085126e-01  1.322425e+00
     vertex -6.585048e-01 -8.178456e-01  1.316673e+00
   endloop
 endfacet
 facet normal  6.535654e-06  5.396776e-01 -8.418718e-01
   outer loop
     vertex -6.265372e-01 -8.425860e-01  1.300980e+00
     vertex -2.500000e+00 -8.444877e-01  1.299746e+00
     vertex -6.426302e-01 -8.303773e-01  1.308806e+00
   endloop
 endfacet
 facet normal -8.002814e-05  5.098678e-01 -8.602528e-01
   outer loop
     vertex  2.500000e+00 -8.085126e-01  1.322425e+00
     vertex  6.932645e-01 -7.885964e-01  1.334397e+00
     vertex  2.500000e+00 -7.719288e-01  1.344108e+00
   endloop
 endfacet
 facet normal -2.925581e-05  5.298140e-01 -8.481139e-01
   outer loop
     vertex  2.500000e+00 -8.085126e-01  1.322425e+00
     vertex  6.463593e-01 -8.274779e-01  1.310641e+00
     vertex  6.622144e-01 -8.148448e-01  1.318532e+00
   endloop
 endfacet
 facet normal  1.016483e-05  5.215226e-01 -8.532375e-01
   outer loop
     vertex  2.500000e+00 -8.085126e-01  1.322425e+00
     vertex  6.622144e-01 -8.148448e-01  1.318532e+00
     vertex  6.778511e-01 -8.018840e-01  1.326455e+00
   endloop
 endfacet
 facet normal -3.177681e-05  5.130915e-01 -8.583339e-01
   outer loop
     vertex  2.500000e+00 -8.085126e-01  1.322425e+00
     vertex  6.778511e-01 -8.018840e-01  1.326455e+00
     vertex  6.932645e-01 -7.885964e-01  1.334397e+00
   endloop
 endfacet
 facet normal -4.653150e-06  5.474396e-01 -8.368452e-01
   outer loop
     vertex -6.102264e-01 -8.544728e-01  1.293204e+00
     vertex -2.500000e+00 -8.444877e-01  1.299746e+00
     vertex -6.265372e-01 -8.425860e-01  1.300980e+00
   endloop
 endfacet
 facet normal  7.297187e-05  5.562829e-01 -8.309929e-01
   outer loop
     vertex -5.937021e-01 -8.660357e-01  1.285489e+00
     vertex -2.500000e+00 -8.798272e-01  1.276089e+00
     vertex -2.500000e+00 -8.444877e-01  1.299746e+00
   endloop
 endfacet
 facet normal  5.304776e-05  5.550608e-01 -8.318098e-01
   outer loop
     vertex -5.937021e-01 -8.660357e-01  1.285489e+00
     vertex -2.500000e+00 -8.444877e-01  1.299746e+00
     vertex -6.102264e-01 -8.544728e-01  1.293204e+00
   endloop
 endfacet
 facet normal  8.663001e-06  5.623718e-01 -8.268845e-01
   outer loop
     vertex -5.769683e-01 -8.772728e-01  1.277847e+00
     vertex -2.500000e+00 -8.798272e-01  1.276089e+00
     vertex -5.937021e-01 -8.660357e-01  1.285489e+00
   endloop
 endfacet
 facet normal -7.848904e-05  5.332761e-01 -8.459413e-01
   outer loop
     vertex  2.500000e+00 -8.444877e-01  1.299746e+00
     vertex  6.463593e-01 -8.274779e-01  1.310641e+00
     vertex  2.500000e+00 -8.085126e-01  1.322425e+00
   endloop
 endfacet
 facet normal -3.395755e-05  5.533289e-01 -8.329628e-01
   outer loop
     vertex  2.500000e+00 -8.444877e-01  1.299746e+00
     vertex  5.974864e-01 -8.634292e-01  1.287241e+00
     vertex  6.139940e-01 -8.517695e-01  1.294986e+00
   endloop
 endfacet
 facet normal  8.379280e-06  5.456606e-01 -8.380062e-01
   outer loop
     vertex  2.500000e+00 -8.444877e-01  1.299746e+00
     vertex  6.139940e-01 -8.517695e-01  1.294986e+00
     vertex  6.302864e-01 -8.397852e-01  1.302790e+00
   endloop
 endfacet
 facet normal -1.945678e-05  5.378508e-01 -8.430400e-01
   outer loop
     vertex  2.500000e+00 -8.444877e-01  1.299746e+00
     vertex  6.302864e-01 -8.397852e-01  1.302790e+00
     vertex  6.463593e-01 -8.274779e-01  1.310641e+00
   endloop
 endfacet
 facet normal -5.279389e-06  5.695012e-01 -8.219905e-01
   outer loop
     vertex -5.600290e-01 -8.881821e-01  1.270288e+00
     vertex -2.500000e+00 -8.798272e-01  1.276089e+00
     vertex -5.769683e-01 -8.772728e-01  1.277847e+00
   endloop
 endfacet
 facet normal  7.395961e-05  5.788711e-01 -8.154191e-01
   outer loop
     vertex -5.428882e-01 -8.987616e-01  1.262825e+00
     vertex -2.500000e+00 -9.145043e-01  1.251472e+00
     vertex -2.500000e+00 -8.798272e-01  1.276089e+00
   endloop
 endfacet
 facet normal  3.937341e-05  5.764811e-01 -8.171105e-01
   outer loop
     vertex -5.428882e-01 -8.987616e-01  1.262825e+00
     vertex -2.500000e+00 -8.798272e-01  1.276089e+00
     vertex -5.600290e-01 -8.881821e-01  1.270288e+00
   endloop
 endfacet
 facet normal  2.144670e-05  5.831806e-01 -8.123425e-01
   outer loop
     vertex -5.255495e-01 -9.090092e-01  1.255469e+00
     vertex -2.500000e+00 -9.145043e-01  1.251472e+00
     vertex -5.428882e-01 -8.987616e-01  1.262825e+00
   endloop
 endfacet
 facet normal -6.053005e-06  5.896531e-01 -8.076566e-01
   outer loop
     vertex -5.080167e-01 -9.189227e-01  1.248231e+00
     vertex -2.500000e+00 -9.145043e-01  1.251472e+00
     vertex -5.255495e-01 -9.090092e-01  1.255469e+00
   endloop
 endfacet
 facet normal -2.452535e-05  5.749370e-01 -8.181977e-01
   outer loop
     vertex  2.500000e+00 -8.798272e-01  1.276089e+00
     vertex  5.467123e-01 -8.964405e-01  1.264474e+00
     vertex  5.638415e-01 -8.857667e-01  1.271974e+00
   endloop
 endfacet
 facet normal  7.431837e-06  5.679101e-01 -8.230906e-01
   outer loop
     vertex  2.500000e+00 -8.798272e-01  1.276089e+00
     vertex  5.638415e-01 -8.857667e-01  1.271974e+00
     vertex  5.807675e-01 -8.747623e-01  1.279567e+00
   endloop
 endfacet
 facet normal -2.039742e-05  5.607330e-01 -8.279967e-01
   outer loop
     vertex  2.500000e+00 -8.798272e-01  1.276089e+00
     vertex  5.807675e-01 -8.747623e-01  1.279567e+00
     vertex  5.974864e-01 -8.634292e-01  1.287241e+00
   endloop
 endfacet
 facet normal -7.631592e-05  5.562829e-01 -8.309929e-01
   outer loop
     vertex  2.500000e+00 -8.798272e-01  1.276089e+00
     vertex  5.974864e-01 -8.634292e-01  1.287241e+00
     vertex  2.500000e+00 -8.444877e-01  1.299746e+00
   endloop
 endfacet
 facet normal  7.018667e-05  6.010234e-01 -7.992314e-01
   outer loop
     vertex -4.902934e-01 -9.285001e-01  1.241124e+00
     vertex -2.500000e+00 -9.484930e-01  1.225912e+00
     vertex -2.500000e+00 -9.145043e-01  1.251472e+00
   endloop
 endfacet
 facet normal  1.550895e-05  5.959658e-01 -8.030098e-01
   outer loop
     vertex -4.902934e-01 -9.285001e-01  1.241124e+00
     vertex -2.500000e+00 -9.145043e-01  1.251472e+00
     vertex -5.080167e-01 -9.189227e-01  1.248231e+00
   endloop
 endfacet
 facet normal  5.360603e-05  6.020830e-01 -7.984335e-01
   outer loop
     vertex -4.723831e-01 -9.377389e-01  1.234158e+00
     vertex -2.500000e+00 -9.484930e-01  1.225912e+00
     vertex -4.902934e-01 -9.285001e-01  1.241124e+00
   endloop
 endfacet
 facet normal  5.002129e-06  6.078736e-01 -7.940338e-01
   outer loop
     vertex -4.542890e-01 -9.466370e-01  1.227346e+00
     vertex -2.500000e+00 -9.484930e-01  1.225912e+00
     vertex -4.723831e-01 -9.377389e-01  1.234158e+00
   endloop
 endfacet
 facet normal -6.836758e-06  5.946078e-01 -8.040159e-01
   outer loop
     vertex  2.500000e+00 -9.145043e-01  1.251472e+00
     vertex  4.941430e-01 -9.264571e-01  1.242649e+00
     vertex  5.118593e-01 -9.167879e-01  1.249800e+00
   endloop
 endfacet
 facet normal  4.390901e-06  5.882479e-01 -8.086807e-01
   outer loop
     vertex  2.500000e+00 -9.145043e-01  1.251472e+00
     vertex  5.118593e-01 -9.167879e-01  1.249800e+00
     vertex  5.293837e-01 -9.067816e-01  1.257079e+00
   endloop
 endfacet
 facet normal -3.454194e-05  5.817277e-01 -8.133836e-01
   outer loop
     vertex  2.500000e+00 -9.145043e-01  1.251472e+00
     vertex  5.293837e-01 -9.067816e-01  1.257079e+00
     vertex  5.467123e-01 -8.964405e-01  1.264474e+00
   endloop
 endfacet
 facet normal -7.450952e-05  5.788711e-01 -8.154191e-01
   outer loop
     vertex  2.500000e+00 -9.145043e-01  1.251472e+00
     vertex  5.467123e-01 -8.964405e-01  1.264474e+00
     vertex  2.500000e+00 -8.798272e-01  1.276089e+00
   endloop
 endfacet
 facet normal -3.133385e-06  6.134927e-01 -7.897004e-01
   outer loop
     vertex -4.360144e-01 -9.551918e-01  1.220700e+00
     vertex -2.500000e+00 -9.484930e-01  1.225912e+00
     vertex -4.542890e-01 -9.466370e-01  1.227346e+00
   endloop
 endfacet
 facet normal  6.920347e-05  6.227234e-01 -7.824421e-01
   outer loop
     vertex -4.175624e-01 -9.634011e-01  1.214232e+00
     vertex -2.500000e+00 -9.817678e-01  1.199430e+00
     vertex -2.500000e+00 -9.484930e-01  1.225912e+00
   endloop
 endfacet
 facet normal  2.530681e-05  6.189395e-01 -7.854387e-01
   outer loop
     vertex -4.175624e-01 -9.634011e-01  1.214232e+00
     vertex -2.500000e+00 -9.484930e-01  1.225912e+00
     vertex -4.360144e-01 -9.551918e-01  1.220700e+00
   endloop
 endfacet
 facet normal  4.841729e-05  6.241581e-01 -7.812980e-01
   outer loop
     vertex -3.989361e-01 -9.712621e-01  1.207953e+00
     vertex -2.500000e+00 -9.817678e-01  1.199430e+00
     vertex -4.175624e-01 -9.634011e-01  1.214232e+00
   endloop
 endfacet
 facet normal  7.933448e-06  6.290583e-01 -7.773581e-01
   outer loop
     vertex -3.801383e-01 -9.787721e-01  1.201876e+00
     vertex -2.500000e+00 -9.817678e-01  1.199430e+00
     vertex -3.989361e-01 -9.712621e-01  1.207953e+00
   endloop
 endfacet
 facet normal -3.156456e-06  6.337722e-01 -7.735197e-01
   outer loop
     vertex -3.611716e-01 -9.859285e-01  1.196012e+00
     vertex -2.500000e+00 -9.817678e-01  1.199430e+00
     vertex -3.801383e-01 -9.787721e-01  1.201876e+00
   endloop
 endfacet
 facet normal -1.649040e-05  6.178125e-01 -7.863255e-01
   outer loop
     vertex  2.500000e+00 -9.484930e-01  1.225912e+00
     vertex  4.214251e-01 -9.617177e-01  1.215565e+00
     vertex  4.398759e-01 -9.534197e-01  1.222085e+00
   endloop
 endfacet
 facet normal  4.610236e-06  6.123187e-01 -7.906110e-01
   outer loop
     vertex  2.500000e+00 -9.484930e-01  1.225912e+00
     vertex  4.398759e-01 -9.534197e-01  1.222085e+00
     vertex  4.581479e-01 -9.447754e-01  1.228780e+00
   endloop
 endfacet
 facet normal -1.182480e-05  6.066521e-01 -7.949674e-01
   outer loop
     vertex  2.500000e+00 -9.484930e-01  1.225912e+00
     vertex  4.581479e-01 -9.447754e-01  1.228780e+00
     vertex  4.762380e-01 -9.357870e-01  1.235639e+00
   endloop
 endfacet
 facet normal -6.973129e-05  6.008137e-01 -7.993891e-01
   outer loop
     vertex  2.500000e+00 -9.484930e-01  1.225912e+00
     vertex  4.762380e-01 -9.357870e-01  1.235639e+00
     vertex  4.941430e-01 -9.264571e-01  1.242649e+00
   endloop
 endfacet
 facet normal -6.611185e-05  6.010234e-01 -7.992314e-01
   outer loop
     vertex  2.500000e+00 -9.484930e-01  1.225912e+00
     vertex  4.941430e-01 -9.264571e-01  1.242649e+00
     vertex  2.500000e+00 -9.145043e-01  1.251472e+00
   endloop
 endfacet
 facet normal  1.160997e-05  6.382984e-01 -7.697891e-01
   outer loop
     vertex -3.420388e-01 -9.927283e-01  1.190374e+00
     vertex -2.500000e+00 -9.817678e-01  1.199430e+00
     vertex -3.611716e-01 -9.859285e-01  1.196012e+00
   endloop
 endfacet
 facet normal  6.671725e-05  6.439545e-01 -7.650637e-01
   outer loop
     vertex -3.227423e-01 -9.991684e-01  1.184974e+00
     vertex -2.500000e+00 -1.014303e+00  1.172045e+00
     vertex -2.500000e+00 -9.817678e-01  1.199430e+00
   endloop
 endfacet
 facet normal  4.881805e-05  6.426356e-01 -7.661720e-01
   outer loop
     vertex -3.227423e-01 -9.991684e-01  1.184974e+00
     vertex -2.500000e+00 -9.817678e-01  1.199430e+00
     vertex -3.420388e-01 -9.927283e-01  1.190374e+00
   endloop
 endfacet
 facet normal  3.444002e-05  6.466516e-01 -7.627855e-01
   outer loop
     vertex -3.032822e-01 -1.005246e+00  1.179822e+00
     vertex -2.500000e+00 -1.014303e+00  1.172045e+00
     vertex -3.227423e-01 -9.991684e-01  1.184974e+00
   endloop
 endfacet
 facet normal  7.639101e-06  6.504054e-01 -7.595872e-01
   outer loop
     vertex -2.836615e-01 -1.010958e+00  1.174931e+00
     vertex -2.500000e+00 -1.014303e+00  1.172045e+00
     vertex -3.032822e-01 -1.005246e+00  1.179822e+00
   endloop
 endfacet
 facet normal -1.687545e-06  6.539516e-01 -7.565364e-01
   outer loop
     vertex -2.638917e-01 -1.016298e+00  1.170316e+00
     vertex -2.500000e+00 -1.014303e+00  1.172045e+00
     vertex -2.836615e-01 -1.010958e+00  1.174931e+00
   endloop
 endfacet
 facet normal -3.973785e-05  6.417841e-01 -7.668854e-01
   outer loop
     vertex  2.500000e+00 -9.817678e-01  1.199430e+00
     vertex  3.265916e-01 -9.979168e-01  1.186028e+00
     vertex  3.458932e-01 -9.913919e-01  1.191487e+00
   endloop
 endfacet
 facet normal -6.703416e-06  6.374003e-01 -7.705328e-01
   outer loop
     vertex  2.500000e+00 -9.817678e-01  1.199430e+00
     vertex  3.458932e-01 -9.913919e-01  1.191487e+00
     vertex  3.650300e-01 -9.845065e-01  1.197183e+00
   endloop
 endfacet
 facet normal  3.120729e-06  6.328271e-01 -7.742931e-01
   outer loop
     vertex  2.500000e+00 -9.817678e-01  1.199430e+00
     vertex  3.650300e-01 -9.845065e-01  1.197183e+00
     vertex  3.839993e-01 -9.772638e-01  1.203102e+00
   endloop
 endfacet
 facet normal -1.372608e-05  6.280657e-01 -7.781603e-01
   outer loop
     vertex  2.500000e+00 -9.817678e-01  1.199430e+00
     vertex  3.839993e-01 -9.772638e-01  1.203102e+00
     vertex  4.027986e-01 -9.696666e-01  1.209234e+00
   endloop
 endfacet
 facet normal -6.082563e-05  6.231177e-01 -7.821281e-01
   outer loop
     vertex  2.500000e+00 -9.817678e-01  1.199430e+00
     vertex  4.027986e-01 -9.696666e-01  1.209234e+00
     vertex  4.214251e-01 -9.617177e-01  1.215565e+00
   endloop
 endfacet
 facet normal -6.706635e-05  6.227234e-01 -7.824421e-01
   outer loop
     vertex  2.500000e+00 -9.817678e-01  1.199430e+00
     vertex  4.214251e-01 -9.617177e-01  1.215565e+00
     vertex  2.500000e+00 -9.484930e-01  1.225912e+00
   endloop
 endfacet
 facet normal  3.525141e-06  6.572863e-01 -7.536410e-01
   outer loop
     vertex -2.439840e-01 -1.021260e+00  1.165988e+00
     vertex -2.500000e+00 -1.014303e+00  1.172045e+00
     vertex -2.638917e-01 -1.016298e+00  1.170316e+00
   endloop
 endfacet
 facet normal  2.048286e-05  6.604066e-01 -7.509082e-01
   outer loop
     vertex -2.239495e-01 -1.025839e+00  1.161961e+00
     vertex -2.500000e+00 -1.014303e+00  1.172045e+00
     vertex -2.439840e-01 -1.021260e+00  1.165988e+00
   endloop
 endfacet
 facet normal  6.350376e-05  6.647010e-01 -7.471095e-01
   outer loop
     vertex -2.037988e-01 -1.030032e+00  1.158246e+00
     vertex -2.500000e+00 -1.046076e+00  1.143777e+00
     vertex -2.500000e+00 -1.014303e+00  1.172045e+00
   endloop
 endfacet
 facet normal  4.656351e-05  6.633109e-01 -7.483440e-01
   outer loop
     vertex -2.037988e-01 -1.030032e+00  1.158246e+00
     vertex -2.500000e+00 -1.014303e+00  1.172045e+00
     vertex -2.239495e-01 -1.025839e+00  1.161961e+00
   endloop
 endfacet
 facet normal  4.830119e-05  6.659073e-01 -7.460345e-01
   outer loop
     vertex -1.835425e-01 -1.033834e+00  1.154854e+00
     vertex -2.500000e+00 -1.046076e+00  1.143777e+00
     vertex -2.037988e-01 -1.030032e+00  1.158246e+00
   endloop
 endfacet
 facet normal  2.658731e-05  6.681772e-01 -7.440022e-01
   outer loop
     vertex -1.631905e-01 -1.037241e+00  1.151795e+00
     vertex -2.500000e+00 -1.046076e+00  1.143777e+00
     vertex -1.835425e-01 -1.033834e+00  1.154854e+00
   endloop
 endfacet
 facet normal  1.264547e-05  6.702064e-01 -7.421748e-01
   outer loop
     vertex -1.427527e-01 -1.040251e+00  1.149077e+00
     vertex -2.500000e+00 -1.046076e+00  1.143777e+00
     vertex -1.631905e-01 -1.037241e+00  1.151795e+00
   endloop
 endfacet
 facet normal  4.600858e-06  6.719915e-01 -7.405588e-01
   outer loop
     vertex -1.222387e-01 -1.042860e+00  1.146709e+00
     vertex -2.500000e+00 -1.046076e+00  1.143777e+00
     vertex -1.427527e-01 -1.040251e+00  1.149077e+00
   endloop
 endfacet
 facet normal  7.965189e-07  6.735295e-01 -7.391603e-01
   outer loop
     vertex -1.016579e-01 -1.045067e+00  1.144698e+00
     vertex -2.500000e+00 -1.046076e+00  1.143777e+00
     vertex -1.222387e-01 -1.042860e+00  1.146709e+00
   endloop
 endfacet
 facet normal -1.967053e-07  6.748176e-01 -7.379846e-01
   outer loop
     vertex -8.101943e-02 -1.046870e+00  1.143050e+00
     vertex -2.500000e+00 -1.046076e+00  1.143777e+00
     vertex -1.016579e-01 -1.045067e+00  1.144698e+00
   endloop
 endfacet
 facet normal -4.088689e-05  6.627621e-01 -7.488300e-01
   outer loop
     vertex  2.500000e+00 -1.014303e+00  1.172045e+00
     vertex  2.077407e-01 -1.029244e+00  1.158946e+00
     vertex  2.278718e-01 -1.024975e+00  1.162723e+00
   endloop
 endfacet
 facet normal -1.638017e-05  6.598142e-01 -7.514288e-01
   outer loop
     vertex  2.500000e+00 -1.014303e+00  1.172045e+00
     vertex  2.278718e-01 -1.024975e+00  1.162723e+00
     vertex  2.478839e-01 -1.020320e+00  1.166810e+00
   endloop
 endfacet
 facet normal -1.493770e-06  6.566494e-01 -7.541960e-01
   outer loop
     vertex  2.500000e+00 -1.014303e+00  1.172045e+00
     vertex  2.478839e-01 -1.020320e+00  1.166810e+00
     vertex  2.677691e-01 -1.015283e+00  1.171196e+00
   endloop
 endfacet
 facet normal  1.100677e-06  6.532725e-01 -7.571229e-01
   outer loop
     vertex  2.500000e+00 -1.014303e+00  1.172045e+00
     vertex  2.677691e-01 -1.015283e+00  1.171196e+00
     vertex  2.875200e-01 -1.009867e+00  1.175869e+00
   endloop
 endfacet
 facet normal -1.141841e-05  6.496847e-01 -7.602038e-01
   outer loop
     vertex  2.500000e+00 -1.014303e+00  1.172045e+00
     vertex  2.875200e-01 -1.009867e+00  1.175869e+00
     vertex  3.071298e-01 -1.004077e+00  1.180817e+00
   endloop
 endfacet
 facet normal -4.206385e-05  6.458849e-01 -7.634348e-01
   outer loop
     vertex  2.500000e+00 -1.014303e+00  1.172045e+00
     vertex  3.071298e-01 -1.004077e+00  1.180817e+00
     vertex  3.265916e-01 -9.979168e-01  1.186028e+00
   endloop
 endfacet
 facet normal -6.709780e-05  6.439545e-01 -7.650637e-01
   outer loop
     vertex  2.500000e+00 -1.014303e+00  1.172045e+00
     vertex  3.265916e-01 -9.979168e-01  1.186028e+00
     vertex  2.500000e+00 -9.817678e-01  1.199430e+00
   endloop
 endfacet
 facet normal  4.284195e-07  6.758538e-01 -7.370357e-01
   outer loop
     vertex -6.033221e-02 -1.048265e+00  1.141771e+00
     vertex -2.500000e+00 -1.046076e+00  1.143777e+00
     vertex -8.101943e-02 -1.046870e+00  1.143050e+00
   endloop
 endfacet
 facet normal  1.725143e-06  6.766385e-01 -7.363154e-01
   outer loop
     vertex -3.960505e-02 -1.049253e+00  1.140863e+00
     vertex -2.500000e+00 -1.046076e+00  1.143777e+00
     vertex -6.033221e-02 -1.048265e+00  1.141771e+00
   endloop
 endfacet
 facet normal  2.480204e-05  6.849470e-01 -7.285929e-01
   outer loop
     vertex -1.884658e-02 -1.049831e+00  1.140331e+00
     vertex -2.500000e+00 -1.077060e+00  1.114648e+00
     vertex -2.500000e+00 -1.046076e+00  1.143777e+00
   endloop
 endfacet
 facet normal  3.018744e-06  6.771819e-01 -7.358156e-01
   outer loop
     vertex -1.884658e-02 -1.049831e+00  1.140331e+00
     vertex -2.500000e+00 -1.046076e+00  1.143777e+00
     vertex -3.960505e-02 -1.049253e+00  1.140863e+00
   endloop
 endfacet
 facet normal  7.614709e-05  6.824633e-01 -7.309199e-01
   outer loop
     vertex  1.934600e-03 -1.049998e+00  1.140177e+00
     vertex -2.500000e+00 -1.077060e+00  1.114648e+00
     vertex -1.884658e-02 -1.049831e+00  1.140331e+00
   endloop
 endfacet
 facet normal -2.784362e-06  6.770939e-01 -7.358966e-01
   outer loop
     vertex  2.500000e+00 -1.046076e+00  1.143777e+00
     vertex  2.271775e-02 -1.049754e+00  1.140402e+00
     vertex  4.348451e-02 -1.049099e+00  1.141004e+00
   endloop
 endfacet
 facet normal -1.469901e-06  6.765145e-01 -7.364294e-01
   outer loop
     vertex  2.500000e+00 -1.046076e+00  1.143777e+00
     vertex  4.348451e-02 -1.049099e+00  1.141004e+00
     vertex  6.422451e-02 -1.048034e+00  1.141983e+00
   endloop
 endfacet
 facet normal -2.377850e-07  6.756819e-01 -7.371933e-01
   outer loop
     vertex  2.500000e+00 -1.046076e+00  1.143777e+00
     vertex  6.422451e-02 -1.048034e+00  1.141983e+00
     vertex  8.492716e-02 -1.046560e+00  1.143334e+00
   endloop
 endfacet
 facet normal  1.630212e-07  6.745937e-01 -7.381892e-01
   outer loop
     vertex  2.500000e+00 -1.046076e+00  1.143777e+00
     vertex  8.492716e-02 -1.046560e+00  1.143334e+00
     vertex  1.055817e-01 -1.044678e+00  1.145054e+00
   endloop
 endfacet
 facet normal -1.271024e-06  6.732534e-01 -7.394118e-01
   outer loop
     vertex  2.500000e+00 -1.046076e+00  1.143777e+00
     vertex  1.055817e-01 -1.044678e+00  1.145054e+00
     vertex  1.261771e-01 -1.042391e+00  1.147136e+00
   endloop
 endfacet
 facet normal -5.778950e-06  6.716648e-01 -7.408551e-01
   outer loop
     vertex  2.500000e+00 -1.046076e+00  1.143777e+00
     vertex  1.261771e-01 -1.042391e+00  1.147136e+00
     vertex  1.467022e-01 -1.039701e+00  1.149574e+00
   endloop
 endfacet
 facet normal -1.483046e-05  6.698313e-01 -7.425133e-01
   outer loop
     vertex  2.500000e+00 -1.046076e+00  1.143777e+00
     vertex  1.467022e-01 -1.039701e+00  1.149574e+00
     vertex  1.671455e-01 -1.036611e+00  1.152362e+00
   endloop
 endfacet
 facet normal -3.012534e-05  6.677553e-01 -7.443808e-01
   outer loop
     vertex  2.500000e+00 -1.046076e+00  1.143777e+00
     vertex  1.671455e-01 -1.036611e+00  1.152362e+00
     vertex  1.874956e-01 -1.033124e+00  1.155489e+00
   endloop
 endfacet
 facet normal -5.359567e-05  6.654384e-01 -7.464528e-01
   outer loop
     vertex  2.500000e+00 -1.046076e+00  1.143777e+00
     vertex  1.874956e-01 -1.033124e+00  1.155489e+00
     vertex  2.077407e-01 -1.029244e+00  1.158946e+00
   endloop
 endfacet
 facet normal -6.335599e-05  6.647010e-01 -7.471095e-01
   outer loop
     vertex  2.500000e+00 -1.046076e+00  1.143777e+00
     vertex  2.077407e-01 -1.029244e+00  1.158946e+00
     vertex  2.500000e+00 -1.014303e+00  1.172045e+00
   endloop
 endfacet
 facet normal -9.350951e-05  6.816165e-01 -7.317096e-01
   outer loop
     vertex  2.500000e+00 -1.077060e+00  1.114648e+00
     vertex  1.934600e-03 -1.049998e+00  1.140177e+00
     vertex  2.271775e-02 -1.049754e+00  1.140402e+00
   endloop
 endfacet
 facet normal  0.000000e+00  6.861973e-01 -7.274154e-01
   outer loop
     vertex  2.500000e+00 -1.077060e+00  1.114648e+00
     vertex -2.500000e+00 -1.077060e+00  1.114648e+00
     vertex  1.934600e-03 -1.049998e+00  1.140177e+00
   endloop
 endfacet
 facet normal -2.439695e-05  6.849470e-01 -7.285929e-01
   outer loop
     vertex  2.500000e+00 -1.077060e+00  1.114648e+00
     vertex  2.271775e-02 -1.049754e+00  1.140402e+00
     vertex  2.500000e+00 -1.046076e+00  1.143777e+00
   endloop
 endfacet
 facet normal  0.000000e+00  7.046775e-01 -7.095278e-01
   outer loop
     vertex  2.500000e+00 -1.107234e+00  1.084681e+00
     vertex -2.500000e+00 -1.107234e+00  1.084681e+00
     vertex -2.500000e+00 -1.077060e+00  1.114648e+00
   endloop
 endfacet
 facet normal  0.000000e+00  7.046775e-01 -7.095278e-01
   outer loop
     vertex  2.500000e+00 -1.107234e+00  1.084681e+00
     vertex -2.500000e+00 -1.077060e+00  1.114648e+00
     vertex  2.500000e+00 -1.077060e+00  1.114648e+00
   endloop
 endfacet
 facet normal  0.000000e+00  7.238775e-01 -6.899286e-01
   outer loop
     vertex  2.500000e+00 -1.136575e+00  1.053897e+00
     vertex -2.500000e+00 -1.136575e+00  1.053897e+00
     vertex -2.500000e+00 -1.107234e+00  1.084681e+00
   endloop
 endfacet
 facet normal  0.000000e+00  7.238775e-01 -6.899286e-01
   outer loop
     vertex  2.500000e+00 -1.136575e+00  1.053897e+00
     vertex -2.500000e+00 -1.107234e+00  1.084681e+00
     vertex  2.500000e+00 -1.107234e+00  1.084681e+00
   endloop
 endfacet
 facet normal  0.000000e+00  7.425325e-01 -6.698100e-01
   outer loop
     vertex  2.500000e+00 -1.165060e+00  1.022319e+00
     vertex -2.500000e+00 -1.136575e+00  1.053897e+00
     vertex  2.500000e+00 -1.136575e+00  1.053897e+00
   endloop
 endfacet
 facet normal  0.000000e+00  7.425325e-01 -6.698100e-01
   outer loop
     vertex  2.500000e+00 -1.165060e+00  1.022319e+00
     vertex -2.500000e+00 -1.165060e+00  1.022319e+00
     vertex -2.500000e+00 -1.136575e+00  1.053897e+00
   endloop
 endfacet
 facet normal  0.000000e+00  7.606287e-01 -6.491872e-01
   outer loop
     vertex  2.500000e+00 -1.192667e+00  9.899720e-01
     vertex -2.500000e+00 -1.165060e+00  1.022319e+00
     vertex  2.500000e+00 -1.165060e+00  1.022319e+00
   endloop
 endfacet
 facet normal  0.000000e+00  7.606287e-01 -6.491872e-01
   outer loop
     vertex  2.500000e+00 -1.192667e+00  9.899720e-01
     vertex -2.500000e+00 -1.192667e+00  9.899720e-01
     vertex -2.500000e+00 -1.165060e+00  1.022319e+00
   endloop
 endfacet
 facet normal  0.000000e+00  7.781522e-01 -6.280757e-01
   outer loop
     vertex  2.500000e+00 -1.219377e+00  9.568796e-01
     vertex -2.500000e+00 -1.192667e+00  9.899720e-01
     vertex  2.500000e+00 -1.192667e+00  9.899720e-01
   endloop
 endfacet
 facet normal  0.000000e+00  7.781522e-01 -6.280757e-01
   outer loop
     vertex  2.500000e+00 -1.219377e+00  9.568796e-01
     vertex -2.500000e+00 -1.219377e+00  9.568796e-01
     vertex -2.500000e+00 -1.192667e+00  9.899720e-01
   endloop
 endfacet
 facet normal  0.000000e+00  7.950900e-01 -6.064915e-01
   outer loop
     vertex  2.500000e+00 -1.245170e+00  9.230670e-01
     vertex -2.500000e+00 -1.245170e+00  9.230670e-01
     vertex -2.500000e+00 -1.219377e+00  9.568796e-01
   endloop
 endfacet
 facet normal  0.000000e+00  7.950900e-01 -6.064915e-01
   outer loop
     vertex  2.500000e+00 -1.245170e+00  9.230670e-01
     vertex -2.500000e+00 -1.219377e+00  9.568796e-01
     vertex  2.500000e+00 -1.219377e+00  9.568796e-01
   endloop
 endfacet
 facet normal  0.000000e+00  8.114292e-01 -5.844507e-01
   outer loop
     vertex  2.500000e+00 -1.270024e+00  8.885596e-01
     vertex -2.500000e+00 -1.270024e+00  8.885596e-01
     vertex -2.500000e+00 -1.245170e+00  9.230670e-01
   endloop
 endfacet
 facet normal  0.000000e+00  8.114292e-01 -5.844507e-01
   outer loop
     vertex  2.500000e+00 -1.270024e+00  8.885596e-01
     vertex -2.500000e+00 -1.245170e+00  9.230670e-01
     vertex  2.500000e+00 -1.245170e+00  9.230670e-01
   endloop
 endfacet
 facet normal  0.000000e+00  8.271577e-01 -5.619699e-01
   outer loop
     vertex  2.500000e+00 -1.293923e+00  8.533832e-01
     vertex -2.500000e+00 -1.293923e+00  8.533832e-01
     vertex -2.500000e+00 -1.270024e+00  8.885596e-01
   endloop
 endfacet
 facet normal  0.000000e+00  8.422635e-01 -5.390661e-01
   outer loop
     vertex  2.500000e+00 -1.293923e+00  8.533832e-01
     vertex -2.500000e+00 -1.316848e+00  8.175645e-01
     vertex -2.500000e+00 -1.293923e+00  8.533832e-01
   endloop
 endfacet
 facet normal  0.000000e+00  8.271577e-01 -5.619699e-01
   outer loop
     vertex  2.500000e+00 -1.293923e+00  8.533832e-01
     vertex -2.500000e+00 -1.270024e+00  8.885596e-01
     vertex  2.500000e+00 -1.270024e+00  8.885596e-01
   endloop
 endfacet
 facet normal  0.000000e+00  8.567352e-01 -5.157565e-01
   outer loop
     vertex  2.500000e+00 -1.316848e+00  8.175645e-01
     vertex -2.500000e+00 -1.338781e+00  7.811303e-01
     vertex -2.500000e+00 -1.316848e+00  8.175645e-01
   endloop
 endfacet
 facet normal  0.000000e+00  8.422635e-01 -5.390661e-01
   outer loop
     vertex  2.500000e+00 -1.316848e+00  8.175645e-01
     vertex -2.500000e+00 -1.316848e+00  8.175645e-01
     vertex  2.500000e+00 -1.293923e+00  8.533832e-01
   endloop
 endfacet
 facet normal  0.000000e+00  8.567352e-01 -5.157565e-01
   outer loop
     vertex  2.500000e+00 -1.338781e+00  7.811303e-01
     vertex -2.500000e+00 -1.338781e+00  7.811303e-01
     vertex  2.500000e+00 -1.316848e+00  8.175645e-01
   endloop
 endfacet
 facet normal  0.000000e+00  8.705620e-01 -4.920587e-01
   outer loop
     vertex  2.500000e+00 -1.359707e+00  7.441081e-01
     vertex -2.500000e+00 -1.359707e+00  7.441081e-01
     vertex -2.500000e+00 -1.338781e+00  7.811303e-01
   endloop
 endfacet
 facet normal  0.000000e+00  8.705620e-01 -4.920587e-01
   outer loop
     vertex  2.500000e+00 -1.359707e+00  7.441081e-01
     vertex -2.500000e+00 -1.338781e+00  7.811303e-01
     vertex  2.500000e+00 -1.338781e+00  7.811303e-01
   endloop
 endfacet
 facet normal  0.000000e+00  8.837335e-01 -4.679904e-01
   outer loop
     vertex  2.500000e+00 -1.379609e+00  7.065257e-01
     vertex -2.500000e+00 -1.379609e+00  7.065257e-01
     vertex -2.500000e+00 -1.359707e+00  7.441081e-01
   endloop
 endfacet
 facet normal  0.000000e+00  8.837335e-01 -4.679904e-01
   outer loop
     vertex  2.500000e+00 -1.379609e+00  7.065257e-01
     vertex -2.500000e+00 -1.359707e+00  7.441081e-01
     vertex  2.500000e+00 -1.359707e+00  7.441081e-01
   endloop
 endfacet
 facet normal  0.000000e+00  8.962398e-01 -4.435699e-01
   outer loop
     vertex  2.500000e+00 -1.398473e+00  6.684116e-01
     vertex -2.500000e+00 -1.398473e+00  6.684116e-01
     vertex -2.500000e+00 -1.379609e+00  7.065257e-01
   endloop
 endfacet
 facet normal  0.000000e+00  8.962398e-01 -4.435699e-01
   outer loop
     vertex  2.500000e+00 -1.398473e+00  6.684116e-01
     vertex -2.500000e+00 -1.379609e+00  7.065257e-01
     vertex  2.500000e+00 -1.379609e+00  7.065257e-01
   endloop
 endfacet
 facet normal  0.000000e+00  9.080714e-01 -4.188155e-01
   outer loop
     vertex  2.500000e+00 -1.416284e+00  6.297942e-01
     vertex -2.500000e+00 -1.416284e+00  6.297942e-01
     vertex -2.500000e+00 -1.398473e+00  6.684116e-01
   endloop
 endfacet
 facet normal  0.000000e+00  9.080714e-01 -4.188155e-01
   outer loop
     vertex  2.500000e+00 -1.416284e+00  6.297942e-01
     vertex -2.500000e+00 -1.398473e+00  6.684116e-01
     vertex  2.500000e+00 -1.398473e+00  6.684116e-01
   endloop
 endfacet
 facet normal  0.000000e+00  9.192194e-01 -3.937458e-01
   outer loop
     vertex  2.500000e+00 -1.433028e+00  5.907028e-01
     vertex -2.500000e+00 -1.433028e+00  5.907028e-01
     vertex -2.500000e+00 -1.416284e+00  6.297942e-01
   endloop
 endfacet
 facet normal  0.000000e+00  9.192194e-01 -3.937458e-01
   outer loop
     vertex  2.500000e+00 -1.433028e+00  5.907028e-01
     vertex -2.500000e+00 -1.416284e+00  6.297942e-01
     vertex  2.500000e+00 -1.416284e+00  6.297942e-01
   endloop
 endfacet
 facet normal  0.000000e+00  9.296754e-01 -3.683796e-01
   outer loop
     vertex  2.500000e+00 -1.448694e+00  5.511667e-01
     vertex -2.500000e+00 -1.448694e+00  5.511667e-01
     vertex -2.500000e+00 -1.433028e+00  5.907028e-01
   endloop
 endfacet
 facet normal  0.000000e+00  9.296754e-01 -3.683796e-01
   outer loop
     vertex  2.500000e+00 -1.448694e+00  5.511667e-01
     vertex -2.500000e+00 -1.433028e+00  5.907028e-01
     vertex  2.500000e+00 -1.433028e+00  5.907028e-01
   endloop
 endfacet
 facet normal  0.000000e+00  9.394317e-01 -3.427362e-01
   outer loop
     vertex  2.500000e+00 -1.463270e+00  5.112157e-01
     vertex -2.500000e+00 -1.463270e+00  5.112157e-01
     vertex -2.500000e+00 -1.448694e+00  5.511667e-01
   endloop
 endfacet
 facet normal  0.000000e+00  9.394317e-01 -3.427362e-01
   outer loop
     vertex  2.500000e+00 -1.463270e+00  5.112157e-01
     vertex -2.500000e+00 -1.448694e+00  5.511667e-01
     vertex  2.500000e+00 -1.448694e+00  5.511667e-01
   endloop
 endfacet
 facet normal  0.000000e+00  9.484807e-01 -3.168348e-01
   outer loop
     vertex  2.500000e+00 -1.476744e+00  4.708798e-01
     vertex -2.500000e+00 -1.476744e+00  4.708798e-01
     vertex -2.500000e+00 -1.463270e+00  5.112157e-01
   endloop
 endfacet
 facet normal  0.000000e+00  9.484807e-01 -3.168348e-01
   outer loop
     vertex  2.500000e+00 -1.476744e+00  4.708798e-01
     vertex -2.500000e+00 -1.463270e+00  5.112157e-01
     vertex  2.500000e+00 -1.463270e+00  5.112157e-01
   endloop
 endfacet
 facet normal  0.000000e+00  9.568158e-01 -2.906949e-01
   outer loop
     vertex  2.500000e+00 -1.489106e+00  4.301896e-01
     vertex -2.500000e+00 -1.489106e+00  4.301896e-01
     vertex -2.500000e+00 -1.476744e+00  4.708798e-01
   endloop
 endfacet
 facet normal  0.000000e+00  9.644306e-01 -2.643362e-01
   outer loop
     vertex  2.500000e+00 -1.489106e+00  4.301896e-01
     vertex -2.500000e+00 -1.500347e+00  3.891754e-01
     vertex -2.500000e+00 -1.489106e+00  4.301896e-01
   endloop
 endfacet
 facet normal  0.000000e+00  9.568158e-01 -2.906949e-01
   outer loop
     vertex  2.500000e+00 -1.489106e+00  4.301896e-01
     vertex -2.500000e+00 -1.476744e+00  4.708798e-01
     vertex  2.500000e+00 -1.476744e+00  4.708798e-01
   endloop
 endfacet
 facet normal  0.000000e+00  9.713194e-01 -2.377784e-01
   outer loop
     vertex  2.500000e+00 -1.500347e+00  3.891754e-01
     vertex -2.500000e+00 -1.510459e+00  3.478683e-01
     vertex -2.500000e+00 -1.500347e+00  3.891754e-01
   endloop
 endfacet
 facet normal  0.000000e+00  9.644306e-01 -2.643362e-01
   outer loop
     vertex  2.500000e+00 -1.500347e+00  3.891754e-01
     vertex -2.500000e+00 -1.500347e+00  3.891754e-01
     vertex  2.500000e+00 -1.489106e+00  4.301896e-01
   endloop
 endfacet
 facet normal  0.000000e+00  9.713194e-01 -2.377784e-01
   outer loop
     vertex  2.500000e+00 -1.510459e+00  3.478683e-01
     vertex -2.500000e+00 -1.510459e+00  3.478683e-01
     vertex  2.500000e+00 -1.500347e+00  3.891754e-01
   endloop
 endfacet
 facet normal  0.000000e+00  9.774771e-01 -2.110417e-01
   outer loop
     vertex  2.500000e+00 -1.519434e+00  3.062994e-01
     vertex -2.500000e+00 -1.519434e+00  3.062994e-01
     vertex -2.500000e+00 -1.510459e+00  3.478683e-01
   endloop
 endfacet
 facet normal  0.000000e+00  9.828989e-01 -1.841461e-01
   outer loop
     vertex  2.500000e+00 -1.519434e+00  3.062994e-01
     vertex -2.500000e+00 -1.527265e+00  2.644999e-01
     vertex -2.500000e+00 -1.519434e+00  3.062994e-01
   endloop
 endfacet
 facet normal  0.000000e+00  9.774771e-01 -2.110417e-01
   outer loop
     vertex  2.500000e+00 -1.519434e+00  3.062994e-01
     vertex -2.500000e+00 -1.510459e+00  3.478683e-01
     vertex  2.500000e+00 -1.510459e+00  3.478683e-01
   endloop
 endfacet
 facet normal  0.000000e+00  9.875808e-01 -1.571119e-01
   outer loop
     vertex  2.500000e+00 -1.527265e+00  2.644999e-01
     vertex -2.500000e+00 -1.533947e+00  2.225012e-01
     vertex -2.500000e+00 -1.527265e+00  2.644999e-01
   endloop
 endfacet
 facet normal  0.000000e+00  9.828989e-01 -1.841461e-01
   outer loop
     vertex  2.500000e+00 -1.527265e+00  2.644999e-01
     vertex -2.500000e+00 -1.527265e+00  2.644999e-01
     vertex  2.500000e+00 -1.519434e+00  3.062994e-01
   endloop
 endfacet
 facet normal  0.000000e+00  9.875808e-01 -1.571119e-01
   outer loop
     vertex  2.500000e+00 -1.533947e+00  2.225012e-01
     vertex -2.500000e+00 -1.533947e+00  2.225012e-01
     vertex  2.500000e+00 -1.527265e+00  2.644999e-01
   endloop
 endfacet
 facet normal  0.000000e+00  9.915193e-01 -1.299594e-01
   outer loop
     vertex  2.500000e+00 -1.539474e+00  1.803351e-01
     vertex -2.500000e+00 -1.539474e+00  1.803351e-01
     vertex -2.500000e+00 -1.533947e+00  2.225012e-01
   endloop
 endfacet
 facet normal  0.000000e+00  9.947114e-01 -1.027091e-01
   outer loop
     vertex  2.500000e+00 -1.539474e+00  1.803351e-01
     vertex -2.500000e+00 -1.543842e+00  1.380333e-01
     vertex -2.500000e+00 -1.539474e+00  1.803351e-01
   endloop
 endfacet
 facet normal  0.000000e+00  9.915193e-01 -1.299594e-01
   outer loop
     vertex  2.500000e+00 -1.539474e+00  1.803351e-01
     vertex -2.500000e+00 -1.533947e+00  2.225012e-01
     vertex  2.500000e+00 -1.533947e+00  2.225012e-01
   endloop
 endfacet
 facet normal  0.000000e+00  9.947114e-01 -1.027091e-01
   outer loop
     vertex  2.500000e+00 -1.543842e+00  1.380333e-01
     vertex -2.500000e+00 -1.543842e+00  1.380333e-01
     vertex  2.500000e+00 -1.539474e+00  1.803351e-01
   endloop
 endfacet
 facet normal  0.000000e+00  9.971548e-01 -7.538152e-02
   outer loop
     vertex  2.500000e+00 -1.547047e+00  9.562748e-02
     vertex -2.500000e+00 -1.543842e+00  1.380333e-01
     vertex  2.500000e+00 -1.543842e+00  1.380333e-01
   endloop
 endfacet
 facet normal  0.000000e+00  9.971548e-01 -7.538152e-02
   outer loop
     vertex  2.500000e+00 -1.547047e+00  9.562748e-02
     vertex -2.500000e+00 -1.547047e+00  9.562748e-02
     vertex -2.500000e+00 -1.543842e+00  1.380333e-01
   endloop
 endfacet
 facet normal  0.000000e+00  9.988475e-01 -4.799716e-02
   outer loop
     vertex  2.500000e+00 -1.547047e+00  9.562748e-02
     vertex -2.500000e+00 -1.549088e+00  5.314972e-02
     vertex -2.500000e+00 -1.547047e+00  9.562748e-02
   endloop
 endfacet
 facet normal  0.000000e+00  9.988475e-01 -4.799716e-02
   outer loop
     vertex  2.500000e+00 -1.549088e+00  5.314972e-02
     vertex -2.500000e+00 -1.549088e+00  5.314972e-02
     vertex  2.500000e+00 -1.547047e+00  9.562748e-02
   endloop
 endfacet
 facet normal  0.000000e+00  9.997883e-01 -2.057667e-02
   outer loop
     vertex  2.500000e+00 -1.549088e+00  5.314972e-02
     vertex -2.500000e+00 -1.549964e+00  1.063194e-02
     vertex -2.500000e+00 -1.549088e+00  5.314972e-02
   endloop
 endfacet
 facet normal  0.000000e+00  9.997883e-01 -2.057667e-02
   outer loop
     vertex  2.500000e+00 -1.549964e+00  1.063194e-02
     vertex -2.500000e+00 -1.549964e+00  1.063194e-02
     vertex  2.500000e+00 -1.549088e+00  5.314972e-02
   endloop
 endfacet
 facet normal  0.000000e+00  9.999765e-01  6.859319e-03
   outer loop
     vertex  2.500000e+00 -1.549672e+00 -3.189383e-02
     vertex -2.500000e+00 -1.549964e+00  1.063194e-02
     vertex  2.500000e+00 -1.549964e+00  1.063194e-02
   endloop
 endfacet
 facet normal  0.000000e+00  9.999765e-01  6.859319e-03
   outer loop
     vertex  2.500000e+00 -1.549672e+00 -3.189383e-02
     vertex -2.500000e+00 -1.549672e+00 -3.189383e-02
     vertex -2.500000e+00 -1.549964e+00  1.063194e-02
   endloop
 endfacet
 facet normal  0.000000e+00  9.994119e-01  3.429014e-02
   outer loop
     vertex  2.500000e+00 -1.548214e+00 -7.439560e-02
     vertex -2.500000e+00 -1.549672e+00 -3.189383e-02
     vertex  2.500000e+00 -1.549672e+00 -3.189383e-02
   endloop
 endfacet
 facet normal  0.000000e+00  9.994119e-01  3.429014e-02
   outer loop
     vertex  2.500000e+00 -1.548214e+00 -7.439560e-02
     vertex -2.500000e+00 -1.548214e+00 -7.439560e-02
     vertex -2.500000e+00 -1.549672e+00 -3.189383e-02
   endloop
 endfacet
 facet normal  0.000000e+00  9.980950e-01  6.169515e-02
   outer loop
     vertex  2.500000e+00 -1.545590e+00 -1.168414e-01
     vertex -2.500000e+00 -1.548214e+00 -7.439560e-02
     vertex  2.500000e+00 -1.548214e+00 -7.439560e-02
   endloop
 endfacet
 facet normal  0.000000e+00  9.980950e-01  6.169515e-02
   outer loop
     vertex  2.500000e+00 -1.545590e+00 -1.168414e-01
     vertex -2.500000e+00 -1.545590e+00 -1.168414e-01
     vertex -2.500000e+00 -1.548214e+00 -7.439560e-02
   endloop
 endfacet
 facet normal  0.000000e+00  9.960268e-01  8.905371e-02
   outer loop
     vertex  2.500000e+00 -1.541803e+00 -1.591992e-01
     vertex -2.500000e+00 -1.545590e+00 -1.168414e-01
     vertex  2.500000e+00 -1.545590e+00 -1.168414e-01
   endloop
 endfacet
 facet normal  0.000000e+00  9.960268e-01  8.905371e-02
   outer loop
     vertex  2.500000e+00 -1.541803e+00 -1.591992e-01
     vertex -2.500000e+00 -1.541803e+00 -1.591992e-01
     vertex -2.500000e+00 -1.545590e+00 -1.168414e-01
   endloop
 endfacet
 facet normal  0.000000e+00  9.932088e-01  1.163452e-01
   outer loop
     vertex  2.500000e+00 -1.536855e+00 -2.014371e-01
     vertex -2.500000e+00 -1.541803e+00 -1.591992e-01
     vertex  2.500000e+00 -1.541803e+00 -1.591992e-01
   endloop
 endfacet
 facet normal  0.000000e+00  9.932088e-01  1.163452e-01
   outer loop
     vertex  2.500000e+00 -1.536855e+00 -2.014371e-01
     vertex -2.500000e+00 -1.536855e+00 -2.014371e-01
     vertex -2.500000e+00 -1.541803e+00 -1.591992e-01
   endloop
 endfacet
 facet normal  0.000000e+00  9.896432e-01  1.435492e-01
   outer loop
     vertex  2.500000e+00 -1.536855e+00 -2.014371e-01
     vertex -2.500000e+00 -1.530750e+00 -2.435235e-01
     vertex -2.500000e+00 -1.536855e+00 -2.014371e-01
   endloop
 endfacet
 facet normal  0.000000e+00  9.896432e-01  1.435492e-01
   outer loop
     vertex  2.500000e+00 -1.530750e+00 -2.435235e-01
     vertex -2.500000e+00 -1.530750e+00 -2.435235e-01
     vertex  2.500000e+00 -1.536855e+00 -2.014371e-01
   endloop
 endfacet
 facet normal  0.000000e+00  9.853326e-01  1.706451e-01
   outer loop
     vertex  2.500000e+00 -1.523493e+00 -2.854265e-01
     vertex -2.500000e+00 -1.530750e+00 -2.435235e-01
     vertex  2.500000e+00 -1.530750e+00 -2.435235e-01
   endloop
 endfacet
 facet normal  0.000000e+00  9.853326e-01  1.706451e-01
   outer loop
     vertex  2.500000e+00 -1.523493e+00 -2.854265e-01
     vertex -2.500000e+00 -1.523493e+00 -2.854265e-01
     vertex -2.500000e+00 -1.530750e+00 -2.435235e-01
   endloop
 endfacet
 facet normal  0.000000e+00  9.802802e-01  1.976125e-01
   outer loop
     vertex  2.500000e+00 -1.515089e+00 -3.271147e-01
     vertex -2.500000e+00 -1.523493e+00 -2.854265e-01
     vertex  2.500000e+00 -1.523493e+00 -2.854265e-01
   endloop
 endfacet
 facet normal  0.000000e+00  9.802802e-01  1.976125e-01
   outer loop
     vertex  2.500000e+00 -1.515089e+00 -3.271147e-01
     vertex -2.500000e+00 -1.515089e+00 -3.271147e-01
     vertex -2.500000e+00 -1.523493e+00 -2.854265e-01
   endloop
 endfacet
 facet normal  0.000000e+00  9.744899e-01  2.244312e-01
   outer loop
     vertex  2.500000e+00 -1.515089e+00 -3.271147e-01
     vertex -2.500000e+00 -1.505545e+00 -3.685566e-01
     vertex -2.500000e+00 -1.515089e+00 -3.271147e-01
   endloop
 endfacet
 facet normal  0.000000e+00  9.744899e-01  2.244312e-01
   outer loop
     vertex  2.500000e+00 -1.505545e+00 -3.685566e-01
     vertex -2.500000e+00 -1.505545e+00 -3.685566e-01
     vertex  2.500000e+00 -1.515089e+00 -3.271147e-01
   endloop
 endfacet
 facet normal  0.000000e+00  9.679661e-01  2.510809e-01
   outer loop
     vertex  2.500000e+00 -1.494867e+00 -4.097210e-01
     vertex -2.500000e+00 -1.505545e+00 -3.685566e-01
     vertex  2.500000e+00 -1.505545e+00 -3.685566e-01
   endloop
 endfacet
 facet normal  0.000000e+00  9.679661e-01  2.510809e-01
   outer loop
     vertex  2.500000e+00 -1.494867e+00 -4.097210e-01
     vertex -2.500000e+00 -1.494867e+00 -4.097210e-01
     vertex -2.500000e+00 -1.505545e+00 -3.685566e-01
   endloop
 endfacet
 facet normal  0.000000e+00  9.607136e-01  2.775416e-01
   outer loop
     vertex  2.500000e+00 -1.494867e+00 -4.097210e-01
     vertex -2.500000e+00 -1.483064e+00 -4.505771e-01
     vertex -2.500000e+00 -1.494867e+00 -4.097210e-01
   endloop
 endfacet
 facet normal  0.000000e+00  9.607136e-01  2.775416e-01
   outer loop
     vertex  2.500000e+00 -1.483064e+00 -4.505771e-01
     vertex -2.500000e+00 -1.483064e+00 -4.505771e-01
     vertex  2.500000e+00 -1.494867e+00 -4.097210e-01
   endloop
 endfacet
 facet normal  0.000000e+00  9.527379e-01  3.037934e-01
   outer loop
     vertex  2.500000e+00 -1.470145e+00 -4.910940e-01
     vertex -2.500000e+00 -1.483064e+00 -4.505771e-01
     vertex  2.500000e+00 -1.483064e+00 -4.505771e-01
   endloop
 endfacet
 facet normal  0.000000e+00  9.527379e-01  3.037934e-01
   outer loop
     vertex  2.500000e+00 -1.470145e+00 -4.910940e-01
     vertex -2.500000e+00 -1.470145e+00 -4.910940e-01
     vertex -2.500000e+00 -1.483064e+00 -4.505771e-01
   endloop
 endfacet
 facet normal  0.000000e+00  9.440450e-01  3.298166e-01
   outer loop
     vertex  2.500000e+00 -1.470145e+00 -4.910940e-01
     vertex -2.500000e+00 -1.456119e+00 -5.312412e-01
     vertex -2.500000e+00 -1.470145e+00 -4.910940e-01
   endloop
 endfacet
 facet normal  0.000000e+00  9.440450e-01  3.298166e-01
   outer loop
     vertex  2.500000e+00 -1.456119e+00 -5.312412e-01
     vertex -2.500000e+00 -1.456119e+00 -5.312412e-01
     vertex  2.500000e+00 -1.470145e+00 -4.910940e-01
   endloop
 endfacet
 facet normal  0.000000e+00  9.346415e-01  3.555914e-01
   outer loop
     vertex  2.500000e+00 -1.440997e+00 -5.709885e-01
     vertex -2.500000e+00 -1.440997e+00 -5.709885e-01
     vertex -2.500000e+00 -1.456119e+00 -5.312412e-01
   endloop
 endfacet
 facet normal  0.000000e+00  9.346415e-01  3.555914e-01
   outer loop
     vertex  2.500000e+00 -1.440997e+00 -5.709885e-01
     vertex -2.500000e+00 -1.456119e+00 -5.312412e-01
     vertex  2.500000e+00 -1.456119e+00 -5.312412e-01
   endloop
 endfacet
 facet normal  0.000000e+00  9.245344e-01  3.810986e-01
   outer loop
     vertex  2.500000e+00 -1.424790e+00 -6.103059e-01
     vertex -2.500000e+00 -1.424790e+00 -6.103059e-01
     vertex -2.500000e+00 -1.440997e+00 -5.709885e-01
   endloop
 endfacet
 facet normal  0.000000e+00  9.245344e-01  3.810986e-01
   outer loop
     vertex  2.500000e+00 -1.424790e+00 -6.103059e-01
     vertex -2.500000e+00 -1.440997e+00 -5.709885e-01
     vertex  2.500000e+00 -1.440997e+00 -5.709885e-01
   endloop
 endfacet
 facet normal  0.000000e+00  9.137314e-01  4.063188e-01
   outer loop
     vertex  2.500000e+00 -1.407511e+00 -6.491640e-01
     vertex -2.500000e+00 -1.407511e+00 -6.491640e-01
     vertex -2.500000e+00 -1.424790e+00 -6.103059e-01
   endloop
 endfacet
 facet normal  0.000000e+00  9.022405e-01  4.312333e-01
   outer loop
     vertex  2.500000e+00 -1.407511e+00 -6.491640e-01
     vertex -2.500000e+00 -1.389172e+00 -6.875333e-01
     vertex -2.500000e+00 -1.407511e+00 -6.491640e-01
   endloop
 endfacet
 facet normal  0.000000e+00  9.137314e-01  4.063188e-01
   outer loop
     vertex  2.500000e+00 -1.407511e+00 -6.491640e-01
     vertex -2.500000e+00 -1.424790e+00 -6.103059e-01
     vertex  2.500000e+00 -1.424790e+00 -6.103059e-01
   endloop
 endfacet
 facet normal  0.000000e+00  9.022405e-01  4.312333e-01
   outer loop
     vertex  2.500000e+00 -1.389172e+00 -6.875333e-01
     vertex -2.500000e+00 -1.389172e+00 -6.875333e-01
     vertex  2.500000e+00 -1.407511e+00 -6.491640e-01
   endloop
 endfacet
 facet normal  0.000000e+00  8.900704e-01  4.558231e-01
   outer loop
     vertex  2.500000e+00 -1.369787e+00 -7.253852e-01
     vertex -2.500000e+00 -1.369787e+00 -7.253852e-01
     vertex -2.500000e+00 -1.389172e+00 -6.875333e-01
   endloop
 endfacet
 facet normal  0.000000e+00  8.772303e-01  4.800697e-01
   outer loop
     vertex  2.500000e+00 -1.369787e+00 -7.253852e-01
     vertex -2.500000e+00 -1.349371e+00 -7.626910e-01
     vertex -2.500000e+00 -1.369787e+00 -7.253852e-01
   endloop
 endfacet
 facet normal  0.000000e+00  8.900704e-01  4.558231e-01
   outer loop
     vertex  2.500000e+00 -1.369787e+00 -7.253852e-01
     vertex -2.500000e+00 -1.389172e+00 -6.875333e-01
     vertex  2.500000e+00 -1.389172e+00 -6.875333e-01
   endloop
 endfacet
 facet normal  0.000000e+00  8.772303e-01  4.800697e-01
   outer loop
     vertex  2.500000e+00 -1.349371e+00 -7.626910e-01
     vertex -2.500000e+00 -1.349371e+00 -7.626910e-01
     vertex  2.500000e+00 -1.369787e+00 -7.253852e-01
   endloop
 endfacet
 facet normal  0.000000e+00  8.637299e-01  5.039550e-01
   outer loop
     vertex  2.500000e+00 -1.327940e+00 -7.994226e-01
     vertex -2.500000e+00 -1.327940e+00 -7.994226e-01
     vertex -2.500000e+00 -1.349371e+00 -7.626910e-01
   endloop
 endfacet
 facet normal  0.000000e+00  8.637299e-01  5.039550e-01
   outer loop
     vertex  2.500000e+00 -1.327940e+00 -7.994226e-01
     vertex -2.500000e+00 -1.349371e+00 -7.626910e-01
     vertex  2.500000e+00 -1.349371e+00 -7.626910e-01
   endloop
 endfacet
 facet normal  0.000000e+00  8.495793e-01  5.274609e-01
   outer loop
     vertex  2.500000e+00 -1.305508e+00 -8.355525e-01
     vertex -2.500000e+00 -1.305508e+00 -8.355525e-01
     vertex -2.500000e+00 -1.327940e+00 -7.994226e-01
   endloop
 endfacet
 facet normal  0.000000e+00  8.347891e-01  5.505698e-01
   outer loop
     vertex  2.500000e+00 -1.305508e+00 -8.355525e-01
     vertex -2.500000e+00 -1.282094e+00 -8.710534e-01
     vertex -2.500000e+00 -1.305508e+00 -8.355525e-01
   endloop
 endfacet
 facet normal  0.000000e+00  8.495793e-01  5.274609e-01
   outer loop
     vertex  2.500000e+00 -1.305508e+00 -8.355525e-01
     vertex -2.500000e+00 -1.327940e+00 -7.994226e-01
     vertex  2.500000e+00 -1.327940e+00 -7.994226e-01
   endloop
 endfacet
 facet normal  0.000000e+00  8.347891e-01  5.505698e-01
   outer loop
     vertex  2.500000e+00 -1.282094e+00 -8.710534e-01
     vertex -2.500000e+00 -1.282094e+00 -8.710534e-01
     vertex  2.500000e+00 -1.305508e+00 -8.355525e-01
   endloop
 endfacet
 facet normal  0.000000e+00  8.193706e-01  5.732642e-01
   outer loop
     vertex  2.500000e+00 -1.257715e+00 -9.058985e-01
     vertex -2.500000e+00 -1.282094e+00 -8.710534e-01
     vertex  2.500000e+00 -1.282094e+00 -8.710534e-01
   endloop
 endfacet
 facet normal  0.000000e+00  8.193706e-01  5.732642e-01
   outer loop
     vertex  2.500000e+00 -1.257715e+00 -9.058985e-01
     vertex -2.500000e+00 -1.257715e+00 -9.058985e-01
     vertex -2.500000e+00 -1.282094e+00 -8.710534e-01
   endloop
 endfacet
 facet normal  0.000000e+00  8.033352e-01  5.955271e-01
   outer loop
     vertex  2.500000e+00 -1.232389e+00 -9.400618e-01
     vertex -2.500000e+00 -1.232389e+00 -9.400618e-01
     vertex -2.500000e+00 -1.257715e+00 -9.058985e-01
   endloop
 endfacet
 facet normal  0.000000e+00  7.866951e-01  6.173417e-01
   outer loop
     vertex  2.500000e+00 -1.232389e+00 -9.400618e-01
     vertex -2.500000e+00 -1.206136e+00 -9.735174e-01
     vertex -2.500000e+00 -1.232389e+00 -9.400618e-01
   endloop
 endfacet
 facet normal  0.000000e+00  8.033352e-01  5.955271e-01
   outer loop
     vertex  2.500000e+00 -1.232389e+00 -9.400618e-01
     vertex -2.500000e+00 -1.257715e+00 -9.058985e-01
     vertex  2.500000e+00 -1.257715e+00 -9.058985e-01
   endloop
 endfacet
 facet normal  0.000000e+00  7.866951e-01  6.173417e-01
   outer loop
     vertex  2.500000e+00 -1.206136e+00 -9.735174e-01
     vertex -2.500000e+00 -1.206136e+00 -9.735174e-01
     vertex  2.500000e+00 -1.232389e+00 -9.400618e-01
   endloop
 endfacet
 facet normal  0.000000e+00  7.694628e-01  6.386916e-01
   outer loop
     vertex  2.500000e+00 -1.178974e+00 -1.006240e+00
     vertex -2.500000e+00 -1.206136e+00 -9.735174e-01
     vertex  2.500000e+00 -1.206136e+00 -9.735174e-01
   endloop
 endfacet
 facet normal  0.000000e+00  7.694628e-01  6.386916e-01
   outer loop
     vertex  2.500000e+00 -1.178974e+00 -1.006240e+00
     vertex -2.500000e+00 -1.178974e+00 -1.006240e+00
     vertex -2.500000e+00 -1.206136e+00 -9.735174e-01
   endloop
 endfacet
 facet normal  0.000000e+00  7.516513e-01  6.595607e-01
   outer loop
     vertex  2.500000e+00 -1.150925e+00 -1.038205e+00
     vertex -2.500000e+00 -1.178974e+00 -1.006240e+00
     vertex  2.500000e+00 -1.178974e+00 -1.006240e+00
   endloop
 endfacet
 facet normal  0.000000e+00  7.516513e-01  6.595607e-01
   outer loop
     vertex  2.500000e+00 -1.150925e+00 -1.038205e+00
     vertex -2.500000e+00 -1.150925e+00 -1.038205e+00
     vertex -2.500000e+00 -1.178974e+00 -1.006240e+00
   endloop
 endfacet
 facet normal  0.000000e+00  7.332740e-01  6.799333e-01
   outer loop
     vertex  2.500000e+00 -1.122010e+00 -1.069389e+00
     vertex -2.500000e+00 -1.150925e+00 -1.038205e+00
     vertex  2.500000e+00 -1.150925e+00 -1.038205e+00
   endloop
 endfacet
 facet normal  0.000000e+00  7.332740e-01  6.799333e-01
   outer loop
     vertex  2.500000e+00 -1.122010e+00 -1.069389e+00
     vertex -2.500000e+00 -1.122010e+00 -1.069389e+00
     vertex -2.500000e+00 -1.150925e+00 -1.038205e+00
   endloop
 endfacet
 facet normal  0.000000e+00  7.143447e-01  6.997940e-01
   outer loop
     vertex  2.500000e+00 -1.122010e+00 -1.069389e+00
     vertex -2.500000e+00 -1.092250e+00 -1.099768e+00
     vertex -2.500000e+00 -1.122010e+00 -1.069389e+00
   endloop
 endfacet
 facet normal  0.000000e+00  7.143447e-01  6.997940e-01
   outer loop
     vertex  2.500000e+00 -1.092250e+00 -1.099768e+00
     vertex -2.500000e+00 -1.092250e+00 -1.099768e+00
     vertex  2.500000e+00 -1.122010e+00 -1.069389e+00
   endloop
 endfacet
 facet normal  0.000000e+00  6.948776e-01  7.191280e-01
   outer loop
     vertex  2.500000e+00 -1.061668e+00 -1.129319e+00
     vertex -2.500000e+00 -1.092250e+00 -1.099768e+00
     vertex  2.500000e+00 -1.092250e+00 -1.099768e+00
   endloop
 endfacet
 facet normal  0.000000e+00  6.948776e-01  7.191280e-01
   outer loop
     vertex  2.500000e+00 -1.061668e+00 -1.129319e+00
     vertex -2.500000e+00 -1.061668e+00 -1.129319e+00
     vertex -2.500000e+00 -1.092250e+00 -1.099768e+00
   endloop
 endfacet
 facet normal  0.000000e+00  6.748875e-01  7.379206e-01
   outer loop
     vertex  2.500000e+00 -1.030287e+00 -1.158020e+00
     vertex -2.500000e+00 -1.061668e+00 -1.129319e+00
     vertex  2.500000e+00 -1.061668e+00 -1.129319e+00
   endloop
 endfacet
 facet normal  0.000000e+00  6.748875e-01  7.379206e-01
   outer loop
     vertex  2.500000e+00 -1.030287e+00 -1.158020e+00
     vertex -2.500000e+00 -1.030287e+00 -1.158020e+00
     vertex -2.500000e+00 -1.061668e+00 -1.129319e+00
   endloop
 endfacet
 facet normal  0.000000e+00  6.543893e-01  7.561578e-01
   outer loop
     vertex  2.500000e+00 -1.030287e+00 -1.158020e+00
     vertex -2.500000e+00 -9.981295e-01 -1.185849e+00
     vertex -2.500000e+00 -1.030287e+00 -1.158020e+00
   endloop
 endfacet
 facet normal  0.000000e+00  6.543893e-01  7.561578e-01
   outer loop
     vertex  2.500000e+00 -9.981295e-01 -1.185849e+00
     vertex -2.500000e+00 -9.981295e-01 -1.185849e+00
     vertex  2.500000e+00 -1.030287e+00 -1.158020e+00
   endloop
 endfacet
 facet normal  0.000000e+00  6.333986e-01  7.738257e-01
   outer loop
     vertex  2.500000e+00 -9.981295e-01 -1.185849e+00
     vertex -2.500000e+00 -9.652212e-01 -1.212785e+00
     vertex -2.500000e+00 -9.981295e-01 -1.185849e+00
   endloop
 endfacet
 facet normal  0.000000e+00  6.333986e-01  7.738257e-01
   outer loop
     vertex  2.500000e+00 -9.652212e-01 -1.212785e+00
     vertex -2.500000e+00 -9.652212e-01 -1.212785e+00
     vertex  2.500000e+00 -9.981295e-01 -1.185849e+00
   endloop
 endfacet
 facet normal  0.000000e+00  6.119310e-01  7.909112e-01
   outer loop
     vertex  2.500000e+00 -9.315863e-01 -1.238809e+00
     vertex -2.500000e+00 -9.652212e-01 -1.212785e+00
     vertex  2.500000e+00 -9.652212e-01 -1.212785e+00
   endloop
 endfacet
 facet normal  0.000000e+00  6.119310e-01  7.909112e-01
   outer loop
     vertex  2.500000e+00 -9.315863e-01 -1.238809e+00
     vertex -2.500000e+00 -9.315863e-01 -1.238809e+00
     vertex -2.500000e+00 -9.652212e-01 -1.212785e+00
   endloop
 endfacet
 facet normal  0.000000e+00  5.900028e-01  8.074012e-01
   outer loop
     vertex  2.500000e+00 -8.972502e-01 -1.263900e+00
     vertex -2.500000e+00 -9.315863e-01 -1.238809e+00
     vertex  2.500000e+00 -9.315863e-01 -1.238809e+00
   endloop
 endfacet
 facet normal  0.000000e+00  5.900028e-01  8.074012e-01
   outer loop
     vertex  2.500000e+00 -8.972502e-01 -1.263900e+00
     vertex -2.500000e+00 -8.972502e-01 -1.263900e+00
     vertex -2.500000e+00 -9.315863e-01 -1.238809e+00
   endloop
 endfacet
 facet normal  0.000000e+00  5.676304e-01  8.232835e-01
   outer loop
     vertex  2.500000e+00 -8.972502e-01 -1.263900e+00
     vertex -2.500000e+00 -8.622386e-01 -1.288039e+00
     vertex -2.500000e+00 -8.972502e-01 -1.263900e+00
   endloop
 endfacet
 facet normal  0.000000e+00  5.676304e-01  8.232835e-01
   outer loop
     vertex  2.500000e+00 -8.622386e-01 -1.288039e+00
     vertex -2.500000e+00 -8.622386e-01 -1.288039e+00
     vertex  2.500000e+00 -8.972502e-01 -1.263900e+00
   endloop
 endfacet
 facet normal  0.000000e+00  5.448308e-01  8.385460e-01
   outer loop
     vertex  2.500000e+00 -8.265779e-01 -1.311209e+00
     vertex -2.500000e+00 -8.622386e-01 -1.288039e+00
     vertex  2.500000e+00 -8.622386e-01 -1.288039e+00
   endloop
 endfacet
 facet normal  0.000000e+00  5.448308e-01  8.385460e-01
   outer loop
     vertex  2.500000e+00 -8.265779e-01 -1.311209e+00
     vertex -2.500000e+00 -8.265779e-01 -1.311209e+00
     vertex -2.500000e+00 -8.622386e-01 -1.288039e+00
   endloop
 endfacet
 facet normal  0.000000e+00  5.216210e-01  8.531773e-01
   outer loop
     vertex  2.500000e+00 -8.265779e-01 -1.311209e+00
     vertex -2.500000e+00 -7.902950e-01 -1.333392e+00
     vertex -2.500000e+00 -8.265779e-01 -1.311209e+00
   endloop
 endfacet
 facet normal  0.000000e+00  5.216210e-01  8.531773e-01
   outer loop
     vertex  2.500000e+00 -7.902950e-01 -1.333392e+00
     vertex -2.500000e+00 -7.902950e-01 -1.333392e+00
     vertex  2.500000e+00 -8.265779e-01 -1.311209e+00
   endloop
 endfacet
 facet normal  0.000000e+00  4.980186e-01  8.671664e-01
   outer loop
     vertex  2.500000e+00 -7.534172e-01 -1.354571e+00
     vertex -2.500000e+00 -7.902950e-01 -1.333392e+00
     vertex  2.500000e+00 -7.902950e-01 -1.333392e+00
   endloop
 endfacet
 facet normal  0.000000e+00  4.980186e-01  8.671664e-01
   outer loop
     vertex  2.500000e+00 -7.534172e-01 -1.354571e+00
     vertex -2.500000e+00 -7.534172e-01 -1.354571e+00
     vertex -2.500000e+00 -7.902950e-01 -1.333392e+00
   endloop
 endfacet
 facet normal  0.000000e+00  4.740412e-01  8.805026e-01
   outer loop
     vertex  2.500000e+00 -7.159723e-01 -1.374730e+00
     vertex -2.500000e+00 -7.534172e-01 -1.354571e+00
     vertex  2.500000e+00 -7.534172e-01 -1.354571e+00
   endloop
 endfacet
 facet normal  0.000000e+00  4.740412e-01  8.805026e-01
   outer loop
     vertex  2.500000e+00 -7.159723e-01 -1.374730e+00
     vertex -2.500000e+00 -7.159723e-01 -1.374730e+00
     vertex -2.500000e+00 -7.534172e-01 -1.354571e+00
   endloop
 endfacet
 facet normal  0.000000e+00  4.497071e-01  8.931761e-01
   outer loop
     vertex  2.500000e+00 -6.779884e-01 -1.393855e+00
     vertex -2.500000e+00 -7.159723e-01 -1.374730e+00
     vertex  2.500000e+00 -7.159723e-01 -1.374730e+00
   endloop
 endfacet
 facet normal  0.000000e+00  4.497071e-01  8.931761e-01
   outer loop
     vertex  2.500000e+00 -6.779884e-01 -1.393855e+00
     vertex -2.500000e+00 -6.779884e-01 -1.393855e+00
     vertex -2.500000e+00 -7.159723e-01 -1.374730e+00
   endloop
 endfacet
 facet normal  0.000000e+00  4.250344e-01  9.051772e-01
   outer loop
     vertex  2.500000e+00 -6.394941e-01 -1.411930e+00
     vertex -2.500000e+00 -6.779884e-01 -1.393855e+00
     vertex  2.500000e+00 -6.779884e-01 -1.393855e+00
   endloop
 endfacet
 facet normal  0.000000e+00  4.250344e-01  9.051772e-01
   outer loop
     vertex  2.500000e+00 -6.394941e-01 -1.411930e+00
     vertex -2.500000e+00 -6.394941e-01 -1.411930e+00
     vertex -2.500000e+00 -6.779884e-01 -1.393855e+00
   endloop
 endfacet
 facet normal  0.000000e+00  4.000417e-01  9.164969e-01
   outer loop
     vertex  2.500000e+00 -6.394941e-01 -1.411930e+00
     vertex -2.500000e+00 -6.005185e-01 -1.428943e+00
     vertex -2.500000e+00 -6.394941e-01 -1.411930e+00
   endloop
 endfacet
 facet normal  0.000000e+00  4.000417e-01  9.164969e-01
   outer loop
     vertex  2.500000e+00 -6.005185e-01 -1.428943e+00
     vertex -2.500000e+00 -6.005185e-01 -1.428943e+00
     vertex  2.500000e+00 -6.394941e-01 -1.411930e+00
   endloop
 endfacet
 facet normal  0.000000e+00  3.747479e-01  9.271267e-01
   outer loop
     vertex  2.500000e+00 -5.610908e-01 -1.444880e+00
     vertex -2.500000e+00 -6.005185e-01 -1.428943e+00
     vertex  2.500000e+00 -6.005185e-01 -1.428943e+00
   endloop
 endfacet
 facet normal  0.000000e+00  3.747479e-01  9.271267e-01
   outer loop
     vertex  2.500000e+00 -5.610908e-01 -1.444880e+00
     vertex -2.500000e+00 -5.610908e-01 -1.444880e+00
     vertex -2.500000e+00 -6.005185e-01 -1.428943e+00
   endloop
 endfacet
 facet normal  0.000000e+00  3.491720e-01  9.370586e-01
   outer loop
     vertex  2.500000e+00 -5.610908e-01 -1.444880e+00
     vertex -2.500000e+00 -5.212407e-01 -1.459729e+00
     vertex -2.500000e+00 -5.610908e-01 -1.444880e+00
   endloop
 endfacet
 facet normal  0.000000e+00  3.233333e-01  9.462851e-01
   outer loop
     vertex  2.500000e+00 -5.212407e-01 -1.459729e+00
     vertex -2.500000e+00 -4.809982e-01 -1.473479e+00
     vertex -2.500000e+00 -5.212407e-01 -1.459729e+00
   endloop
 endfacet
 facet normal  0.000000e+00  3.491720e-01  9.370586e-01
   outer loop
     vertex  2.500000e+00 -5.212407e-01 -1.459729e+00
     vertex -2.500000e+00 -5.212407e-01 -1.459729e+00
     vertex  2.500000e+00 -5.610908e-01 -1.444880e+00
   endloop
 endfacet
 facet normal  0.000000e+00  2.972512e-01  9.547993e-01
   outer loop
     vertex  2.500000e+00 -4.809982e-01 -1.473479e+00
     vertex -2.500000e+00 -4.403937e-01 -1.486120e+00
     vertex -2.500000e+00 -4.809982e-01 -1.473479e+00
   endloop
 endfacet
 facet normal  0.000000e+00  3.233333e-01  9.462851e-01
   outer loop
     vertex  2.500000e+00 -4.809982e-01 -1.473479e+00
     vertex -2.500000e+00 -4.809982e-01 -1.473479e+00
     vertex  2.500000e+00 -5.212407e-01 -1.459729e+00
   endloop
 endfacet
 facet normal  0.000000e+00  2.972512e-01  9.547993e-01
   outer loop
     vertex  2.500000e+00 -4.403937e-01 -1.486120e+00
     vertex -2.500000e+00 -4.403937e-01 -1.486120e+00
     vertex  2.500000e+00 -4.809982e-01 -1.473479e+00
   endloop
 endfacet
 facet normal  0.000000e+00  2.709453e-01  9.625948e-01
   outer loop
     vertex  2.500000e+00 -3.994576e-01 -1.497643e+00
     vertex -2.500000e+00 -3.994576e-01 -1.497643e+00
     vertex -2.500000e+00 -4.403937e-01 -1.486120e+00
   endloop
 endfacet
 facet normal  0.000000e+00  2.444354e-01  9.696656e-01
   outer loop
     vertex  2.500000e+00 -3.994576e-01 -1.497643e+00
     vertex -2.500000e+00 -3.582209e-01 -1.508038e+00
     vertex -2.500000e+00 -3.994576e-01 -1.497643e+00
   endloop
 endfacet
 facet normal  0.000000e+00  2.709453e-01  9.625948e-01
   outer loop
     vertex  2.500000e+00 -3.994576e-01 -1.497643e+00
     vertex -2.500000e+00 -4.403937e-01 -1.486120e+00
     vertex  2.500000e+00 -4.403937e-01 -1.486120e+00
   endloop
 endfacet
 facet normal  0.000000e+00  2.444354e-01  9.696656e-01
   outer loop
     vertex  2.500000e+00 -3.582209e-01 -1.508038e+00
     vertex -2.500000e+00 -3.582209e-01 -1.508038e+00
     vertex  2.500000e+00 -3.994576e-01 -1.497643e+00
   endloop
 endfacet
 facet normal  0.000000e+00  2.177416e-01  9.760065e-01
   outer loop
     vertex  2.500000e+00 -3.167145e-01 -1.517298e+00
     vertex -2.500000e+00 -3.582209e-01 -1.508038e+00
     vertex  2.500000e+00 -3.582209e-01 -1.508038e+00
   endloop
 endfacet
 facet normal  0.000000e+00  2.177416e-01  9.760065e-01
   outer loop
     vertex  2.500000e+00 -3.167145e-01 -1.517298e+00
     vertex -2.500000e+00 -3.167145e-01 -1.517298e+00
     vertex -2.500000e+00 -3.582209e-01 -1.508038e+00
   endloop
 endfacet
 facet normal  0.000000e+00  1.908838e-01  9.816126e-01
   outer loop
     vertex  2.500000e+00 -3.167145e-01 -1.517298e+00
     vertex -2.500000e+00 -2.749697e-01 -1.525415e+00
     vertex -2.500000e+00 -3.167145e-01 -1.517298e+00
   endloop
 endfacet
 facet normal  0.000000e+00  1.908838e-01  9.816126e-01
   outer loop
     vertex  2.500000e+00 -2.749697e-01 -1.525415e+00
     vertex -2.500000e+00 -2.749697e-01 -1.525415e+00
     vertex  2.500000e+00 -3.167145e-01 -1.517298e+00
   endloop
 endfacet
 facet normal  0.000000e+00  1.638824e-01  9.864799e-01
   outer loop
     vertex  2.500000e+00 -2.749697e-01 -1.525415e+00
     vertex -2.500000e+00 -2.330178e-01 -1.532385e+00
     vertex -2.500000e+00 -2.749697e-01 -1.525415e+00
   endloop
 endfacet
 facet normal  0.000000e+00  1.638824e-01  9.864799e-01
   outer loop
     vertex  2.500000e+00 -2.330178e-01 -1.532385e+00
     vertex -2.500000e+00 -2.330178e-01 -1.532385e+00
     vertex  2.500000e+00 -2.749697e-01 -1.525415e+00
   endloop
 endfacet
 facet normal  0.000000e+00  1.367575e-01  9.906046e-01
   outer loop
     vertex  2.500000e+00 -1.908906e-01 -1.538200e+00
     vertex -2.500000e+00 -2.330178e-01 -1.532385e+00
     vertex  2.500000e+00 -2.330178e-01 -1.532385e+00
   endloop
 endfacet
 facet normal  0.000000e+00  1.367575e-01  9.906046e-01
   outer loop
     vertex  2.500000e+00 -1.908906e-01 -1.538200e+00
     vertex -2.500000e+00 -1.908906e-01 -1.538200e+00
     vertex -2.500000e+00 -2.330178e-01 -1.532385e+00
   endloop
 endfacet
 facet normal  0.000000e+00  1.095298e-01  9.939835e-01
   outer loop
     vertex  2.500000e+00 -1.908906e-01 -1.538200e+00
     vertex -2.500000e+00 -1.486197e-01 -1.542858e+00
     vertex -2.500000e+00 -1.908906e-01 -1.538200e+00
   endloop
 endfacet
 facet normal  0.000000e+00  1.095298e-01  9.939835e-01
   outer loop
     vertex  2.500000e+00 -1.486197e-01 -1.542858e+00
     vertex -2.500000e+00 -1.486197e-01 -1.542858e+00
     vertex  2.500000e+00 -1.908906e-01 -1.538200e+00
   endloop
 endfacet
 facet normal  0.000000e+00  8.221955e-02  9.966142e-01
   outer loop
     vertex  2.500000e+00 -1.062369e-01 -1.546355e+00
     vertex -2.500000e+00 -1.486197e-01 -1.542858e+00
     vertex  2.500000e+00 -1.486197e-01 -1.542858e+00
   endloop
 endfacet
 facet normal  0.000000e+00  8.221955e-02  9.966142e-01
   outer loop
     vertex  2.500000e+00 -1.062369e-01 -1.546355e+00
     vertex -2.500000e+00 -1.062369e-01 -1.546355e+00
     vertex -2.500000e+00 -1.486197e-01 -1.542858e+00
   endloop
 endfacet
 facet normal  0.000000e+00  5.484744e-02  9.984947e-01
   outer loop
     vertex  2.500000e+00 -1.062369e-01 -1.546355e+00
     vertex -2.500000e+00 -6.377416e-02 -1.548687e+00
     vertex -2.500000e+00 -1.062369e-01 -1.546355e+00
   endloop
 endfacet
 facet normal  0.000000e+00  5.484744e-02  9.984947e-01
   outer loop
     vertex  2.500000e+00 -6.377416e-02 -1.548687e+00
     vertex -2.500000e+00 -6.377416e-02 -1.548687e+00
     vertex  2.500000e+00 -1.062369e-01 -1.546355e+00
   endloop
 endfacet
 facet normal  0.000000e+00  2.743405e-02  9.996236e-01
   outer loop
     vertex  2.500000e+00 -2.126339e-02 -1.549854e+00
     vertex -2.500000e+00 -6.377416e-02 -1.548687e+00
     vertex  2.500000e+00 -6.377416e-02 -1.548687e+00
   endloop
 endfacet
 facet normal  0.000000e+00  2.743405e-02  9.996236e-01
   outer loop
     vertex  2.500000e+00 -2.126339e-02 -1.549854e+00
     vertex -2.500000e+00 -2.126339e-02 -1.549854e+00
     vertex -2.500000e+00 -6.377416e-02 -1.548687e+00
   endloop
 endfacet
 facet normal  0.000000e+00 -5.221289e-15  1.000000e+00
   outer loop
     vertex  2.500000e+00  2.126339e-02 -1.549854e+00
     vertex -2.500000e+00 -2.126339e-02 -1.549854e+00
     vertex  2.500000e+00 -2.126339e-02 -1.549854e+00
   endloop
 endfacet
 facet normal  0.000000e+00 -5.221289e-15  1.000000e+00
   outer loop
     vertex  2.500000e+00  2.126339e-02 -1.549854e+00
     vertex -2.500000e+00  2.126339e-02 -1.549854e+00
     vertex -2.500000e+00 -2.126339e-02 -1.549854e+00
   endloop
 endfacet
 facet normal  0.000000e+00 -2.743405e-02  9.996236e-01
   outer loop
     vertex  2.500000e+00  2.126339e-02 -1.549854e+00
     vertex -2.500000e+00  6.377416e-02 -1.548687e+00
     vertex -2.500000e+00  2.126339e-02 -1.549854e+00
   endloop
 endfacet
 facet normal  0.000000e+00 -5.484744e-02  9.984947e-01
   outer loop
     vertex  2.500000e+00  6.377416e-02 -1.548687e+00
     vertex -2.500000e+00  1.062369e-01 -1.546355e+00
     vertex -2.500000e+00  6.377416e-02 -1.548687e+00
   endloop
 endfacet
 facet normal  0.000000e+00 -2.743405e-02  9.996236e-01
   outer loop
     vertex  2.500000e+00  6.377416e-02 -1.548687e+00
     vertex -2.500000e+00  6.377416e-02 -1.548687e+00
     vertex  2.500000e+00  2.126339e-02 -1.549854e+00
   endloop
 endfacet
 facet normal  0.000000e+00 -5.484744e-02  9.984947e-01
   outer loop
     vertex  2.500000e+00  1.062369e-01 -1.546355e+00
     vertex -2.500000e+00  1.062369e-01 -1.546355e+00
     vertex  2.500000e+00  6.377416e-02 -1.548687e+00
   endloop
 endfacet
 facet normal  0.000000e+00 -8.221955e-02  9.966142e-01
   outer loop
     vertex  2.500000e+00  1.486197e-01 -1.542858e+00
     vertex -2.500000e+00  1.486197e-01 -1.542858e+00
     vertex -2.500000e+00  1.062369e-01 -1.546355e+00
   endloop
 endfacet
 facet normal  0.000000e+00 -8.221955e-02  9.966142e-01
   outer loop
     vertex  2.500000e+00  1.486197e-01 -1.542858e+00
     vertex -2.500000e+00  1.062369e-01 -1.546355e+00
     vertex  2.500000e+00  1.062369e-01 -1.546355e+00
   endloop
 endfacet
 facet normal  0.000000e+00 -1.095298e-01  9.939835e-01
   outer loop
     vertex  2.500000e+00  1.908906e-01 -1.538200e+00
     vertex -2.500000e+00  1.908906e-01 -1.538200e+00
     vertex -2.500000e+00  1.486197e-01 -1.542858e+00
   endloop
 endfacet
 facet normal  0.000000e+00 -1.367575e-01  9.906046e-01
   outer loop
     vertex  2.500000e+00  1.908906e-01 -1.538200e+00
     vertex -2.500000e+00  2.330178e-01 -1.532385e+00
     vertex -2.500000e+00  1.908906e-01 -1.538200e+00
   endloop
 endfacet
 facet normal  0.000000e+00 -1.095298e-01  9.939835e-01
   outer loop
     vertex  2.500000e+00  1.908906e-01 -1.538200e+00
     vertex -2.500000e+00  1.486197e-01 -1.542858e+00
     vertex  2.500000e+00  1.486197e-01 -1.542858e+00
   endloop
 endfacet
 facet normal  0.000000e+00 -1.367575e-01  9.906046e-01
   outer loop
     vertex  2.500000e+00  2.330178e-01 -1.532385e+00
     vertex -2.500000e+00  2.330178e-01 -1.532385e+00
     vertex  2.500000e+00  1.908906e-01 -1.538200e+00
   endloop
 endfacet
 facet normal  0.000000e+00 -1.638824e-01  9.864799e-01
   outer loop
     vertex  2.500000e+00  2.749697e-01 -1.525415e+00
     vertex -2.500000e+00  2.749697e-01 -1.525415e+00
     vertex -2.500000e+00  2.330178e-01 -1.532385e+00
   endloop
 endfacet
 facet normal  0.000000e+00 -1.638824e-01  9.864799e-01
   outer loop
     vertex  2.500000e+00  2.749697e-01 -1.525415e+00
     vertex -2.500000e+00  2.330178e-01 -1.532385e+00
     vertex  2.500000e+00  2.330178e-01 -1.532385e+00
   endloop
 endfacet
 facet normal  0.000000e+00 -1.908838e-01  9.816126e-01
   outer loop
     vertex  2.500000e+00  3.167145e-01 -1.517298e+00
     vertex -2.500000e+00  3.167145e-01 -1.517298e+00
     vertex -2.500000e+00  2.749697e-01 -1.525415e+00
   endloop
 endfacet
 facet normal  0.000000e+00 -2.177416e-01  9.760065e-01
   outer loop
     vertex  2.500000e+00  3.167145e-01 -1.517298e+00
     vertex -2.500000e+00  3.582209e-01 -1.508038e+00
     vertex -2.500000e+00  3.167145e-01 -1.517298e+00
   endloop
 endfacet
 facet normal  0.000000e+00 -1.908838e-01  9.816126e-01
   outer loop
     vertex  2.500000e+00  3.167145e-01 -1.517298e+00
     vertex -2.500000e+00  2.749697e-01 -1.525415e+00
     vertex  2.500000e+00  2.749697e-01 -1.525415e+00
   endloop
 endfacet
 facet normal  0.000000e+00 -2.177416e-01  9.760065e-01
   outer loop
     vertex  2.500000e+00  3.582209e-01 -1.508038e+00
     vertex -2.500000e+00  3.582209e-01 -1.508038e+00
     vertex  2.500000e+00  3.167145e-01 -1.517298e+00
   endloop
 endfacet
 facet normal  0.000000e+00 -2.444354e-01  9.696656e-01
   outer loop
     vertex  2.500000e+00  3.994576e-01 -1.497643e+00
     vertex -2.500000e+00  3.994576e-01 -1.497643e+00
     vertex -2.500000e+00  3.582209e-01 -1.508038e+00
   endloop
 endfacet
 facet normal  0.000000e+00 -2.709453e-01  9.625948e-01
   outer loop
     vertex  2.500000e+00  3.994576e-01 -1.497643e+00
     vertex -2.500000e+00  4.403937e-01 -1.486120e+00
     vertex -2.500000e+00  3.994576e-01 -1.497643e+00
   endloop
 endfacet
 facet normal  0.000000e+00 -2.444354e-01  9.696656e-01
   outer loop
     vertex  2.500000e+00  3.994576e-01 -1.497643e+00
     vertex -2.500000e+00  3.582209e-01 -1.508038e+00
     vertex  2.500000e+00  3.582209e-01 -1.508038e+00
   endloop
 endfacet
 facet normal  0.000000e+00 -2.709453e-01  9.625948e-01
   outer loop
     vertex  2.500000e+00  4.403937e-01 -1.486120e+00
     vertex -2.500000e+00  4.403937e-01 -1.486120e+00
     vertex  2.500000e+00  3.994576e-01 -1.497643e+00
   endloop
 endfacet
 facet normal  0.000000e+00 -2.972512e-01  9.547993e-01
   outer loop
     vertex  2.500000e+00  4.809982e-01 -1.473479e+00
     vertex -2.500000e+00  4.809982e-01 -1.473479e+00
     vertex -2.500000e+00  4.403937e-01 -1.486120e+00
   endloop
 endfacet
 facet normal  0.000000e+00 -3.233333e-01  9.462851e-01
   outer loop
     vertex  2.500000e+00  4.809982e-01 -1.473479e+00
     vertex -2.500000e+00  5.212407e-01 -1.459729e+00
     vertex -2.500000e+00  4.809982e-01 -1.473479e+00
   endloop
 endfacet
 facet normal  0.000000e+00 -2.972512e-01  9.547993e-01
   outer loop
     vertex  2.500000e+00  4.809982e-01 -1.473479e+00
     vertex -2.500000e+00  4.403937e-01 -1.486120e+00
     vertex  2.500000e+00  4.403937e-01 -1.486120e+00
   endloop
 endfacet
 facet normal  0.000000e+00 -3.233333e-01  9.462851e-01
   outer loop
     vertex  2.500000e+00  5.212407e-01 -1.459729e+00
     vertex -2.500000e+00  5.212407e-01 -1.459729e+00
     vertex  2.500000e+00  4.809982e-01 -1.473479e+00
   endloop
 endfacet
 facet normal  0.000000e+00 -3.491720e-01  9.370586e-01
   outer loop
     vertex  2.500000e+00  5.610908e-01 -1.444880e+00
     vertex -2.500000e+00  5.610908e-01 -1.444880e+00
     vertex -2.500000e+00  5.212407e-01 -1.459729e+00
   endloop
 endfacet
 facet normal  0.000000e+00 -3.747479e-01  9.271267e-01
   outer loop
     vertex  2.500000e+00  5.610908e-01 -1.444880e+00
     vertex -2.500000e+00  6.005185e-01 -1.428943e+00
     vertex -2.500000e+00  5.610908e-01 -1.444880e+00
   endloop
 endfacet
 facet normal  0.000000e+00 -3.491720e-01  9.370586e-01
   outer loop
     vertex  2.500000e+00  5.610908e-01 -1.444880e+00
     vertex -2.500000e+00  5.212407e-01 -1.459729e+00
     vertex  2.500000e+00  5.212407e-01 -1.459729e+00
   endloop
 endfacet
 facet normal  0.000000e+00 -3.747479e-01  9.271267e-01
   outer loop
     vertex  2.500000e+00  6.005185e-01 -1.428943e+00
     vertex -2.500000e+00  6.005185e-01 -1.428943e+00
     vertex  2.500000e+00  5.610908e-01 -1.444880e+00
   endloop
 endfacet
 facet normal  0.000000e+00 -4.000417e-01  9.164969e-01
   outer loop
     vertex  2.500000e+00  6.394941e-01 -1.411930e+00
     vertex -2.500000e+00  6.394941e-01 -1.411930e+00
     vertex -2.500000e+00  6.005185e-01 -1.428943e+00
   endloop
 endfacet
 facet normal  0.000000e+00 -4.000417e-01  9.164969e-01
   outer loop
     vertex  2.500000e+00  6.394941e-01 -1.411930e+00
     vertex -2.500000e+00  6.005185e-01 -1.428943e+00
     vertex  2.500000e+00  6.005185e-01 -1.428943e+00
   endloop
 endfacet
 facet normal  0.000000e+00 -4.250344e-01  9.051772e-01
   outer loop
     vertex  2.500000e+00  6.779884e-01 -1.393855e+00
     vertex -2.500000e+00  6.779884e-01 -1.393855e+00
     vertex -2.500000e+00  6.394941e-01 -1.411930e+00
   endloop
 endfacet
 facet normal  0.000000e+00 -4.250344e-01  9.051772e-01
   outer loop
     vertex  2.500000e+00  6.779884e-01 -1.393855e+00
     vertex -2.500000e+00  6.394941e-01 -1.411930e+00
     vertex  2.500000e+00  6.394941e-01 -1.411930e+00
   endloop
 endfacet
 facet normal  0.000000e+00 -4.497071e-01  8.931761e-01
   outer loop
     vertex  2.500000e+00  7.159723e-01 -1.374730e+00
     vertex -2.500000e+00  6.779884e-01 -1.393855e+00
     vertex  2.500000e+00  6.779884e-01 -1.393855e+00
   endloop
 endfacet
 facet normal  0.000000e+00 -4.497071e-01  8.931761e-01
   outer loop
     vertex  2.500000e+00  7.159723e-01 -1.374730e+00
     vertex -2.500000e+00  7.159723e-01 -1.374730e+00
     vertex -2.500000e+00  6.779884e-01 -1.393855e+00
   endloop
 endfacet
 facet normal  0.000000e+00 -4.740412e-01  8.805026e-01
   outer loop
     vertex  2.500000e+00  7.534172e-01 -1.354571e+00
     vertex -2.500000e+00  7.159723e-01 -1.374730e+00
     vertex  2.500000e+00  7.159723e-01 -1.374730e+00
   endloop
 endfacet
 facet normal  0.000000e+00 -4.740412e-01  8.805026e-01
   outer loop
     vertex  2.500000e+00  7.534172e-01 -1.354571e+00
     vertex -2.500000e+00  7.534172e-01 -1.354571e+00
     vertex -2.500000e+00  7.159723e-01 -1.374730e+00
   endloop
 endfacet
 facet normal  0.000000e+00 -4.980186e-01  8.671664e-01
   outer loop
     vertex  2.500000e+00  7.534172e-01 -1.354571e+00
     vertex -2.500000e+00  7.902950e-01 -1.333392e+00
     vertex -2.500000e+00  7.534172e-01 -1.354571e+00
   endloop
 endfacet
 facet normal  0.000000e+00 -4.980186e-01  8.671664e-01
   outer loop
     vertex  2.500000e+00  7.902950e-01 -1.333392e+00
     vertex -2.500000e+00  7.902950e-01 -1.333392e+00
     vertex  2.500000e+00  7.534172e-01 -1.354571e+00
   endloop
 endfacet
 facet normal  0.000000e+00 -5.216210e-01  8.531773e-01
   outer loop
     vertex  2.500000e+00  7.902950e-01 -1.333392e+00
     vertex -2.500000e+00  8.265779e-01 -1.311209e+00
     vertex -2.500000e+00  7.902950e-01 -1.333392e+00
   endloop
 endfacet
 facet normal  0.000000e+00 -5.216210e-01  8.531773e-01
   outer loop
     vertex  2.500000e+00  8.265779e-01 -1.311209e+00
     vertex -2.500000e+00  8.265779e-01 -1.311209e+00
     vertex  2.500000e+00  7.902950e-01 -1.333392e+00
   endloop
 endfacet
 facet normal  0.000000e+00 -5.448308e-01  8.385460e-01
   outer loop
     vertex  2.500000e+00  8.622386e-01 -1.288039e+00
     vertex -2.500000e+00  8.622386e-01 -1.288039e+00
     vertex -2.500000e+00  8.265779e-01 -1.311209e+00
   endloop
 endfacet
 facet normal  0.000000e+00 -5.448308e-01  8.385460e-01
   outer loop
     vertex  2.500000e+00  8.622386e-01 -1.288039e+00
     vertex -2.500000e+00  8.265779e-01 -1.311209e+00
     vertex  2.500000e+00  8.265779e-01 -1.311209e+00
   endloop
 endfacet
 facet normal  0.000000e+00 -5.676304e-01  8.232835e-01
   outer loop
     vertex  2.500000e+00  8.622386e-01 -1.288039e+00
     vertex -2.500000e+00  8.972502e-01 -1.263900e+00
     vertex -2.500000e+00  8.622386e-01 -1.288039e+00
   endloop
 endfacet
 facet normal  0.000000e+00 -5.676304e-01  8.232835e-01
   outer loop
     vertex  2.500000e+00  8.972502e-01 -1.263900e+00
     vertex -2.500000e+00  8.972502e-01 -1.263900e+00
     vertex  2.500000e+00  8.622386e-01 -1.288039e+00
   endloop
 endfacet
 facet normal  0.000000e+00 -5.900028e-01  8.074012e-01
   outer loop
     vertex  2.500000e+00  9.315863e-01 -1.238809e+00
     vertex -2.500000e+00  9.315863e-01 -1.238809e+00
     vertex -2.500000e+00  8.972502e-01 -1.263900e+00
   endloop
 endfacet
 facet normal  0.000000e+00 -5.900028e-01  8.074012e-01
   outer loop
     vertex  2.500000e+00  9.315863e-01 -1.238809e+00
     vertex -2.500000e+00  8.972502e-01 -1.263900e+00
     vertex  2.500000e+00  8.972502e-01 -1.263900e+00
   endloop
 endfacet
 facet normal  0.000000e+00 -6.119310e-01  7.909112e-01
   outer loop
     vertex  2.500000e+00  9.652212e-01 -1.212785e+00
     vertex -2.500000e+00  9.652212e-01 -1.212785e+00
     vertex -2.500000e+00  9.315863e-01 -1.238809e+00
   endloop
 endfacet
 facet normal  0.000000e+00 -6.119310e-01  7.909112e-01
   outer loop
     vertex  2.500000e+00  9.652212e-01 -1.212785e+00
     vertex -2.500000e+00  9.315863e-01 -1.238809e+00
     vertex  2.500000e+00  9.315863e-01 -1.238809e+00
   endloop
 endfacet
 facet normal  0.000000e+00 -6.333986e-01  7.738257e-01
   outer loop
     vertex  2.500000e+00  9.981295e-01 -1.185849e+00
     vertex -2.500000e+00  9.981295e-01 -1.185849e+00
     vertex -2.500000e+00  9.652212e-01 -1.212785e+00
   endloop
 endfacet
 facet normal  0.000000e+00 -6.333986e-01  7.738257e-01
   outer loop
     vertex  2.500000e+00  9.981295e-01 -1.185849e+00
     vertex -2.500000e+00  9.652212e-01 -1.212785e+00
     vertex  2.500000e+00  9.652212e-01 -1.212785e+00
   endloop
 endfacet
 facet normal  0.000000e+00 -6.543893e-01  7.561578e-01
   outer loop
     vertex  2.500000e+00  1.030287e+00 -1.158020e+00
     vertex -2.500000e+00  1.030287e+00 -1.158020e+00
     vertex -2.500000e+00  9.981295e-01 -1.185849e+00
   endloop
 endfacet
 facet normal  0.000000e+00 -6.748875e-01  7.379206e-01
   outer loop
     vertex  2.500000e+00  1.030287e+00 -1.158020e+00
     vertex -2.500000e+00  1.061668e+00 -1.129319e+00
     vertex -2.500000e+00  1.030287e+00 -1.158020e+00
   endloop
 endfacet
 facet normal  0.000000e+00 -6.543893e-01  7.561578e-01
   outer loop
     vertex  2.500000e+00  1.030287e+00 -1.158020e+00
     vertex -2.500000e+00  9.981295e-01 -1.185849e+00
     vertex  2.500000e+00  9.981295e-01 -1.185849e+00
   endloop
 endfacet
 facet normal  0.000000e+00 -6.748875e-01  7.379206e-01
   outer loop
     vertex  2.500000e+00  1.061668e+00 -1.129319e+00
     vertex -2.500000e+00  1.061668e+00 -1.129319e+00
     vertex  2.500000e+00  1.030287e+00 -1.158020e+00
   endloop
 endfacet
 facet normal  0.000000e+00 -6.948776e-01  7.191280e-01
   outer loop
     vertex  2.500000e+00  1.092250e+00 -1.099768e+00
     vertex -2.500000e+00  1.092250e+00 -1.099768e+00
     vertex -2.500000e+00  1.061668e+00 -1.129319e+00
   endloop
 endfacet
 facet normal  0.000000e+00 -6.948776e-01  7.191280e-01
   outer loop
     vertex  2.500000e+00  1.092250e+00 -1.099768e+00
     vertex -2.500000e+00  1.061668e+00 -1.129319e+00
     vertex  2.500000e+00  1.061668e+00 -1.129319e+00
   endloop
 endfacet
 facet normal  0.000000e+00 -7.143447e-01  6.997940e-01
   outer loop
     vertex  2.500000e+00  1.122010e+00 -1.069389e+00
     vertex -2.500000e+00  1.122010e+00 -1.069389e+00
     vertex -2.500000e+00  1.092250e+00 -1.099768e+00
   endloop
 endfacet
 facet normal  0.000000e+00 -7.332740e-01  6.799333e-01
   outer loop
     vertex  2.500000e+00  1.122010e+00 -1.069389e+00
     vertex -2.500000e+00  1.150925e+00 -1.038205e+00
     vertex -2.500000e+00  1.122010e+00 -1.069389e+00
   endloop
 endfacet
 facet normal  0.000000e+00 -7.143447e-01  6.997940e-01
   outer loop
     vertex  2.500000e+00  1.122010e+00 -1.069389e+00
     vertex -2.500000e+00  1.092250e+00 -1.099768e+00
     vertex  2.500000e+00  1.092250e+00 -1.099768e+00
   endloop
 endfacet
 facet normal  0.000000e+00 -7.516513e-01  6.595607e-01
   outer loop
     vertex  2.500000e+00  1.150925e+00 -1.038205e+00
     vertex -2.500000e+00  1.178974e+00 -1.006240e+00
     vertex -2.500000e+00  1.150925e+00 -1.038205e+00
   endloop
 endfacet
 facet normal  0.000000e+00 -7.332740e-01  6.799333e-01
   outer loop
     vertex  2.500000e+00  1.150925e+00 -1.038205e+00
     vertex -2.500000e+00  1.150925e+00 -1.038205e+00
     vertex  2.500000e+00  1.122010e+00 -1.069389e+00
   endloop
 endfacet
 facet normal  0.000000e+00 -7.516513e-01  6.595607e-01
   outer loop
     vertex  2.500000e+00  1.178974e+00 -1.006240e+00
     vertex -2.500000e+00  1.178974e+00 -1.006240e+00
     vertex  2.500000e+00  1.150925e+00 -1.038205e+00
   endloop
 endfacet
 facet normal  0.000000e+00 -7.694628e-01  6.386916e-01
   outer loop
     vertex  2.500000e+00  1.206136e+00 -9.735174e-01
     vertex -2.500000e+00  1.206136e+00 -9.735174e-01
     vertex -2.500000e+00  1.178974e+00 -1.006240e+00
   endloop
 endfacet
 facet normal  0.000000e+00 -7.694628e-01  6.386916e-01
   outer loop
     vertex  2.500000e+00  1.206136e+00 -9.735174e-01
     vertex -2.500000e+00  1.178974e+00 -1.006240e+00
     vertex  2.500000e+00  1.178974e+00 -1.006240e+00
   endloop
 endfacet
 facet normal  0.000000e+00 -7.866951e-01  6.173417e-01
   outer loop
     vertex  2.500000e+00  1.232389e+00 -9.400618e-01
     vertex -2.500000e+00  1.232389e+00 -9.400618e-01
     vertex -2.500000e+00  1.206136e+00 -9.735174e-01
   endloop
 endfacet
 facet normal  0.000000e+00 -7.866951e-01  6.173417e-01
   outer loop
     vertex  2.500000e+00  1.232389e+00 -9.400618e-01
     vertex -2.500000e+00  1.206136e+00 -9.735174e-01
     vertex  2.500000e+00  1.206136e+00 -9.735174e-01
   endloop
 endfacet
 facet normal  0.000000e+00 -8.033352e-01  5.955271e-01
   outer loop
     vertex  2.500000e+00  1.257715e+00 -9.058985e-01
     vertex -2.500000e+00  1.257715e+00 -9.058985e-01
     vertex -2.500000e+00  1.232389e+00 -9.400618e-01
   endloop
 endfacet
 facet normal  0.000000e+00 -8.033352e-01  5.955271e-01
   outer loop
     vertex  2.500000e+00  1.257715e+00 -9.058985e-01
     vertex -2.500000e+00  1.232389e+00 -9.400618e-01
     vertex  2.500000e+00  1.232389e+00 -9.400618e-01
   endloop
 endfacet
 facet normal  0.000000e+00 -8.193706e-01  5.732642e-01
   outer loop
     vertex  2.500000e+00  1.282094e+00 -8.710534e-01
     vertex -2.500000e+00  1.282094e+00 -8.710534e-01
     vertex -2.500000e+00  1.257715e+00 -9.058985e-01
   endloop
 endfacet
 facet normal  0.000000e+00 -8.193706e-01  5.732642e-01
   outer loop
     vertex  2.500000e+00  1.282094e+00 -8.710534e-01
     vertex -2.500000e+00  1.257715e+00 -9.058985e-01
     vertex  2.500000e+00  1.257715e+00 -9.058985e-01
   endloop
 endfacet
 facet normal  0.000000e+00 -8.347891e-01  5.505698e-01
   outer loop
     vertex  2.500000e+00  1.305508e+00 -8.355525e-01
     vertex -2.500000e+00  1.305508e+00 -8.355525e-01
     vertex -2.500000e+00  1.282094e+00 -8.710534e-01
   endloop
 endfacet
 facet normal  0.000000e+00 -8.347891e-01  5.505698e-01
   outer loop
     vertex  2.500000e+00  1.305508e+00 -8.355525e-01
     vertex -2.500000e+00  1.282094e+00 -8.710534e-01
     vertex  2.500000e+00  1.282094e+00 -8.710534e-01
   endloop
 endfacet
 facet normal  0.000000e+00 -8.495793e-01  5.274609e-01
   outer loop
     vertex  2.500000e+00  1.327940e+00 -7.994226e-01
     vertex -2.500000e+00  1.327940e+00 -7.994226e-01
     vertex -2.500000e+00  1.305508e+00 -8.355525e-01
   endloop
 endfacet
 facet normal  0.000000e+00 -8.637299e-01  5.039550e-01
   outer loop
     vertex  2.500000e+00  1.327940e+00 -7.994226e-01
     vertex -2.500000e+00  1.349371e+00 -7.626910e-01
     vertex -2.500000e+00  1.327940e+00 -7.994226e-01
   endloop
 endfacet
 facet normal  0.000000e+00 -8.495793e-01  5.274609e-01
   outer loop
     vertex  2.500000e+00  1.327940e+00 -7.994226e-01
     vertex -2.500000e+00  1.305508e+00 -8.355525e-01
     vertex  2.500000e+00  1.305508e+00 -8.355525e-01
   endloop
 endfacet
 facet normal  0.000000e+00 -8.637299e-01  5.039550e-01
   outer loop
     vertex  2.500000e+00  1.349371e+00 -7.626910e-01
     vertex -2.500000e+00  1.349371e+00 -7.626910e-01
     vertex  2.500000e+00  1.327940e+00 -7.994226e-01
   endloop
 endfacet
 facet normal  0.000000e+00 -8.772303e-01  4.800697e-01
   outer loop
     vertex  2.500000e+00  1.369787e+00 -7.253852e-01
     vertex -2.500000e+00  1.369787e+00 -7.253852e-01
     vertex -2.500000e+00  1.349371e+00 -7.626910e-01
   endloop
 endfacet
 facet normal  0.000000e+00 -8.772303e-01  4.800697e-01
   outer loop
     vertex  2.500000e+00  1.369787e+00 -7.253852e-01
     vertex -2.500000e+00  1.349371e+00 -7.626910e-01
     vertex  2.500000e+00  1.349371e+00 -7.626910e-01
   endloop
 endfacet
 facet normal  0.000000e+00 -8.900704e-01  4.558231e-01
   outer loop
     vertex  2.500000e+00  1.389172e+00 -6.875333e-01
     vertex -2.500000e+00  1.389172e+00 -6.875333e-01
     vertex -2.500000e+00  1.369787e+00 -7.253852e-01
   endloop
 endfacet
 facet normal  0.000000e+00 -9.022405e-01  4.312333e-01
   outer loop
     vertex  2.500000e+00  1.389172e+00 -6.875333e-01
     vertex -2.500000e+00  1.407511e+00 -6.491640e-01
     vertex -2.500000e+00  1.389172e+00 -6.875333e-01
   endloop
 endfacet
 facet normal  0.000000e+00 -8.900704e-01  4.558231e-01
   outer loop
     vertex  2.500000e+00  1.389172e+00 -6.875333e-01
     vertex -2.500000e+00  1.369787e+00 -7.253852e-01
     vertex  2.500000e+00  1.369787e+00 -7.253852e-01
   endloop
 endfacet
 facet normal  0.000000e+00 -9.022405e-01  4.312333e-01
   outer loop
     vertex  2.500000e+00  1.407511e+00 -6.491640e-01
     vertex -2.500000e+00  1.407511e+00 -6.491640e-01
     vertex  2.500000e+00  1.389172e+00 -6.875333e-01
   endloop
 endfacet
 facet normal  0.000000e+00 -9.137314e-01  4.063188e-01
   outer loop
     vertex  2.500000e+00  1.424790e+00 -6.103059e-01
     vertex -2.500000e+00  1.407511e+00 -6.491640e-01
     vertex  2.500000e+00  1.407511e+00 -6.491640e-01
   endloop
 endfacet
 facet normal  0.000000e+00 -9.137314e-01  4.063188e-01
   outer loop
     vertex  2.500000e+00  1.424790e+00 -6.103059e-01
     vertex -2.500000e+00  1.424790e+00 -6.103059e-01
     vertex -2.500000e+00  1.407511e+00 -6.491640e-01
   endloop
 endfacet
 facet normal  0.000000e+00 -9.245344e-01  3.810986e-01
   outer loop
     vertex  2.500000e+00  1.440997e+00 -5.709885e-01
     vertex -2.500000e+00  1.424790e+00 -6.103059e-01
     vertex  2.500000e+00  1.424790e+00 -6.103059e-01
   endloop
 endfacet
 facet normal  0.000000e+00 -9.245344e-01  3.810986e-01
   outer loop
     vertex  2.500000e+00  1.440997e+00 -5.709885e-01
     vertex -2.500000e+00  1.440997e+00 -5.709885e-01
     vertex -2.500000e+00  1.424790e+00 -6.103059e-01
   endloop
 endfacet
 facet normal  0.000000e+00 -9.346415e-01  3.555914e-01
   outer loop
     vertex  2.500000e+00  1.456119e+00 -5.312412e-01
     vertex -2.500000e+00  1.440997e+00 -5.709885e-01
     vertex  2.500000e+00  1.440997e+00 -5.709885e-01
   endloop
 endfacet
 facet normal  0.000000e+00 -9.346415e-01  3.555914e-01
   outer loop
     vertex  2.500000e+00  1.456119e+00 -5.312412e-01
     vertex -2.500000e+00  1.456119e+00 -5.312412e-01
     vertex -2.500000e+00  1.440997e+00 -5.709885e-01
   endloop
 endfacet
 facet normal  0.000000e+00 -9.440450e-01  3.298166e-01
   outer loop
     vertex  2.500000e+00  1.470145e+00 -4.910940e-01
     vertex -2.500000e+00  1.456119e+00 -5.312412e-01
     vertex  2.500000e+00  1.456119e+00 -5.312412e-01
   endloop
 endfacet
 facet normal  0.000000e+00 -9.440450e-01  3.298166e-01
   outer loop
     vertex  2.500000e+00  1.470145e+00 -4.910940e-01
     vertex -2.500000e+00  1.470145e+00 -4.910940e-01
     vertex -2.500000e+00  1.456119e+00 -5.312412e-01
   endloop
 endfacet
 facet normal  0.000000e+00 -9.527379e-01  3.037934e-01
   outer loop
     vertex  2.500000e+00  1.483064e+00 -4.505771e-01
     vertex -2.500000e+00  1.470145e+00 -4.910940e-01
     vertex  2.500000e+00  1.470145e+00 -4.910940e-01
   endloop
 endfacet
 facet normal  0.000000e+00 -9.527379e-01  3.037934e-01
   outer loop
     vertex  2.500000e+00  1.483064e+00 -4.505771e-01
     vertex -2.500000e+00  1.483064e+00 -4.505771e-01
     vertex -2.500000e+00  1.470145e+00 -4.910940e-01
   endloop
 endfacet
 facet normal  0.000000e+00 -9.607136e-01  2.775416e-01
   outer loop
     vertex  2.500000e+00  1.494867e+00 -4.097210e-01
     vertex -2.500000e+00  1.483064e+00 -4.505771e-01
     vertex  2.500000e+00  1.483064e+00 -4.505771e-01
   endloop
 endfacet
 facet normal  0.000000e+00 -9.607136e-01  2.775416e-01
   outer loop
     vertex  2.500000e+00  1.494867e+00 -4.097210e-01
     vertex -2.500000e+00  1.494867e+00 -4.097210e-01
     vertex -2.500000e+00  1.483064e+00 -4.505771e-01
   endloop
 endfacet
 facet normal  0.000000e+00 -9.679661e-01  2.510809e-01
   outer loop
     vertex  2.500000e+00  1.505545e+00 -3.685566e-01
     vertex -2.500000e+00  1.494867e+00 -4.097210e-01
     vertex  2.500000e+00  1.494867e+00 -4.097210e-01
   endloop
 endfacet
 facet normal  0.000000e+00 -9.679661e-01  2.510809e-01
   outer loop
     vertex  2.500000e+00  1.505545e+00 -3.685566e-01
     vertex -2.500000e+00  1.505545e+00 -3.685566e-01
     vertex -2.500000e+00  1.494867e+00 -4.097210e-01
   endloop
 endfacet
 facet normal  0.000000e+00 -9.744899e-01  2.244312e-01
   outer loop
     vertex  2.500000e+00  1.515089e+00 -3.271147e-01
     vertex -2.500000e+00  1.505545e+00 -3.685566e-01
     vertex  2.500000e+00  1.505545e+00 -3.685566e-01
   endloop
 endfacet
 facet normal  0.000000e+00 -9.744899e-01  2.244312e-01
   outer loop
     vertex  2.500000e+00  1.515089e+00 -3.271147e-01
     vertex -2.500000e+00  1.515089e+00 -3.271147e-01
     vertex -2.500000e+00  1.505545e+00 -3.685566e-01
   endloop
 endfacet
 facet normal  0.000000e+00 -9.802802e-01  1.976125e-01
   outer loop
     vertex  2.500000e+00  1.523493e+00 -2.854265e-01
     vertex -2.500000e+00  1.515089e+00 -3.271147e-01
     vertex  2.500000e+00  1.515089e+00 -3.271147e-01
   endloop
 endfacet
 facet normal  0.000000e+00 -9.802802e-01  1.976125e-01
   outer loop
     vertex  2.500000e+00  1.523493e+00 -2.854265e-01
     vertex -2.500000e+00  1.523493e+00 -2.854265e-01
     vertex -2.500000e+00  1.515089e+00 -3.271147e-01
   endloop
 endfacet
 facet normal  0.000000e+00 -9.853326e-01  1.706451e-01
   outer loop
     vertex  2.500000e+00  1.530750e+00 -2.435235e-01
     vertex -2.500000e+00  1.523493e+00 -2.854265e-01
     vertex  2.500000e+00  1.523493e+00 -2.854265e-01
   endloop
 endfacet
 facet normal  0.000000e+00 -9.853326e-01  1.706451e-01
   outer loop
     vertex  2.500000e+00  1.530750e+00 -2.435235e-01
     vertex -2.500000e+00  1.530750e+00 -2.435235e-01
     vertex -2.500000e+00  1.523493e+00 -2.854265e-01
   endloop
 endfacet
 facet normal  0.000000e+00 -9.896432e-01  1.435492e-01
   outer loop
     vertex  2.500000e+00  1.536855e+00 -2.014371e-01
     vertex -2.500000e+00  1.530750e+00 -2.435235e-01
     vertex  2.500000e+00  1.530750e+00 -2.435235e-01
   endloop
 endfacet
 facet normal  0.000000e+00 -9.896432e-01  1.435492e-01
   outer loop
     vertex  2.500000e+00  1.536855e+00 -2.014371e-01
     vertex -2.500000e+00  1.536855e+00 -2.014371e-01
     vertex -2.500000e+00  1.530750e+00 -2.435235e-01
   endloop
 endfacet
 facet normal  0.000000e+00 -9.932088e-01  1.163452e-01
   outer loop
     vertex  2.500000e+00  1.541803e+00 -1.591992e-01
     vertex -2.500000e+00  1.536855e+00 -2.014371e-01
     vertex  2.500000e+00  1.536855e+00 -2.014371e-01
   endloop
 endfacet
 facet normal  0.000000e+00 -9.932088e-01  1.163452e-01
   outer loop
     vertex  2.500000e+00  1.541803e+00 -1.591992e-01
     vertex -2.500000e+00  1.541803e+00 -1.591992e-01
     vertex -2.500000e+00  1.536855e+00 -2.014371e-01
   endloop
 endfacet
 facet normal  0.000000e+00 -9.960268e-01  8.905371e-02
   outer loop
     vertex  2.500000e+00  1.545590e+00 -1.168414e-01
     vertex -2.500000e+00  1.541803e+00 -1.591992e-01
     vertex  2.500000e+00  1.541803e+00 -1.591992e-01
   endloop
 endfacet
 facet normal  0.000000e+00 -9.960268e-01  8.905371e-02
   outer loop
     vertex  2.500000e+00  1.545590e+00 -1.168414e-01
     vertex -2.500000e+00  1.545590e+00 -1.168414e-01
     vertex -2.500000e+00  1.541803e+00 -1.591992e-01
   endloop
 endfacet
 facet normal  0.000000e+00 -9.980950e-01  6.169515e-02
   outer loop
     vertex  2.500000e+00  1.548214e+00 -7.439560e-02
     vertex -2.500000e+00  1.548214e+00 -7.439560e-02
     vertex -2.500000e+00  1.545590e+00 -1.168414e-01
   endloop
 endfacet
 facet normal  0.000000e+00 -9.980950e-01  6.169515e-02
   outer loop
     vertex  2.500000e+00  1.548214e+00 -7.439560e-02
     vertex -2.500000e+00  1.545590e+00 -1.168414e-01
     vertex  2.500000e+00  1.545590e+00 -1.168414e-01
   endloop
 endfacet
 facet normal  0.000000e+00 -9.994119e-01  3.429014e-02
   outer loop
     vertex  2.500000e+00  1.549672e+00 -3.189383e-02
     vertex -2.500000e+00  1.549672e+00 -3.189383e-02
     vertex -2.500000e+00  1.548214e+00 -7.439560e-02
   endloop
 endfacet
 facet normal  0.000000e+00 -9.999765e-01  6.859319e-03
   outer loop
     vertex  2.500000e+00  1.549672e+00 -3.189383e-02
     vertex -2.500000e+00  1.549964e+00  1.063194e-02
     vertex -2.500000e+00  1.549672e+00 -3.189383e-02
   endloop
 endfacet
 facet normal  0.000000e+00 -9.994119e-01  3.429014e-02
   outer loop
     vertex  2.500000e+00  1.549672e+00 -3.189383e-02
     vertex -2.500000e+00  1.548214e+00 -7.439560e-02
     vertex  2.500000e+00  1.548214e+00 -7.439560e-02
   endloop
 endfacet
 facet normal -0.000000e+00 -9.997883e-01 -2.057667e-02
   outer loop
     vertex  2.500000e+00  1.549964e+00  1.063194e-02
     vertex -2.500000e+00  1.549088e+00  5.314972e-02
     vertex -2.500000e+00  1.549964e+00  1.063194e-02
   endloop
 endfacet
 facet normal  0.000000e+00 -9.999765e-01  6.859319e-03
   outer loop
     vertex  2.500000e+00  1.549964e+00  1.063194e-02
     vertex -2.500000e+00  1.549964e+00  1.063194e-02
     vertex  2.500000e+00  1.549672e+00 -3.189383e-02
   endloop
 endfacet
 facet normal -0.000000e+00 -9.997883e-01 -2.057667e-02
   outer loop
     vertex  2.500000e+00  1.549088e+00  5.314972e-02
     vertex -2.500000e+00  1.549088e+00  5.314972e-02
     vertex  2.500000e+00  1.549964e+00  1.063194e-02
   endloop
 endfacet
 facet normal -0.000000e+00 -9.988475e-01 -4.799716e-02
   outer loop
     vertex  2.500000e+00  1.547047e+00  9.562748e-02
     vertex -2.500000e+00  1.547047e+00  9.562748e-02
     vertex -2.500000e+00  1.549088e+00  5.314972e-02
   endloop
 endfacet
 facet normal  0.000000e+00 -9.988475e-01 -4.799716e-02
   outer loop
     vertex  2.500000e+00  1.547047e+00  9.562748e-02
     vertex -2.500000e+00  1.549088e+00  5.314972e-02
     vertex  2.500000e+00  1.549088e+00  5.314972e-02
   endloop
 endfacet
 facet normal -0.000000e+00 -9.971548e-01 -7.538152e-02
   outer loop
     vertex  2.500000e+00  1.543842e+00  1.380333e-01
     vertex -2.500000e+00  1.543842e+00  1.380333e-01
     vertex -2.500000e+00  1.547047e+00  9.562748e-02
   endloop
 endfacet
 facet normal  0.000000e+00 -9.971548e-01 -7.538152e-02
   outer loop
     vertex  2.500000e+00  1.543842e+00  1.380333e-01
     vertex -2.500000e+00  1.547047e+00  9.562748e-02
     vertex  2.500000e+00  1.547047e+00  9.562748e-02
   endloop
 endfacet
 facet normal -0.000000e+00 -9.947114e-01 -1.027091e-01
   outer loop
     vertex  2.500000e+00  1.539474e+00  1.803351e-01
     vertex -2.500000e+00  1.539474e+00  1.803351e-01
     vertex -2.500000e+00  1.543842e+00  1.380333e-01
   endloop
 endfacet
 facet normal  0.000000e+00 -9.947114e-01 -1.027091e-01
   outer loop
     vertex  2.500000e+00  1.539474e+00  1.803351e-01
     vertex -2.500000e+00  1.543842e+00  1.380333e-01
     vertex  2.500000e+00  1.543842e+00  1.380333e-01
   endloop
 endfacet
 facet normal -0.000000e+00 -9.915193e-01 -1.299594e-01
   outer loop
     vertex  2.500000e+00  1.533947e+00  2.225012e-01
     vertex -2.500000e+00  1.533947e+00  2.225012e-01
     vertex -2.500000e+00  1.539474e+00  1.803351e-01
   endloop
 endfacet
 facet normal  0.000000e+00 -9.915193e-01 -1.299594e-01
   outer loop
     vertex  2.500000e+00  1.533947e+00  2.225012e-01
     vertex -2.500000e+00  1.539474e+00  1.803351e-01
     vertex  2.500000e+00  1.539474e+00  1.803351e-01
   endloop
 endfacet
 facet normal -0.000000e+00 -9.875808e-01 -1.571119e-01
   outer loop
     vertex  2.500000e+00  1.527265e+00  2.644999e-01
     vertex -2.500000e+00  1.527265e+00  2.644999e-01
     vertex -2.500000e+00  1.533947e+00  2.225012e-01
   endloop
 endfacet
 facet normal  0.000000e+00 -9.875808e-01 -1.571119e-01
   outer loop
     vertex  2.500000e+00  1.527265e+00  2.644999e-01
     vertex -2.500000e+00  1.533947e+00  2.225012e-01
     vertex  2.500000e+00  1.533947e+00  2.225012e-01
   endloop
 endfacet
 facet normal -0.000000e+00 -9.828989e-01 -1.841461e-01
   outer loop
     vertex  2.500000e+00  1.519434e+00  3.062994e-01
     vertex -2.500000e+00  1.519434e+00  3.062994e-01
     vertex -2.500000e+00  1.527265e+00  2.644999e-01
   endloop
 endfacet
 facet normal  0.000000e+00 -9.828989e-01 -1.841461e-01
   outer loop
     vertex  2.500000e+00  1.519434e+00  3.062994e-01
     vertex -2.500000e+00  1.527265e+00  2.644999e-01
     vertex  2.500000e+00  1.527265e+00  2.644999e-01
   endloop
 endfacet
 facet normal -0.000000e+00 -9.774771e-01 -2.110417e-01
   outer loop
     vertex  2.500000e+00  1.510459e+00  3.478683e-01
     vertex -2.500000e+00  1.510459e+00  3.478683e-01
     vertex -2.500000e+00  1.519434e+00  3.062994e-01
   endloop
 endfacet
 facet normal  0.000000e+00 -9.774771e-01 -2.110417e-01
   outer loop
     vertex  2.500000e+00  1.510459e+00  3.478683e-01
     vertex -2.500000e+00  1.519434e+00  3.062994e-01
     vertex  2.500000e+00  1.519434e+00  3.062994e-01
   endloop
 endfacet
 facet normal -0.000000e+00 -9.713194e-01 -2.377784e-01
   outer loop
     vertex  2.500000e+00  1.500347e+00  3.891754e-01
     vertex -2.500000e+00  1.500347e+00  3.891754e-01
     vertex -2.500000e+00  1.510459e+00  3.478683e-01
   endloop
 endfacet
 facet normal  0.000000e+00 -9.713194e-01 -2.377784e-01
   outer loop
     vertex  2.500000e+00  1.500347e+00  3.891754e-01
     vertex -2.500000e+00  1.510459e+00  3.478683e-01
     vertex  2.500000e+00  1.510459e+00  3.478683e-01
   endloop
 endfacet
 facet normal  0.000000e+00 -9.644306e-01 -2.643362e-01
   outer loop
     vertex  2.500000e+00  1.489106e+00  4.301896e-01
     vertex -2.500000e+00  1.500347e+00  3.891754e-01
     vertex  2.500000e+00  1.500347e+00  3.891754e-01
   endloop
 endfacet
 facet normal -0.000000e+00 -9.644306e-01 -2.643362e-01
   outer loop
     vertex  2.500000e+00  1.489106e+00  4.301896e-01
     vertex -2.500000e+00  1.489106e+00  4.301896e-01
     vertex -2.500000e+00  1.500347e+00  3.891754e-01
   endloop
 endfacet
 facet normal  0.000000e+00 -9.568158e-01 -2.906949e-01
   outer loop
     vertex  2.500000e+00  1.476744e+00  4.708798e-01
     vertex -2.500000e+00  1.489106e+00  4.301896e-01
     vertex  2.500000e+00  1.489106e+00  4.301896e-01
   endloop
 endfacet
 facet normal -0.000000e+00 -9.568158e-01 -2.906949e-01
   outer loop
     vertex  2.500000e+00  1.476744e+00  4.708798e-01
     vertex -2.500000e+00  1.476744e+00  4.708798e-01
     vertex -2.500000e+00  1.489106e+00  4.301896e-01
   endloop
 endfacet
 facet normal  0.000000e+00 -9.484807e-01 -3.168348e-01
   outer loop
     vertex  2.500000e+00  1.463270e+00  5.112157e-01
     vertex -2.500000e+00  1.476744e+00  4.708798e-01
     vertex  2.500000e+00  1.476744e+00  4.708798e-01
   endloop
 endfacet
 facet normal -0.000000e+00 -9.484807e-01 -3.168348e-01
   outer loop
     vertex  2.500000e+00  1.463270e+00  5.112157e-01
     vertex -2.500000e+00  1.463270e+00  5.112157e-01
     vertex -2.500000e+00  1.476744e+00  4.708798e-01
   endloop
 endfacet
 facet normal -0.000000e+00 -9.394317e-01 -3.427362e-01
   outer loop
     vertex  2.500000e+00  1.463270e+00  5.112157e-01
     vertex -2.500000e+00  1.448694e+00  5.511667e-01
     vertex -2.500000e+00  1.463270e+00  5.112157e-01
   endloop
 endfacet
 facet normal -0.000000e+00 -9.394317e-01 -3.427362e-01
   outer loop
     vertex  2.500000e+00  1.448694e+00  5.511667e-01
     vertex -2.500000e+00  1.448694e+00  5.511667e-01
     vertex  2.500000e+00  1.463270e+00  5.112157e-01
   endloop
 endfacet
 facet normal -0.000000e+00 -9.296754e-01 -3.683796e-01
   outer loop
     vertex  2.500000e+00  1.448694e+00  5.511667e-01
     vertex -2.500000e+00  1.433028e+00  5.907028e-01
     vertex -2.500000e+00  1.448694e+00  5.511667e-01
   endloop
 endfacet
 facet normal -0.000000e+00 -9.296754e-01 -3.683796e-01
   outer loop
     vertex  2.500000e+00  1.433028e+00  5.907028e-01
     vertex -2.500000e+00  1.433028e+00  5.907028e-01
     vertex  2.500000e+00  1.448694e+00  5.511667e-01
   endloop
 endfacet
 facet normal  0.000000e+00 -9.192194e-01 -3.937458e-01
   outer loop
     vertex  2.500000e+00  1.416284e+00  6.297942e-01
     vertex -2.500000e+00  1.433028e+00  5.907028e-01
     vertex  2.500000e+00  1.433028e+00  5.907028e-01
   endloop
 endfacet
 facet normal -0.000000e+00 -9.192194e-01 -3.937458e-01
   outer loop
     vertex  2.500000e+00  1.416284e+00  6.297942e-01
     vertex -2.500000e+00  1.416284e+00  6.297942e-01
     vertex -2.500000e+00  1.433028e+00  5.907028e-01
   endloop
 endfacet
 facet normal -0.000000e+00 -9.080714e-01 -4.188155e-01
   outer loop
     vertex  2.500000e+00  1.416284e+00  6.297942e-01
     vertex -2.500000e+00  1.398473e+00  6.684116e-01
     vertex -2.500000e+00  1.416284e+00  6.297942e-01
   endloop
 endfacet
 facet normal -0.000000e+00 -9.080714e-01 -4.188155e-01
   outer loop
     vertex  2.500000e+00  1.398473e+00  6.684116e-01
     vertex -2.500000e+00  1.398473e+00  6.684116e-01
     vertex  2.500000e+00  1.416284e+00  6.297942e-01
   endloop
 endfacet
 facet normal  0.000000e+00 -8.962398e-01 -4.435699e-01
   outer loop
     vertex  2.500000e+00  1.379609e+00  7.065257e-01
     vertex -2.500000e+00  1.398473e+00  6.684116e-01
     vertex  2.500000e+00  1.398473e+00  6.684116e-01
   endloop
 endfacet
 facet normal -0.000000e+00 -8.962398e-01 -4.435699e-01
   outer loop
     vertex  2.500000e+00  1.379609e+00  7.065257e-01
     vertex -2.500000e+00  1.379609e+00  7.065257e-01
     vertex -2.500000e+00  1.398473e+00  6.684116e-01
   endloop
 endfacet
 facet normal -0.000000e+00 -8.837335e-01 -4.679904e-01
   outer loop
     vertex  2.500000e+00  1.379609e+00  7.065257e-01
     vertex -2.500000e+00  1.359707e+00  7.441081e-01
     vertex -2.500000e+00  1.379609e+00  7.065257e-01
   endloop
 endfacet
 facet normal -0.000000e+00 -8.837335e-01 -4.679904e-01
   outer loop
     vertex  2.500000e+00  1.359707e+00  7.441081e-01
     vertex -2.500000e+00  1.359707e+00  7.441081e-01
     vertex  2.500000e+00  1.379609e+00  7.065257e-01
   endloop
 endfacet
 facet normal  0.000000e+00 -8.705620e-01 -4.920587e-01
   outer loop
     vertex  2.500000e+00  1.338781e+00  7.811303e-01
     vertex -2.500000e+00  1.359707e+00  7.441081e-01
     vertex  2.500000e+00  1.359707e+00  7.441081e-01
   endloop
 endfacet
 facet normal -0.000000e+00 -8.705620e-01 -4.920587e-01
   outer loop
     vertex  2.500000e+00  1.338781e+00  7.811303e-01
     vertex -2.500000e+00  1.338781e+00  7.811303e-01
     vertex -2.500000e+00  1.359707e+00  7.441081e-01
   endloop
 endfacet
 facet normal -0.000000e+00 -8.567352e-01 -5.157565e-01
   outer loop
     vertex  2.500000e+00  1.338781e+00  7.811303e-01
     vertex -2.500000e+00  1.316848e+00  8.175645e-01
     vertex -2.500000e+00  1.338781e+00  7.811303e-01
   endloop
 endfacet
 facet normal -0.000000e+00 -8.567352e-01 -5.157565e-01
   outer loop
     vertex  2.500000e+00  1.316848e+00  8.175645e-01
     vertex -2.500000e+00  1.316848e+00  8.175645e-01
     vertex  2.500000e+00  1.338781e+00  7.811303e-01
   endloop
 endfacet
 facet normal -0.000000e+00 -8.422635e-01 -5.390661e-01
   outer loop
     vertex  2.500000e+00  1.316848e+00  8.175645e-01
     vertex -2.500000e+00  1.293923e+00  8.533832e-01
     vertex -2.500000e+00  1.316848e+00  8.175645e-01
   endloop
 endfacet
 facet normal -0.000000e+00 -8.422635e-01 -5.390661e-01
   outer loop
     vertex  2.500000e+00  1.293923e+00  8.533832e-01
     vertex -2.500000e+00  1.293923e+00  8.533832e-01
     vertex  2.500000e+00  1.316848e+00  8.175645e-01
   endloop
 endfacet
 facet normal -0.000000e+00 -8.271577e-01 -5.619699e-01
   outer loop
     vertex  2.500000e+00  1.293923e+00  8.533832e-01
     vertex -2.500000e+00  1.270024e+00  8.885596e-01
     vertex -2.500000e+00  1.293923e+00  8.533832e-01
   endloop
 endfacet
 facet normal -0.000000e+00 -8.271577e-01 -5.619699e-01
   outer loop
     vertex  2.500000e+00  1.270024e+00  8.885596e-01
     vertex -2.500000e+00  1.270024e+00  8.885596e-01
     vertex  2.500000e+00  1.293923e+00  8.533832e-01
   endloop
 endfacet
 facet normal  0.000000e+00 -8.114292e-01 -5.844507e-01
   outer loop
     vertex  2.500000e+00  1.245170e+00  9.230670e-01
     vertex -2.500000e+00  1.270024e+00  8.885596e-01
     vertex  2.500000e+00  1.270024e+00  8.885596e-01
   endloop
 endfacet
 facet normal -0.000000e+00 -8.114292e-01 -5.844507e-01
   outer loop
     vertex  2.500000e+00  1.245170e+00  9.230670e-01
     vertex -2.500000e+00  1.245170e+00  9.230670e-01
     vertex -2.500000e+00  1.270024e+00  8.885596e-01
   endloop
 endfacet
 facet normal -0.000000e+00 -7.950900e-01 -6.064915e-01
   outer loop
     vertex  2.500000e+00  1.245170e+00  9.230670e-01
     vertex -2.500000e+00  1.219377e+00  9.568796e-01
     vertex -2.500000e+00  1.245170e+00  9.230670e-01
   endloop
 endfacet
 facet normal -0.000000e+00 -7.950900e-01 -6.064915e-01
   outer loop
     vertex  2.500000e+00  1.219377e+00  9.568796e-01
     vertex -2.500000e+00  1.219377e+00  9.568796e-01
     vertex  2.500000e+00  1.245170e+00  9.230670e-01
   endloop
 endfacet
 facet normal  0.000000e+00 -7.781522e-01 -6.280757e-01
   outer loop
     vertex  2.500000e+00  1.192667e+00  9.899720e-01
     vertex -2.500000e+00  1.219377e+00  9.568796e-01
     vertex  2.500000e+00  1.219377e+00  9.568796e-01
   endloop
 endfacet
 facet normal -0.000000e+00 -7.781522e-01 -6.280757e-01
   outer loop
     vertex  2.500000e+00  1.192667e+00  9.899720e-01
     vertex -2.500000e+00  1.192667e+00  9.899720e-01
     vertex -2.500000e+00  1.219377e+00  9.568796e-01
   endloop
 endfacet
 facet normal  0.000000e+00 -7.606287e-01 -6.491872e-01
   outer loop
     vertex  2.500000e+00  1.165060e+00  1.022319e+00
     vertex -2.500000e+00  1.192667e+00  9.899720e-01
     vertex  2.500000e+00  1.192667e+00  9.899720e-01
   endloop
 endfacet
 facet normal -0.000000e+00 -7.606287e-01 -6.491872e-01
   outer loop
     vertex  2.500000e+00  1.165060e+00  1.022319e+00
     vertex -2.500000e+00  1.165060e+00  1.022319e+00
     vertex -2.500000e+00  1.192667e+00  9.899720e-01
   endloop
 endfacet
 facet normal  0.000000e+00 -7.425325e-01 -6.698100e-01
   outer loop
     vertex  2.500000e+00  1.136575e+00  1.053897e+00
     vertex -2.500000e+00  1.165060e+00  1.022319e+00
     vertex  2.500000e+00  1.165060e+00  1.022319e+00
   endloop
 endfacet
 facet normal -0.000000e+00 -7.425325e-01 -6.698100e-01
   outer loop
     vertex  2.500000e+00  1.136575e+00  1.053897e+00
     vertex -2.500000e+00  1.136575e+00  1.053897e+00
     vertex -2.500000e+00  1.165060e+00  1.022319e+00
   endloop
 endfacet
 facet normal -0.000000e+00 -7.238775e-01 -6.899286e-01
   outer loop
     vertex  2.500000e+00  1.136575e+00  1.053897e+00
     vertex -2.500000e+00  1.107234e+00  1.084681e+00
     vertex -2.500000e+00  1.136575e+00  1.053897e+00
   endloop
 endfacet
 facet normal -0.000000e+00 -7.238775e-01 -6.899286e-01
   outer loop
     vertex  2.500000e+00  1.107234e+00  1.084681e+00
     vertex -2.500000e+00  1.107234e+00  1.084681e+00
     vertex  2.500000e+00  1.136575e+00  1.053897e+00
   endloop
 endfacet
 facet normal  2.439694e-05 -6.849470e-01 -7.285929e-01
   outer loop
     vertex -2.271781e-02  1.049754e+00  1.140402e+00
     vertex -2.500000e+00  1.046076e+00  1.143777e+00
     vertex -2.500000e+00  1.077060e+00  1.114648e+00
   endloop
 endfacet
 facet normal  9.350973e-05 -6.816165e-01 -7.317096e-01
   outer loop
     vertex -1.934656e-03  1.049998e+00  1.140177e+00
     vertex -2.271781e-02  1.049754e+00  1.140402e+00
     vertex -2.500000e+00  1.077060e+00  1.114648e+00
   endloop
 endfacet
 facet normal  2.784359e-06 -6.770939e-01 -7.358966e-01
   outer loop
     vertex -4.348457e-02  1.049099e+00  1.141004e+00
     vertex -2.500000e+00  1.046076e+00  1.143777e+00
     vertex -2.271781e-02  1.049754e+00  1.140402e+00
   endloop
 endfacet
 facet normal  1.469897e-06 -6.765145e-01 -7.364294e-01
   outer loop
     vertex -6.422457e-02  1.048034e+00  1.141983e+00
     vertex -2.500000e+00  1.046076e+00  1.143777e+00
     vertex -4.348457e-02  1.049099e+00  1.141004e+00
   endloop
 endfacet
 facet normal  2.377823e-07 -6.756819e-01 -7.371933e-01
   outer loop
     vertex -8.492722e-02  1.046560e+00  1.143334e+00
     vertex -2.500000e+00  1.046076e+00  1.143777e+00
     vertex -6.422457e-02  1.048034e+00  1.141983e+00
   endloop
 endfacet
 facet normal -1.630203e-07 -6.745937e-01 -7.381892e-01
   outer loop
     vertex -1.055817e-01  1.044678e+00  1.145054e+00
     vertex -2.500000e+00  1.046076e+00  1.143777e+00
     vertex -8.492722e-02  1.046560e+00  1.143334e+00
   endloop
 endfacet
 facet normal  0.000000e+00 -7.046775e-01 -7.095278e-01
   outer loop
     vertex  2.500000e+00  1.077060e+00  1.114648e+00
     vertex -2.500000e+00  1.107234e+00  1.084681e+00
     vertex  2.500000e+00  1.107234e+00  1.084681e+00
   endloop
 endfacet
 facet normal -0.000000e+00 -7.046775e-01 -7.095278e-01
   outer loop
     vertex  2.500000e+00  1.077060e+00  1.114648e+00
     vertex -2.500000e+00  1.077060e+00  1.114648e+00
     vertex -2.500000e+00  1.107234e+00  1.084681e+00
   endloop
 endfacet
 facet normal -0.000000e+00 -6.861973e-01 -7.274154e-01
   outer loop
     vertex  2.500000e+00  1.077060e+00  1.114648e+00
     vertex -1.934656e-03  1.049998e+00  1.140177e+00
     vertex -2.500000e+00  1.077060e+00  1.114648e+00
   endloop
 endfacet
 facet normal -7.614679e-05 -6.824633e-01 -7.309199e-01
   outer loop
     vertex  2.500000e+00  1.077060e+00  1.114648e+00
     vertex  1.884652e-02  1.049831e+00  1.140331e+00
     vertex -1.934656e-03  1.049998e+00  1.140177e+00
   endloop
 endfacet
 facet normal  1.271032e-06 -6.732534e-01 -7.394118e-01
   outer loop
     vertex -1.261771e-01  1.042391e+00  1.147136e+00
     vertex -2.500000e+00  1.046076e+00  1.143777e+00
     vertex -1.055817e-01  1.044678e+00  1.145054e+00
   endloop
 endfacet
 facet normal  5.778969e-06 -6.716648e-01 -7.408551e-01
   outer loop
     vertex -1.467022e-01  1.039701e+00  1.149574e+00
     vertex -2.500000e+00  1.046076e+00  1.143777e+00
     vertex -1.261771e-01  1.042391e+00  1.147136e+00
   endloop
 endfacet
 facet normal  1.483049e-05 -6.698313e-01 -7.425133e-01
   outer loop
     vertex -1.671456e-01  1.036611e+00  1.152362e+00
     vertex -2.500000e+00  1.046076e+00  1.143777e+00
     vertex -1.467022e-01  1.039701e+00  1.149574e+00
   endloop
 endfacet
 facet normal  3.012540e-05 -6.677553e-01 -7.443808e-01
   outer loop
     vertex -1.874957e-01  1.033124e+00  1.155489e+00
     vertex -2.500000e+00  1.046076e+00  1.143777e+00
     vertex -1.671456e-01  1.036611e+00  1.152362e+00
   endloop
 endfacet
 facet normal  5.359575e-05 -6.654384e-01 -7.464528e-01
   outer loop
     vertex -2.077408e-01  1.029244e+00  1.158946e+00
     vertex -2.500000e+00  1.046076e+00  1.143777e+00
     vertex -1.874957e-01  1.033124e+00  1.155489e+00
   endloop
 endfacet
 facet normal  6.335598e-05 -6.647010e-01 -7.471095e-01
   outer loop
     vertex -2.077408e-01  1.029244e+00  1.158946e+00
     vertex -2.500000e+00  1.014303e+00  1.172045e+00
     vertex -2.500000e+00  1.046076e+00  1.143777e+00
   endloop
 endfacet
 facet normal  4.088681e-05 -6.627621e-01 -7.488301e-01
   outer loop
     vertex -2.278719e-01  1.024975e+00  1.162723e+00
     vertex -2.500000e+00  1.014303e+00  1.172045e+00
     vertex -2.077408e-01  1.029244e+00  1.158946e+00
   endloop
 endfacet
 facet normal  1.638011e-05 -6.598142e-01 -7.514288e-01
   outer loop
     vertex -2.478840e-01  1.020320e+00  1.166810e+00
     vertex -2.500000e+00  1.014303e+00  1.172045e+00
     vertex -2.278719e-01  1.024975e+00  1.162723e+00
   endloop
 endfacet
 facet normal  1.493743e-06 -6.566494e-01 -7.541960e-01
   outer loop
     vertex -2.677692e-01  1.015283e+00  1.171196e+00
     vertex -2.500000e+00  1.014303e+00  1.172045e+00
     vertex -2.478840e-01  1.020320e+00  1.166810e+00
   endloop
 endfacet
 facet normal -2.480204e-05 -6.849470e-01 -7.285929e-01
   outer loop
     vertex  2.500000e+00  1.046076e+00  1.143777e+00
     vertex  1.884652e-02  1.049831e+00  1.140331e+00
     vertex  2.500000e+00  1.077060e+00  1.114648e+00
   endloop
 endfacet
 facet normal -4.830113e-05 -6.659073e-01 -7.460345e-01
   outer loop
     vertex  2.500000e+00  1.046076e+00  1.143777e+00
     vertex  2.037988e-01  1.030032e+00  1.158246e+00
     vertex  1.835424e-01  1.033834e+00  1.154854e+00
   endloop
 endfacet
 facet normal -2.658726e-05 -6.681772e-01 -7.440022e-01
   outer loop
     vertex  2.500000e+00  1.046076e+00  1.143777e+00
     vertex  1.835424e-01  1.033834e+00  1.154854e+00
     vertex  1.631904e-01  1.037241e+00  1.151795e+00
   endloop
 endfacet
 facet normal -1.264545e-05 -6.702064e-01 -7.421748e-01
   outer loop
     vertex  2.500000e+00  1.046076e+00  1.143777e+00
     vertex  1.631904e-01  1.037241e+00  1.151795e+00
     vertex  1.427526e-01  1.040251e+00  1.149077e+00
   endloop
 endfacet
 facet normal -4.600843e-06 -6.719915e-01 -7.405588e-01
   outer loop
     vertex  2.500000e+00  1.046076e+00  1.143777e+00
     vertex  1.427526e-01  1.040251e+00  1.149077e+00
     vertex  1.222387e-01  1.042860e+00  1.146709e+00
   endloop
 endfacet
 facet normal -7.965132e-07 -6.735295e-01 -7.391603e-01
   outer loop
     vertex  2.500000e+00  1.046076e+00  1.143777e+00
     vertex  1.222387e-01  1.042860e+00  1.146709e+00
     vertex  1.016579e-01  1.045067e+00  1.144698e+00
   endloop
 endfacet
 facet normal  1.967053e-07 -6.748176e-01 -7.379846e-01
   outer loop
     vertex  2.500000e+00  1.046076e+00  1.143777e+00
     vertex  1.016579e-01  1.045067e+00  1.144698e+00
     vertex  8.101937e-02  1.046870e+00  1.143050e+00
   endloop
 endfacet
 facet normal -4.284224e-07 -6.758538e-01 -7.370357e-01
   outer loop
     vertex  2.500000e+00  1.046076e+00  1.143777e+00
     vertex  8.101937e-02  1.046870e+00  1.143050e+00
     vertex  6.033216e-02  1.048265e+00  1.141771e+00
   endloop
 endfacet
 facet normal -1.725147e-06 -6.766385e-01 -7.363154e-01
   outer loop
     vertex  2.500000e+00  1.046076e+00  1.143777e+00
     vertex  6.033216e-02  1.048265e+00  1.141771e+00
     vertex  3.960499e-02  1.049253e+00  1.140863e+00
   endloop
 endfacet
 facet normal -3.018747e-06 -6.771819e-01 -7.358156e-01
   outer loop
     vertex  2.500000e+00  1.046076e+00  1.143777e+00
     vertex  3.960499e-02  1.049253e+00  1.140863e+00
     vertex  1.884652e-02  1.049831e+00  1.140331e+00
   endloop
 endfacet
 facet normal -1.100664e-06 -6.532725e-01 -7.571229e-01
   outer loop
     vertex -2.875201e-01  1.009867e+00  1.175869e+00
     vertex -2.500000e+00  1.014303e+00  1.172045e+00
     vertex -2.677692e-01  1.015283e+00  1.171196e+00
   endloop
 endfacet
 facet normal  1.141848e-05 -6.496847e-01 -7.602038e-01
   outer loop
     vertex -3.071299e-01  1.004077e+00  1.180817e+00
     vertex -2.500000e+00  1.014303e+00  1.172045e+00
     vertex -2.875201e-01  1.009867e+00  1.175869e+00
   endloop
 endfacet
 facet normal  4.206398e-05 -6.458848e-01 -7.634348e-01
   outer loop
     vertex -3.265916e-01  9.979168e-01  1.186028e+00
     vertex -2.500000e+00  1.014303e+00  1.172045e+00
     vertex -3.071299e-01  1.004077e+00  1.180817e+00
   endloop
 endfacet
 facet normal  6.709780e-05 -6.439545e-01 -7.650637e-01
   outer loop
     vertex -3.265916e-01  9.979168e-01  1.186028e+00
     vertex -2.500000e+00  9.817678e-01  1.199430e+00
     vertex -2.500000e+00  1.014303e+00  1.172045e+00
   endloop
 endfacet
 facet normal  3.973772e-05 -6.417841e-01 -7.668854e-01
   outer loop
     vertex -3.458933e-01  9.913919e-01  1.191487e+00
     vertex -2.500000e+00  9.817678e-01  1.199430e+00
     vertex -3.265916e-01  9.979168e-01  1.186028e+00
   endloop
 endfacet
 facet normal  6.703349e-06 -6.374003e-01 -7.705328e-01
   outer loop
     vertex -3.650301e-01  9.845065e-01  1.197183e+00
     vertex -2.500000e+00  9.817678e-01  1.199430e+00
     vertex -3.458933e-01  9.913919e-01  1.191487e+00
   endloop
 endfacet
 facet normal -3.120720e-06 -6.328271e-01 -7.742932e-01
   outer loop
     vertex -3.839994e-01  9.772638e-01  1.203102e+00
     vertex -2.500000e+00  9.817678e-01  1.199430e+00
     vertex -3.650301e-01  9.845065e-01  1.197183e+00
   endloop
 endfacet
 facet normal -6.350376e-05 -6.647010e-01 -7.471095e-01
   outer loop
     vertex  2.500000e+00  1.014303e+00  1.172045e+00
     vertex  2.037988e-01  1.030032e+00  1.158246e+00
     vertex  2.500000e+00  1.046076e+00  1.143777e+00
   endloop
 endfacet
 facet normal -3.443994e-05 -6.466516e-01 -7.627855e-01
   outer loop
     vertex  2.500000e+00  1.014303e+00  1.172045e+00
     vertex  3.227422e-01  9.991684e-01  1.184974e+00
     vertex  3.032822e-01  1.005246e+00  1.179822e+00
   endloop
 endfacet
 facet normal -7.639059e-06 -6.504054e-01 -7.595872e-01
   outer loop
     vertex  2.500000e+00  1.014303e+00  1.172045e+00
     vertex  3.032822e-01  1.005246e+00  1.179822e+00
     vertex  2.836615e-01  1.010958e+00  1.174931e+00
   endloop
 endfacet
 facet normal  1.687549e-06 -6.539516e-01 -7.565364e-01
   outer loop
     vertex  2.500000e+00  1.014303e+00  1.172045e+00
     vertex  2.836615e-01  1.010958e+00  1.174931e+00
     vertex  2.638916e-01  1.016298e+00  1.170316e+00
   endloop
 endfacet
 facet normal -3.525170e-06 -6.572863e-01 -7.536410e-01
   outer loop
     vertex  2.500000e+00  1.014303e+00  1.172045e+00
     vertex  2.638916e-01  1.016298e+00  1.170316e+00
     vertex  2.439839e-01  1.021260e+00  1.165988e+00
   endloop
 endfacet
 facet normal -2.048291e-05 -6.604066e-01 -7.509082e-01
   outer loop
     vertex  2.500000e+00  1.014303e+00  1.172045e+00
     vertex  2.439839e-01  1.021260e+00  1.165988e+00
     vertex  2.239494e-01  1.025839e+00  1.161961e+00
   endloop
 endfacet
 facet normal -4.656358e-05 -6.633109e-01 -7.483440e-01
   outer loop
     vertex  2.500000e+00  1.014303e+00  1.172045e+00
     vertex  2.239494e-01  1.025839e+00  1.161961e+00
     vertex  2.037988e-01  1.030032e+00  1.158246e+00
   endloop
 endfacet
 facet normal  1.372618e-05 -6.280657e-01 -7.781603e-01
   outer loop
     vertex -4.027987e-01  9.696665e-01  1.209234e+00
     vertex -2.500000e+00  9.817678e-01  1.199430e+00
     vertex -3.839994e-01  9.772638e-01  1.203102e+00
   endloop
 endfacet
 facet normal  6.082582e-05 -6.231177e-01 -7.821281e-01
   outer loop
     vertex -4.214252e-01  9.617176e-01  1.215565e+00
     vertex -2.500000e+00  9.817678e-01  1.199430e+00
     vertex -4.027987e-01  9.696665e-01  1.209234e+00
   endloop
 endfacet
 facet normal  6.706631e-05 -6.227234e-01 -7.824421e-01
   outer loop
     vertex -4.214252e-01  9.617176e-01  1.215565e+00
     vertex -2.500000e+00  9.484930e-01  1.225912e+00
     vertex -2.500000e+00  9.817678e-01  1.199430e+00
   endloop
 endfacet
 facet normal  1.649028e-05 -6.178125e-01 -7.863255e-01
   outer loop
     vertex -4.398759e-01  9.534197e-01  1.222085e+00
     vertex -2.500000e+00  9.484930e-01  1.225912e+00
     vertex -4.214252e-01  9.617176e-01  1.215565e+00
   endloop
 endfacet
 facet normal -4.610246e-06 -6.123187e-01 -7.906110e-01
   outer loop
     vertex -4.581479e-01  9.447753e-01  1.228780e+00
     vertex -2.500000e+00  9.484930e-01  1.225912e+00
     vertex -4.398759e-01  9.534197e-01  1.222085e+00
   endloop
 endfacet
 facet normal -6.671724e-05 -6.439545e-01 -7.650637e-01
   outer loop
     vertex  2.500000e+00  9.817678e-01  1.199430e+00
     vertex  3.227422e-01  9.991684e-01  1.184974e+00
     vertex  2.500000e+00  1.014303e+00  1.172045e+00
   endloop
 endfacet
 facet normal -4.841716e-05 -6.241582e-01 -7.812980e-01
   outer loop
     vertex  2.500000e+00  9.817678e-01  1.199430e+00
     vertex  4.175624e-01  9.634011e-01  1.214232e+00
     vertex  3.989361e-01  9.712621e-01  1.207953e+00
   endloop
 endfacet
 facet normal -7.933389e-06 -6.290583e-01 -7.773581e-01
   outer loop
     vertex  2.500000e+00  9.817678e-01  1.199430e+00
     vertex  3.989361e-01  9.712621e-01  1.207953e+00
     vertex  3.801382e-01  9.787722e-01  1.201876e+00
   endloop
 endfacet
 facet normal  3.156450e-06 -6.337722e-01 -7.735197e-01
   outer loop
     vertex  2.500000e+00  9.817678e-01  1.199430e+00
     vertex  3.801382e-01  9.787722e-01  1.201876e+00
     vertex  3.611716e-01  9.859285e-01  1.196012e+00
   endloop
 endfacet
 facet normal -1.161003e-05 -6.382984e-01 -7.697890e-01
   outer loop
     vertex  2.500000e+00  9.817678e-01  1.199430e+00
     vertex  3.611716e-01  9.859285e-01  1.196012e+00
     vertex  3.420388e-01  9.927283e-01  1.190374e+00
   endloop
 endfacet
 facet normal -4.881817e-05 -6.426356e-01 -7.661720e-01
   outer loop
     vertex  2.500000e+00  9.817678e-01  1.199430e+00
     vertex  3.420388e-01  9.927283e-01  1.190374e+00
     vertex  3.227422e-01  9.991684e-01  1.184974e+00
   endloop
 endfacet
 facet normal  1.182492e-05 -6.066521e-01 -7.949674e-01
   outer loop
     vertex -4.762381e-01  9.357870e-01  1.235639e+00
     vertex -2.500000e+00  9.484930e-01  1.225912e+00
     vertex -4.581479e-01  9.447753e-01  1.228780e+00
   endloop
 endfacet
 facet normal  6.611178e-05 -6.010234e-01 -7.992314e-01
   outer loop
     vertex -4.941430e-01  9.264571e-01  1.242649e+00
     vertex -2.500000e+00  9.145043e-01  1.251472e+00
     vertex -2.500000e+00  9.484930e-01  1.225912e+00
   endloop
 endfacet
 facet normal  6.973155e-05 -6.008137e-01 -7.993891e-01
   outer loop
     vertex -4.941430e-01  9.264571e-01  1.242649e+00
     vertex -2.500000e+00  9.484930e-01  1.225912e+00
     vertex -4.762381e-01  9.357870e-01  1.235639e+00
   endloop
 endfacet
 facet normal  6.836646e-06 -5.946077e-01 -8.040159e-01
   outer loop
     vertex -5.118594e-01  9.167878e-01  1.249800e+00
     vertex -2.500000e+00  9.145043e-01  1.251472e+00
     vertex -4.941430e-01  9.264571e-01  1.242649e+00
   endloop
 endfacet
 facet normal -5.360587e-05 -6.020831e-01 -7.984335e-01
   outer loop
     vertex  2.500000e+00  9.484930e-01  1.225912e+00
     vertex  4.902934e-01  9.285001e-01  1.241124e+00
     vertex  4.723830e-01  9.377389e-01  1.234158e+00
   endloop
 endfacet
 facet normal -5.002066e-06 -6.078736e-01 -7.940338e-01
   outer loop
     vertex  2.500000e+00  9.484930e-01  1.225912e+00
     vertex  4.723830e-01  9.377389e-01  1.234158e+00
     vertex  4.542889e-01  9.466370e-01  1.227346e+00
   endloop
 endfacet
 facet normal  3.133361e-06 -6.134927e-01 -7.897004e-01
   outer loop
     vertex  2.500000e+00  9.484930e-01  1.225912e+00
     vertex  4.542889e-01  9.466370e-01  1.227346e+00
     vertex  4.360143e-01  9.551919e-01  1.220700e+00
   endloop
 endfacet
 facet normal -2.530691e-05 -6.189395e-01 -7.854386e-01
   outer loop
     vertex  2.500000e+00  9.484930e-01  1.225912e+00
     vertex  4.360143e-01  9.551919e-01  1.220700e+00
     vertex  4.175624e-01  9.634011e-01  1.214232e+00
   endloop
 endfacet
 facet normal -6.920349e-05 -6.227234e-01 -7.824421e-01
   outer loop
     vertex  2.500000e+00  9.484930e-01  1.225912e+00
     vertex  4.175624e-01  9.634011e-01  1.214232e+00
     vertex  2.500000e+00  9.817678e-01  1.199430e+00
   endloop
 endfacet
 facet normal -4.390859e-06 -5.882479e-01 -8.086807e-01
   outer loop
     vertex -5.293837e-01  9.067816e-01  1.257079e+00
     vertex -2.500000e+00  9.145043e-01  1.251472e+00
     vertex -5.118594e-01  9.167878e-01  1.249800e+00
   endloop
 endfacet
 facet normal  3.454215e-05 -5.817277e-01 -8.133836e-01
   outer loop
     vertex -5.467124e-01  8.964405e-01  1.264474e+00
     vertex -2.500000e+00  9.145043e-01  1.251472e+00
     vertex -5.293837e-01  9.067816e-01  1.257079e+00
   endloop
 endfacet
 facet normal  7.450951e-05 -5.788711e-01 -8.154191e-01
   outer loop
     vertex -5.467124e-01  8.964405e-01  1.264474e+00
     vertex -2.500000e+00  8.798272e-01  1.276089e+00
     vertex -2.500000e+00  9.145043e-01  1.251472e+00
   endloop
 endfacet
 facet normal  2.452515e-05 -5.749370e-01 -8.181977e-01
   outer loop
     vertex -5.638416e-01  8.857667e-01  1.271974e+00
     vertex -2.500000e+00  8.798272e-01  1.276089e+00
     vertex -5.467124e-01  8.964405e-01  1.264474e+00
   endloop
 endfacet
 facet normal -7.431847e-06 -5.679101e-01 -8.230906e-01
   outer loop
     vertex -5.807676e-01  8.747623e-01  1.279567e+00
     vertex -2.500000e+00  8.798272e-01  1.276089e+00
     vertex -5.638416e-01  8.857667e-01  1.271974e+00
   endloop
 endfacet
 facet normal -7.018670e-05 -6.010234e-01 -7.992314e-01
   outer loop
     vertex  2.500000e+00  9.145043e-01  1.251472e+00
     vertex  4.902934e-01  9.285001e-01  1.241124e+00
     vertex  2.500000e+00  9.484930e-01  1.225912e+00
   endloop
 endfacet
 facet normal -2.144658e-05 -5.831807e-01 -8.123425e-01
   outer loop
     vertex  2.500000e+00  9.145043e-01  1.251472e+00
     vertex  5.428881e-01  8.987616e-01  1.262825e+00
     vertex  5.255495e-01  9.090092e-01  1.255469e+00
   endloop
 endfacet
 facet normal  6.053011e-06 -5.896531e-01 -8.076566e-01
   outer loop
     vertex  2.500000e+00  9.145043e-01  1.251472e+00
     vertex  5.255495e-01  9.090092e-01  1.255469e+00
     vertex  5.080167e-01  9.189228e-01  1.248231e+00
   endloop
 endfacet
 facet normal -1.550905e-05 -5.959658e-01 -8.030098e-01
   outer loop
     vertex  2.500000e+00  9.145043e-01  1.251472e+00
     vertex  5.080167e-01  9.189228e-01  1.248231e+00
     vertex  4.902934e-01  9.285001e-01  1.241124e+00
   endloop
 endfacet
 facet normal  2.039761e-05 -5.607330e-01 -8.279967e-01
   outer loop
     vertex -5.974864e-01  8.634292e-01  1.287241e+00
     vertex -2.500000e+00  8.798272e-01  1.276089e+00
     vertex -5.807676e-01  8.747623e-01  1.279567e+00
   endloop
 endfacet
 facet normal  7.631595e-05 -5.562829e-01 -8.309929e-01
   outer loop
     vertex -5.974864e-01  8.634292e-01  1.287241e+00
     vertex -2.500000e+00  8.444877e-01  1.299746e+00
     vertex -2.500000e+00  8.798272e-01  1.276089e+00
   endloop
 endfacet
 facet normal  3.395729e-05 -5.533289e-01 -8.329629e-01
   outer loop
     vertex -6.139941e-01  8.517695e-01  1.294986e+00
     vertex -2.500000e+00  8.444877e-01  1.299746e+00
     vertex -5.974864e-01  8.634292e-01  1.287241e+00
   endloop
 endfacet
 facet normal -8.379307e-06 -5.456606e-01 -8.380063e-01
   outer loop
     vertex -6.302864e-01  8.397851e-01  1.302790e+00
     vertex -2.500000e+00  8.444877e-01  1.299746e+00
     vertex -6.139941e-01  8.517695e-01  1.294986e+00
   endloop
 endfacet
 facet normal -7.395959e-05 -5.788711e-01 -8.154191e-01
   outer loop
     vertex  2.500000e+00  8.798272e-01  1.276089e+00
     vertex  5.428881e-01  8.987616e-01  1.262825e+00
     vertex  2.500000e+00  9.145043e-01  1.251472e+00
   endloop
 endfacet
 facet normal -8.662906e-06 -5.623718e-01 -8.268845e-01
   outer loop
     vertex  2.500000e+00  8.798272e-01  1.276089e+00
     vertex  5.937020e-01  8.660357e-01  1.285489e+00
     vertex  5.769682e-01  8.772728e-01  1.277847e+00
   endloop
 endfacet
 facet normal  5.279355e-06 -5.695013e-01 -8.219905e-01
   outer loop
     vertex  2.500000e+00  8.798272e-01  1.276089e+00
     vertex  5.769682e-01  8.772728e-01  1.277847e+00
     vertex  5.600290e-01  8.881822e-01  1.270288e+00
   endloop
 endfacet
 facet normal -3.937356e-05 -5.764811e-01 -8.171105e-01
   outer loop
     vertex  2.500000e+00  8.798272e-01  1.276089e+00
     vertex  5.600290e-01  8.881822e-01  1.270288e+00
     vertex  5.428881e-01  8.987616e-01  1.262825e+00
   endloop
 endfacet
 facet normal  1.945699e-05 -5.378508e-01 -8.430400e-01
   outer loop
     vertex -6.463593e-01  8.274779e-01  1.310641e+00
     vertex -2.500000e+00  8.444877e-01  1.299746e+00
     vertex -6.302864e-01  8.397851e-01  1.302790e+00
   endloop
 endfacet
 facet normal  7.848906e-05 -5.332761e-01 -8.459413e-01
   outer loop
     vertex -6.463593e-01  8.274779e-01  1.310641e+00
     vertex -2.500000e+00  8.085126e-01  1.322425e+00
     vertex -2.500000e+00  8.444877e-01  1.299746e+00
   endloop
 endfacet
 facet normal  2.925558e-05 -5.298140e-01 -8.481139e-01
   outer loop
     vertex -6.622144e-01  8.148448e-01  1.318532e+00
     vertex -2.500000e+00  8.085126e-01  1.322425e+00
     vertex -6.463593e-01  8.274779e-01  1.310641e+00
   endloop
 endfacet
 facet normal -1.016479e-05 -5.215225e-01 -8.532375e-01
   outer loop
     vertex -6.778511e-01  8.018839e-01  1.326455e+00
     vertex -2.500000e+00  8.085126e-01  1.322425e+00
     vertex -6.622144e-01  8.148448e-01  1.318532e+00
   endloop
 endfacet
 facet normal -7.297182e-05 -5.562829e-01 -8.309929e-01
   outer loop
     vertex  2.500000e+00  8.444877e-01  1.299746e+00
     vertex  5.937020e-01  8.660357e-01  1.285489e+00
     vertex  2.500000e+00  8.798272e-01  1.276089e+00
   endloop
 endfacet
 facet normal -6.535556e-06 -5.396776e-01 -8.418718e-01
   outer loop
     vertex  2.500000e+00  8.444877e-01  1.299746e+00
     vertex  6.426302e-01  8.303773e-01  1.308806e+00
     vertex  6.265371e-01  8.425860e-01  1.300980e+00
   endloop
 endfacet
 facet normal  4.653100e-06 -5.474396e-01 -8.368452e-01
   outer loop
     vertex  2.500000e+00  8.444877e-01  1.299746e+00
     vertex  6.265371e-01  8.425860e-01  1.300980e+00
     vertex  6.102263e-01  8.544728e-01  1.293204e+00
   endloop
 endfacet
 facet normal -5.304795e-05 -5.550608e-01 -8.318098e-01
   outer loop
     vertex  2.500000e+00  8.444877e-01  1.299746e+00
     vertex  6.102263e-01  8.544728e-01  1.293204e+00
     vertex  5.937020e-01  8.660357e-01  1.285489e+00
   endloop
 endfacet
 facet normal  3.177713e-05 -5.130915e-01 -8.583339e-01
   outer loop
     vertex -6.932646e-01  7.885964e-01  1.334397e+00
     vertex -2.500000e+00  8.085126e-01  1.322425e+00
     vertex -6.778511e-01  8.018839e-01  1.326455e+00
   endloop
 endfacet
 facet normal  8.002819e-05 -5.098678e-01 -8.602528e-01
   outer loop
     vertex -6.932646e-01  7.885964e-01  1.334397e+00
     vertex -2.500000e+00  7.719288e-01  1.344108e+00
     vertex -2.500000e+00  8.085126e-01  1.322425e+00
   endloop
 endfacet
 facet normal  1.225667e-05 -5.043969e-01 -8.634719e-01
   outer loop
     vertex -7.084499e-01  7.749831e-01  1.342349e+00
     vertex -2.500000e+00  7.719288e-01  1.344108e+00
     vertex -6.932646e-01  7.885964e-01  1.334397e+00
   endloop
 endfacet
 facet normal -7.501833e-05 -5.332761e-01 -8.459413e-01
   outer loop
     vertex  2.500000e+00  8.085126e-01  1.322425e+00
     vertex  6.426302e-01  8.303773e-01  1.308806e+00
     vertex  2.500000e+00  8.444877e-01  1.299746e+00
   endloop
 endfacet
 facet normal -1.419724e-05 -5.151121e-01 -8.571228e-01
   outer loop
     vertex  2.500000e+00  8.085126e-01  1.322425e+00
     vertex  6.895995e-01  7.918033e-01  1.332497e+00
     vertex  6.741628e-01  8.049873e-01  1.324574e+00
   endloop
 endfacet
 facet normal  7.979382e-06 -5.234935e-01 -8.520297e-01
   outer loop
     vertex  2.500000e+00  8.085126e-01  1.322425e+00
     vertex  6.741628e-01  8.049873e-01  1.324574e+00
     vertex  6.585048e-01  8.178456e-01  1.316673e+00
   endloop
 endfacet
 facet normal -4.978563e-05 -5.317361e-01 -8.469101e-01
   outer loop
     vertex  2.500000e+00  8.085126e-01  1.322425e+00
     vertex  6.585048e-01  8.178456e-01  1.316673e+00
     vertex  6.426302e-01  8.303773e-01  1.308806e+00
   endloop
 endfacet
 facet normal -7.969015e-06 -4.954930e-01 -8.686119e-01
   outer loop
     vertex -7.234019e-01  7.610451e-01  1.350300e+00
     vertex -2.500000e+00  7.719288e-01  1.344108e+00
     vertex -7.084499e-01  7.749831e-01  1.342349e+00
   endloop
 endfacet
 facet normal  6.515764e-05 -4.864544e-01 -8.737060e-01
   outer loop
     vertex -7.381155e-01  7.467835e-01  1.358239e+00
     vertex -2.500000e+00  7.719288e-01  1.344108e+00
     vertex -7.234019e-01  7.610451e-01  1.350300e+00
   endloop
 endfacet
 facet normal  7.225365e-05 -4.860756e-01 -8.739167e-01
   outer loop
     vertex -7.381155e-01  7.467835e-01  1.358239e+00
     vertex -2.500000e+00  7.347639e-01  1.364779e+00
     vertex -2.500000e+00  7.719288e-01  1.344108e+00
   endloop
 endfacet
 facet normal -7.351160e-06 -4.770926e-01 -8.788531e-01
   outer loop
     vertex -7.525851e-01  7.321992e-01  1.366157e+00
     vertex -2.500000e+00  7.347639e-01  1.364779e+00
     vertex -7.381155e-01  7.467835e-01  1.358239e+00
   endloop
 endfacet
 facet normal -3.848446e-05 -4.886726e-01 -8.724672e-01
   outer loop
     vertex  2.500000e+00  7.719288e-01  1.344108e+00
     vertex  7.345330e-01  7.503074e-01  1.356296e+00
     vertex  7.197897e-01  7.644624e-01  1.348368e+00
   endloop
 endfacet
 facet normal  1.140712e-05 -4.976607e-01 -8.673718e-01
   outer loop
     vertex  2.500000e+00  7.719288e-01  1.344108e+00
     vertex  7.197897e-01  7.644624e-01  1.348368e+00
     vertex  7.048102e-01  7.782947e-01  1.340432e+00
   endloop
 endfacet
 facet normal -3.051773e-05 -5.065150e-01 -8.622312e-01
   outer loop
     vertex  2.500000e+00  7.719288e-01  1.344108e+00
     vertex  7.048102e-01  7.782947e-01  1.340432e+00
     vertex  6.895995e-01  7.918033e-01  1.332497e+00
   endloop
 endfacet
 facet normal -8.001277e-05 -5.098678e-01 -8.602528e-01
   outer loop
     vertex  2.500000e+00  7.719288e-01  1.344108e+00
     vertex  6.895995e-01  7.918033e-01  1.332497e+00
     vertex  2.500000e+00  8.085126e-01  1.322425e+00
   endloop
 endfacet
 facet normal  1.060466e-05 -4.675933e-01 -8.839437e-01
   outer loop
     vertex -7.668053e-01  7.172932e-01  1.374042e+00
     vertex -2.500000e+00  7.347639e-01  1.364779e+00
     vertex -7.525851e-01  7.321992e-01  1.366157e+00
   endloop
 endfacet
 facet normal  8.373726e-05 -4.619176e-01 -8.869228e-01
   outer loop
     vertex -7.668053e-01  7.172932e-01  1.374042e+00
     vertex -2.500000e+00  6.970459e-01  1.384423e+00
     vertex -2.500000e+00  7.347639e-01  1.364779e+00
   endloop
 endfacet
 facet normal  2.408696e-05 -4.578829e-01 -8.890125e-01
   outer loop
     vertex -7.807703e-01  7.020667e-01  1.381884e+00
     vertex -2.500000e+00  6.970459e-01  1.384423e+00
     vertex -7.668053e-01  7.172932e-01  1.374042e+00
   endloop
 endfacet
 facet normal -1.244679e-05 -4.479301e-01 -8.940686e-01
   outer loop
     vertex -7.944743e-01  6.865207e-01  1.389672e+00
     vertex -2.500000e+00  6.970459e-01  1.384423e+00
     vertex -7.807703e-01  7.020667e-01  1.381884e+00
   endloop
 endfacet
 facet normal  3.482007e-06 -4.699609e-01 -8.826873e-01
   outer loop
     vertex  2.500000e+00  7.347639e-01  1.364779e+00
     vertex  7.632892e-01  7.210337e-01  1.372083e+00
     vertex  7.490347e-01  7.358309e-01  1.364204e+00
   endloop
 endfacet
 facet normal -3.948852e-06 -4.794094e-01 -8.775914e-01
   outer loop
     vertex  2.500000e+00  7.347639e-01  1.364779e+00
     vertex  7.490347e-01  7.358309e-01  1.364204e+00
     vertex  7.345330e-01  7.503074e-01  1.356296e+00
   endloop
 endfacet
 facet normal -8.029605e-05 -4.860756e-01 -8.739167e-01
   outer loop
     vertex  2.500000e+00  7.347639e-01  1.364779e+00
     vertex  7.345330e-01  7.503074e-01  1.356296e+00
     vertex  2.500000e+00  7.719288e-01  1.344108e+00
   endloop
 endfacet
 facet normal  6.507882e-05 -4.378510e-01 -8.990475e-01
   outer loop
     vertex -8.079110e-01  6.706563e-01  1.397398e+00
     vertex -2.500000e+00  6.970459e-01  1.384423e+00
     vertex -7.944743e-01  6.865207e-01  1.389672e+00
   endloop
 endfacet
 facet normal  7.356635e-05 -4.374119e-01 -8.992613e-01
   outer loop
     vertex -8.079110e-01  6.706563e-01  1.397398e+00
     vertex -2.500000e+00  6.588033e-01  1.403025e+00
     vertex -2.500000e+00  6.970459e-01  1.384423e+00
   endloop
 endfacet
 facet normal -1.201085e-05 -4.274609e-01 -9.040338e-01
   outer loop
     vertex -8.210743e-01  6.544746e-01  1.405049e+00
     vertex -2.500000e+00  6.588033e-01  1.403025e+00
     vertex -8.079110e-01  6.706563e-01  1.397398e+00
   endloop
 endfacet
 facet normal -3.437333e-05 -4.404216e-01 -8.977911e-01
   outer loop
     vertex  2.500000e+00  6.970459e-01  1.384423e+00
     vertex  8.045129e-01  6.747288e-01  1.395436e+00
     vertex  7.910343e-01  6.904816e-01  1.387709e+00
   endloop
 endfacet
 facet normal  1.373430e-05 -4.504488e-01 -8.928023e-01
   outer loop
     vertex  2.500000e+00  6.970459e-01  1.384423e+00
     vertex  7.910343e-01  6.904816e-01  1.387709e+00
     vertex  7.772911e-01  7.059169e-01  1.379921e+00
   endloop
 endfacet
 facet normal -5.049285e-05 -4.603508e-01 -8.877371e-01
   outer loop
     vertex  2.500000e+00  6.970459e-01  1.384423e+00
     vertex  7.772911e-01  7.059169e-01  1.379921e+00
     vertex  7.632892e-01  7.210337e-01  1.372083e+00
   endloop
 endfacet
 facet normal -7.791908e-05 -4.619176e-01 -8.869228e-01
   outer loop
     vertex  2.500000e+00  6.970459e-01  1.384423e+00
     vertex  7.632892e-01  7.210337e-01  1.372083e+00
     vertex  2.500000e+00  7.347639e-01  1.364779e+00
   endloop
 endfacet
 facet normal  8.702113e-05 -4.125769e-01 -9.109228e-01
   outer loop
     vertex -8.339578e-01  6.379768e-01  1.412617e+00
     vertex -2.500000e+00  6.200647e-01  1.420570e+00
     vertex -2.500000e+00  6.588033e-01  1.403025e+00
   endloop
 endfacet
 facet normal  2.102183e-05 -4.169405e-01 -9.089338e-01
   outer loop
     vertex -8.339578e-01  6.379768e-01  1.412617e+00
     vertex -2.500000e+00  6.588033e-01  1.403025e+00
     vertex -8.210743e-01  6.544746e-01  1.405049e+00
   endloop
 endfacet
 facet normal  4.599556e-06 -4.061843e-01 -9.137912e-01
   outer loop
     vertex -8.465548e-01  6.211642e-01  1.420090e+00
     vertex -2.500000e+00  6.200647e-01  1.420570e+00
     vertex -8.339578e-01  6.379768e-01  1.412617e+00
   endloop
 endfacet
 facet normal -5.662258e-07 -4.196641e-01 -9.076795e-01
   outer loop
     vertex  2.500000e+00  6.588033e-01  1.403025e+00
     vertex  8.306517e-01  6.422755e-01  1.410667e+00
     vertex  8.177208e-01  6.586597e-01  1.403092e+00
   endloop
 endfacet
 facet normal  5.238947e-07 -4.301323e-01 -9.027659e-01
   outer loop
     vertex  2.500000e+00  6.588033e-01  1.403025e+00
     vertex  8.177208e-01  6.586597e-01  1.403092e+00
     vertex  8.045129e-01  6.747288e-01  1.395436e+00
   endloop
 endfacet
 facet normal -8.353851e-05 -4.374119e-01 -8.992613e-01
   outer loop
     vertex  2.500000e+00  6.588033e-01  1.403025e+00
     vertex  8.045129e-01  6.747288e-01  1.395436e+00
     vertex  2.500000e+00  6.970459e-01  1.384423e+00
   endloop
 endfacet
 facet normal -4.076586e-06 -3.952308e-01 -9.185818e-01
   outer loop
     vertex -8.588585e-01  6.040381e-01  1.427459e+00
     vertex -2.500000e+00  6.200647e-01  1.420570e+00
     vertex -8.465548e-01  6.211642e-01  1.420090e+00
   endloop
 endfacet
 facet normal  8.601116e-05 -3.874313e-01 -9.218986e-01
   outer loop
     vertex -8.588585e-01  6.040381e-01  1.427459e+00
     vertex -2.500000e+00  5.808593e-01  1.437046e+00
     vertex -2.500000e+00  6.200647e-01  1.420570e+00
   endloop
 endfacet
 facet normal  3.084816e-05 -3.841015e-01 -9.232909e-01
   outer loop
     vertex -8.708620e-01  5.865999e-01  1.434713e+00
     vertex -2.500000e+00  5.808593e-01  1.437046e+00
     vertex -8.588585e-01  6.040381e-01  1.427459e+00
   endloop
 endfacet
 facet normal -1.590739e-05 -3.727236e-01 -9.279424e-01
   outer loop
     vertex -8.825580e-01  5.688510e-01  1.441842e+00
     vertex -2.500000e+00  5.808593e-01  1.437046e+00
     vertex -8.708620e-01  5.865999e-01  1.434713e+00
   endloop
 endfacet
 facet normal  7.631688e-05 -3.619940e-01 -9.321804e-01
   outer loop
     vertex -2.500000e+00  5.412166e-01  1.452441e+00
     vertex -2.500000e+00  5.808593e-01  1.437046e+00
     vertex -8.825580e-01  5.688510e-01  1.441842e+00
   endloop
 endfacet
 facet normal -8.558303e-05 -4.125769e-01 -9.109228e-01
   outer loop
     vertex  2.500000e+00  6.200647e-01  1.420570e+00
     vertex  8.306517e-01  6.422755e-01  1.410667e+00
     vertex  2.500000e+00  6.588033e-01  1.403025e+00
   endloop
 endfacet
 facet normal  1.470579e-05 -3.981087e-01 -9.173382e-01
   outer loop
     vertex  2.500000e+00  6.200647e-01  1.420570e+00
     vertex  8.556557e-01  6.085666e-01  1.425534e+00
     vertex  8.432988e-01  6.255774e-01  1.418151e+00
   endloop
 endfacet
 facet normal -2.858853e-05 -4.090098e-01 -9.125300e-01
   outer loop
     vertex  2.500000e+00  6.200647e-01  1.420570e+00
     vertex  8.432988e-01  6.255774e-01  1.418151e+00
     vertex  8.306517e-01  6.422755e-01  1.410667e+00
   endloop
 endfacet
 facet normal  6.103600e-05 -3.612155e-01 -9.324824e-01
   outer loop
     vertex -8.939391e-01  5.507929e-01  1.448836e+00
     vertex -2.500000e+00  5.412166e-01  1.452441e+00
     vertex -8.825580e-01  5.688510e-01  1.441842e+00
   endloop
 endfacet
 facet normal -1.934213e-05 -3.494224e-01 -9.369653e-01
   outer loop
     vertex -9.049978e-01  5.324274e-01  1.455686e+00
     vertex -2.500000e+00  5.412166e-01  1.452441e+00
     vertex -8.939391e-01  5.507929e-01  1.448836e+00
   endloop
 endfacet
 facet normal -7.372168e-05 -3.874313e-01 -9.218986e-01
   outer loop
     vertex  2.500000e+00  5.808593e-01  1.437046e+00
     vertex  8.556557e-01  6.085666e-01  1.425534e+00
     vertex  2.500000e+00  6.200647e-01  1.420570e+00
   endloop
 endfacet
 facet normal -4.195298e-05 -3.643153e-01 -9.312757e-01
   outer loop
     vertex  2.500000e+00  5.808593e-01  1.437046e+00
     vertex  8.909141e-01  5.556726e-01  1.446972e+00
     vertex  8.794705e-01  5.736128e-01  1.439954e+00
   endloop
 endfacet
 facet normal  1.738846e-05 -3.757570e-01 -9.267182e-01
   outer loop
     vertex  2.500000e+00  5.808593e-01  1.437046e+00
     vertex  8.794705e-01  5.736128e-01  1.439954e+00
     vertex  8.677153e-01  5.912446e-01  1.432805e+00
   endloop
 endfacet
 facet normal -6.680956e-05 -3.870820e-01 -9.220453e-01
   outer loop
     vertex  2.500000e+00  5.808593e-01  1.437046e+00
     vertex  8.677153e-01  5.912446e-01  1.432805e+00
     vertex  8.556557e-01  6.085666e-01  1.425534e+00
   endloop
 endfacet
 facet normal  5.514231e-05 -3.375135e-01 -9.413207e-01
   outer loop
     vertex -9.157263e-01  5.137560e-01  1.462380e+00
     vertex -2.500000e+00  5.412166e-01  1.452441e+00
     vertex -9.049978e-01  5.324274e-01  1.455686e+00
   endloop
 endfacet
 facet normal  7.920788e-05 -3.362843e-01 -9.417605e-01
   outer loop
     vertex -9.157263e-01  5.137560e-01  1.462380e+00
     vertex -2.500000e+00  5.011666e-01  1.466742e+00
     vertex -2.500000e+00  5.412166e-01  1.452441e+00
   endloop
 endfacet
 facet normal -1.839069e-05 -3.253326e-01 -9.455996e-01
   outer loop
     vertex -9.261166e-01  4.947808e-01  1.468908e+00
     vertex -2.500000e+00  5.011666e-01  1.466742e+00
     vertex -9.157263e-01  5.137560e-01  1.462380e+00
   endloop
 endfacet
 facet normal -8.386804e-05 -3.619940e-01 -9.321804e-01
   outer loop
     vertex  2.500000e+00  5.412166e-01  1.452441e+00
     vertex  8.909141e-01  5.556726e-01  1.446972e+00
     vertex  2.500000e+00  5.808593e-01  1.437046e+00
   endloop
 endfacet
 facet normal -1.936313e-05 -3.407585e-01 -9.401509e-01
   outer loop
     vertex  2.500000e+00  5.412166e-01  1.452441e+00
     vertex  9.128363e-01  5.188737e-01  1.460572e+00
     vertex  9.020386e-01  5.374256e-01  1.453848e+00
   endloop
 endfacet
 facet normal  1.261631e-05 -3.526122e-01 -9.357695e-01
   outer loop
     vertex  2.500000e+00  5.412166e-01  1.452441e+00
     vertex  9.020386e-01  5.374256e-01  1.453848e+00
     vertex  8.909141e-01  5.556726e-01  1.446972e+00
   endloop
 endfacet
 facet normal  8.637676e-05 -3.103214e-01 -9.506317e-01
   outer loop
     vertex -9.361605e-01  4.755035e-01  1.475261e+00
     vertex -2.500000e+00  4.607393e-01  1.479939e+00
     vertex -2.500000e+00  5.011666e-01  1.466742e+00
   endloop
 endfacet
 facet normal  3.727566e-05 -3.130197e-01 -9.497466e-01
   outer loop
     vertex -9.361605e-01  4.755035e-01  1.475261e+00
     vertex -2.500000e+00  5.011666e-01  1.466742e+00
     vertex -9.261166e-01  4.947808e-01  1.468908e+00
   endloop
 endfacet
 facet normal -1.617410e-05 -3.004610e-01 -9.537941e-01
   outer loop
     vertex -9.458495e-01  4.559263e-01  1.481429e+00
     vertex -2.500000e+00  4.607393e-01  1.479939e+00
     vertex -9.361605e-01  4.755035e-01  1.475261e+00
   endloop
 endfacet
 facet normal -5.293904e-06 -3.164228e-01 -9.486183e-01
   outer loop
     vertex  2.500000e+00  5.011666e-01  1.466742e+00
     vertex  9.334194e-01  4.808619e-01  1.473524e+00
     vertex  9.232993e-01  5.000184e-01  1.467134e+00
   endloop
 endfacet
 facet normal  4.669516e-06 -3.286796e-01 -9.444415e-01
   outer loop
     vertex  2.500000e+00  5.011666e-01  1.466742e+00
     vertex  9.232993e-01  5.000184e-01  1.467134e+00
     vertex  9.128363e-01  5.188737e-01  1.460572e+00
   endloop
 endfacet
 facet normal -9.059379e-05 -3.362843e-01 -9.417605e-01
   outer loop
     vertex  2.500000e+00  5.011666e-01  1.466742e+00
     vertex  9.128363e-01  5.188737e-01  1.460572e+00
     vertex  2.500000e+00  5.412166e-01  1.452441e+00
   endloop
 endfacet
 facet normal  9.013339e-05 -2.841250e-01 -9.587873e-01
   outer loop
     vertex -9.551759e-01  4.360494e-01  1.487401e+00
     vertex -2.500000e+00  4.199652e-01  1.492022e+00
     vertex -2.500000e+00  4.607393e-01  1.479939e+00
   endloop
 endfacet
 facet normal  2.693231e-05 -2.877523e-01 -9.577049e-01
   outer loop
     vertex -9.551759e-01  4.360494e-01  1.487401e+00
     vertex -2.500000e+00  4.607393e-01  1.479939e+00
     vertex -9.458495e-01  4.559263e-01  1.481429e+00
   endloop
 endfacet
 facet normal -1.492790e-05 -2.748130e-01 -9.614977e-01
   outer loop
     vertex -9.641330e-01  4.158696e-01  1.493169e+00
     vertex -2.500000e+00  4.199652e-01  1.492022e+00
     vertex -9.551759e-01  4.360494e-01  1.487401e+00
   endloop
 endfacet
 facet normal  2.889866e-06 -2.913146e-01 -9.566273e-01
   outer loop
     vertex  2.500000e+00  4.607393e-01  1.479939e+00
     vertex  9.525981e-01  4.416525e-01  1.485747e+00
     vertex  9.431885e-01  4.614060e-01  1.479731e+00
   endloop
 endfacet
 facet normal -3.054348e-06 -3.039659e-01 -9.526829e-01
   outer loop
     vertex  2.500000e+00  4.607393e-01  1.479939e+00
     vertex  9.431885e-01  4.614060e-01  1.479731e+00
     vertex  9.334194e-01  4.808619e-01  1.473524e+00
   endloop
 endfacet
 facet normal -9.309012e-05 -3.103214e-01 -9.506317e-01
   outer loop
     vertex  2.500000e+00  4.607393e-01  1.479939e+00
     vertex  9.334194e-01  4.808619e-01  1.473524e+00
     vertex  2.500000e+00  5.011666e-01  1.466742e+00
   endloop
 endfacet
 facet normal  9.177916e-05 -2.577146e-01 -9.662211e-01
   outer loop
     vertex -9.727079e-01  3.953976e-01  1.498720e+00
     vertex -2.500000e+00  3.788749e-01  1.502982e+00
     vertex -2.500000e+00  4.199652e-01  1.492022e+00
   endloop
 endfacet
 facet normal  2.272508e-05 -2.617142e-01 -9.651454e-01
   outer loop
     vertex -9.727079e-01  3.953976e-01  1.498720e+00
     vertex -2.500000e+00  4.199652e-01  1.492022e+00
     vertex -9.641330e-01  4.158696e-01  1.493169e+00
   endloop
 endfacet
 facet normal -1.577344e-05 -2.484013e-01 -9.686572e-01
   outer loop
     vertex -9.808875e-01  3.746462e-01  1.504041e+00
     vertex -2.500000e+00  3.788749e-01  1.502982e+00
     vertex -9.727079e-01  3.953976e-01  1.498720e+00
   endloop
 endfacet
 facet normal  6.901073e-06 -2.654372e-01 -9.641282e-01
   outer loop
     vertex  2.500000e+00  4.199652e-01  1.492022e+00
     vertex  9.703096e-01  4.012472e-01  1.497164e+00
     vertex  9.616424e-01  4.215969e-01  1.491562e+00
   endloop
 endfacet
 facet normal -8.033613e-06 -2.784774e-01 -9.604428e-01
   outer loop
     vertex  2.500000e+00  4.199652e-01  1.492022e+00
     vertex  9.616424e-01  4.215969e-01  1.491562e+00
     vertex  9.525981e-01  4.416525e-01  1.485747e+00
   endloop
 endfacet
 facet normal -9.389931e-05 -2.841250e-01 -9.587873e-01
   outer loop
     vertex  2.500000e+00  4.199652e-01  1.492022e+00
     vertex  9.525981e-01  4.416525e-01  1.485747e+00
     vertex  2.500000e+00  4.607393e-01  1.479939e+00
   endloop
 endfacet
 facet normal  9.175744e-05 -2.311102e-01 -9.729276e-01
   outer loop
     vertex -9.886593e-01  3.536281e-01  1.509121e+00
     vertex -2.500000e+00  3.374994e-01  1.512810e+00
     vertex -2.500000e+00  3.788749e-01  1.502982e+00
   endloop
 endfacet
 facet normal  2.403405e-05 -2.349411e-01 -9.720096e-01
   outer loop
     vertex -9.886593e-01  3.536281e-01  1.509121e+00
     vertex -2.500000e+00  3.788749e-01  1.502982e+00
     vertex -9.808875e-01  3.746462e-01  1.504041e+00
   endloop
 endfacet
 facet normal -1.866927e-05 -2.212845e-01 -9.752093e-01
   outer loop
     vertex -9.960116e-01  3.323567e-01  1.513948e+00
     vertex -2.500000e+00  3.374994e-01  1.512810e+00
     vertex -9.886593e-01  3.536281e-01  1.509121e+00
   endloop
 endfacet
 facet normal  7.509064e-06 -2.388195e-01 -9.710640e-01
   outer loop
     vertex  2.500000e+00  3.788749e-01  1.502982e+00
     vertex  9.864607e-01  3.597154e-01  1.507682e+00
     vertex  9.785865e-01  3.806158e-01  1.502542e+00
   endloop
 endfacet
 facet normal -8.810104e-06 -2.522232e-01 -9.676691e-01
   outer loop
     vertex  2.500000e+00  3.788749e-01  1.502982e+00
     vertex  9.785865e-01  3.806158e-01  1.502542e+00
     vertex  9.703096e-01  4.012472e-01  1.497164e+00
   endloop
 endfacet
 facet normal -9.463149e-05 -2.577146e-01 -9.662211e-01
   outer loop
     vertex  2.500000e+00  3.788749e-01  1.502982e+00
     vertex  9.703096e-01  4.012472e-01  1.497164e+00
     vertex  2.500000e+00  4.199652e-01  1.492022e+00
   endloop
 endfacet
 facet normal  8.968469e-05 -2.043319e-01 -9.789017e-01
   outer loop
     vertex -1.002933e+00  3.108452e-01  1.518511e+00
     vertex -2.500000e+00  2.958699e-01  1.521500e+00
     vertex -2.500000e+00  3.374994e-01  1.512810e+00
   endloop
 endfacet
 facet normal  3.075929e-05 -2.074990e-01 -9.782352e-01
   outer loop
     vertex -1.002933e+00  3.108452e-01  1.518511e+00
     vertex -2.500000e+00  3.374994e-01  1.512810e+00
     vertex -9.960116e-01  3.323567e-01  1.513948e+00
   endloop
 endfacet
 facet normal -2.272991e-05 -1.935315e-01 -9.810941e-01
   outer loop
     vertex -1.009414e+00  2.891076e-01  1.522799e+00
     vertex -2.500000e+00  2.958699e-01  1.521500e+00
     vertex -1.002933e+00  3.108452e-01  1.518511e+00
   endloop
 endfacet
 facet normal -9.586719e-05 -2.311102e-01 -9.729276e-01
   outer loop
     vertex  2.500000e+00  3.374994e-01  1.512810e+00
     vertex  9.864607e-01  3.597154e-01  1.507682e+00
     vertex  2.500000e+00  3.788749e-01  1.502982e+00
   endloop
 endfacet
 facet normal  4.840763e-06 -2.115259e-01 -9.773724e-01
   outer loop
     vertex  2.500000e+00  3.374994e-01  1.512810e+00
     vertex  1.000954e+00  3.171600e-01  1.517205e+00
     vertex  9.939204e-01  3.385591e-01  1.512573e+00
   endloop
 endfacet
 facet normal -5.303145e-06 -2.252569e-01 -9.742994e-01
   outer loop
     vertex  2.500000e+00  3.374994e-01  1.512810e+00
     vertex  9.939204e-01  3.385591e-01  1.512573e+00
     vertex  9.864607e-01  3.597154e-01  1.507682e+00
   endloop
 endfacet
 facet normal  8.456577e-05 -1.773998e-01 -9.841389e-01
   outer loop
     vertex -1.015444e+00  2.671575e-01  1.526803e+00
     vertex -2.500000e+00  2.540177e-01  1.529044e+00
     vertex -2.500000e+00  2.958699e-01  1.521500e+00
   endloop
 endfacet
 facet normal  4.345277e-05 -1.794566e-01 -9.837659e-01
   outer loop
     vertex -1.015444e+00  2.671575e-01  1.526803e+00
     vertex -2.500000e+00  2.958699e-01  1.521500e+00
     vertex -1.009414e+00  2.891076e-01  1.522799e+00
   endloop
 endfacet
 facet normal -2.649812e-05 -1.652131e-01 -9.862579e-01
   outer loop
     vertex -1.021014e+00  2.450093e-01  1.530513e+00
     vertex -2.500000e+00  2.540177e-01  1.529044e+00
     vertex -1.015444e+00  2.671575e-01  1.526803e+00
   endloop
 endfacet
 facet normal -9.725145e-05 -2.043319e-01 -9.789017e-01
   outer loop
     vertex  2.500000e+00  2.958699e-01  1.521500e+00
     vertex  1.000954e+00  3.171600e-01  1.517205e+00
     vertex  2.500000e+00  3.374994e-01  1.512810e+00
   endloop
 endfacet
 facet normal -1.675859e-06 -1.836244e-01 -9.829965e-01
   outer loop
     vertex  2.500000e+00  2.958699e-01  1.521500e+00
     vertex  1.013704e+00  2.736879e-01  1.525646e+00
     vertex  1.007552e+00  2.955317e-01  1.521565e+00
   endloop
 endfacet
 facet normal  1.621582e-06 -1.976469e-01 -9.802733e-01
   outer loop
     vertex  2.500000e+00  2.958699e-01  1.521500e+00
     vertex  1.007552e+00  2.955317e-01  1.521565e+00
     vertex  1.000954e+00  3.171600e-01  1.517205e+00
   endloop
 endfacet
 facet normal  7.504081e-05 -1.503341e-01 -9.886352e-01
   outer loop
     vertex -1.026116e+00  2.226771e-01  1.533921e+00
     vertex -2.500000e+00  2.119742e-01  1.535437e+00
     vertex -2.500000e+00  2.540177e-01  1.529044e+00
   endloop
 endfacet
 facet normal  6.305273e-05 -1.508848e-01 -9.885513e-01
   outer loop
     vertex -1.026116e+00  2.226771e-01  1.533921e+00
     vertex -2.500000e+00  2.540177e-01  1.529044e+00
     vertex -1.021014e+00  2.450093e-01  1.530513e+00
   endloop
 endfacet
 facet normal -2.820414e-05 -1.364021e-01 -9.906536e-01
   outer loop
     vertex -1.030742e+00  2.001754e-01  1.537020e+00
     vertex -2.500000e+00  2.119742e-01  1.535437e+00
     vertex -1.026116e+00  2.226771e-01  1.533921e+00
   endloop
 endfacet
 facet normal  8.004185e-05 -1.231552e-01 -9.923874e-01
   outer loop
     vertex -2.500000e+00  1.697711e-01  1.540674e+00
     vertex -2.500000e+00  2.119742e-01  1.535437e+00
     vertex -1.030742e+00  2.001754e-01  1.537020e+00
   endloop
 endfacet
 facet normal -1.305864e-05 -1.551855e-01 -9.878853e-01
   outer loop
     vertex  2.500000e+00  2.540177e-01  1.529044e+00
     vertex  1.024632e+00  2.294099e-01  1.532929e+00
     vertex  1.019400e+00  2.516426e-01  1.529436e+00
   endloop
 endfacet
 facet normal  1.046731e-05 -1.694634e-01 -9.855365e-01
   outer loop
     vertex  2.500000e+00  2.540177e-01  1.529044e+00
     vertex  1.019400e+00  2.516426e-01  1.529436e+00
     vertex  1.013704e+00  2.736879e-01  1.525646e+00
   endloop
 endfacet
 facet normal -9.776164e-05 -1.773998e-01 -9.841389e-01
   outer loop
     vertex  2.500000e+00  2.540177e-01  1.529044e+00
     vertex  1.013704e+00  2.736879e-01  1.525646e+00
     vertex  2.500000e+00  2.958699e-01  1.521500e+00
   endloop
 endfacet
 facet normal  5.262564e-05 -1.218497e-01 -9.925486e-01
   outer loop
     vertex -1.034885e+00  1.775190e-01  1.539801e+00
     vertex -2.500000e+00  1.697711e-01  1.540674e+00
     vertex -1.030742e+00  2.001754e-01  1.537020e+00
   endloop
 endfacet
 facet normal -2.599432e-05 -1.071735e-01 -9.942403e-01
   outer loop
     vertex -1.038538e+00  1.547226e-01  1.542258e+00
     vertex -2.500000e+00  1.697711e-01  1.540674e+00
     vertex -1.034885e+00  1.775190e-01  1.539801e+00
   endloop
 endfacet
 facet normal  9.150428e-05 -9.588368e-02 -9.953925e-01
   outer loop
     vertex -2.500000e+00  1.274403e-01  1.544752e+00
     vertex -2.500000e+00  1.697711e-01  1.540674e+00
     vertex -1.038538e+00  1.547226e-01  1.542258e+00
   endloop
 endfacet
 facet normal  1.936551e-05 -1.407786e-01 -9.900411e-01
   outer loop
     vertex  2.500000e+00  2.119742e-01  1.535437e+00
     vertex  1.029393e+00  2.070041e-01  1.536115e+00
     vertex  1.024632e+00  2.294099e-01  1.532929e+00
   endloop
 endfacet
 facet normal -9.595030e-05 -1.503341e-01 -9.886352e-01
   outer loop
     vertex  2.500000e+00  2.119742e-01  1.535437e+00
     vertex  1.024632e+00  2.294099e-01  1.532929e+00
     vertex  2.500000e+00  2.540177e-01  1.529044e+00
   endloop
 endfacet
 facet normal -3.052993e-05 -1.262814e-01 -9.919945e-01
   outer loop
     vertex  1.033674e+00  1.844397e-01  1.538987e+00
     vertex  1.029393e+00  2.070041e-01  1.536115e+00
     vertex  2.500000e+00  2.119742e-01  1.535437e+00
   endloop
 endfacet
 facet normal  2.653233e-05 -9.243309e-02 -9.957189e-01
   outer loop
     vertex -1.041695e+00  1.318013e-01  1.544386e+00
     vertex -2.500000e+00  1.274403e-01  1.544752e+00
     vertex -1.038538e+00  1.547226e-01  1.542258e+00
   endloop
 endfacet
 facet normal  2.630572e-05 -1.116667e-01 -9.937457e-01
   outer loop
     vertex  2.500000e+00  1.697711e-01  1.540674e+00
     vertex  1.037470e+00  1.617313e-01  1.541539e+00
     vertex  1.033674e+00  1.844397e-01  1.538987e+00
   endloop
 endfacet
 facet normal -9.018351e-05 -1.231552e-01 -9.923874e-01
   outer loop
     vertex  2.500000e+00  1.697711e-01  1.540674e+00
     vertex  1.033674e+00  1.844397e-01  1.538987e+00
     vertex  2.500000e+00  2.119742e-01  1.535437e+00
   endloop
 endfacet
 facet normal  9.876918e-05 -6.853995e-02 -9.976484e-01
   outer loop
     vertex -1.044351e+00  1.087700e-01  1.546179e+00
     vertex -2.500000e+00  8.501354e-02  1.547667e+00
     vertex -2.500000e+00  1.274403e-01  1.544752e+00
   endloop
 endfacet
 facet normal -1.813202e-05 -7.760352e-02 -9.969843e-01
   outer loop
     vertex -1.044351e+00  1.087700e-01  1.546179e+00
     vertex -2.500000e+00  1.274403e-01  1.544752e+00
     vertex -1.041695e+00  1.318013e-01  1.544386e+00
   endloop
 endfacet
 facet normal -5.530591e-05 -9.698631e-02 -9.952857e-01
   outer loop
     vertex  1.040773e+00  1.388938e-01  1.543764e+00
     vertex  1.037470e+00  1.617313e-01  1.541539e+00
     vertex  2.500000e+00  1.697711e-01  1.540674e+00
   endloop
 endfacet
 facet normal  3.331412e-06 -6.271611e-02 -9.980314e-01
   outer loop
     vertex -1.046501e+00  8.564405e-02  1.547632e+00
     vertex -2.500000e+00  8.501354e-02  1.547667e+00
     vertex -1.044351e+00  1.087700e-01  1.546179e+00
   endloop
 endfacet
 facet normal  2.933904e-05 -8.220365e-02 -9.966156e-01
   outer loop
     vertex  2.500000e+00  1.274403e-01  1.544752e+00
     vertex  1.043579e+00  1.159421e-01  1.545658e+00
     vertex  1.040773e+00  1.388938e-01  1.543764e+00
   endloop
 endfacet
 facet normal -7.886381e-05 -9.588368e-02 -9.953925e-01
   outer loop
     vertex  2.500000e+00  1.274403e-01  1.544752e+00
     vertex  1.040773e+00  1.388938e-01  1.543764e+00
     vertex  2.500000e+00  1.697711e-01  1.540674e+00
   endloop
 endfacet
 facet normal  1.000591e-04 -4.114462e-02 -9.991532e-01
   outer loop
     vertex -1.048142e+00  6.243870e-02  1.548742e+00
     vertex -2.500000e+00  4.252277e-02  1.549417e+00
     vertex -2.500000e+00  8.501354e-02  1.547667e+00
   endloop
 endfacet
 facet normal -3.171932e-06 -4.776969e-02 -9.988584e-01
   outer loop
     vertex -1.048142e+00  6.243870e-02  1.548742e+00
     vertex -2.500000e+00  8.501354e-02  1.547667e+00
     vertex -1.046501e+00  8.564405e-02  1.547632e+00
   endloop
 endfacet
 facet normal -1.486667e-05 -3.277709e-02 -9.994627e-01
   outer loop
     vertex -1.049269e+00  3.916937e-02  1.549505e+00
     vertex -2.500000e+00  4.252277e-02  1.549417e+00
     vertex -1.048142e+00  6.243870e-02  1.548742e+00
   endloop
 endfacet
 facet normal  2.675646e-05 -5.246620e-02 -9.986227e-01
   outer loop
     vertex  2.500000e+00  8.501354e-02  1.547667e+00
     vertex  1.047680e+00  6.975623e-02  1.548430e+00
     vertex  1.045883e+00  9.289118e-02  1.547214e+00
   endloop
 endfacet
 facet normal -5.427753e-05 -6.737265e-02 -9.977279e-01
   outer loop
     vertex  2.500000e+00  8.501354e-02  1.547667e+00
     vertex  1.045883e+00  9.289118e-02  1.547214e+00
     vertex  1.043579e+00  1.159421e-01  1.545658e+00
   endloop
 endfacet
 facet normal -7.917588e-05 -6.853995e-02 -9.976484e-01
   outer loop
     vertex  2.500000e+00  8.501354e-02  1.547667e+00
     vertex  1.043579e+00  1.159421e-01  1.545658e+00
     vertex  2.500000e+00  1.274403e-01  1.544752e+00
   endloop
 endfacet
 facet normal  9.995828e-05 -1.371831e-02 -9.999059e-01
   outer loop
     vertex -1.049817e+00  1.959719e-02  1.549876e+00
     vertex -2.500000e+00  3.796405e-16  1.550000e+00
     vertex -2.500000e+00  4.252277e-02  1.549417e+00
   endloop
 endfacet
 facet normal  1.709839e-05 -1.895799e-02 -9.998203e-01
   outer loop
     vertex -1.049817e+00  1.959719e-02  1.549876e+00
     vertex -2.500000e+00  4.252277e-02  1.549417e+00
     vertex -1.049269e+00  3.916937e-02  1.549505e+00
   endloop
 endfacet
 facet normal -0.000000e+00 -6.321916e-03 -9.999800e-01
   outer loop
     vertex -1.050000e+00  3.796405e-16  1.550000e+00
     vertex -2.500000e+00  3.796405e-16  1.550000e+00
     vertex -1.049817e+00  1.959719e-02  1.549876e+00
   endloop
 endfacet
 facet normal  1.724199e-05 -2.253178e-02 -9.997461e-01
   outer loop
     vertex  2.500000e+00  4.252277e-02  1.549417e+00
     vertex  1.049742e+00  2.329529e-02  1.549825e+00
     vertex  1.048968e+00  4.655249e-02  1.549301e+00
   endloop
 endfacet
 facet normal -2.442220e-05 -3.752139e-02 -9.992958e-01
   outer loop
     vertex  2.500000e+00  4.252277e-02  1.549417e+00
     vertex  1.048968e+00  4.655249e-02  1.549301e+00
     vertex  1.047680e+00  6.975623e-02  1.548430e+00
   endloop
 endfacet
 facet normal -9.246071e-05 -4.114462e-02 -9.991532e-01
   outer loop
     vertex  2.500000e+00  4.252277e-02  1.549417e+00
     vertex  1.047680e+00  6.975623e-02  1.548430e+00
     vertex  2.500000e+00  8.501354e-02  1.547667e+00
   endloop
 endfacet
 facet normal  1.650222e-18 -7.514953e-03 -9.999718e-01
   outer loop
     vertex  2.500000e+00  3.796405e-16  1.550000e+00
     vertex  1.050000e+00  6.123234e-17  1.550000e+00
     vertex  1.049742e+00  2.329529e-02  1.549825e+00
   endloop
 endfacet
 facet normal -9.965163e-05 -1.371831e-02 -9.999059e-01
   outer loop
     vertex  2.500000e+00  3.796405e-16  1.550000e+00
     vertex  1.049742e+00  2.329529e-02  1.549825e+00
     vertex  2.500000e+00  4.252277e-02  1.549417e+00
   endloop
 endfacet
endsolid
