solid 
 facet normal -1.000000e+00  0.000000e+00 -0.000000e+00
   outer loop
     vertex  0.000000e+00  1.122010e+00 -1.069389e+00
     vertex  0.000000e+00  8.600000e+00 -2.500000e+00
     vertex  0.000000e+00  1.092250e+00 -1.099768e+00
   endloop
 endfacet
 facet normal -1.000000e+00  0.000000e+00  0.000000e+00
   outer loop
     vertex  0.000000e+00  1.061668e+00 -1.129319e+00
     vertex  0.000000e+00  1.092250e+00 -1.099768e+00
     vertex  0.000000e+00  8.600000e+00 -2.500000e+00
   endloop
 endfacet
 facet normal -1.000000e+00  0.000000e+00 -0.000000e+00
   outer loop
     vertex  0.000000e+00  1.150925e+00 -1.038205e+00
     vertex  0.000000e+00  8.600000e+00 -2.500000e+00
     vertex  0.000000e+00  1.122010e+00 -1.069389e+00
   endloop
 endfacet
 facet normal -1.000000e+00  0.000000e+00  0.000000e+00
   outer loop
     vertex  0.000000e+00  1.030287e+00 -1.158020e+00
     vertex  0.000000e+00  1.061668e+00 -1.129319e+00
     vertex  0.000000e+00  8.600000e+00 -2.500000e+00
   endloop
 endfacet
 facet normal -1.000000e+00  0.000000e+00 -0.000000e+00
   outer loop
     vertex  0.000000e+00  1.178974e+00 -1.006240e+00
     vertex  0.000000e+00  8.600000e+00 -2.500000e+00
     vertex  0.000000e+00  1.150925e+00 -1.038205e+00
   endloop
 endfacet
 facet normal -1.000000e+00  0.000000e+00  0.000000e+00
   outer loop
     vertex  0.000000e+00  9.981295e-01 -1.185849e+00
     vertex  0.000000e+00  1.030287e+00 -1.158020e+00
     vertex  0.000000e+00  8.600000e+00 -2.500000e+00
   endloop
 endfacet
 facet normal -1.000000e+00  0.000000e+00 -0.000000e+00
   outer loop
     vertex  0.000000e+00  1.206136e+00 -9.735174e-01
     vertex  0.000000e+00  8.600000e+00 -2.500000e+00
     vertex  0.000000e+00  1.178974e+00 -1.006240e+00
   endloop
 endfacet
 facet normal -1.000000e+00  0.000000e+00  0.000000e+00
   outer loop
     vertex  0.000000e+00  9.652212e-01 -1.212785e+00
     vertex  0.000000e+00  9.981295e-01 -1.185849e+00
     vertex  0.000000e+00  8.600000e+00 -2.500000e+00
   endloop
 endfacet
 facet normal -1.000000e+00  0.000000e+00 -0.000000e+00
   outer loop
     vertex  0.000000e+00  1.232389e+00 -9.400618e-01
     vertex  0.000000e+00  8.600000e+00 -2.500000e+00
     vertex  0.000000e+00  1.206136e+00 -9.735174e-01
   endloop
 endfacet
 facet normal -1.000000e+00  0.000000e+00  0.000000e+00
   outer loop
     vertex  0.000000e+00  9.315863e-01 -1.238809e+00
     vertex  0.000000e+00  9.652212e-01 -1.212785e+00
     vertex  0.000000e+00  8.600000e+00 -2.500000e+00
   endloop
 endfacet
 facet normal -1.000000e+00  0.000000e+00 -0.000000e+00
   outer loop
     vertex  0.000000e+00  1.257715e+00 -9.058985e-01
     vertex  0.000000e+00  8.600000e+00 -2.500000e+00
     vertex  0.000000e+00  1.232389e+00 -9.400618e-01
   endloop
 endfacet
 facet normal -1.000000e+00  0.000000e+00  0.000000e+00
   outer loop
     vertex  0.000000e+00  8.972502e-01 -1.263900e+00
     vertex  0.000000e+00  9.315863e-01 -1.238809e+00
     vertex  0.000000e+00  8.600000e+00 -2.500000e+00
   endloop
 endfacet
 facet normal -1.000000e+00  0.000000e+00 -0.000000e+00
   outer loop
     vertex  0.000000e+00  1.282094e+00 -8.710534e-01
     vertex  0.000000e+00  8.600000e+00 -2.500000e+00
     vertex  0.000000e+00  1.257715e+00 -9.058985e-01
   endloop
 endfacet
 facet normal -1.000000e+00  0.000000e+00  0.000000e+00
   outer loop
     vertex  0.000000e+00  8.622386e-01 -1.288039e+00
     vertex  0.000000e+00  8.972502e-01 -1.263900e+00
     vertex  0.000000e+00  8.600000e+00 -2.500000e+00
   endloop
 endfacet
 facet normal -1.000000e+00  0.000000e+00 -0.000000e+00
   outer loop
     vertex  0.000000e+00  1.305508e+00 -8.355525e-01
     vertex  0.000000e+00  8.600000e+00 -2.500000e+00
     vertex  0.000000e+00  1.282094e+00 -8.710534e-01
   endloop
 endfacet
 facet normal -1.000000e+00  0.000000e+00  0.000000e+00
   outer loop
     vertex  0.000000e+00  8.265779e-01 -1.311209e+00
     vertex  0.000000e+00  8.622386e-01 -1.288039e+00
     vertex  0.000000e+00  8.600000e+00 -2.500000e+00
   endloop
 endfacet
 facet normal -1.000000e+00  0.000000e+00 -0.000000e+00
   outer loop
     vertex  0.000000e+00  1.327940e+00 -7.994226e-01
     vertex  0.000000e+00  8.600000e+00 -2.500000e+00
     vertex  0.000000e+00  1.305508e+00 -8.355525e-01
   endloop
 endfacet
 facet normal -1.000000e+00  0.000000e+00  0.000000e+00
   outer loop
     vertex  0.000000e+00  7.902950e-01 -1.333392e+00
     vertex  0.000000e+00  8.265779e-01 -1.311209e+00
     vertex  0.000000e+00  8.600000e+00 -2.500000e+00
   endloop
 endfacet
 facet normal -1.000000e+00  0.000000e+00 -0.000000e+00
   outer loop
     vertex  0.000000e+00  1.349371e+00 -7.626910e-01
     vertex  0.000000e+00  8.600000e+00 -2.500000e+00
     vertex  0.000000e+00  1.327940e+00 -7.994226e-01
   endloop
 endfacet
 facet normal -1.000000e+00  0.000000e+00  0.000000e+00
   outer loop
     vertex  0.000000e+00  7.534172e-01 -1.354571e+00
     vertex  0.000000e+00  7.902950e-01 -1.333392e+00
     vertex  0.000000e+00  8.600000e+00 -2.500000e+00
   endloop
 endfacet
 facet normal -1.000000e+00  0.000000e+00 -0.000000e+00
   outer loop
     vertex  0.000000e+00  1.369787e+00 -7.253852e-01
     vertex  0.000000e+00  8.600000e+00 -2.500000e+00
     vertex  0.000000e+00  1.349371e+00 -7.626910e-01
   endloop
 endfacet
 facet normal -1.000000e+00  0.000000e+00  0.000000e+00
   outer loop
     vertex  0.000000e+00  7.159723e-01 -1.374730e+00
     vertex  0.000000e+00  7.534172e-01 -1.354571e+00
     vertex  0.000000e+00  8.600000e+00 -2.500000e+00
   endloop
 endfacet
 facet normal -1.000000e+00  0.000000e+00 -0.000000e+00
   outer loop
     vertex  0.000000e+00  1.389172e+00 -6.875333e-01
     vertex  0.000000e+00  8.600000e+00 -2.500000e+00
     vertex  0.000000e+00  1.369787e+00 -7.253852e-01
   endloop
 endfacet
 facet normal -1.000000e+00  0.000000e+00  0.000000e+00
   outer loop
     vertex  0.000000e+00  6.779884e-01 -1.393855e+00
     vertex  0.000000e+00  7.159723e-01 -1.374730e+00
     vertex  0.000000e+00  8.600000e+00 -2.500000e+00
   endloop
 endfacet
 facet normal -1.000000e+00  0.000000e+00 -0.000000e+00
   outer loop
     vertex  0.000000e+00  1.407511e+00 -6.491640e-01
     vertex  0.000000e+00  8.600000e+00 -2.500000e+00
     vertex  0.000000e+00  1.389172e+00 -6.875333e-01
   endloop
 endfacet
 facet normal -1.000000e+00  0.000000e+00  0.000000e+00
   outer loop
     vertex  0.000000e+00  6.394941e-01 -1.411930e+00
     vertex  0.000000e+00  6.779884e-01 -1.393855e+00
     vertex  0.000000e+00  8.600000e+00 -2.500000e+00
   endloop
 endfacet
 facet normal -1.000000e+00  0.000000e+00 -0.000000e+00
   outer loop
     vertex  0.000000e+00  1.424790e+00 -6.103059e-01
     vertex  0.000000e+00  8.600000e+00 -2.500000e+00
     vertex  0.000000e+00  1.407511e+00 -6.491640e-01
   endloop
 endfacet
 facet normal -1.000000e+00  0.000000e+00  0.000000e+00
   outer loop
     vertex  0.000000e+00  6.005185e-01 -1.428943e+00
     vertex  0.000000e+00  6.394941e-01 -1.411930e+00
     vertex  0.000000e+00  8.600000e+00 -2.500000e+00
   endloop
 endfacet
 facet normal -1.000000e+00  0.000000e+00 -0.000000e+00
   outer loop
     vertex  0.000000e+00  1.440997e+00 -5.709885e-01
     vertex  0.000000e+00  8.600000e+00 -2.500000e+00
     vertex  0.000000e+00  1.424790e+00 -6.103059e-01
   endloop
 endfacet
 facet normal -1.000000e+00  0.000000e+00  0.000000e+00
   outer loop
     vertex  0.000000e+00  5.610908e-01 -1.444880e+00
     vertex  0.000000e+00  6.005185e-01 -1.428943e+00
     vertex  0.000000e+00  8.600000e+00 -2.500000e+00
   endloop
 endfacet
 facet normal -1.000000e+00  0.000000e+00 -0.000000e+00
   outer loop
     vertex  0.000000e+00  1.456119e+00 -5.312412e-01
     vertex  0.000000e+00  8.600000e+00 -2.500000e+00
     vertex  0.000000e+00  1.440997e+00 -5.709885e-01
   endloop
 endfacet
 facet normal -1.000000e+00  0.000000e+00  0.000000e+00
   outer loop
     vertex  0.000000e+00  5.212407e-01 -1.459729e+00
     vertex  0.000000e+00  5.610908e-01 -1.444880e+00
     vertex  0.000000e+00  8.600000e+00 -2.500000e+00
   endloop
 endfacet
 facet normal -1.000000e+00  0.000000e+00 -0.000000e+00
   outer loop
     vertex  0.000000e+00  1.470145e+00 -4.910940e-01
     vertex  0.000000e+00  8.600000e+00 -2.500000e+00
     vertex  0.000000e+00  1.456119e+00 -5.312412e-01
   endloop
 endfacet
 facet normal -1.000000e+00  0.000000e+00  0.000000e+00
   outer loop
     vertex  0.000000e+00  4.809982e-01 -1.473479e+00
     vertex  0.000000e+00  5.212407e-01 -1.459729e+00
     vertex  0.000000e+00  8.600000e+00 -2.500000e+00
   endloop
 endfacet
 facet normal -1.000000e+00  0.000000e+00 -0.000000e+00
   outer loop
     vertex  0.000000e+00  1.483064e+00 -4.505771e-01
     vertex  0.000000e+00  8.600000e+00 -2.500000e+00
     vertex  0.000000e+00  1.470145e+00 -4.910940e-01
   endloop
 endfacet
 facet normal -1.000000e+00  0.000000e+00  0.000000e+00
   outer loop
     vertex  0.000000e+00  4.403937e-01 -1.486120e+00
     vertex  0.000000e+00  4.809982e-01 -1.473479e+00
     vertex  0.000000e+00  8.600000e+00 -2.500000e+00
   endloop
 endfacet
 facet normal -1.000000e+00  0.000000e+00 -0.000000e+00
   outer loop
     vertex  0.000000e+00  1.494867e+00 -4.097210e-01
     vertex  0.000000e+00  8.600000e+00 -2.500000e+00
     vertex  0.000000e+00  1.483064e+00 -4.505771e-01
   endloop
 endfacet
 facet normal -1.000000e+00  0.000000e+00  0.000000e+00
   outer loop
     vertex  0.000000e+00  3.994576e-01 -1.497643e+00
     vertex  0.000000e+00  4.403937e-01 -1.486120e+00
     vertex  0.000000e+00  8.600000e+00 -2.500000e+00
   endloop
 endfacet
 facet normal -1.000000e+00  0.000000e+00 -0.000000e+00
   outer loop
     vertex  0.000000e+00  1.505545e+00 -3.685566e-01
     vertex  0.000000e+00  8.600000e+00 -2.500000e+00
     vertex  0.000000e+00  1.494867e+00 -4.097210e-01
   endloop
 endfacet
 facet normal -1.000000e+00  0.000000e+00  0.000000e+00
   outer loop
     vertex  0.000000e+00  3.582209e-01 -1.508038e+00
     vertex  0.000000e+00  3.994576e-01 -1.497643e+00
     vertex  0.000000e+00  8.600000e+00 -2.500000e+00
   endloop
 endfacet
 facet normal -1.000000e+00  0.000000e+00 -0.000000e+00
   outer loop
     vertex  0.000000e+00  1.515089e+00 -3.271147e-01
     vertex  0.000000e+00  8.600000e+00 -2.500000e+00
     vertex  0.000000e+00  1.505545e+00 -3.685566e-01
   endloop
 endfacet
 facet normal -1.000000e+00  0.000000e+00  0.000000e+00
   outer loop
     vertex  0.000000e+00  3.167145e-01 -1.517298e+00
     vertex  0.000000e+00  3.582209e-01 -1.508038e+00
     vertex  0.000000e+00  8.600000e+00 -2.500000e+00
   endloop
 endfacet
 facet normal -1.000000e+00  0.000000e+00 -0.000000e+00
   outer loop
     vertex  0.000000e+00  1.523493e+00 -2.854265e-01
     vertex  0.000000e+00  8.600000e+00 -2.500000e+00
     vertex  0.000000e+00  1.515089e+00 -3.271147e-01
   endloop
 endfacet
 facet normal -1.000000e+00  0.000000e+00  0.000000e+00
   outer loop
     vertex  0.000000e+00  2.749697e-01 -1.525415e+00
     vertex  0.000000e+00  3.167145e-01 -1.517298e+00
     vertex  0.000000e+00  8.600000e+00 -2.500000e+00
   endloop
 endfacet
 facet normal -1.000000e+00  0.000000e+00 -0.000000e+00
   outer loop
     vertex  0.000000e+00  1.530750e+00 -2.435235e-01
     vertex  0.000000e+00  8.600000e+00 -2.500000e+00
     vertex  0.000000e+00  1.523493e+00 -2.854265e-01
   endloop
 endfacet
 facet normal -1.000000e+00  0.000000e+00  0.000000e+00
   outer loop
     vertex  0.000000e+00  2.330178e-01 -1.532385e+00
     vertex  0.000000e+00  2.749697e-01 -1.525415e+00
     vertex  0.000000e+00  8.600000e+00 -2.500000e+00
   endloop
 endfacet
 facet normal -1.000000e+00  0.000000e+00 -0.000000e+00
   outer loop
     vertex  0.000000e+00  1.536855e+00 -2.014371e-01
     vertex  0.000000e+00  8.600000e+00 -2.500000e+00
     vertex  0.000000e+00  1.530750e+00 -2.435235e-01
   endloop
 endfacet
 facet normal -1.000000e+00  0.000000e+00  0.000000e+00
   outer loop
     vertex  0.000000e+00  1.908906e-01 -1.538200e+00
     vertex  0.000000e+00  2.330178e-01 -1.532385e+00
     vertex  0.000000e+00  8.600000e+00 -2.500000e+00
   endloop
 endfacet
 facet normal -1.000000e+00  0.000000e+00 -0.000000e+00
   outer loop
     vertex  0.000000e+00  1.541803e+00 -1.591992e-01
     vertex  0.000000e+00  8.600000e+00 -2.500000e+00
     vertex  0.000000e+00  1.536855e+00 -2.014371e-01
   endloop
 endfacet
 facet normal -1.000000e+00  0.000000e+00  0.000000e+00
   outer loop
     vertex  0.000000e+00  1.486197e-01 -1.542858e+00
     vertex  0.000000e+00  1.908906e-01 -1.538200e+00
     vertex  0.000000e+00  8.600000e+00 -2.500000e+00
   endloop
 endfacet
 facet normal -1.000000e+00  0.000000e+00 -0.000000e+00
   outer loop
     vertex  0.000000e+00  1.545590e+00 -1.168414e-01
     vertex  0.000000e+00  8.600000e+00 -2.500000e+00
     vertex  0.000000e+00  1.541803e+00 -1.591992e-01
   endloop
 endfacet
 facet normal -1.000000e+00  0.000000e+00  0.000000e+00
   outer loop
     vertex  0.000000e+00  1.062369e-01 -1.546355e+00
     vertex  0.000000e+00  1.486197e-01 -1.542858e+00
     vertex  0.000000e+00  8.600000e+00 -2.500000e+00
   endloop
 endfacet
 facet normal -1.000000e+00  0.000000e+00 -0.000000e+00
   outer loop
     vertex  0.000000e+00  1.548214e+00 -7.439560e-02
     vertex  0.000000e+00  8.600000e+00 -2.500000e+00
     vertex  0.000000e+00  1.545590e+00 -1.168414e-01
   endloop
 endfacet
 facet normal -1.000000e+00  0.000000e+00  0.000000e+00
   outer loop
     vertex  0.000000e+00  6.377416e-02 -1.548687e+00
     vertex  0.000000e+00  1.062369e-01 -1.546355e+00
     vertex  0.000000e+00  8.600000e+00 -2.500000e+00
   endloop
 endfacet
 facet normal -1.000000e+00  0.000000e+00 -0.000000e+00
   outer loop
     vertex  0.000000e+00  1.549672e+00 -3.189383e-02
     vertex  0.000000e+00  8.600000e+00 -2.500000e+00
     vertex  0.000000e+00  1.548214e+00 -7.439560e-02
   endloop
 endfacet
 facet normal -1.000000e+00  0.000000e+00  0.000000e+00
   outer loop
     vertex  0.000000e+00  2.126339e-02 -1.549854e+00
     vertex  0.000000e+00  6.377416e-02 -1.548687e+00
     vertex  0.000000e+00  8.600000e+00 -2.500000e+00
   endloop
 endfacet
 facet normal -1.000000e+00  0.000000e+00 -0.000000e+00
   outer loop
     vertex  0.000000e+00  1.549964e+00  1.063194e-02
     vertex  0.000000e+00  8.600000e+00 -2.500000e+00
     vertex  0.000000e+00  1.549672e+00 -3.189383e-02
   endloop
 endfacet
 facet normal -1.000000e+00  0.000000e+00  0.000000e+00
   outer loop
     vertex  0.000000e+00  1.549088e+00  5.314972e-02
     vertex  0.000000e+00  8.600000e+00 -2.500000e+00
     vertex  0.000000e+00  1.549964e+00  1.063194e-02
   endloop
 endfacet
 facet normal -1.000000e+00  0.000000e+00  0.000000e+00
   outer loop
     vertex  0.000000e+00  1.547047e+00  9.562748e-02
     vertex  0.000000e+00  8.600000e+00 -2.500000e+00
     vertex  0.000000e+00  1.549088e+00  5.314972e-02
   endloop
 endfacet
 facet normal -1.000000e+00  0.000000e+00  0.000000e+00
   outer loop
     vertex  0.000000e+00  1.543842e+00  1.380333e-01
     vertex  0.000000e+00  8.600000e+00 -2.500000e+00
     vertex  0.000000e+00  1.547047e+00  9.562748e-02
   endloop
 endfacet
 facet normal -1.000000e+00  0.000000e+00  0.000000e+00
   outer loop
     vertex  0.000000e+00  1.539474e+00  1.803351e-01
     vertex  0.000000e+00  8.600000e+00 -2.500000e+00
     vertex  0.000000e+00  1.543842e+00  1.380333e-01
   endloop
 endfacet
 facet normal -1.000000e+00  0.000000e+00  0.000000e+00
   outer loop
     vertex  0.000000e+00  1.533947e+00  2.225012e-01
     vertex  0.000000e+00  8.600000e+00 -2.500000e+00
     vertex  0.000000e+00  1.539474e+00  1.803351e-01
   endloop
 endfacet
 facet normal -1.000000e+00  0.000000e+00  0.000000e+00
   outer loop
     vertex  0.000000e+00  1.527265e+00  2.644999e-01
     vertex  0.000000e+00  8.600000e+00 -2.500000e+00
     vertex  0.000000e+00  1.533947e+00  2.225012e-01
   endloop
 endfacet
 facet normal -1.000000e+00  0.000000e+00  0.000000e+00
   outer loop
     vertex  0.000000e+00  1.519434e+00  3.062994e-01
     vertex  0.000000e+00  8.600000e+00 -2.500000e+00
     vertex  0.000000e+00  1.527265e+00  2.644999e-01
   endloop
 endfacet
 facet normal -1.000000e+00  0.000000e+00  0.000000e+00
   outer loop
     vertex  0.000000e+00  1.510459e+00  3.478683e-01
     vertex  0.000000e+00  8.600000e+00 -2.500000e+00
     vertex  0.000000e+00  1.519434e+00  3.062994e-01
   endloop
 endfacet
 facet normal -1.000000e+00  0.000000e+00  0.000000e+00
   outer loop
     vertex  0.000000e+00  1.500347e+00  3.891754e-01
     vertex  0.000000e+00  8.600000e+00 -2.500000e+00
     vertex  0.000000e+00  1.510459e+00  3.478683e-01
   endloop
 endfacet
 facet normal -1.000000e+00  0.000000e+00  0.000000e+00
   outer loop
     vertex  0.000000e+00  1.489106e+00  4.301896e-01
     vertex  0.000000e+00  8.600000e+00 -2.500000e+00
     vertex  0.000000e+00  1.500347e+00  3.891754e-01
   endloop
 endfacet
 facet normal -1.000000e+00  0.000000e+00  0.000000e+00
   outer loop
     vertex  0.000000e+00  1.476744e+00  4.708798e-01
     vertex  0.000000e+00  8.600000e+00 -2.500000e+00
     vertex  0.000000e+00  1.489106e+00  4.301896e-01
   endloop
 endfacet
 facet normal -1.000000e+00  0.000000e+00  0.000000e+00
   outer loop
     vertex  0.000000e+00  1.463270e+00  5.112157e-01
     vertex  0.000000e+00  8.600000e+00 -2.500000e+00
     vertex  0.000000e+00  1.476744e+00  4.708798e-01
   endloop
 endfacet
 facet normal -1.000000e+00  0.000000e+00  0.000000e+00
   outer loop
     vertex  0.000000e+00  1.448694e+00  5.511667e-01
     vertex  0.000000e+00  8.600000e+00 -2.500000e+00
     vertex  0.000000e+00  1.463270e+00  5.112157e-01
   endloop
 endfacet
 facet normal -1.000000e+00  0.000000e+00  0.000000e+00
   outer loop
     vertex  0.000000e+00  1.433028e+00  5.907028e-01
     vertex  0.000000e+00  8.600000e+00 -2.500000e+00
     vertex  0.000000e+00  1.448694e+00  5.511667e-01
   endloop
 endfacet
 facet normal -1.000000e+00  0.000000e+00  0.000000e+00
   outer loop
     vertex  0.000000e+00  1.416284e+00  6.297942e-01
     vertex  0.000000e+00  8.600000e+00 -2.500000e+00
     vertex  0.000000e+00  1.433028e+00  5.907028e-01
   endloop
 endfacet
 facet normal -1.000000e+00  0.000000e+00  0.000000e+00
   outer loop
     vertex  0.000000e+00  1.398473e+00  6.684116e-01
     vertex  0.000000e+00  8.600000e+00 -2.500000e+00
     vertex  0.000000e+00  1.416284e+00  6.297942e-01
   endloop
 endfacet
 facet normal -1.000000e+00  0.000000e+00  0.000000e+00
   outer loop
     vertex  0.000000e+00  1.379609e+00  7.065257e-01
     vertex  0.000000e+00  8.600000e+00 -2.500000e+00
     vertex  0.000000e+00  1.398473e+00  6.684116e-01
   endloop
 endfacet
 facet normal -1.000000e+00  0.000000e+00  0.000000e+00
   outer loop
     vertex  0.000000e+00  1.359707e+00  7.441081e-01
     vertex  0.000000e+00  8.600000e+00 -2.500000e+00
     vertex  0.000000e+00  1.379609e+00  7.065257e-01
   endloop
 endfacet
 facet normal -1.000000e+00  0.000000e+00  0.000000e+00
   outer loop
     vertex  0.000000e+00  1.338781e+00  7.811303e-01
     vertex  0.000000e+00  8.600000e+00 -2.500000e+00
     vertex  0.000000e+00  1.359707e+00  7.441081e-01
   endloop
 endfacet
 facet normal -1.000000e+00  0.000000e+00  0.000000e+00
   outer loop
     vertex  0.000000e+00  1.316848e+00  8.175645e-01
     vertex  0.000000e+00  8.600000e+00 -2.500000e+00
     vertex  0.000000e+00  1.338781e+00  7.811303e-01
   endloop
 endfacet
 facet normal -1.000000e+00  0.000000e+00  0.000000e+00
   outer loop
     vertex  0.000000e+00  1.293923e+00  8.533832e-01
     vertex  0.000000e+00  8.600000e+00 -2.500000e+00
     vertex  0.000000e+00  1.316848e+00  8.175645e-01
   endloop
 endfacet
 facet normal -1.000000e+00  0.000000e+00  0.000000e+00
   outer loop
     vertex  0.000000e+00 -8.600000e+00 -2.500000e+00
     vertex  0.000000e+00 -7.534172e-01 -1.354571e+00
     vertex  0.000000e+00 -7.159723e-01 -1.374730e+00
   endloop
 endfacet
 facet normal -1.000000e+00  0.000000e+00  0.000000e+00
   outer loop
     vertex  0.000000e+00 -8.600000e+00 -2.500000e+00
     vertex  0.000000e+00 -7.159723e-01 -1.374730e+00
     vertex  0.000000e+00 -6.779884e-01 -1.393855e+00
   endloop
 endfacet
 facet normal -1.000000e+00  0.000000e+00  0.000000e+00
   outer loop
     vertex  0.000000e+00 -8.600000e+00 -2.500000e+00
     vertex  0.000000e+00 -6.779884e-01 -1.393855e+00
     vertex  0.000000e+00 -6.394941e-01 -1.411930e+00
   endloop
 endfacet
 facet normal -1.000000e+00  0.000000e+00  0.000000e+00
   outer loop
     vertex  0.000000e+00 -8.600000e+00 -2.500000e+00
     vertex  0.000000e+00 -6.394941e-01 -1.411930e+00
     vertex  0.000000e+00 -6.005185e-01 -1.428943e+00
   endloop
 endfacet
 facet normal -1.000000e+00  0.000000e+00  0.000000e+00
   outer loop
     vertex  0.000000e+00 -8.600000e+00 -2.500000e+00
     vertex  0.000000e+00 -6.005185e-01 -1.428943e+00
     vertex  0.000000e+00 -5.610908e-01 -1.444880e+00
   endloop
 endfacet
 facet normal -1.000000e+00  0.000000e+00  0.000000e+00
   outer loop
     vertex  0.000000e+00 -8.600000e+00 -2.500000e+00
     vertex  0.000000e+00 -5.610908e-01 -1.444880e+00
     vertex  0.000000e+00 -5.212407e-01 -1.459729e+00
   endloop
 endfacet
 facet normal -1.000000e+00  0.000000e+00  0.000000e+00
   outer loop
     vertex  0.000000e+00 -8.600000e+00 -2.500000e+00
     vertex  0.000000e+00 -5.212407e-01 -1.459729e+00
     vertex  0.000000e+00 -4.809982e-01 -1.473479e+00
   endloop
 endfacet
 facet normal -1.000000e+00  0.000000e+00  0.000000e+00
   outer loop
     vertex  0.000000e+00 -8.600000e+00 -2.500000e+00
     vertex  0.000000e+00 -4.809982e-01 -1.473479e+00
     vertex  0.000000e+00 -4.403937e-01 -1.486120e+00
   endloop
 endfacet
 facet normal -1.000000e+00  0.000000e+00  0.000000e+00
   outer loop
     vertex  0.000000e+00 -8.600000e+00 -2.500000e+00
     vertex  0.000000e+00 -4.403937e-01 -1.486120e+00
     vertex  0.000000e+00 -3.994576e-01 -1.497643e+00
   endloop
 endfacet
 facet normal -1.000000e+00  0.000000e+00  0.000000e+00
   outer loop
     vertex  0.000000e+00 -8.600000e+00 -2.500000e+00
     vertex  0.000000e+00 -3.994576e-01 -1.497643e+00
     vertex  0.000000e+00 -3.582209e-01 -1.508038e+00
   endloop
 endfacet
 facet normal -1.000000e+00  0.000000e+00  0.000000e+00
   outer loop
     vertex  0.000000e+00 -8.600000e+00 -2.500000e+00
     vertex  0.000000e+00 -3.582209e-01 -1.508038e+00
     vertex  0.000000e+00 -3.167145e-01 -1.517298e+00
   endloop
 endfacet
 facet normal -1.000000e+00  0.000000e+00  0.000000e+00
   outer loop
     vertex  0.000000e+00 -8.600000e+00 -2.500000e+00
     vertex  0.000000e+00 -3.167145e-01 -1.517298e+00
     vertex  0.000000e+00 -2.749697e-01 -1.525415e+00
   endloop
 endfacet
 facet normal -1.000000e+00  0.000000e+00  0.000000e+00
   outer loop
     vertex  0.000000e+00 -8.600000e+00 -2.500000e+00
     vertex  0.000000e+00 -2.749697e-01 -1.525415e+00
     vertex  0.000000e+00 -2.330178e-01 -1.532385e+00
   endloop
 endfacet
 facet normal -1.000000e+00  0.000000e+00  0.000000e+00
   outer loop
     vertex  0.000000e+00 -8.600000e+00 -2.500000e+00
     vertex  0.000000e+00 -2.330178e-01 -1.532385e+00
     vertex  0.000000e+00 -1.908906e-01 -1.538200e+00
   endloop
 endfacet
 facet normal -1.000000e+00  0.000000e+00  0.000000e+00
   outer loop
     vertex  0.000000e+00 -8.600000e+00 -2.500000e+00
     vertex  0.000000e+00 -1.908906e-01 -1.538200e+00
     vertex  0.000000e+00 -1.486197e-01 -1.542858e+00
   endloop
 endfacet
 facet normal -1.000000e+00  0.000000e+00  0.000000e+00
   outer loop
     vertex  0.000000e+00 -8.600000e+00 -2.500000e+00
     vertex  0.000000e+00 -1.486197e-01 -1.542858e+00
     vertex  0.000000e+00 -1.062369e-01 -1.546355e+00
   endloop
 endfacet
 facet normal -1.000000e+00  0.000000e+00  0.000000e+00
   outer loop
     vertex  0.000000e+00 -8.600000e+00 -2.500000e+00
     vertex  0.000000e+00 -1.062369e-01 -1.546355e+00
     vertex  0.000000e+00 -6.377416e-02 -1.548687e+00
   endloop
 endfacet
 facet normal -1.000000e+00  0.000000e+00  0.000000e+00
   outer loop
     vertex  0.000000e+00 -8.600000e+00 -2.500000e+00
     vertex  0.000000e+00 -6.377416e-02 -1.548687e+00
     vertex  0.000000e+00 -2.126339e-02 -1.549854e+00
   endloop
 endfacet
 facet normal -1.000000e+00  0.000000e+00  0.000000e+00
   outer loop
     vertex  0.000000e+00 -8.600000e+00 -2.500000e+00
     vertex  0.000000e+00 -1.293923e+00  8.533832e-01
     vertex  0.000000e+00 -1.316848e+00  8.175645e-01
   endloop
 endfacet
 facet normal -1.000000e+00  0.000000e+00  0.000000e+00
   outer loop
     vertex  0.000000e+00 -8.600000e+00 -2.500000e+00
     vertex  0.000000e+00 -1.316848e+00  8.175645e-01
     vertex  0.000000e+00 -1.338781e+00  7.811303e-01
   endloop
 endfacet
 facet normal -1.000000e+00  0.000000e+00  0.000000e+00
   outer loop
     vertex  0.000000e+00 -8.600000e+00 -2.500000e+00
     vertex  0.000000e+00 -1.338781e+00  7.811303e-01
     vertex  0.000000e+00 -1.359707e+00  7.441081e-01
   endloop
 endfacet
 facet normal -1.000000e+00  0.000000e+00  0.000000e+00
   outer loop
     vertex  0.000000e+00 -8.600000e+00 -2.500000e+00
     vertex  0.000000e+00 -1.359707e+00  7.441081e-01
     vertex  0.000000e+00 -1.379609e+00  7.065257e-01
   endloop
 endfacet
 facet normal -1.000000e+00  0.000000e+00  0.000000e+00
   outer loop
     vertex  0.000000e+00 -8.600000e+00 -2.500000e+00
     vertex  0.000000e+00 -1.379609e+00  7.065257e-01
     vertex  0.000000e+00 -1.398473e+00  6.684116e-01
   endloop
 endfacet
 facet normal -1.000000e+00  0.000000e+00  0.000000e+00
   outer loop
     vertex  0.000000e+00 -8.600000e+00 -2.500000e+00
     vertex  0.000000e+00 -1.398473e+00  6.684116e-01
     vertex  0.000000e+00 -1.416284e+00  6.297942e-01
   endloop
 endfacet
 facet normal -1.000000e+00  0.000000e+00  0.000000e+00
   outer loop
     vertex  0.000000e+00 -8.600000e+00 -2.500000e+00
     vertex  0.000000e+00 -1.416284e+00  6.297942e-01
     vertex  0.000000e+00 -1.433028e+00  5.907028e-01
   endloop
 endfacet
 facet normal -1.000000e+00  0.000000e+00  0.000000e+00
   outer loop
     vertex  0.000000e+00 -8.600000e+00 -2.500000e+00
     vertex  0.000000e+00 -1.433028e+00  5.907028e-01
     vertex  0.000000e+00 -1.448694e+00  5.511667e-01
   endloop
 endfacet
 facet normal -1.000000e+00  0.000000e+00  0.000000e+00
   outer loop
     vertex  0.000000e+00 -8.600000e+00 -2.500000e+00
     vertex  0.000000e+00 -1.448694e+00  5.511667e-01
     vertex  0.000000e+00 -1.463270e+00  5.112157e-01
   endloop
 endfacet
 facet normal -1.000000e+00  0.000000e+00  0.000000e+00
   outer loop
     vertex  0.000000e+00 -8.600000e+00 -2.500000e+00
     vertex  0.000000e+00 -1.463270e+00  5.112157e-01
     vertex  0.000000e+00 -1.476744e+00  4.708798e-01
   endloop
 endfacet
 facet normal -1.000000e+00  0.000000e+00  0.000000e+00
   outer loop
     vertex  0.000000e+00 -8.600000e+00 -2.500000e+00
     vertex  0.000000e+00 -1.476744e+00  4.708798e-01
     vertex  0.000000e+00 -1.489106e+00  4.301896e-01
   endloop
 endfacet
 facet normal -1.000000e+00  0.000000e+00  0.000000e+00
   outer loop
     vertex  0.000000e+00 -8.600000e+00 -2.500000e+00
     vertex  0.000000e+00 -1.489106e+00  4.301896e-01
     vertex  0.000000e+00 -1.500347e+00  3.891754e-01
   endloop
 endfacet
 facet normal -1.000000e+00  0.000000e+00  0.000000e+00
   outer loop
     vertex  0.000000e+00 -8.600000e+00 -2.500000e+00
     vertex  0.000000e+00 -1.500347e+00  3.891754e-01
     vertex  0.000000e+00 -1.510459e+00  3.478683e-01
   endloop
 endfacet
 facet normal -1.000000e+00  0.000000e+00  0.000000e+00
   outer loop
     vertex  0.000000e+00 -8.600000e+00 -2.500000e+00
     vertex  0.000000e+00 -1.510459e+00  3.478683e-01
     vertex  0.000000e+00 -1.519434e+00  3.062994e-01
   endloop
 endfacet
 facet normal -1.000000e+00  0.000000e+00  0.000000e+00
   outer loop
     vertex  0.000000e+00 -8.600000e+00 -2.500000e+00
     vertex  0.000000e+00 -1.519434e+00  3.062994e-01
     vertex  0.000000e+00 -1.527265e+00  2.644999e-01
   endloop
 endfacet
 facet normal -1.000000e+00  0.000000e+00  0.000000e+00
   outer loop
     vertex  0.000000e+00 -8.600000e+00 -2.500000e+00
     vertex  0.000000e+00 -1.527265e+00  2.644999e-01
     vertex  0.000000e+00 -1.533947e+00  2.225012e-01
   endloop
 endfacet
 facet normal -1.000000e+00  0.000000e+00  0.000000e+00
   outer loop
     vertex  0.000000e+00 -8.600000e+00 -2.500000e+00
     vertex  0.000000e+00 -1.533947e+00  2.225012e-01
     vertex  0.000000e+00 -1.539474e+00  1.803351e-01
   endloop
 endfacet
 facet normal -1.000000e+00  0.000000e+00  0.000000e+00
   outer loop
     vertex  0.000000e+00 -8.600000e+00 -2.500000e+00
     vertex  0.000000e+00 -1.539474e+00  1.803351e-01
     vertex  0.000000e+00 -1.543842e+00  1.380333e-01
   endloop
 endfacet
 facet normal -1.000000e+00  0.000000e+00  0.000000e+00
   outer loop
     vertex  0.000000e+00 -8.600000e+00 -2.500000e+00
     vertex  0.000000e+00 -1.543842e+00  1.380333e-01
     vertex  0.000000e+00 -1.547047e+00  9.562748e-02
   endloop
 endfacet
 facet normal -1.000000e+00  0.000000e+00  0.000000e+00
   outer loop
     vertex  0.000000e+00 -8.600000e+00 -2.500000e+00
     vertex  0.000000e+00 -1.547047e+00  9.562748e-02
     vertex  0.000000e+00 -1.549088e+00  5.314972e-02
   endloop
 endfacet
 facet normal -1.000000e+00  0.000000e+00  0.000000e+00
   outer loop
     vertex  0.000000e+00 -8.600000e+00 -2.500000e+00
     vertex  0.000000e+00 -1.549088e+00  5.314972e-02
     vertex  0.000000e+00 -1.549964e+00  1.063194e-02
   endloop
 endfacet
 facet normal -1.000000e+00  0.000000e+00  0.000000e+00
   outer loop
     vertex  0.000000e+00 -8.600000e+00 -2.500000e+00
     vertex  0.000000e+00 -1.549964e+00  1.063194e-02
     vertex  0.000000e+00 -1.549672e+00 -3.189383e-02
   endloop
 endfacet
 facet normal -1.000000e+00  0.000000e+00  0.000000e+00
   outer loop
     vertex  0.000000e+00 -8.600000e+00 -2.500000e+00
     vertex  0.000000e+00 -1.549672e+00 -3.189383e-02
     vertex  0.000000e+00 -1.548214e+00 -7.439560e-02
   endloop
 endfacet
 facet normal -1.000000e+00  0.000000e+00  0.000000e+00
   outer loop
     vertex  0.000000e+00 -8.600000e+00 -2.500000e+00
     vertex  0.000000e+00 -1.548214e+00 -7.439560e-02
     vertex  0.000000e+00 -1.545590e+00 -1.168414e-01
   endloop
 endfacet
 facet normal -1.000000e+00  0.000000e+00  0.000000e+00
   outer loop
     vertex  0.000000e+00 -8.600000e+00 -2.500000e+00
     vertex  0.000000e+00 -1.545590e+00 -1.168414e-01
     vertex  0.000000e+00 -1.541803e+00 -1.591992e-01
   endloop
 endfacet
 facet normal -1.000000e+00  0.000000e+00  0.000000e+00
   outer loop
     vertex  0.000000e+00 -8.600000e+00 -2.500000e+00
     vertex  0.000000e+00 -1.541803e+00 -1.591992e-01
     vertex  0.000000e+00 -1.536855e+00 -2.014371e-01
   endloop
 endfacet
 facet normal -1.000000e+00  0.000000e+00  0.000000e+00
   outer loop
     vertex  0.000000e+00 -8.600000e+00 -2.500000e+00
     vertex  0.000000e+00 -1.536855e+00 -2.014371e-01
     vertex  0.000000e+00 -1.530750e+00 -2.435235e-01
   endloop
 endfacet
 facet normal -1.000000e+00  0.000000e+00  0.000000e+00
   outer loop
     vertex  0.000000e+00 -8.600000e+00 -2.500000e+00
     vertex  0.000000e+00 -1.530750e+00 -2.435235e-01
     vertex  0.000000e+00 -1.523493e+00 -2.854265e-01
   endloop
 endfacet
 facet normal -1.000000e+00  0.000000e+00  0.000000e+00
   outer loop
     vertex  0.000000e+00 -8.600000e+00 -2.500000e+00
     vertex  0.000000e+00 -1.523493e+00 -2.854265e-01
     vertex  0.000000e+00 -1.515089e+00 -3.271147e-01
   endloop
 endfacet
 facet normal -1.000000e+00  0.000000e+00  0.000000e+00
   outer loop
     vertex  0.000000e+00 -8.600000e+00 -2.500000e+00
     vertex  0.000000e+00 -1.515089e+00 -3.271147e-01
     vertex  0.000000e+00 -1.505545e+00 -3.685566e-01
   endloop
 endfacet
 facet normal -1.000000e+00  0.000000e+00  0.000000e+00
   outer loop
     vertex  0.000000e+00 -8.600000e+00 -2.500000e+00
     vertex  0.000000e+00 -1.505545e+00 -3.685566e-01
     vertex  0.000000e+00 -1.494867e+00 -4.097210e-01
   endloop
 endfacet
 facet normal -1.000000e+00  0.000000e+00  0.000000e+00
   outer loop
     vertex  0.000000e+00 -8.600000e+00 -2.500000e+00
     vertex  0.000000e+00 -1.494867e+00 -4.097210e-01
     vertex  0.000000e+00 -1.483064e+00 -4.505771e-01
   endloop
 endfacet
 facet normal -1.000000e+00  0.000000e+00  0.000000e+00
   outer loop
     vertex  0.000000e+00 -8.600000e+00 -2.500000e+00
     vertex  0.000000e+00 -1.483064e+00 -4.505771e-01
     vertex  0.000000e+00 -1.470145e+00 -4.910940e-01
   endloop
 endfacet
 facet normal -1.000000e+00  0.000000e+00  0.000000e+00
   outer loop
     vertex  0.000000e+00 -8.600000e+00 -2.500000e+00
     vertex  0.000000e+00 -1.470145e+00 -4.910940e-01
     vertex  0.000000e+00 -1.456119e+00 -5.312412e-01
   endloop
 endfacet
 facet normal -1.000000e+00  0.000000e+00  0.000000e+00
   outer loop
     vertex  0.000000e+00 -8.600000e+00 -2.500000e+00
     vertex  0.000000e+00 -1.456119e+00 -5.312412e-01
     vertex  0.000000e+00 -1.440997e+00 -5.709885e-01
   endloop
 endfacet
 facet normal -1.000000e+00  0.000000e+00  0.000000e+00
   outer loop
     vertex  0.000000e+00 -8.600000e+00 -2.500000e+00
     vertex  0.000000e+00 -1.440997e+00 -5.709885e-01
     vertex  0.000000e+00 -1.424790e+00 -6.103059e-01
   endloop
 endfacet
 facet normal -1.000000e+00  0.000000e+00  0.000000e+00
   outer loop
     vertex  0.000000e+00 -8.600000e+00 -2.500000e+00
     vertex  0.000000e+00 -1.424790e+00 -6.103059e-01
     vertex  0.000000e+00 -1.407511e+00 -6.491640e-01
   endloop
 endfacet
 facet normal -1.000000e+00  0.000000e+00  0.000000e+00
   outer loop
     vertex  0.000000e+00 -8.600000e+00 -2.500000e+00
     vertex  0.000000e+00 -1.407511e+00 -6.491640e-01
     vertex  0.000000e+00 -1.389172e+00 -6.875333e-01
   endloop
 endfacet
 facet normal -1.000000e+00  0.000000e+00  0.000000e+00
   outer loop
     vertex  0.000000e+00 -8.600000e+00 -2.500000e+00
     vertex  0.000000e+00 -1.389172e+00 -6.875333e-01
     vertex  0.000000e+00 -1.369787e+00 -7.253852e-01
   endloop
 endfacet
 facet normal -1.000000e+00  0.000000e+00  0.000000e+00
   outer loop
     vertex  0.000000e+00 -8.600000e+00 -2.500000e+00
     vertex  0.000000e+00 -1.369787e+00 -7.253852e-01
     vertex  0.000000e+00 -1.349371e+00 -7.626910e-01
   endloop
 endfacet
 facet normal -1.000000e+00  0.000000e+00  0.000000e+00
   outer loop
     vertex  0.000000e+00 -8.600000e+00 -2.500000e+00
     vertex  0.000000e+00 -1.349371e+00 -7.626910e-01
     vertex  0.000000e+00 -1.327940e+00 -7.994226e-01
   endloop
 endfacet
 facet normal -1.000000e+00  0.000000e+00  0.000000e+00
   outer loop
     vertex  0.000000e+00 -8.600000e+00 -2.500000e+00
     vertex  0.000000e+00 -1.327940e+00 -7.994226e-01
     vertex  0.000000e+00 -1.305508e+00 -8.355525e-01
   endloop
 endfacet
 facet normal -1.000000e+00  0.000000e+00  0.000000e+00
   outer loop
     vertex  0.000000e+00 -8.600000e+00 -2.500000e+00
     vertex  0.000000e+00 -1.305508e+00 -8.355525e-01
     vertex  0.000000e+00 -1.282094e+00 -8.710534e-01
   endloop
 endfacet
 facet normal -1.000000e+00  0.000000e+00  0.000000e+00
   outer loop
     vertex  0.000000e+00 -8.600000e+00 -2.500000e+00
     vertex  0.000000e+00 -1.282094e+00 -8.710534e-01
     vertex  0.000000e+00 -1.257715e+00 -9.058985e-01
   endloop
 endfacet
 facet normal -1.000000e+00  0.000000e+00  0.000000e+00
   outer loop
     vertex  0.000000e+00 -8.600000e+00 -2.500000e+00
     vertex  0.000000e+00 -1.257715e+00 -9.058985e-01
     vertex  0.000000e+00 -1.232389e+00 -9.400618e-01
   endloop
 endfacet
 facet normal -1.000000e+00  0.000000e+00  0.000000e+00
   outer loop
     vertex  0.000000e+00 -8.600000e+00 -2.500000e+00
     vertex  0.000000e+00 -1.232389e+00 -9.400618e-01
     vertex  0.000000e+00 -1.206136e+00 -9.735174e-01
   endloop
 endfacet
 facet normal -1.000000e+00  0.000000e+00  0.000000e+00
   outer loop
     vertex  0.000000e+00 -8.600000e+00 -2.500000e+00
     vertex  0.000000e+00 -1.206136e+00 -9.735174e-01
     vertex  0.000000e+00 -1.178974e+00 -1.006240e+00
   endloop
 endfacet
 facet normal -1.000000e+00  0.000000e+00  0.000000e+00
   outer loop
     vertex  0.000000e+00 -8.600000e+00 -2.500000e+00
     vertex  0.000000e+00 -1.178974e+00 -1.006240e+00
     vertex  0.000000e+00 -1.150925e+00 -1.038205e+00
   endloop
 endfacet
 facet normal -1.000000e+00  0.000000e+00  0.000000e+00
   outer loop
     vertex  0.000000e+00 -8.600000e+00 -2.500000e+00
     vertex  0.000000e+00 -1.150925e+00 -1.038205e+00
     vertex  0.000000e+00 -1.122010e+00 -1.069389e+00
   endloop
 endfacet
 facet normal -1.000000e+00  0.000000e+00  0.000000e+00
   outer loop
     vertex  0.000000e+00 -8.600000e+00 -2.500000e+00
     vertex  0.000000e+00 -1.122010e+00 -1.069389e+00
     vertex  0.000000e+00 -1.092250e+00 -1.099768e+00
   endloop
 endfacet
 facet normal -1.000000e+00  0.000000e+00  0.000000e+00
   outer loop
     vertex  0.000000e+00 -8.600000e+00 -2.500000e+00
     vertex  0.000000e+00 -1.092250e+00 -1.099768e+00
     vertex  0.000000e+00 -1.061668e+00 -1.129319e+00
   endloop
 endfacet
 facet normal -1.000000e+00  0.000000e+00  0.000000e+00
   outer loop
     vertex  0.000000e+00 -8.600000e+00 -2.500000e+00
     vertex  0.000000e+00 -1.061668e+00 -1.129319e+00
     vertex  0.000000e+00 -1.030287e+00 -1.158020e+00
   endloop
 endfacet
 facet normal -1.000000e+00  0.000000e+00  0.000000e+00
   outer loop
     vertex  0.000000e+00 -8.600000e+00 -2.500000e+00
     vertex  0.000000e+00 -1.030287e+00 -1.158020e+00
     vertex  0.000000e+00 -9.981295e-01 -1.185849e+00
   endloop
 endfacet
 facet normal -1.000000e+00  0.000000e+00  0.000000e+00
   outer loop
     vertex  0.000000e+00 -8.600000e+00 -2.500000e+00
     vertex  0.000000e+00 -9.981295e-01 -1.185849e+00
     vertex  0.000000e+00 -9.652212e-01 -1.212785e+00
   endloop
 endfacet
 facet normal -1.000000e+00  0.000000e+00  0.000000e+00
   outer loop
     vertex  0.000000e+00 -8.600000e+00 -2.500000e+00
     vertex  0.000000e+00 -9.652212e-01 -1.212785e+00
     vertex  0.000000e+00 -9.315863e-01 -1.238809e+00
   endloop
 endfacet
 facet normal -1.000000e+00  0.000000e+00  0.000000e+00
   outer loop
     vertex  0.000000e+00 -8.600000e+00 -2.500000e+00
     vertex  0.000000e+00 -9.315863e-01 -1.238809e+00
     vertex  0.000000e+00 -8.972502e-01 -1.263900e+00
   endloop
 endfacet
 facet normal -1.000000e+00  0.000000e+00  0.000000e+00
   outer loop
     vertex  0.000000e+00 -8.600000e+00 -2.500000e+00
     vertex  0.000000e+00 -8.972502e-01 -1.263900e+00
     vertex  0.000000e+00 -8.622386e-01 -1.288039e+00
   endloop
 endfacet
 facet normal -1.000000e+00  0.000000e+00  0.000000e+00
   outer loop
     vertex  0.000000e+00 -8.600000e+00 -2.500000e+00
     vertex  0.000000e+00 -8.622386e-01 -1.288039e+00
     vertex  0.000000e+00 -8.265779e-01 -1.311209e+00
   endloop
 endfacet
 facet normal -1.000000e+00  0.000000e+00  0.000000e+00
   outer loop
     vertex  0.000000e+00 -8.600000e+00 -2.500000e+00
     vertex  0.000000e+00 -8.265779e-01 -1.311209e+00
     vertex  0.000000e+00 -7.902950e-01 -1.333392e+00
   endloop
 endfacet
 facet normal -1.000000e+00  0.000000e+00  0.000000e+00
   outer loop
     vertex  0.000000e+00 -8.600000e+00 -2.500000e+00
     vertex  0.000000e+00 -7.902950e-01 -1.333392e+00
     vertex  0.000000e+00 -7.534172e-01 -1.354571e+00
   endloop
 endfacet
 facet normal -1.000000e+00  0.000000e+00  0.000000e+00
   outer loop
     vertex  0.000000e+00  2.796342e+00  1.117034e+01
     vertex  0.000000e+00  2.818707e+00  1.119240e+01
     vertex  0.000000e+00  8.600000e+00 -2.500000e+00
   endloop
 endfacet
 facet normal -1.000000e+00  0.000000e+00 -0.000000e+00
   outer loop
     vertex  0.000000e+00  2.840461e+00  1.121506e+01
     vertex  0.000000e+00  8.600000e+00 -2.500000e+00
     vertex  0.000000e+00  2.818707e+00  1.119240e+01
   endloop
 endfacet
 facet normal -1.000000e+00  0.000000e+00  0.000000e+00
   outer loop
     vertex  0.000000e+00  2.773383e+00  1.114890e+01
     vertex  0.000000e+00  2.796342e+00  1.117034e+01
     vertex  0.000000e+00  8.600000e+00 -2.500000e+00
   endloop
 endfacet
 facet normal -1.000000e+00  0.000000e+00 -0.000000e+00
   outer loop
     vertex  0.000000e+00  2.861588e+00  1.123831e+01
     vertex  0.000000e+00  8.600000e+00 -2.500000e+00
     vertex  0.000000e+00  2.840461e+00  1.121506e+01
   endloop
 endfacet
 facet normal -1.000000e+00  0.000000e+00  0.000000e+00
   outer loop
     vertex  0.000000e+00  2.749847e+00  1.112809e+01
     vertex  0.000000e+00  2.773383e+00  1.114890e+01
     vertex  0.000000e+00  8.600000e+00 -2.500000e+00
   endloop
 endfacet
 facet normal -1.000000e+00  0.000000e+00 -0.000000e+00
   outer loop
     vertex  0.000000e+00  2.749847e+00  1.112809e+01
     vertex  0.000000e+00  8.600000e+00 -2.500000e+00
     vertex  0.000000e+00  1.293923e+00  8.533832e-01
   endloop
 endfacet
 facet normal -1.000000e+00  0.000000e+00 -0.000000e+00
   outer loop
     vertex  0.000000e+00  2.882072e+00  1.126213e+01
     vertex  0.000000e+00  8.600000e+00 -2.500000e+00
     vertex  0.000000e+00  2.861588e+00  1.123831e+01
   endloop
 endfacet
 facet normal -1.000000e+00  0.000000e+00 -0.000000e+00
   outer loop
     vertex  0.000000e+00  2.725751e+00  1.110793e+01
     vertex  0.000000e+00  2.749847e+00  1.112809e+01
     vertex  0.000000e+00  1.293923e+00  8.533832e-01
   endloop
 endfacet
 facet normal -1.000000e+00  0.000000e+00  0.000000e+00
   outer loop
     vertex  0.000000e+00  2.725751e+00  1.110793e+01
     vertex  0.000000e+00  1.293923e+00  8.533832e-01
     vertex  0.000000e+00  1.270024e+00  8.885596e-01
   endloop
 endfacet
 facet normal -1.000000e+00  0.000000e+00 -0.000000e+00
   outer loop
     vertex  0.000000e+00  2.901898e+00  1.128650e+01
     vertex  0.000000e+00  8.600000e+00 -2.500000e+00
     vertex  0.000000e+00  2.882072e+00  1.126213e+01
   endloop
 endfacet
 facet normal -1.000000e+00  0.000000e+00 -0.000000e+00
   outer loop
     vertex  0.000000e+00  2.701114e+00  1.108844e+01
     vertex  0.000000e+00  2.725751e+00  1.110793e+01
     vertex  0.000000e+00  1.270024e+00  8.885596e-01
   endloop
 endfacet
 facet normal -1.000000e+00  0.000000e+00  0.000000e+00
   outer loop
     vertex  0.000000e+00  2.701114e+00  1.108844e+01
     vertex  0.000000e+00  1.270024e+00  8.885596e-01
     vertex  0.000000e+00  1.245170e+00  9.230670e-01
   endloop
 endfacet
 facet normal -1.000000e+00  0.000000e+00 -0.000000e+00
   outer loop
     vertex  0.000000e+00  2.921050e+00  1.131140e+01
     vertex  0.000000e+00  8.600000e+00 -2.500000e+00
     vertex  0.000000e+00  2.901898e+00  1.128650e+01
   endloop
 endfacet
 facet normal -1.000000e+00  0.000000e+00 -0.000000e+00
   outer loop
     vertex  0.000000e+00  2.675953e+00  1.106963e+01
     vertex  0.000000e+00  2.701114e+00  1.108844e+01
     vertex  0.000000e+00  1.245170e+00  9.230670e-01
   endloop
 endfacet
 facet normal -1.000000e+00  0.000000e+00  0.000000e+00
   outer loop
     vertex  0.000000e+00  2.675953e+00  1.106963e+01
     vertex  0.000000e+00  1.245170e+00  9.230670e-01
     vertex  0.000000e+00  1.219377e+00  9.568796e-01
   endloop
 endfacet
 facet normal -1.000000e+00  0.000000e+00 -0.000000e+00
   outer loop
     vertex  0.000000e+00  2.939515e+00  1.133682e+01
     vertex  0.000000e+00  8.600000e+00 -2.500000e+00
     vertex  0.000000e+00  2.921050e+00  1.131140e+01
   endloop
 endfacet
 facet normal -1.000000e+00  0.000000e+00 -0.000000e+00
   outer loop
     vertex  0.000000e+00  2.650288e+00  1.105151e+01
     vertex  0.000000e+00  2.675953e+00  1.106963e+01
     vertex  0.000000e+00  1.219377e+00  9.568796e-01
   endloop
 endfacet
 facet normal -1.000000e+00  0.000000e+00  0.000000e+00
   outer loop
     vertex  0.000000e+00  2.650288e+00  1.105151e+01
     vertex  0.000000e+00  1.219377e+00  9.568796e-01
     vertex  0.000000e+00  1.192667e+00  9.899720e-01
   endloop
 endfacet
 facet normal -1.000000e+00  0.000000e+00 -0.000000e+00
   outer loop
     vertex  0.000000e+00  2.957280e+00  1.136273e+01
     vertex  0.000000e+00  8.600000e+00 -2.500000e+00
     vertex  0.000000e+00  2.939515e+00  1.133682e+01
   endloop
 endfacet
 facet normal -1.000000e+00  0.000000e+00  0.000000e+00
   outer loop
     vertex  0.000000e+00  2.624138e+00  1.103411e+01
     vertex  0.000000e+00  1.192667e+00  9.899720e-01
     vertex  0.000000e+00  1.165060e+00  1.022319e+00
   endloop
 endfacet
 facet normal -1.000000e+00  0.000000e+00 -0.000000e+00
   outer loop
     vertex  0.000000e+00  2.624138e+00  1.103411e+01
     vertex  0.000000e+00  2.650288e+00  1.105151e+01
     vertex  0.000000e+00  1.192667e+00  9.899720e-01
   endloop
 endfacet
 facet normal -1.000000e+00  0.000000e+00 -0.000000e+00
   outer loop
     vertex  0.000000e+00  2.974329e+00  1.138911e+01
     vertex  0.000000e+00  8.600000e+00 -2.500000e+00
     vertex  0.000000e+00  2.957280e+00  1.136273e+01
   endloop
 endfacet
 facet normal -1.000000e+00  0.000000e+00  0.000000e+00
   outer loop
     vertex  0.000000e+00  2.597522e+00  1.101742e+01
     vertex  0.000000e+00  1.165060e+00  1.022319e+00
     vertex  0.000000e+00  1.136575e+00  1.053897e+00
   endloop
 endfacet
 facet normal -1.000000e+00  0.000000e+00 -0.000000e+00
   outer loop
     vertex  0.000000e+00  2.597522e+00  1.101742e+01
     vertex  0.000000e+00  2.624138e+00  1.103411e+01
     vertex  0.000000e+00  1.165060e+00  1.022319e+00
   endloop
 endfacet
 facet normal -1.000000e+00  0.000000e+00 -0.000000e+00
   outer loop
     vertex  0.000000e+00  2.990652e+00  1.141595e+01
     vertex  0.000000e+00  8.600000e+00 -2.500000e+00
     vertex  0.000000e+00  2.974329e+00  1.138911e+01
   endloop
 endfacet
 facet normal -1.000000e+00  0.000000e+00  0.000000e+00
   outer loop
     vertex  0.000000e+00  2.570460e+00  1.100146e+01
     vertex  0.000000e+00  1.136575e+00  1.053897e+00
     vertex  0.000000e+00  1.107234e+00  1.084681e+00
   endloop
 endfacet
 facet normal -1.000000e+00  0.000000e+00 -0.000000e+00
   outer loop
     vertex  0.000000e+00  2.570460e+00  1.100146e+01
     vertex  0.000000e+00  2.597522e+00  1.101742e+01
     vertex  0.000000e+00  1.136575e+00  1.053897e+00
   endloop
 endfacet
 facet normal -1.000000e+00  0.000000e+00 -0.000000e+00
   outer loop
     vertex  0.000000e+00  3.006235e+00  1.144323e+01
     vertex  0.000000e+00  8.600000e+00 -2.500000e+00
     vertex  0.000000e+00  2.990652e+00  1.141595e+01
   endloop
 endfacet
 facet normal -1.000000e+00  0.000000e+00  0.000000e+00
   outer loop
     vertex  0.000000e+00  2.542972e+00  1.098625e+01
     vertex  0.000000e+00  1.107234e+00  1.084681e+00
     vertex  0.000000e+00  1.077060e+00  1.114648e+00
   endloop
 endfacet
 facet normal -1.000000e+00  0.000000e+00 -0.000000e+00
   outer loop
     vertex  0.000000e+00  2.542972e+00  1.098625e+01
     vertex  0.000000e+00  2.570460e+00  1.100146e+01
     vertex  0.000000e+00  1.107234e+00  1.084681e+00
   endloop
 endfacet
 facet normal -1.000000e+00  0.000000e+00 -0.000000e+00
   outer loop
     vertex  0.000000e+00  3.021068e+00  1.147093e+01
     vertex  0.000000e+00  8.600000e+00 -2.500000e+00
     vertex  0.000000e+00  3.006235e+00  1.144323e+01
   endloop
 endfacet
 facet normal -1.000000e+00  0.000000e+00  0.000000e+00
   outer loop
     vertex  0.000000e+00  2.515079e+00  1.097180e+01
     vertex  0.000000e+00  1.077060e+00  1.114648e+00
     vertex  0.000000e+00  1.046076e+00  1.143777e+00
   endloop
 endfacet
 facet normal -1.000000e+00  0.000000e+00 -0.000000e+00
   outer loop
     vertex  0.000000e+00  2.515079e+00  1.097180e+01
     vertex  0.000000e+00  2.542972e+00  1.098625e+01
     vertex  0.000000e+00  1.077060e+00  1.114648e+00
   endloop
 endfacet
 facet normal -1.000000e+00  0.000000e+00 -0.000000e+00
   outer loop
     vertex  0.000000e+00  3.035139e+00  1.149901e+01
     vertex  0.000000e+00  8.600000e+00 -2.500000e+00
     vertex  0.000000e+00  3.021068e+00  1.147093e+01
   endloop
 endfacet
 facet normal -1.000000e+00  0.000000e+00  0.000000e+00
   outer loop
     vertex  0.000000e+00  2.486802e+00  1.095812e+01
     vertex  0.000000e+00  1.046076e+00  1.143777e+00
     vertex  0.000000e+00  1.014303e+00  1.172045e+00
   endloop
 endfacet
 facet normal -1.000000e+00  0.000000e+00 -0.000000e+00
   outer loop
     vertex  0.000000e+00  2.486802e+00  1.095812e+01
     vertex  0.000000e+00  2.515079e+00  1.097180e+01
     vertex  0.000000e+00  1.046076e+00  1.143777e+00
   endloop
 endfacet
 facet normal -1.000000e+00  0.000000e+00 -0.000000e+00
   outer loop
     vertex  0.000000e+00  3.048437e+00  1.152747e+01
     vertex  0.000000e+00  8.600000e+00 -2.500000e+00
     vertex  0.000000e+00  3.035139e+00  1.149901e+01
   endloop
 endfacet
 facet normal -1.000000e+00  0.000000e+00 -0.000000e+00
   outer loop
     vertex  0.000000e+00  2.458161e+00  1.094521e+01
     vertex  0.000000e+00  2.486802e+00  1.095812e+01
     vertex  0.000000e+00  1.014303e+00  1.172045e+00
   endloop
 endfacet
 facet normal -1.000000e+00  0.000000e+00  0.000000e+00
   outer loop
     vertex  0.000000e+00  2.458161e+00  1.094521e+01
     vertex  0.000000e+00  1.014303e+00  1.172045e+00
     vertex  0.000000e+00  9.817678e-01  1.199430e+00
   endloop
 endfacet
 facet normal -1.000000e+00  0.000000e+00 -0.000000e+00
   outer loop
     vertex  0.000000e+00  3.060952e+00  1.155629e+01
     vertex  0.000000e+00  8.600000e+00 -2.500000e+00
     vertex  0.000000e+00  3.048437e+00  1.152747e+01
   endloop
 endfacet
 facet normal -1.000000e+00  0.000000e+00  0.000000e+00
   outer loop
     vertex  0.000000e+00  2.429179e+00  1.093309e+01
     vertex  0.000000e+00  9.817678e-01  1.199430e+00
     vertex  0.000000e+00  9.484930e-01  1.225912e+00
   endloop
 endfacet
 facet normal -1.000000e+00  0.000000e+00 -0.000000e+00
   outer loop
     vertex  0.000000e+00  2.429179e+00  1.093309e+01
     vertex  0.000000e+00  2.458161e+00  1.094521e+01
     vertex  0.000000e+00  9.817678e-01  1.199430e+00
   endloop
 endfacet
 facet normal -1.000000e+00  0.000000e+00 -0.000000e+00
   outer loop
     vertex  0.000000e+00  3.072677e+00  1.158543e+01
     vertex  0.000000e+00  8.600000e+00 -2.500000e+00
     vertex  0.000000e+00  3.060952e+00  1.155629e+01
   endloop
 endfacet
 facet normal -1.000000e+00  0.000000e+00  0.000000e+00
   outer loop
     vertex  0.000000e+00  2.399876e+00  1.092176e+01
     vertex  0.000000e+00  9.484930e-01  1.225912e+00
     vertex  0.000000e+00  9.145043e-01  1.251472e+00
   endloop
 endfacet
 facet normal -1.000000e+00  0.000000e+00 -0.000000e+00
   outer loop
     vertex  0.000000e+00  2.399876e+00  1.092176e+01
     vertex  0.000000e+00  2.429179e+00  1.093309e+01
     vertex  0.000000e+00  9.484930e-01  1.225912e+00
   endloop
 endfacet
 facet normal -1.000000e+00  0.000000e+00 -0.000000e+00
   outer loop
     vertex  0.000000e+00  3.083600e+00  1.161489e+01
     vertex  0.000000e+00  8.600000e+00 -2.500000e+00
     vertex  0.000000e+00  3.072677e+00  1.158543e+01
   endloop
 endfacet
 facet normal -1.000000e+00  0.000000e+00  0.000000e+00
   outer loop
     vertex  0.000000e+00  2.370275e+00  1.091124e+01
     vertex  0.000000e+00  9.145043e-01  1.251472e+00
     vertex  0.000000e+00  8.798272e-01  1.276089e+00
   endloop
 endfacet
 facet normal -1.000000e+00  0.000000e+00 -0.000000e+00
   outer loop
     vertex  0.000000e+00  2.370275e+00  1.091124e+01
     vertex  0.000000e+00  2.399876e+00  1.092176e+01
     vertex  0.000000e+00  9.145043e-01  1.251472e+00
   endloop
 endfacet
 facet normal -1.000000e+00  0.000000e+00 -0.000000e+00
   outer loop
     vertex  0.000000e+00  3.093715e+00  1.164463e+01
     vertex  0.000000e+00  8.600000e+00 -2.500000e+00
     vertex  0.000000e+00  3.083600e+00  1.161489e+01
   endloop
 endfacet
 facet normal -1.000000e+00  0.000000e+00  0.000000e+00
   outer loop
     vertex  0.000000e+00  2.340398e+00  1.090153e+01
     vertex  0.000000e+00  8.798272e-01  1.276089e+00
     vertex  0.000000e+00  8.444877e-01  1.299746e+00
   endloop
 endfacet
 facet normal -1.000000e+00  0.000000e+00 -0.000000e+00
   outer loop
     vertex  0.000000e+00  2.340398e+00  1.090153e+01
     vertex  0.000000e+00  2.370275e+00  1.091124e+01
     vertex  0.000000e+00  8.798272e-01  1.276089e+00
   endloop
 endfacet
 facet normal -1.000000e+00  0.000000e+00 -0.000000e+00
   outer loop
     vertex  0.000000e+00  3.103014e+00  1.167464e+01
     vertex  0.000000e+00  8.600000e+00 -2.500000e+00
     vertex  0.000000e+00  3.093715e+00  1.164463e+01
   endloop
 endfacet
 facet normal -1.000000e+00  0.000000e+00 -0.000000e+00
   outer loop
     vertex  0.000000e+00  2.310266e+00  1.089265e+01
     vertex  0.000000e+00  2.340398e+00  1.090153e+01
     vertex  0.000000e+00  8.444877e-01  1.299746e+00
   endloop
 endfacet
 facet normal -1.000000e+00  0.000000e+00 -0.000000e+00
   outer loop
     vertex  0.000000e+00  3.111489e+00  1.170489e+01
     vertex  0.000000e+00  8.600000e+00 -2.500000e+00
     vertex  0.000000e+00  3.103014e+00  1.167464e+01
   endloop
 endfacet
 facet normal -1.000000e+00  0.000000e+00 -0.000000e+00
   outer loop
     vertex  0.000000e+00  2.279903e+00  1.088458e+01
     vertex  0.000000e+00  2.310266e+00  1.089265e+01
     vertex  0.000000e+00  8.444877e-01  1.299746e+00
   endloop
 endfacet
 facet normal -1.000000e+00  0.000000e+00  0.000000e+00
   outer loop
     vertex  0.000000e+00  2.279903e+00  1.088458e+01
     vertex  0.000000e+00  8.444877e-01  1.299746e+00
     vertex  0.000000e+00  8.085126e-01  1.322425e+00
   endloop
 endfacet
 facet normal -1.000000e+00  0.000000e+00 -0.000000e+00
   outer loop
     vertex  0.000000e+00  3.119136e+00  1.173536e+01
     vertex  0.000000e+00  8.600000e+00 -2.500000e+00
     vertex  0.000000e+00  3.111489e+00  1.170489e+01
   endloop
 endfacet
 facet normal -1.000000e+00  0.000000e+00  0.000000e+00
   outer loop
     vertex  0.000000e+00  2.249332e+00  1.087735e+01
     vertex  0.000000e+00  8.085126e-01  1.322425e+00
     vertex  0.000000e+00  7.719288e-01  1.344108e+00
   endloop
 endfacet
 facet normal -1.000000e+00  0.000000e+00 -0.000000e+00
   outer loop
     vertex  0.000000e+00  2.249332e+00  1.087735e+01
     vertex  0.000000e+00  2.279903e+00  1.088458e+01
     vertex  0.000000e+00  8.085126e-01  1.322425e+00
   endloop
 endfacet
 facet normal -1.000000e+00  0.000000e+00 -0.000000e+00
   outer loop
     vertex  0.000000e+00  3.125947e+00  1.176603e+01
     vertex  0.000000e+00  8.600000e+00 -2.500000e+00
     vertex  0.000000e+00  3.119136e+00  1.173536e+01
   endloop
 endfacet
 facet normal -1.000000e+00  0.000000e+00  0.000000e+00
   outer loop
     vertex  0.000000e+00  2.218574e+00  1.087096e+01
     vertex  0.000000e+00  7.719288e-01  1.344108e+00
     vertex  0.000000e+00  7.347639e-01  1.364779e+00
   endloop
 endfacet
 facet normal -1.000000e+00  0.000000e+00 -0.000000e+00
   outer loop
     vertex  0.000000e+00  2.218574e+00  1.087096e+01
     vertex  0.000000e+00  2.249332e+00  1.087735e+01
     vertex  0.000000e+00  7.719288e-01  1.344108e+00
   endloop
 endfacet
 facet normal -1.000000e+00  0.000000e+00 -0.000000e+00
   outer loop
     vertex  0.000000e+00  3.131918e+00  1.179687e+01
     vertex  0.000000e+00  8.600000e+00 -2.500000e+00
     vertex  0.000000e+00  3.125947e+00  1.176603e+01
   endloop
 endfacet
 facet normal -1.000000e+00  0.000000e+00 -0.000000e+00
   outer loop
     vertex  0.000000e+00  2.187653e+00  1.086541e+01
     vertex  0.000000e+00  2.218574e+00  1.087096e+01
     vertex  0.000000e+00  7.347639e-01  1.364779e+00
   endloop
 endfacet
 facet normal -1.000000e+00  0.000000e+00  0.000000e+00
   outer loop
     vertex  0.000000e+00  2.187653e+00  1.086541e+01
     vertex  0.000000e+00  7.347639e-01  1.364779e+00
     vertex  0.000000e+00  6.970459e-01  1.384423e+00
   endloop
 endfacet
 facet normal -1.000000e+00  0.000000e+00 -0.000000e+00
   outer loop
     vertex  0.000000e+00  3.137044e+00  1.182786e+01
     vertex  0.000000e+00  8.600000e+00 -2.500000e+00
     vertex  0.000000e+00  3.131918e+00  1.179687e+01
   endloop
 endfacet
 facet normal -1.000000e+00  0.000000e+00  0.000000e+00
   outer loop
     vertex  0.000000e+00  2.156592e+00  1.086071e+01
     vertex  0.000000e+00  6.970459e-01  1.384423e+00
     vertex  0.000000e+00  6.588033e-01  1.403025e+00
   endloop
 endfacet
 facet normal -1.000000e+00  0.000000e+00 -0.000000e+00
   outer loop
     vertex  0.000000e+00  2.156592e+00  1.086071e+01
     vertex  0.000000e+00  2.187653e+00  1.086541e+01
     vertex  0.000000e+00  6.970459e-01  1.384423e+00
   endloop
 endfacet
 facet normal -1.000000e+00  0.000000e+00 -0.000000e+00
   outer loop
     vertex  0.000000e+00  3.141321e+00  1.185898e+01
     vertex  0.000000e+00  8.600000e+00 -2.500000e+00
     vertex  0.000000e+00  3.137044e+00  1.182786e+01
   endloop
 endfacet
 facet normal -1.000000e+00  0.000000e+00  0.000000e+00
   outer loop
     vertex  0.000000e+00  2.125414e+00  1.085686e+01
     vertex  0.000000e+00  6.588033e-01  1.403025e+00
     vertex  0.000000e+00  6.200647e-01  1.420570e+00
   endloop
 endfacet
 facet normal -1.000000e+00  0.000000e+00 -0.000000e+00
   outer loop
     vertex  0.000000e+00  2.125414e+00  1.085686e+01
     vertex  0.000000e+00  2.156592e+00  1.086071e+01
     vertex  0.000000e+00  6.588033e-01  1.403025e+00
   endloop
 endfacet
 facet normal -1.000000e+00  0.000000e+00 -0.000000e+00
   outer loop
     vertex  0.000000e+00  3.144747e+00  1.189021e+01
     vertex  0.000000e+00  8.600000e+00 -2.500000e+00
     vertex  0.000000e+00  3.141321e+00  1.185898e+01
   endloop
 endfacet
 facet normal -1.000000e+00  0.000000e+00 -0.000000e+00
   outer loop
     vertex  0.000000e+00  2.094142e+00  1.085386e+01
     vertex  0.000000e+00  2.125414e+00  1.085686e+01
     vertex  0.000000e+00  6.200647e-01  1.420570e+00
   endloop
 endfacet
 facet normal -1.000000e+00  0.000000e+00  0.000000e+00
   outer loop
     vertex  0.000000e+00  2.094142e+00  1.085386e+01
     vertex  0.000000e+00  6.200647e-01  1.420570e+00
     vertex  0.000000e+00  5.808593e-01  1.437046e+00
   endloop
 endfacet
 facet normal -1.000000e+00  0.000000e+00 -0.000000e+00
   outer loop
     vertex  0.000000e+00  3.147319e+00  1.192152e+01
     vertex  0.000000e+00  8.600000e+00 -2.500000e+00
     vertex  0.000000e+00  3.144747e+00  1.189021e+01
   endloop
 endfacet
 facet normal -1.000000e+00  0.000000e+00  0.000000e+00
   outer loop
     vertex  0.000000e+00  2.062801e+00  1.085172e+01
     vertex  0.000000e+00  5.808593e-01  1.437046e+00
     vertex  0.000000e+00  5.412166e-01  1.452441e+00
   endloop
 endfacet
 facet normal -1.000000e+00  0.000000e+00 -0.000000e+00
   outer loop
     vertex  0.000000e+00  2.062801e+00  1.085172e+01
     vertex  0.000000e+00  2.094142e+00  1.085386e+01
     vertex  0.000000e+00  5.808593e-01  1.437046e+00
   endloop
 endfacet
 facet normal -1.000000e+00  0.000000e+00 -0.000000e+00
   outer loop
     vertex  0.000000e+00  3.149035e+00  1.195289e+01
     vertex  0.000000e+00  8.600000e+00 -2.500000e+00
     vertex  0.000000e+00  3.147319e+00  1.192152e+01
   endloop
 endfacet
 facet normal -1.000000e+00  0.000000e+00  0.000000e+00
   outer loop
     vertex  0.000000e+00  2.031412e+00  1.085043e+01
     vertex  0.000000e+00  5.412166e-01  1.452441e+00
     vertex  0.000000e+00  5.011666e-01  1.466742e+00
   endloop
 endfacet
 facet normal -1.000000e+00  0.000000e+00 -0.000000e+00
   outer loop
     vertex  0.000000e+00  2.031412e+00  1.085043e+01
     vertex  0.000000e+00  2.062801e+00  1.085172e+01
     vertex  0.000000e+00  5.412166e-01  1.452441e+00
   endloop
 endfacet
 facet normal -1.000000e+00  0.000000e+00 -0.000000e+00
   outer loop
     vertex  0.000000e+00  3.149893e+00  1.198429e+01
     vertex  0.000000e+00  8.600000e+00 -2.500000e+00
     vertex  0.000000e+00  3.149035e+00  1.195289e+01
   endloop
 endfacet
 facet normal -1.000000e+00  0.000000e+00  0.000000e+00
   outer loop
     vertex  0.000000e+00  2.000000e+00  1.085000e+01
     vertex  0.000000e+00  5.011666e-01  1.466742e+00
     vertex  0.000000e+00  4.607393e-01  1.479939e+00
   endloop
 endfacet
 facet normal -1.000000e+00  0.000000e+00  0.000000e+00
   outer loop
     vertex  0.000000e+00  2.000000e+00  1.085000e+01
     vertex  0.000000e+00  4.607393e-01  1.479939e+00
     vertex  0.000000e+00  4.199652e-01  1.492022e+00
   endloop
 endfacet
 facet normal -1.000000e+00  0.000000e+00  0.000000e+00
   outer loop
     vertex  0.000000e+00  2.000000e+00  1.085000e+01
     vertex  0.000000e+00  4.199652e-01  1.492022e+00
     vertex  0.000000e+00  3.788749e-01  1.502982e+00
   endloop
 endfacet
 facet normal -1.000000e+00  0.000000e+00  0.000000e+00
   outer loop
     vertex  0.000000e+00  2.000000e+00  1.085000e+01
     vertex  0.000000e+00  3.788749e-01  1.502982e+00
     vertex  0.000000e+00  3.374994e-01  1.512810e+00
   endloop
 endfacet
 facet normal -1.000000e+00  0.000000e+00  0.000000e+00
   outer loop
     vertex  0.000000e+00  2.000000e+00  1.085000e+01
     vertex  0.000000e+00  3.374994e-01  1.512810e+00
     vertex  0.000000e+00  2.958699e-01  1.521500e+00
   endloop
 endfacet
 facet normal -1.000000e+00  0.000000e+00  0.000000e+00
   outer loop
     vertex  0.000000e+00  2.000000e+00  1.085000e+01
     vertex  0.000000e+00  2.958699e-01  1.521500e+00
     vertex  0.000000e+00  2.540177e-01  1.529044e+00
   endloop
 endfacet
 facet normal -1.000000e+00  0.000000e+00  0.000000e+00
   outer loop
     vertex  0.000000e+00  2.000000e+00  1.085000e+01
     vertex  0.000000e+00  2.540177e-01  1.529044e+00
     vertex  0.000000e+00  2.119742e-01  1.535437e+00
   endloop
 endfacet
 facet normal -1.000000e+00  0.000000e+00  0.000000e+00
   outer loop
     vertex  0.000000e+00  2.000000e+00  1.085000e+01
     vertex  0.000000e+00  2.119742e-01  1.535437e+00
     vertex  0.000000e+00  1.697711e-01  1.540674e+00
   endloop
 endfacet
 facet normal -1.000000e+00  0.000000e+00  0.000000e+00
   outer loop
     vertex  0.000000e+00  2.000000e+00  1.085000e+01
     vertex  0.000000e+00  1.697711e-01  1.540674e+00
     vertex  0.000000e+00  1.274403e-01  1.544752e+00
   endloop
 endfacet
 facet normal -1.000000e+00  0.000000e+00  0.000000e+00
   outer loop
     vertex  0.000000e+00  2.000000e+00  1.085000e+01
     vertex  0.000000e+00  1.274403e-01  1.544752e+00
     vertex  0.000000e+00  8.501354e-02  1.547667e+00
   endloop
 endfacet
 facet normal -1.000000e+00  0.000000e+00  0.000000e+00
   outer loop
     vertex  0.000000e+00  2.000000e+00  1.085000e+01
     vertex  0.000000e+00  8.501354e-02  1.547667e+00
     vertex  0.000000e+00  4.252277e-02  1.549417e+00
   endloop
 endfacet
 facet normal -1.000000e+00  0.000000e+00  0.000000e+00
   outer loop
     vertex  0.000000e+00  2.000000e+00  1.085000e+01
     vertex  0.000000e+00  4.252277e-02  1.549417e+00
     vertex  0.000000e+00  3.796405e-16  1.550000e+00
   endloop
 endfacet
 facet normal -1.000000e+00  0.000000e+00 -0.000000e+00
   outer loop
     vertex  0.000000e+00  2.000000e+00  1.085000e+01
     vertex  0.000000e+00  2.031412e+00  1.085043e+01
     vertex  0.000000e+00  5.011666e-01  1.466742e+00
   endloop
 endfacet
 facet normal -1.000000e+00  0.000000e+00  0.000000e+00
   outer loop
     vertex  0.000000e+00  3.149893e+00  1.201571e+01
     vertex  0.000000e+00  8.600000e+00 -2.500000e+00
     vertex  0.000000e+00  3.149893e+00  1.198429e+01
   endloop
 endfacet
 facet normal -1.000000e+00  0.000000e+00  0.000000e+00
   outer loop
     vertex  0.000000e+00  3.149035e+00  1.204711e+01
     vertex  0.000000e+00  8.600000e+00 -2.500000e+00
     vertex  0.000000e+00  3.149893e+00  1.201571e+01
   endloop
 endfacet
 facet normal -1.000000e+00  0.000000e+00  0.000000e+00
   outer loop
     vertex  0.000000e+00  3.147319e+00  1.207848e+01
     vertex  0.000000e+00  8.600000e+00 -2.500000e+00
     vertex  0.000000e+00  3.149035e+00  1.204711e+01
   endloop
 endfacet
 facet normal -1.000000e+00  0.000000e+00  0.000000e+00
   outer loop
     vertex  0.000000e+00 -2.000000e+00  1.085000e+01
     vertex  0.000000e+00  3.796405e-16  1.550000e+00
     vertex  0.000000e+00 -4.252277e-02  1.549417e+00
   endloop
 endfacet
 facet normal -1.000000e+00  0.000000e+00  0.000000e+00
   outer loop
     vertex  0.000000e+00 -2.000000e+00  1.085000e+01
     vertex  0.000000e+00 -4.252277e-02  1.549417e+00
     vertex  0.000000e+00 -8.501354e-02  1.547667e+00
   endloop
 endfacet
 facet normal -1.000000e+00  0.000000e+00  0.000000e+00
   outer loop
     vertex  0.000000e+00 -2.000000e+00  1.085000e+01
     vertex  0.000000e+00 -8.501354e-02  1.547667e+00
     vertex  0.000000e+00 -1.274403e-01  1.544752e+00
   endloop
 endfacet
 facet normal -1.000000e+00  0.000000e+00  0.000000e+00
   outer loop
     vertex  0.000000e+00 -2.000000e+00  1.085000e+01
     vertex  0.000000e+00 -1.274403e-01  1.544752e+00
     vertex  0.000000e+00 -1.697711e-01  1.540674e+00
   endloop
 endfacet
 facet normal -1.000000e+00  0.000000e+00  0.000000e+00
   outer loop
     vertex  0.000000e+00 -2.000000e+00  1.085000e+01
     vertex  0.000000e+00 -1.697711e-01  1.540674e+00
     vertex  0.000000e+00 -2.119742e-01  1.535437e+00
   endloop
 endfacet
 facet normal -1.000000e+00  0.000000e+00  0.000000e+00
   outer loop
     vertex  0.000000e+00 -2.000000e+00  1.085000e+01
     vertex  0.000000e+00 -2.119742e-01  1.535437e+00
     vertex  0.000000e+00 -2.540177e-01  1.529044e+00
   endloop
 endfacet
 facet normal -1.000000e+00  0.000000e+00  0.000000e+00
   outer loop
     vertex  0.000000e+00 -2.000000e+00  1.085000e+01
     vertex  0.000000e+00 -2.540177e-01  1.529044e+00
     vertex  0.000000e+00 -2.958699e-01  1.521500e+00
   endloop
 endfacet
 facet normal -1.000000e+00  0.000000e+00  0.000000e+00
   outer loop
     vertex  0.000000e+00 -2.000000e+00  1.085000e+01
     vertex  0.000000e+00 -2.958699e-01  1.521500e+00
     vertex  0.000000e+00 -3.374994e-01  1.512810e+00
   endloop
 endfacet
 facet normal -1.000000e+00  0.000000e+00  0.000000e+00
   outer loop
     vertex  0.000000e+00 -2.000000e+00  1.085000e+01
     vertex  0.000000e+00 -3.374994e-01  1.512810e+00
     vertex  0.000000e+00 -3.788749e-01  1.502982e+00
   endloop
 endfacet
 facet normal -1.000000e+00  0.000000e+00  0.000000e+00
   outer loop
     vertex  0.000000e+00 -2.000000e+00  1.085000e+01
     vertex  0.000000e+00 -3.788749e-01  1.502982e+00
     vertex  0.000000e+00 -4.199652e-01  1.492022e+00
   endloop
 endfacet
 facet normal -1.000000e+00  0.000000e+00  0.000000e+00
   outer loop
     vertex  0.000000e+00 -2.000000e+00  1.085000e+01
     vertex  0.000000e+00 -4.199652e-01  1.492022e+00
     vertex  0.000000e+00 -4.607393e-01  1.479939e+00
   endloop
 endfacet
 facet normal -1.000000e+00  0.000000e+00  0.000000e+00
   outer loop
     vertex  0.000000e+00 -2.000000e+00  1.085000e+01
     vertex  0.000000e+00 -4.607393e-01  1.479939e+00
     vertex  0.000000e+00 -5.011666e-01  1.466742e+00
   endloop
 endfacet
 facet normal -1.000000e+00  0.000000e+00  0.000000e+00
   outer loop
     vertex  0.000000e+00 -2.000000e+00  1.085000e+01
     vertex  0.000000e+00  2.000000e+00  1.085000e+01
     vertex  0.000000e+00  3.796405e-16  1.550000e+00
   endloop
 endfacet
 facet normal -1.000000e+00  0.000000e+00  0.000000e+00
   outer loop
     vertex  0.000000e+00 -2.031412e+00  1.085043e+01
     vertex  0.000000e+00 -5.011666e-01  1.466742e+00
     vertex  0.000000e+00 -5.412166e-01  1.452441e+00
   endloop
 endfacet
 facet normal -1.000000e+00  0.000000e+00  0.000000e+00
   outer loop
     vertex  0.000000e+00 -2.031412e+00  1.085043e+01
     vertex  0.000000e+00 -2.000000e+00  1.085000e+01
     vertex  0.000000e+00 -5.011666e-01  1.466742e+00
   endloop
 endfacet
 facet normal -1.000000e+00  0.000000e+00  0.000000e+00
   outer loop
     vertex  0.000000e+00 -2.062801e+00  1.085172e+01
     vertex  0.000000e+00 -5.412166e-01  1.452441e+00
     vertex  0.000000e+00 -5.808593e-01  1.437046e+00
   endloop
 endfacet
 facet normal -1.000000e+00  0.000000e+00  0.000000e+00
   outer loop
     vertex  0.000000e+00 -2.062801e+00  1.085172e+01
     vertex  0.000000e+00 -2.031412e+00  1.085043e+01
     vertex  0.000000e+00 -5.412166e-01  1.452441e+00
   endloop
 endfacet
 facet normal -1.000000e+00  0.000000e+00  0.000000e+00
   outer loop
     vertex  0.000000e+00 -2.094142e+00  1.085386e+01
     vertex  0.000000e+00 -5.808593e-01  1.437046e+00
     vertex  0.000000e+00 -6.200647e-01  1.420570e+00
   endloop
 endfacet
 facet normal -1.000000e+00  0.000000e+00  0.000000e+00
   outer loop
     vertex  0.000000e+00 -2.094142e+00  1.085386e+01
     vertex  0.000000e+00 -2.062801e+00  1.085172e+01
     vertex  0.000000e+00 -5.808593e-01  1.437046e+00
   endloop
 endfacet
 facet normal -1.000000e+00  0.000000e+00  0.000000e+00
   outer loop
     vertex  0.000000e+00 -2.125414e+00  1.085686e+01
     vertex  0.000000e+00 -6.200647e-01  1.420570e+00
     vertex  0.000000e+00 -6.588033e-01  1.403025e+00
   endloop
 endfacet
 facet normal -1.000000e+00  0.000000e+00  0.000000e+00
   outer loop
     vertex  0.000000e+00 -2.125414e+00  1.085686e+01
     vertex  0.000000e+00 -2.094142e+00  1.085386e+01
     vertex  0.000000e+00 -6.200647e-01  1.420570e+00
   endloop
 endfacet
 facet normal -1.000000e+00  0.000000e+00  0.000000e+00
   outer loop
     vertex  0.000000e+00 -2.156592e+00  1.086071e+01
     vertex  0.000000e+00 -6.588033e-01  1.403025e+00
     vertex  0.000000e+00 -6.970459e-01  1.384423e+00
   endloop
 endfacet
 facet normal -1.000000e+00  0.000000e+00  0.000000e+00
   outer loop
     vertex  0.000000e+00 -2.156592e+00  1.086071e+01
     vertex  0.000000e+00 -2.125414e+00  1.085686e+01
     vertex  0.000000e+00 -6.588033e-01  1.403025e+00
   endloop
 endfacet
 facet normal -1.000000e+00  0.000000e+00  0.000000e+00
   outer loop
     vertex  0.000000e+00 -2.187653e+00  1.086541e+01
     vertex  0.000000e+00 -6.970459e-01  1.384423e+00
     vertex  0.000000e+00 -7.347639e-01  1.364779e+00
   endloop
 endfacet
 facet normal -1.000000e+00  0.000000e+00  0.000000e+00
   outer loop
     vertex  0.000000e+00 -2.187653e+00  1.086541e+01
     vertex  0.000000e+00 -2.156592e+00  1.086071e+01
     vertex  0.000000e+00 -6.970459e-01  1.384423e+00
   endloop
 endfacet
 facet normal -1.000000e+00  0.000000e+00  0.000000e+00
   outer loop
     vertex  0.000000e+00 -2.218574e+00  1.087096e+01
     vertex  0.000000e+00 -7.347639e-01  1.364779e+00
     vertex  0.000000e+00 -7.719288e-01  1.344108e+00
   endloop
 endfacet
 facet normal -1.000000e+00  0.000000e+00  0.000000e+00
   outer loop
     vertex  0.000000e+00 -2.218574e+00  1.087096e+01
     vertex  0.000000e+00 -2.187653e+00  1.086541e+01
     vertex  0.000000e+00 -7.347639e-01  1.364779e+00
   endloop
 endfacet
 facet normal -1.000000e+00  0.000000e+00  0.000000e+00
   outer loop
     vertex  0.000000e+00 -2.249332e+00  1.087735e+01
     vertex  0.000000e+00 -7.719288e-01  1.344108e+00
     vertex  0.000000e+00 -8.085126e-01  1.322425e+00
   endloop
 endfacet
 facet normal -1.000000e+00  0.000000e+00  0.000000e+00
   outer loop
     vertex  0.000000e+00 -2.249332e+00  1.087735e+01
     vertex  0.000000e+00 -2.218574e+00  1.087096e+01
     vertex  0.000000e+00 -7.719288e-01  1.344108e+00
   endloop
 endfacet
 facet normal -1.000000e+00  0.000000e+00  0.000000e+00
   outer loop
     vertex  0.000000e+00 -2.279903e+00  1.088458e+01
     vertex  0.000000e+00 -8.085126e-01  1.322425e+00
     vertex  0.000000e+00 -8.444877e-01  1.299746e+00
   endloop
 endfacet
 facet normal -1.000000e+00  0.000000e+00  0.000000e+00
   outer loop
     vertex  0.000000e+00 -2.279903e+00  1.088458e+01
     vertex  0.000000e+00 -2.249332e+00  1.087735e+01
     vertex  0.000000e+00 -8.085126e-01  1.322425e+00
   endloop
 endfacet
 facet normal -1.000000e+00  0.000000e+00  0.000000e+00
   outer loop
     vertex  0.000000e+00 -2.310266e+00  1.089265e+01
     vertex  0.000000e+00 -2.279903e+00  1.088458e+01
     vertex  0.000000e+00 -8.444877e-01  1.299746e+00
   endloop
 endfacet
 facet normal -1.000000e+00  0.000000e+00  0.000000e+00
   outer loop
     vertex  0.000000e+00 -2.340398e+00  1.090153e+01
     vertex  0.000000e+00 -8.444877e-01  1.299746e+00
     vertex  0.000000e+00 -8.798272e-01  1.276089e+00
   endloop
 endfacet
 facet normal -1.000000e+00  0.000000e+00  0.000000e+00
   outer loop
     vertex  0.000000e+00 -2.340398e+00  1.090153e+01
     vertex  0.000000e+00 -2.310266e+00  1.089265e+01
     vertex  0.000000e+00 -8.444877e-01  1.299746e+00
   endloop
 endfacet
 facet normal -1.000000e+00  0.000000e+00  0.000000e+00
   outer loop
     vertex  0.000000e+00 -2.370275e+00  1.091124e+01
     vertex  0.000000e+00 -2.340398e+00  1.090153e+01
     vertex  0.000000e+00 -8.798272e-01  1.276089e+00
   endloop
 endfacet
 facet normal -1.000000e+00  0.000000e+00  0.000000e+00
   outer loop
     vertex  0.000000e+00 -2.370275e+00  1.091124e+01
     vertex  0.000000e+00 -8.798272e-01  1.276089e+00
     vertex  0.000000e+00 -9.145043e-01  1.251472e+00
   endloop
 endfacet
 facet normal -1.000000e+00  0.000000e+00  0.000000e+00
   outer loop
     vertex  0.000000e+00 -2.399876e+00  1.092176e+01
     vertex  0.000000e+00 -2.370275e+00  1.091124e+01
     vertex  0.000000e+00 -9.145043e-01  1.251472e+00
   endloop
 endfacet
 facet normal -1.000000e+00  0.000000e+00  0.000000e+00
   outer loop
     vertex  0.000000e+00 -2.399876e+00  1.092176e+01
     vertex  0.000000e+00 -9.145043e-01  1.251472e+00
     vertex  0.000000e+00 -9.484930e-01  1.225912e+00
   endloop
 endfacet
 facet normal -1.000000e+00  0.000000e+00  0.000000e+00
   outer loop
     vertex  0.000000e+00 -2.429179e+00  1.093309e+01
     vertex  0.000000e+00 -9.484930e-01  1.225912e+00
     vertex  0.000000e+00 -9.817678e-01  1.199430e+00
   endloop
 endfacet
 facet normal -1.000000e+00  0.000000e+00  0.000000e+00
   outer loop
     vertex  0.000000e+00 -2.429179e+00  1.093309e+01
     vertex  0.000000e+00 -2.399876e+00  1.092176e+01
     vertex  0.000000e+00 -9.484930e-01  1.225912e+00
   endloop
 endfacet
 facet normal -1.000000e+00  0.000000e+00  0.000000e+00
   outer loop
     vertex  0.000000e+00 -2.458161e+00  1.094521e+01
     vertex  0.000000e+00 -2.429179e+00  1.093309e+01
     vertex  0.000000e+00 -9.817678e-01  1.199430e+00
   endloop
 endfacet
 facet normal -1.000000e+00  0.000000e+00  0.000000e+00
   outer loop
     vertex  0.000000e+00 -2.458161e+00  1.094521e+01
     vertex  0.000000e+00 -9.817678e-01  1.199430e+00
     vertex  0.000000e+00 -1.014303e+00  1.172045e+00
   endloop
 endfacet
 facet normal -1.000000e+00  0.000000e+00  0.000000e+00
   outer loop
     vertex  0.000000e+00 -2.486802e+00  1.095812e+01
     vertex  0.000000e+00 -2.458161e+00  1.094521e+01
     vertex  0.000000e+00 -1.014303e+00  1.172045e+00
   endloop
 endfacet
 facet normal -1.000000e+00  0.000000e+00  0.000000e+00
   outer loop
     vertex  0.000000e+00 -2.486802e+00  1.095812e+01
     vertex  0.000000e+00 -1.014303e+00  1.172045e+00
     vertex  0.000000e+00 -1.046076e+00  1.143777e+00
   endloop
 endfacet
 facet normal -1.000000e+00  0.000000e+00  0.000000e+00
   outer loop
     vertex  0.000000e+00 -2.515079e+00  1.097180e+01
     vertex  0.000000e+00 -1.046076e+00  1.143777e+00
     vertex  0.000000e+00 -1.077060e+00  1.114648e+00
   endloop
 endfacet
 facet normal -1.000000e+00  0.000000e+00  0.000000e+00
   outer loop
     vertex  0.000000e+00 -2.515079e+00  1.097180e+01
     vertex  0.000000e+00 -2.486802e+00  1.095812e+01
     vertex  0.000000e+00 -1.046076e+00  1.143777e+00
   endloop
 endfacet
 facet normal -1.000000e+00  0.000000e+00  0.000000e+00
   outer loop
     vertex  0.000000e+00 -2.542972e+00  1.098625e+01
     vertex  0.000000e+00 -2.515079e+00  1.097180e+01
     vertex  0.000000e+00 -1.077060e+00  1.114648e+00
   endloop
 endfacet
 facet normal -1.000000e+00  0.000000e+00  0.000000e+00
   outer loop
     vertex  0.000000e+00 -2.542972e+00  1.098625e+01
     vertex  0.000000e+00 -1.077060e+00  1.114648e+00
     vertex  0.000000e+00 -1.107234e+00  1.084681e+00
   endloop
 endfacet
 facet normal -1.000000e+00  0.000000e+00  0.000000e+00
   outer loop
     vertex  0.000000e+00 -2.570460e+00  1.100146e+01
     vertex  0.000000e+00 -1.107234e+00  1.084681e+00
     vertex  0.000000e+00 -1.136575e+00  1.053897e+00
   endloop
 endfacet
 facet normal -1.000000e+00  0.000000e+00  0.000000e+00
   outer loop
     vertex  0.000000e+00 -2.570460e+00  1.100146e+01
     vertex  0.000000e+00 -2.542972e+00  1.098625e+01
     vertex  0.000000e+00 -1.107234e+00  1.084681e+00
   endloop
 endfacet
 facet normal -1.000000e+00  0.000000e+00  0.000000e+00
   outer loop
     vertex  0.000000e+00 -2.597522e+00  1.101742e+01
     vertex  0.000000e+00 -2.570460e+00  1.100146e+01
     vertex  0.000000e+00 -1.136575e+00  1.053897e+00
   endloop
 endfacet
 facet normal -1.000000e+00  0.000000e+00  0.000000e+00
   outer loop
     vertex  0.000000e+00 -2.597522e+00  1.101742e+01
     vertex  0.000000e+00 -1.136575e+00  1.053897e+00
     vertex  0.000000e+00 -1.165060e+00  1.022319e+00
   endloop
 endfacet
 facet normal -1.000000e+00  0.000000e+00  0.000000e+00
   outer loop
     vertex  0.000000e+00 -2.624138e+00  1.103411e+01
     vertex  0.000000e+00 -2.597522e+00  1.101742e+01
     vertex  0.000000e+00 -1.165060e+00  1.022319e+00
   endloop
 endfacet
 facet normal -1.000000e+00  0.000000e+00  0.000000e+00
   outer loop
     vertex  0.000000e+00 -2.624138e+00  1.103411e+01
     vertex  0.000000e+00 -1.165060e+00  1.022319e+00
     vertex  0.000000e+00 -1.192667e+00  9.899720e-01
   endloop
 endfacet
 facet normal -1.000000e+00  0.000000e+00  0.000000e+00
   outer loop
     vertex  0.000000e+00 -2.650288e+00  1.105151e+01
     vertex  0.000000e+00 -1.192667e+00  9.899720e-01
     vertex  0.000000e+00 -1.219377e+00  9.568796e-01
   endloop
 endfacet
 facet normal -1.000000e+00  0.000000e+00  0.000000e+00
   outer loop
     vertex  0.000000e+00 -2.650288e+00  1.105151e+01
     vertex  0.000000e+00 -2.624138e+00  1.103411e+01
     vertex  0.000000e+00 -1.192667e+00  9.899720e-01
   endloop
 endfacet
 facet normal -1.000000e+00  0.000000e+00  0.000000e+00
   outer loop
     vertex  0.000000e+00 -2.675953e+00  1.106963e+01
     vertex  0.000000e+00 -2.650288e+00  1.105151e+01
     vertex  0.000000e+00 -1.219377e+00  9.568796e-01
   endloop
 endfacet
 facet normal -1.000000e+00  0.000000e+00  0.000000e+00
   outer loop
     vertex  0.000000e+00 -2.675953e+00  1.106963e+01
     vertex  0.000000e+00 -1.219377e+00  9.568796e-01
     vertex  0.000000e+00 -1.245170e+00  9.230670e-01
   endloop
 endfacet
 facet normal -1.000000e+00  0.000000e+00  0.000000e+00
   outer loop
     vertex  0.000000e+00 -2.701114e+00  1.108844e+01
     vertex  0.000000e+00 -2.675953e+00  1.106963e+01
     vertex  0.000000e+00 -1.245170e+00  9.230670e-01
   endloop
 endfacet
 facet normal -1.000000e+00  0.000000e+00  0.000000e+00
   outer loop
     vertex  0.000000e+00 -2.701114e+00  1.108844e+01
     vertex  0.000000e+00 -1.245170e+00  9.230670e-01
     vertex  0.000000e+00 -1.270024e+00  8.885596e-01
   endloop
 endfacet
 facet normal -1.000000e+00  0.000000e+00  0.000000e+00
   outer loop
     vertex  0.000000e+00 -2.725751e+00  1.110793e+01
     vertex  0.000000e+00 -2.701114e+00  1.108844e+01
     vertex  0.000000e+00 -1.270024e+00  8.885596e-01
   endloop
 endfacet
 facet normal -1.000000e+00  0.000000e+00  0.000000e+00
   outer loop
     vertex  0.000000e+00 -2.725751e+00  1.110793e+01
     vertex  0.000000e+00 -1.270024e+00  8.885596e-01
     vertex  0.000000e+00 -1.293923e+00  8.533832e-01
   endloop
 endfacet
 facet normal -1.000000e+00  0.000000e+00  0.000000e+00
   outer loop
     vertex  0.000000e+00 -2.749847e+00  1.112809e+01
     vertex  0.000000e+00 -2.725751e+00  1.110793e+01
     vertex  0.000000e+00 -1.293923e+00  8.533832e-01
   endloop
 endfacet
 facet normal -1.000000e+00  0.000000e+00 -0.000000e+00
   outer loop
     vertex  0.000000e+00 -2.749847e+00  1.112809e+01
     vertex  0.000000e+00 -1.293923e+00  8.533832e-01
     vertex  0.000000e+00 -8.600000e+00 -2.500000e+00
   endloop
 endfacet
 facet normal -1.000000e+00  0.000000e+00 -0.000000e+00
   outer loop
     vertex  0.000000e+00 -2.773383e+00  1.114890e+01
     vertex  0.000000e+00 -2.749847e+00  1.112809e+01
     vertex  0.000000e+00 -8.600000e+00 -2.500000e+00
   endloop
 endfacet
 facet normal -1.000000e+00  0.000000e+00 -0.000000e+00
   outer loop
     vertex  0.000000e+00 -2.796342e+00  1.117034e+01
     vertex  0.000000e+00 -2.773383e+00  1.114890e+01
     vertex  0.000000e+00 -8.600000e+00 -2.500000e+00
   endloop
 endfacet
 facet normal -1.000000e+00  0.000000e+00 -0.000000e+00
   outer loop
     vertex  0.000000e+00 -2.818707e+00  1.119240e+01
     vertex  0.000000e+00 -2.796342e+00  1.117034e+01
     vertex  0.000000e+00 -8.600000e+00 -2.500000e+00
   endloop
 endfacet
 facet normal -1.000000e+00  0.000000e+00 -0.000000e+00
   outer loop
     vertex  0.000000e+00 -2.840461e+00  1.121506e+01
     vertex  0.000000e+00 -2.818707e+00  1.119240e+01
     vertex  0.000000e+00 -8.600000e+00 -2.500000e+00
   endloop
 endfacet
 facet normal -1.000000e+00  0.000000e+00 -0.000000e+00
   outer loop
     vertex  0.000000e+00 -2.861588e+00  1.123831e+01
     vertex  0.000000e+00 -2.840461e+00  1.121506e+01
     vertex  0.000000e+00 -8.600000e+00 -2.500000e+00
   endloop
 endfacet
 facet normal -1.000000e+00  0.000000e+00 -0.000000e+00
   outer loop
     vertex  0.000000e+00 -2.882072e+00  1.126213e+01
     vertex  0.000000e+00 -2.861588e+00  1.123831e+01
     vertex  0.000000e+00 -8.600000e+00 -2.500000e+00
   endloop
 endfacet
 facet normal -1.000000e+00  0.000000e+00 -0.000000e+00
   outer loop
     vertex  0.000000e+00 -2.901898e+00  1.128650e+01
     vertex  0.000000e+00 -2.882072e+00  1.126213e+01
     vertex  0.000000e+00 -8.600000e+00 -2.500000e+00
   endloop
 endfacet
 facet normal -1.000000e+00  0.000000e+00 -0.000000e+00
   outer loop
     vertex  0.000000e+00 -2.921050e+00  1.131140e+01
     vertex  0.000000e+00 -2.901898e+00  1.128650e+01
     vertex  0.000000e+00 -8.600000e+00 -2.500000e+00
   endloop
 endfacet
 facet normal -1.000000e+00  0.000000e+00 -0.000000e+00
   outer loop
     vertex  0.000000e+00 -2.939515e+00  1.133682e+01
     vertex  0.000000e+00 -2.921050e+00  1.131140e+01
     vertex  0.000000e+00 -8.600000e+00 -2.500000e+00
   endloop
 endfacet
 facet normal -1.000000e+00  0.000000e+00 -0.000000e+00
   outer loop
     vertex  0.000000e+00 -2.957280e+00  1.136273e+01
     vertex  0.000000e+00 -2.939515e+00  1.133682e+01
     vertex  0.000000e+00 -8.600000e+00 -2.500000e+00
   endloop
 endfacet
 facet normal -1.000000e+00  0.000000e+00 -0.000000e+00
   outer loop
     vertex  0.000000e+00 -2.974329e+00  1.138911e+01
     vertex  0.000000e+00 -2.957280e+00  1.136273e+01
     vertex  0.000000e+00 -8.600000e+00 -2.500000e+00
   endloop
 endfacet
 facet normal -1.000000e+00  0.000000e+00 -0.000000e+00
   outer loop
     vertex  0.000000e+00 -2.990652e+00  1.141595e+01
     vertex  0.000000e+00 -2.974329e+00  1.138911e+01
     vertex  0.000000e+00 -8.600000e+00 -2.500000e+00
   endloop
 endfacet
 facet normal -1.000000e+00  0.000000e+00 -0.000000e+00
   outer loop
     vertex  0.000000e+00 -3.006235e+00  1.144323e+01
     vertex  0.000000e+00 -2.990652e+00  1.141595e+01
     vertex  0.000000e+00 -8.600000e+00 -2.500000e+00
   endloop
 endfacet
 facet normal -1.000000e+00  0.000000e+00 -0.000000e+00
   outer loop
     vertex  0.000000e+00 -3.021068e+00  1.147093e+01
     vertex  0.000000e+00 -3.006235e+00  1.144323e+01
     vertex  0.000000e+00 -8.600000e+00 -2.500000e+00
   endloop
 endfacet
 facet normal -1.000000e+00  0.000000e+00 -0.000000e+00
   outer loop
     vertex  0.000000e+00 -3.035139e+00  1.149901e+01
     vertex  0.000000e+00 -3.021068e+00  1.147093e+01
     vertex  0.000000e+00 -8.600000e+00 -2.500000e+00
   endloop
 endfacet
 facet normal -1.000000e+00  0.000000e+00 -0.000000e+00
   outer loop
     vertex  0.000000e+00 -3.048437e+00  1.152747e+01
     vertex  0.000000e+00 -3.035139e+00  1.149901e+01
     vertex  0.000000e+00 -8.600000e+00 -2.500000e+00
   endloop
 endfacet
 facet normal -1.000000e+00  0.000000e+00 -0.000000e+00
   outer loop
     vertex  0.000000e+00 -3.060952e+00  1.155629e+01
     vertex  0.000000e+00 -3.048437e+00  1.152747e+01
     vertex  0.000000e+00 -8.600000e+00 -2.500000e+00
   endloop
 endfacet
 facet normal -1.000000e+00  0.000000e+00 -0.000000e+00
   outer loop
     vertex  0.000000e+00 -3.072677e+00  1.158543e+01
     vertex  0.000000e+00 -3.060952e+00  1.155629e+01
     vertex  0.000000e+00 -8.600000e+00 -2.500000e+00
   endloop
 endfacet
 facet normal -1.000000e+00  0.000000e+00 -0.000000e+00
   outer loop
     vertex  0.000000e+00 -3.083600e+00  1.161489e+01
     vertex  0.000000e+00 -3.072677e+00  1.158543e+01
     vertex  0.000000e+00 -8.600000e+00 -2.500000e+00
   endloop
 endfacet
 facet normal -1.000000e+00  0.000000e+00 -0.000000e+00
   outer loop
     vertex  0.000000e+00 -3.093715e+00  1.164463e+01
     vertex  0.000000e+00 -3.083600e+00  1.161489e+01
     vertex  0.000000e+00 -8.600000e+00 -2.500000e+00
   endloop
 endfacet
 facet normal -1.000000e+00  0.000000e+00 -0.000000e+00
   outer loop
     vertex  0.000000e+00 -3.103014e+00  1.167464e+01
     vertex  0.000000e+00 -3.093715e+00  1.164463e+01
     vertex  0.000000e+00 -8.600000e+00 -2.500000e+00
   endloop
 endfacet
 facet normal -1.000000e+00  0.000000e+00 -0.000000e+00
   outer loop
     vertex  0.000000e+00 -3.111489e+00  1.170489e+01
     vertex  0.000000e+00 -3.103014e+00  1.167464e+01
     vertex  0.000000e+00 -8.600000e+00 -2.500000e+00
   endloop
 endfacet
 facet normal -1.000000e+00  0.000000e+00 -0.000000e+00
   outer loop
     vertex  0.000000e+00 -3.119136e+00  1.173536e+01
     vertex  0.000000e+00 -3.111489e+00  1.170489e+01
     vertex  0.000000e+00 -8.600000e+00 -2.500000e+00
   endloop
 endfacet
 facet normal -1.000000e+00  0.000000e+00 -0.000000e+00
   outer loop
     vertex  0.000000e+00 -3.125947e+00  1.176603e+01
     vertex  0.000000e+00 -3.119136e+00  1.173536e+01
     vertex  0.000000e+00 -8.600000e+00 -2.500000e+00
   endloop
 endfacet
 facet normal -1.000000e+00  0.000000e+00 -0.000000e+00
   outer loop
     vertex  0.000000e+00 -3.131918e+00  1.179687e+01
     vertex  0.000000e+00 -3.125947e+00  1.176603e+01
     vertex  0.000000e+00 -8.600000e+00 -2.500000e+00
   endloop
 endfacet
 facet normal -1.000000e+00  0.000000e+00 -0.000000e+00
   outer loop
     vertex  0.000000e+00 -3.137044e+00  1.182786e+01
     vertex  0.000000e+00 -3.131918e+00  1.179687e+01
     vertex  0.000000e+00 -8.600000e+00 -2.500000e+00
   endloop
 endfacet
 facet normal -1.000000e+00  0.000000e+00 -0.000000e+00
   outer loop
     vertex  0.000000e+00 -3.141321e+00  1.185898e+01
     vertex  0.000000e+00 -3.137044e+00  1.182786e+01
     vertex  0.000000e+00 -8.600000e+00 -2.500000e+00
   endloop
 endfacet
 facet normal -1.000000e+00  0.000000e+00 -0.000000e+00
   outer loop
     vertex  0.000000e+00 -3.144747e+00  1.189021e+01
     vertex  0.000000e+00 -3.141321e+00  1.185898e+01
     vertex  0.000000e+00 -8.600000e+00 -2.500000e+00
   endloop
 endfacet
 facet normal -1.000000e+00  0.000000e+00 -0.000000e+00
   outer loop
     vertex  0.000000e+00 -3.147319e+00  1.192152e+01
     vertex  0.000000e+00 -3.144747e+00  1.189021e+01
     vertex  0.000000e+00 -8.600000e+00 -2.500000e+00
   endloop
 endfacet
 facet normal -1.000000e+00  0.000000e+00 -0.000000e+00
   outer loop
     vertex  0.000000e+00 -3.149035e+00  1.195289e+01
     vertex  0.000000e+00 -3.147319e+00  1.192152e+01
     vertex  0.000000e+00 -8.600000e+00 -2.500000e+00
   endloop
 endfacet
 facet normal -1.000000e+00  0.000000e+00 -0.000000e+00
   outer loop
     vertex  0.000000e+00  2.796342e+00  2.317034e+01
     vertex  0.000000e+00  2.818707e+00  1.280760e+01
     vertex  0.000000e+00  2.796342e+00  1.282966e+01
   endloop
 endfacet
 facet normal -1.000000e+00  0.000000e+00  0.000000e+00
   outer loop
     vertex  0.000000e+00  2.796342e+00  2.317034e+01
     vertex  0.000000e+00  2.818707e+00  2.319240e+01
     vertex  0.000000e+00  2.818707e+00  1.280760e+01
   endloop
 endfacet
 facet normal -1.000000e+00  0.000000e+00  0.000000e+00
   outer loop
     vertex  0.000000e+00  2.840461e+00  2.321506e+01
     vertex  0.000000e+00  2.840461e+00  1.278494e+01
     vertex  0.000000e+00  2.818707e+00  1.280760e+01
   endloop
 endfacet
 facet normal -1.000000e+00  0.000000e+00  0.000000e+00
   outer loop
     vertex  0.000000e+00  2.840461e+00  2.321506e+01
     vertex  0.000000e+00  2.818707e+00  1.280760e+01
     vertex  0.000000e+00  2.818707e+00  2.319240e+01
   endloop
 endfacet
 facet normal -1.000000e+00  0.000000e+00 -0.000000e+00
   outer loop
     vertex  0.000000e+00  2.773383e+00  2.314890e+01
     vertex  0.000000e+00  2.796342e+00  1.282966e+01
     vertex  0.000000e+00  2.773383e+00  1.285110e+01
   endloop
 endfacet
 facet normal -1.000000e+00  0.000000e+00  0.000000e+00
   outer loop
     vertex  0.000000e+00  2.773383e+00  2.314890e+01
     vertex  0.000000e+00  2.796342e+00  2.317034e+01
     vertex  0.000000e+00  2.796342e+00  1.282966e+01
   endloop
 endfacet
 facet normal -1.000000e+00  0.000000e+00  0.000000e+00
   outer loop
     vertex  0.000000e+00  2.861588e+00  2.323831e+01
     vertex  0.000000e+00  2.861588e+00  1.276169e+01
     vertex  0.000000e+00  2.840461e+00  1.278494e+01
   endloop
 endfacet
 facet normal -1.000000e+00  0.000000e+00  0.000000e+00
   outer loop
     vertex  0.000000e+00  2.861588e+00  2.323831e+01
     vertex  0.000000e+00  2.840461e+00  1.278494e+01
     vertex  0.000000e+00  2.840461e+00  2.321506e+01
   endloop
 endfacet
 facet normal -1.000000e+00  0.000000e+00  0.000000e+00
   outer loop
     vertex  0.000000e+00  2.749847e+00  2.312809e+01
     vertex  0.000000e+00  2.773383e+00  2.314890e+01
     vertex  0.000000e+00  2.773383e+00  1.285110e+01
   endloop
 endfacet
 facet normal -1.000000e+00  0.000000e+00 -0.000000e+00
   outer loop
     vertex  0.000000e+00  2.749847e+00  2.312809e+01
     vertex  0.000000e+00  2.773383e+00  1.285110e+01
     vertex  0.000000e+00  2.749847e+00  1.287191e+01
   endloop
 endfacet
 facet normal -1.000000e+00  0.000000e+00  0.000000e+00
   outer loop
     vertex  0.000000e+00  2.882072e+00  2.326213e+01
     vertex  0.000000e+00  2.882072e+00  1.273787e+01
     vertex  0.000000e+00  2.861588e+00  1.276169e+01
   endloop
 endfacet
 facet normal -1.000000e+00  0.000000e+00  0.000000e+00
   outer loop
     vertex  0.000000e+00  2.882072e+00  2.326213e+01
     vertex  0.000000e+00  2.861588e+00  1.276169e+01
     vertex  0.000000e+00  2.861588e+00  2.323831e+01
   endloop
 endfacet
 facet normal -1.000000e+00  0.000000e+00 -0.000000e+00
   outer loop
     vertex  0.000000e+00  2.725751e+00  2.310793e+01
     vertex  0.000000e+00  2.749847e+00  1.287191e+01
     vertex  0.000000e+00  2.725751e+00  1.289207e+01
   endloop
 endfacet
 facet normal -1.000000e+00  0.000000e+00  0.000000e+00
   outer loop
     vertex  0.000000e+00  2.725751e+00  2.310793e+01
     vertex  0.000000e+00  2.749847e+00  2.312809e+01
     vertex  0.000000e+00  2.749847e+00  1.287191e+01
   endloop
 endfacet
 facet normal -1.000000e+00  0.000000e+00 -0.000000e+00
   outer loop
     vertex  0.000000e+00  2.901898e+00  2.328650e+01
     vertex  0.000000e+00  2.921050e+00  1.268860e+01
     vertex  0.000000e+00  2.901898e+00  1.271350e+01
   endloop
 endfacet
 facet normal -1.000000e+00  0.000000e+00  0.000000e+00
   outer loop
     vertex  0.000000e+00  2.901898e+00  2.328650e+01
     vertex  0.000000e+00  2.901898e+00  1.271350e+01
     vertex  0.000000e+00  2.882072e+00  1.273787e+01
   endloop
 endfacet
 facet normal -1.000000e+00  0.000000e+00  0.000000e+00
   outer loop
     vertex  0.000000e+00  2.901898e+00  2.328650e+01
     vertex  0.000000e+00  2.882072e+00  1.273787e+01
     vertex  0.000000e+00  2.882072e+00  2.326213e+01
   endloop
 endfacet
 facet normal -1.000000e+00  0.000000e+00 -0.000000e+00
   outer loop
     vertex  0.000000e+00  2.701114e+00  2.308844e+01
     vertex  0.000000e+00  2.725751e+00  1.289207e+01
     vertex  0.000000e+00  2.701114e+00  1.291156e+01
   endloop
 endfacet
 facet normal -1.000000e+00  0.000000e+00  0.000000e+00
   outer loop
     vertex  0.000000e+00  2.701114e+00  2.308844e+01
     vertex  0.000000e+00  2.725751e+00  2.310793e+01
     vertex  0.000000e+00  2.725751e+00  1.289207e+01
   endloop
 endfacet
 facet normal -1.000000e+00  0.000000e+00  0.000000e+00
   outer loop
     vertex  0.000000e+00  2.921050e+00  2.331140e+01
     vertex  0.000000e+00  2.921050e+00  1.268860e+01
     vertex  0.000000e+00  2.901898e+00  2.328650e+01
   endloop
 endfacet
 facet normal -1.000000e+00  0.000000e+00 -0.000000e+00
   outer loop
     vertex  0.000000e+00  2.675953e+00  2.306963e+01
     vertex  0.000000e+00  2.701114e+00  1.291156e+01
     vertex  0.000000e+00  2.675953e+00  1.293037e+01
   endloop
 endfacet
 facet normal -1.000000e+00  0.000000e+00  0.000000e+00
   outer loop
     vertex  0.000000e+00  2.675953e+00  2.306963e+01
     vertex  0.000000e+00  2.701114e+00  2.308844e+01
     vertex  0.000000e+00  2.701114e+00  1.291156e+01
   endloop
 endfacet
 facet normal -1.000000e+00  0.000000e+00 -0.000000e+00
   outer loop
     vertex  0.000000e+00  2.939515e+00  2.333682e+01
     vertex  0.000000e+00  2.957280e+00  1.263727e+01
     vertex  0.000000e+00  2.939515e+00  1.266318e+01
   endloop
 endfacet
 facet normal -1.000000e+00  0.000000e+00  0.000000e+00
   outer loop
     vertex  0.000000e+00  2.939515e+00  2.333682e+01
     vertex  0.000000e+00  2.939515e+00  1.266318e+01
     vertex  0.000000e+00  2.921050e+00  1.268860e+01
   endloop
 endfacet
 facet normal -1.000000e+00  0.000000e+00  0.000000e+00
   outer loop
     vertex  0.000000e+00  2.939515e+00  2.333682e+01
     vertex  0.000000e+00  2.921050e+00  1.268860e+01
     vertex  0.000000e+00  2.921050e+00  2.331140e+01
   endloop
 endfacet
 facet normal -1.000000e+00  0.000000e+00 -0.000000e+00
   outer loop
     vertex  0.000000e+00  2.650288e+00  2.305151e+01
     vertex  0.000000e+00  2.675953e+00  1.293037e+01
     vertex  0.000000e+00  2.650288e+00  1.294849e+01
   endloop
 endfacet
 facet normal -1.000000e+00  0.000000e+00  0.000000e+00
   outer loop
     vertex  0.000000e+00  2.650288e+00  2.305151e+01
     vertex  0.000000e+00  2.650288e+00  1.294849e+01
     vertex  0.000000e+00  2.624138e+00  1.296589e+01
   endloop
 endfacet
 facet normal -1.000000e+00  0.000000e+00  0.000000e+00
   outer loop
     vertex  0.000000e+00  2.650288e+00  2.305151e+01
     vertex  0.000000e+00  2.675953e+00  2.306963e+01
     vertex  0.000000e+00  2.675953e+00  1.293037e+01
   endloop
 endfacet
 facet normal -1.000000e+00  0.000000e+00 -0.000000e+00
   outer loop
     vertex  0.000000e+00  2.957280e+00  2.336273e+01
     vertex  0.000000e+00  2.974329e+00  1.261089e+01
     vertex  0.000000e+00  2.957280e+00  1.263727e+01
   endloop
 endfacet
 facet normal -1.000000e+00  0.000000e+00  0.000000e+00
   outer loop
     vertex  0.000000e+00  2.957280e+00  2.336273e+01
     vertex  0.000000e+00  2.957280e+00  1.263727e+01
     vertex  0.000000e+00  2.939515e+00  2.333682e+01
   endloop
 endfacet
 facet normal -1.000000e+00  0.000000e+00 -0.000000e+00
   outer loop
     vertex  0.000000e+00  2.624138e+00  2.303411e+01
     vertex  0.000000e+00  2.650288e+00  2.305151e+01
     vertex  0.000000e+00  2.624138e+00  1.296589e+01
   endloop
 endfacet
 facet normal -1.000000e+00  0.000000e+00  0.000000e+00
   outer loop
     vertex  0.000000e+00  2.974329e+00  2.338911e+01
     vertex  0.000000e+00  2.974329e+00  1.261089e+01
     vertex  0.000000e+00  2.957280e+00  2.336273e+01
   endloop
 endfacet
 facet normal -1.000000e+00  0.000000e+00 -0.000000e+00
   outer loop
     vertex  0.000000e+00  2.597522e+00  2.301742e+01
     vertex  0.000000e+00  2.624138e+00  1.296589e+01
     vertex  0.000000e+00  2.597522e+00  1.298258e+01
   endloop
 endfacet
 facet normal -1.000000e+00  0.000000e+00  0.000000e+00
   outer loop
     vertex  0.000000e+00  2.597522e+00  2.301742e+01
     vertex  0.000000e+00  2.597522e+00  1.298258e+01
     vertex  0.000000e+00  2.570460e+00  1.299854e+01
   endloop
 endfacet
 facet normal -1.000000e+00  0.000000e+00  0.000000e+00
   outer loop
     vertex  0.000000e+00  2.597522e+00  2.301742e+01
     vertex  0.000000e+00  2.624138e+00  2.303411e+01
     vertex  0.000000e+00  2.624138e+00  1.296589e+01
   endloop
 endfacet
 facet normal -1.000000e+00  0.000000e+00  0.000000e+00
   outer loop
     vertex  0.000000e+00  2.990652e+00  2.341595e+01
     vertex  0.000000e+00  2.990652e+00  1.258405e+01
     vertex  0.000000e+00  2.974329e+00  1.261089e+01
   endloop
 endfacet
 facet normal -1.000000e+00  0.000000e+00  0.000000e+00
   outer loop
     vertex  0.000000e+00  2.990652e+00  2.341595e+01
     vertex  0.000000e+00  2.974329e+00  1.261089e+01
     vertex  0.000000e+00  2.974329e+00  2.338911e+01
   endloop
 endfacet
 facet normal -1.000000e+00  0.000000e+00 -0.000000e+00
   outer loop
     vertex  0.000000e+00  2.570460e+00  2.300146e+01
     vertex  0.000000e+00  2.597522e+00  2.301742e+01
     vertex  0.000000e+00  2.570460e+00  1.299854e+01
   endloop
 endfacet
 facet normal -1.000000e+00  0.000000e+00  0.000000e+00
   outer loop
     vertex  0.000000e+00  3.006235e+00  2.344323e+01
     vertex  0.000000e+00  3.006235e+00  1.255677e+01
     vertex  0.000000e+00  2.990652e+00  1.258405e+01
   endloop
 endfacet
 facet normal -1.000000e+00  0.000000e+00  0.000000e+00
   outer loop
     vertex  0.000000e+00  3.006235e+00  2.344323e+01
     vertex  0.000000e+00  2.990652e+00  1.258405e+01
     vertex  0.000000e+00  2.990652e+00  2.341595e+01
   endloop
 endfacet
 facet normal -1.000000e+00  0.000000e+00 -0.000000e+00
   outer loop
     vertex  0.000000e+00  2.542972e+00  2.298625e+01
     vertex  0.000000e+00  2.570460e+00  1.299854e+01
     vertex  0.000000e+00  2.542972e+00  1.301375e+01
   endloop
 endfacet
 facet normal -1.000000e+00  0.000000e+00  0.000000e+00
   outer loop
     vertex  0.000000e+00  2.542972e+00  2.298625e+01
     vertex  0.000000e+00  2.570460e+00  2.300146e+01
     vertex  0.000000e+00  2.570460e+00  1.299854e+01
   endloop
 endfacet
 facet normal -1.000000e+00  0.000000e+00 -0.000000e+00
   outer loop
     vertex  0.000000e+00  3.021068e+00  2.347093e+01
     vertex  0.000000e+00  3.035139e+00  1.250099e+01
     vertex  0.000000e+00  3.021068e+00  1.252907e+01
   endloop
 endfacet
 facet normal -1.000000e+00  0.000000e+00  0.000000e+00
   outer loop
     vertex  0.000000e+00  3.021068e+00  2.347093e+01
     vertex  0.000000e+00  3.021068e+00  1.252907e+01
     vertex  0.000000e+00  3.006235e+00  1.255677e+01
   endloop
 endfacet
 facet normal -1.000000e+00  0.000000e+00  0.000000e+00
   outer loop
     vertex  0.000000e+00  3.021068e+00  2.347093e+01
     vertex  0.000000e+00  3.006235e+00  1.255677e+01
     vertex  0.000000e+00  3.006235e+00  2.344323e+01
   endloop
 endfacet
 facet normal -1.000000e+00  0.000000e+00 -0.000000e+00
   outer loop
     vertex  0.000000e+00  2.515079e+00  2.297180e+01
     vertex  0.000000e+00  2.542972e+00  1.301375e+01
     vertex  0.000000e+00  2.515079e+00  1.302820e+01
   endloop
 endfacet
 facet normal -1.000000e+00  0.000000e+00  0.000000e+00
   outer loop
     vertex  0.000000e+00  2.515079e+00  2.297180e+01
     vertex  0.000000e+00  2.542972e+00  2.298625e+01
     vertex  0.000000e+00  2.542972e+00  1.301375e+01
   endloop
 endfacet
 facet normal -1.000000e+00  0.000000e+00  0.000000e+00
   outer loop
     vertex  0.000000e+00  3.035139e+00  2.349901e+01
     vertex  0.000000e+00  3.035139e+00  1.250099e+01
     vertex  0.000000e+00  3.021068e+00  2.347093e+01
   endloop
 endfacet
 facet normal -1.000000e+00  0.000000e+00 -0.000000e+00
   outer loop
     vertex  0.000000e+00  2.486802e+00  2.295812e+01
     vertex  0.000000e+00  2.515079e+00  1.302820e+01
     vertex  0.000000e+00  2.486802e+00  1.304188e+01
   endloop
 endfacet
 facet normal -1.000000e+00  0.000000e+00  0.000000e+00
   outer loop
     vertex  0.000000e+00  2.486802e+00  2.295812e+01
     vertex  0.000000e+00  2.515079e+00  2.297180e+01
     vertex  0.000000e+00  2.515079e+00  1.302820e+01
   endloop
 endfacet
 facet normal -1.000000e+00  0.000000e+00  0.000000e+00
   outer loop
     vertex  0.000000e+00  3.048437e+00  2.352747e+01
     vertex  0.000000e+00  3.048437e+00  1.247253e+01
     vertex  0.000000e+00  3.035139e+00  1.250099e+01
   endloop
 endfacet
 facet normal -1.000000e+00  0.000000e+00  0.000000e+00
   outer loop
     vertex  0.000000e+00  3.048437e+00  2.352747e+01
     vertex  0.000000e+00  3.035139e+00  1.250099e+01
     vertex  0.000000e+00  3.035139e+00  2.349901e+01
   endloop
 endfacet
 facet normal -1.000000e+00  0.000000e+00 -0.000000e+00
   outer loop
     vertex  0.000000e+00  2.458161e+00  2.294521e+01
     vertex  0.000000e+00  2.486802e+00  1.304188e+01
     vertex  0.000000e+00  2.458161e+00  1.305479e+01
   endloop
 endfacet
 facet normal -1.000000e+00  0.000000e+00  0.000000e+00
   outer loop
     vertex  0.000000e+00  2.458161e+00  2.294521e+01
     vertex  0.000000e+00  2.486802e+00  2.295812e+01
     vertex  0.000000e+00  2.486802e+00  1.304188e+01
   endloop
 endfacet
 facet normal -1.000000e+00  0.000000e+00  0.000000e+00
   outer loop
     vertex  0.000000e+00  3.060952e+00  2.355629e+01
     vertex  0.000000e+00  3.048437e+00  1.247253e+01
     vertex  0.000000e+00  3.048437e+00  2.352747e+01
   endloop
 endfacet
 facet normal -1.000000e+00  0.000000e+00  0.000000e+00
   outer loop
     vertex  0.000000e+00  3.060952e+00  2.355629e+01
     vertex  0.000000e+00  3.060952e+00  1.244371e+01
     vertex  0.000000e+00  3.048437e+00  1.247253e+01
   endloop
 endfacet
 facet normal -1.000000e+00  0.000000e+00 -0.000000e+00
   outer loop
     vertex  0.000000e+00  2.429179e+00  2.293309e+01
     vertex  0.000000e+00  2.458161e+00  1.305479e+01
     vertex  0.000000e+00  2.429179e+00  1.306691e+01
   endloop
 endfacet
 facet normal -1.000000e+00  0.000000e+00  0.000000e+00
   outer loop
     vertex  0.000000e+00  2.429179e+00  2.293309e+01
     vertex  0.000000e+00  2.458161e+00  2.294521e+01
     vertex  0.000000e+00  2.458161e+00  1.305479e+01
   endloop
 endfacet
 facet normal -1.000000e+00  0.000000e+00  0.000000e+00
   outer loop
     vertex  0.000000e+00  3.072677e+00  2.358543e+01
     vertex  0.000000e+00  3.072677e+00  1.241457e+01
     vertex  0.000000e+00  3.060952e+00  1.244371e+01
   endloop
 endfacet
 facet normal -1.000000e+00  0.000000e+00  0.000000e+00
   outer loop
     vertex  0.000000e+00  3.072677e+00  2.358543e+01
     vertex  0.000000e+00  3.060952e+00  1.244371e+01
     vertex  0.000000e+00  3.060952e+00  2.355629e+01
   endloop
 endfacet
 facet normal -1.000000e+00  0.000000e+00 -0.000000e+00
   outer loop
     vertex  0.000000e+00  2.399876e+00  2.292176e+01
     vertex  0.000000e+00  2.429179e+00  1.306691e+01
     vertex  0.000000e+00  2.399876e+00  1.307824e+01
   endloop
 endfacet
 facet normal -1.000000e+00  0.000000e+00  0.000000e+00
   outer loop
     vertex  0.000000e+00  2.399876e+00  2.292176e+01
     vertex  0.000000e+00  2.429179e+00  2.293309e+01
     vertex  0.000000e+00  2.429179e+00  1.306691e+01
   endloop
 endfacet
 facet normal -1.000000e+00  0.000000e+00 -0.000000e+00
   outer loop
     vertex  0.000000e+00  2.370275e+00  2.291124e+01
     vertex  0.000000e+00  2.399876e+00  1.307824e+01
     vertex  0.000000e+00  2.370275e+00  1.308876e+01
   endloop
 endfacet
 facet normal -1.000000e+00  0.000000e+00  0.000000e+00
   outer loop
     vertex  0.000000e+00  2.370275e+00  2.291124e+01
     vertex  0.000000e+00  2.399876e+00  2.292176e+01
     vertex  0.000000e+00  2.399876e+00  1.307824e+01
   endloop
 endfacet
 facet normal -1.000000e+00  0.000000e+00 -0.000000e+00
   outer loop
     vertex  0.000000e+00  2.340398e+00  2.290153e+01
     vertex  0.000000e+00  2.370275e+00  1.308876e+01
     vertex  0.000000e+00  2.340398e+00  1.309847e+01
   endloop
 endfacet
 facet normal -1.000000e+00  0.000000e+00  0.000000e+00
   outer loop
     vertex  0.000000e+00  2.340398e+00  2.290153e+01
     vertex  0.000000e+00  2.370275e+00  2.291124e+01
     vertex  0.000000e+00  2.370275e+00  1.308876e+01
   endloop
 endfacet
 facet normal -1.000000e+00  0.000000e+00  0.000000e+00
   outer loop
     vertex  0.000000e+00  2.310266e+00  2.289265e+01
     vertex  0.000000e+00  2.340398e+00  2.290153e+01
     vertex  0.000000e+00  2.340398e+00  1.309847e+01
   endloop
 endfacet
 facet normal -1.000000e+00  0.000000e+00 -0.000000e+00
   outer loop
     vertex  0.000000e+00  2.310266e+00  2.289265e+01
     vertex  0.000000e+00  2.340398e+00  1.309847e+01
     vertex  0.000000e+00  2.310266e+00  1.310735e+01
   endloop
 endfacet
 facet normal -1.000000e+00  0.000000e+00  0.000000e+00
   outer loop
     vertex  0.000000e+00  2.310266e+00  2.289265e+01
     vertex  0.000000e+00  2.310266e+00  1.310735e+01
     vertex  0.000000e+00  2.279903e+00  1.311542e+01
   endloop
 endfacet
 facet normal -1.000000e+00  0.000000e+00 -0.000000e+00
   outer loop
     vertex  0.000000e+00  2.279903e+00  2.288458e+01
     vertex  0.000000e+00  2.310266e+00  2.289265e+01
     vertex  0.000000e+00  2.279903e+00  1.311542e+01
   endloop
 endfacet
 facet normal -1.000000e+00  0.000000e+00  0.000000e+00
   outer loop
     vertex  0.000000e+00  2.279903e+00  2.288458e+01
     vertex  0.000000e+00  2.279903e+00  1.311542e+01
     vertex  0.000000e+00  2.249332e+00  1.312265e+01
   endloop
 endfacet
 facet normal -1.000000e+00  0.000000e+00  0.000000e+00
   outer loop
     vertex  0.000000e+00  2.249332e+00  2.287735e+01
     vertex  0.000000e+00  2.249332e+00  1.312265e+01
     vertex  0.000000e+00  2.218574e+00  1.312904e+01
   endloop
 endfacet
 facet normal -1.000000e+00  0.000000e+00 -0.000000e+00
   outer loop
     vertex  0.000000e+00  2.249332e+00  2.287735e+01
     vertex  0.000000e+00  2.279903e+00  2.288458e+01
     vertex  0.000000e+00  2.249332e+00  1.312265e+01
   endloop
 endfacet
 facet normal -1.000000e+00  0.000000e+00  0.000000e+00
   outer loop
     vertex  0.000000e+00  2.218574e+00  2.287096e+01
     vertex  0.000000e+00  2.218574e+00  1.312904e+01
     vertex  0.000000e+00  2.187653e+00  1.313459e+01
   endloop
 endfacet
 facet normal -1.000000e+00  0.000000e+00 -0.000000e+00
   outer loop
     vertex  0.000000e+00  2.218574e+00  2.287096e+01
     vertex  0.000000e+00  2.249332e+00  2.287735e+01
     vertex  0.000000e+00  2.218574e+00  1.312904e+01
   endloop
 endfacet
 facet normal -1.000000e+00  0.000000e+00 -0.000000e+00
   outer loop
     vertex  0.000000e+00  2.187653e+00  2.286541e+01
     vertex  0.000000e+00  2.218574e+00  2.287096e+01
     vertex  0.000000e+00  2.187653e+00  1.313459e+01
   endloop
 endfacet
 facet normal -1.000000e+00  0.000000e+00  0.000000e+00
   outer loop
     vertex  0.000000e+00  2.156592e+00  2.286071e+01
     vertex  0.000000e+00  2.187653e+00  2.286541e+01
     vertex  0.000000e+00  2.187653e+00  1.313459e+01
   endloop
 endfacet
 facet normal -1.000000e+00  0.000000e+00 -0.000000e+00
   outer loop
     vertex  0.000000e+00  2.156592e+00  2.286071e+01
     vertex  0.000000e+00  2.187653e+00  1.313459e+01
     vertex  0.000000e+00  2.156592e+00  1.313929e+01
   endloop
 endfacet
 facet normal -1.000000e+00  0.000000e+00  0.000000e+00
   outer loop
     vertex  0.000000e+00  2.125414e+00  2.285686e+01
     vertex  0.000000e+00  2.156592e+00  2.286071e+01
     vertex  0.000000e+00  2.156592e+00  1.313929e+01
   endloop
 endfacet
 facet normal -1.000000e+00  0.000000e+00 -0.000000e+00
   outer loop
     vertex  0.000000e+00  2.125414e+00  2.285686e+01
     vertex  0.000000e+00  2.156592e+00  1.313929e+01
     vertex  0.000000e+00  2.125414e+00  1.314314e+01
   endloop
 endfacet
 facet normal -1.000000e+00  0.000000e+00  0.000000e+00
   outer loop
     vertex  0.000000e+00  2.094142e+00  2.285386e+01
     vertex  0.000000e+00  2.125414e+00  2.285686e+01
     vertex  0.000000e+00  2.125414e+00  1.314314e+01
   endloop
 endfacet
 facet normal -1.000000e+00  0.000000e+00 -0.000000e+00
   outer loop
     vertex  0.000000e+00  2.094142e+00  2.285386e+01
     vertex  0.000000e+00  2.125414e+00  1.314314e+01
     vertex  0.000000e+00  2.094142e+00  1.314614e+01
   endloop
 endfacet
 facet normal -1.000000e+00  0.000000e+00  0.000000e+00
   outer loop
     vertex  0.000000e+00  2.062801e+00  2.285172e+01
     vertex  0.000000e+00  2.094142e+00  2.285386e+01
     vertex  0.000000e+00  2.094142e+00  1.314614e+01
   endloop
 endfacet
 facet normal -1.000000e+00  0.000000e+00 -0.000000e+00
   outer loop
     vertex  0.000000e+00  2.062801e+00  2.285172e+01
     vertex  0.000000e+00  2.094142e+00  1.314614e+01
     vertex  0.000000e+00  2.062801e+00  1.314828e+01
   endloop
 endfacet
 facet normal -1.000000e+00  0.000000e+00  0.000000e+00
   outer loop
     vertex  0.000000e+00  2.031412e+00  2.285043e+01
     vertex  0.000000e+00  2.062801e+00  2.285172e+01
     vertex  0.000000e+00  2.062801e+00  1.314828e+01
   endloop
 endfacet
 facet normal -1.000000e+00  0.000000e+00 -0.000000e+00
   outer loop
     vertex  0.000000e+00  2.031412e+00  2.285043e+01
     vertex  0.000000e+00  2.062801e+00  1.314828e+01
     vertex  0.000000e+00  2.031412e+00  1.314957e+01
   endloop
 endfacet
 facet normal -1.000000e+00  0.000000e+00  0.000000e+00
   outer loop
     vertex  0.000000e+00  2.000000e+00  2.285000e+01
     vertex  0.000000e+00  2.031412e+00  2.285043e+01
     vertex  0.000000e+00  2.031412e+00  1.314957e+01
   endloop
 endfacet
 facet normal -1.000000e+00  0.000000e+00  0.000000e+00
   outer loop
     vertex  0.000000e+00  2.000000e+00  2.285000e+01
     vertex  0.000000e+00  2.031412e+00  1.314957e+01
     vertex  0.000000e+00  2.000000e+00  1.315000e+01
   endloop
 endfacet
 facet normal -1.000000e+00  0.000000e+00  0.000000e+00
   outer loop
     vertex  0.000000e+00  8.600000e+00  3.050000e+01
     vertex  0.000000e+00  3.093715e+00  1.235537e+01
     vertex  0.000000e+00  3.083600e+00  1.238511e+01
   endloop
 endfacet
 facet normal -1.000000e+00  0.000000e+00  0.000000e+00
   outer loop
     vertex  0.000000e+00  8.600000e+00  3.050000e+01
     vertex  0.000000e+00  3.083600e+00  1.238511e+01
     vertex  0.000000e+00  3.072677e+00  1.241457e+01
   endloop
 endfacet
 facet normal -1.000000e+00  0.000000e+00  0.000000e+00
   outer loop
     vertex  0.000000e+00  8.600000e+00  3.050000e+01
     vertex  0.000000e+00  3.072677e+00  2.358543e+01
     vertex  0.000000e+00  3.083600e+00  2.361489e+01
   endloop
 endfacet
 facet normal -1.000000e+00  0.000000e+00  0.000000e+00
   outer loop
     vertex  0.000000e+00  8.600000e+00  3.050000e+01
     vertex  0.000000e+00  3.083600e+00  2.361489e+01
     vertex  0.000000e+00  3.093715e+00  2.364463e+01
   endloop
 endfacet
 facet normal -1.000000e+00  0.000000e+00  0.000000e+00
   outer loop
     vertex  0.000000e+00  8.600000e+00  3.050000e+01
     vertex  0.000000e+00  3.093715e+00  2.364463e+01
     vertex  0.000000e+00  3.103014e+00  2.367464e+01
   endloop
 endfacet
 facet normal -1.000000e+00  0.000000e+00  0.000000e+00
   outer loop
     vertex  0.000000e+00  8.600000e+00  3.050000e+01
     vertex  0.000000e+00  3.103014e+00  2.367464e+01
     vertex  0.000000e+00  3.111489e+00  2.370489e+01
   endloop
 endfacet
 facet normal -1.000000e+00  0.000000e+00  0.000000e+00
   outer loop
     vertex  0.000000e+00  8.600000e+00  3.050000e+01
     vertex  0.000000e+00  3.111489e+00  2.370489e+01
     vertex  0.000000e+00  3.119136e+00  2.373536e+01
   endloop
 endfacet
 facet normal -1.000000e+00  0.000000e+00  0.000000e+00
   outer loop
     vertex  0.000000e+00  8.600000e+00  3.050000e+01
     vertex  0.000000e+00  3.119136e+00  2.373536e+01
     vertex  0.000000e+00  3.125947e+00  2.376603e+01
   endloop
 endfacet
 facet normal -1.000000e+00  0.000000e+00  0.000000e+00
   outer loop
     vertex  0.000000e+00  8.600000e+00  3.050000e+01
     vertex  0.000000e+00  3.125947e+00  2.376603e+01
     vertex  0.000000e+00  3.131918e+00  2.379687e+01
   endloop
 endfacet
 facet normal -1.000000e+00  0.000000e+00  0.000000e+00
   outer loop
     vertex  0.000000e+00  8.600000e+00  3.050000e+01
     vertex  0.000000e+00  3.131918e+00  2.379687e+01
     vertex  0.000000e+00  3.137044e+00  2.382786e+01
   endloop
 endfacet
 facet normal -1.000000e+00  0.000000e+00  0.000000e+00
   outer loop
     vertex  0.000000e+00  8.600000e+00  3.050000e+01
     vertex  0.000000e+00  3.137044e+00  2.382786e+01
     vertex  0.000000e+00  3.141321e+00  2.385898e+01
   endloop
 endfacet
 facet normal -1.000000e+00  0.000000e+00  0.000000e+00
   outer loop
     vertex  0.000000e+00  8.600000e+00  3.050000e+01
     vertex  0.000000e+00  3.141321e+00  2.385898e+01
     vertex  0.000000e+00  3.144747e+00  2.389021e+01
   endloop
 endfacet
 facet normal -1.000000e+00  0.000000e+00  0.000000e+00
   outer loop
     vertex  0.000000e+00  8.600000e+00  3.050000e+01
     vertex  0.000000e+00  3.144747e+00  2.389021e+01
     vertex  0.000000e+00  3.147319e+00  2.392152e+01
   endloop
 endfacet
 facet normal -1.000000e+00  0.000000e+00  0.000000e+00
   outer loop
     vertex  0.000000e+00  8.600000e+00  3.050000e+01
     vertex  0.000000e+00  3.147319e+00  2.392152e+01
     vertex  0.000000e+00  3.149035e+00  2.395289e+01
   endloop
 endfacet
 facet normal -1.000000e+00  0.000000e+00  0.000000e+00
   outer loop
     vertex  0.000000e+00  8.600000e+00  3.050000e+01
     vertex  0.000000e+00  3.149035e+00  2.395289e+01
     vertex  0.000000e+00  3.149893e+00  2.398429e+01
   endloop
 endfacet
 facet normal -1.000000e+00  0.000000e+00  0.000000e+00
   outer loop
     vertex  0.000000e+00  8.600000e+00  3.050000e+01
     vertex  0.000000e+00  3.149893e+00  2.398429e+01
     vertex  0.000000e+00  3.149893e+00  2.401571e+01
   endloop
 endfacet
 facet normal -1.000000e+00  0.000000e+00  0.000000e+00
   outer loop
     vertex  0.000000e+00  8.600000e+00  3.050000e+01
     vertex  0.000000e+00  3.149893e+00  2.401571e+01
     vertex  0.000000e+00  3.149035e+00  2.404711e+01
   endloop
 endfacet
 facet normal -1.000000e+00  0.000000e+00  0.000000e+00
   outer loop
     vertex  0.000000e+00  8.600000e+00  3.050000e+01
     vertex  0.000000e+00  3.149035e+00  2.404711e+01
     vertex  0.000000e+00  3.147319e+00  2.407848e+01
   endloop
 endfacet
 facet normal -1.000000e+00  0.000000e+00  0.000000e+00
   outer loop
     vertex  0.000000e+00  8.600000e+00  3.050000e+01
     vertex  0.000000e+00  3.147319e+00  2.407848e+01
     vertex  0.000000e+00  3.144747e+00  2.410979e+01
   endloop
 endfacet
 facet normal -1.000000e+00  0.000000e+00  0.000000e+00
   outer loop
     vertex  0.000000e+00  8.600000e+00  3.050000e+01
     vertex  0.000000e+00  3.144747e+00  2.410979e+01
     vertex  0.000000e+00  3.141321e+00  2.414102e+01
   endloop
 endfacet
 facet normal -1.000000e+00  0.000000e+00  0.000000e+00
   outer loop
     vertex  0.000000e+00  8.600000e+00  3.050000e+01
     vertex  0.000000e+00  3.141321e+00  2.414102e+01
     vertex  0.000000e+00  3.137044e+00  2.417214e+01
   endloop
 endfacet
 facet normal -1.000000e+00  0.000000e+00  0.000000e+00
   outer loop
     vertex  0.000000e+00  8.600000e+00  3.050000e+01
     vertex  0.000000e+00  3.137044e+00  2.417214e+01
     vertex  0.000000e+00  3.131918e+00  2.420313e+01
   endloop
 endfacet
 facet normal -1.000000e+00  0.000000e+00  0.000000e+00
   outer loop
     vertex  0.000000e+00  8.600000e+00  3.050000e+01
     vertex  0.000000e+00  3.131918e+00  2.420313e+01
     vertex  0.000000e+00  3.125947e+00  2.423397e+01
   endloop
 endfacet
 facet normal -1.000000e+00  0.000000e+00  0.000000e+00
   outer loop
     vertex  0.000000e+00  8.600000e+00  3.050000e+01
     vertex  0.000000e+00  3.125947e+00  2.423397e+01
     vertex  0.000000e+00  3.119136e+00  2.426464e+01
   endloop
 endfacet
 facet normal -1.000000e+00  0.000000e+00  0.000000e+00
   outer loop
     vertex  0.000000e+00  8.600000e+00  3.050000e+01
     vertex  0.000000e+00  3.119136e+00  2.426464e+01
     vertex  0.000000e+00  3.111489e+00  2.429511e+01
   endloop
 endfacet
 facet normal -1.000000e+00  0.000000e+00  0.000000e+00
   outer loop
     vertex  0.000000e+00  8.600000e+00  3.050000e+01
     vertex  0.000000e+00  3.111489e+00  2.429511e+01
     vertex  0.000000e+00  3.103014e+00  2.432536e+01
   endloop
 endfacet
 facet normal -1.000000e+00  0.000000e+00  0.000000e+00
   outer loop
     vertex  0.000000e+00  8.600000e+00  3.050000e+01
     vertex  0.000000e+00  3.103014e+00  2.432536e+01
     vertex  0.000000e+00  3.093715e+00  2.435537e+01
   endloop
 endfacet
 facet normal -1.000000e+00  0.000000e+00  0.000000e+00
   outer loop
     vertex  0.000000e+00  8.600000e+00  3.050000e+01
     vertex  0.000000e+00  3.093715e+00  2.435537e+01
     vertex  0.000000e+00  3.083600e+00  2.438511e+01
   endloop
 endfacet
 facet normal -1.000000e+00  0.000000e+00  0.000000e+00
   outer loop
     vertex  0.000000e+00  8.600000e+00  3.050000e+01
     vertex  0.000000e+00  3.083600e+00  2.438511e+01
     vertex  0.000000e+00  3.072677e+00  2.441457e+01
   endloop
 endfacet
 facet normal -1.000000e+00  0.000000e+00  0.000000e+00
   outer loop
     vertex  0.000000e+00  8.600000e+00  3.050000e+01
     vertex  0.000000e+00  3.072677e+00  2.441457e+01
     vertex  0.000000e+00  3.060952e+00  2.444371e+01
   endloop
 endfacet
 facet normal -1.000000e+00  0.000000e+00  0.000000e+00
   outer loop
     vertex  0.000000e+00  8.600000e+00  3.050000e+01
     vertex  0.000000e+00  3.060952e+00  2.444371e+01
     vertex  0.000000e+00  3.048437e+00  2.447253e+01
   endloop
 endfacet
 facet normal -1.000000e+00  0.000000e+00  0.000000e+00
   outer loop
     vertex  0.000000e+00  8.600000e+00  3.050000e+01
     vertex  0.000000e+00  3.048437e+00  2.447253e+01
     vertex  0.000000e+00  3.035139e+00  2.450099e+01
   endloop
 endfacet
 facet normal -1.000000e+00  0.000000e+00  0.000000e+00
   outer loop
     vertex  0.000000e+00  8.600000e+00  3.050000e+01
     vertex  0.000000e+00  3.035139e+00  2.450099e+01
     vertex  0.000000e+00  3.021068e+00  2.452907e+01
   endloop
 endfacet
 facet normal -1.000000e+00  0.000000e+00  0.000000e+00
   outer loop
     vertex  0.000000e+00  8.600000e+00  3.050000e+01
     vertex  0.000000e+00  3.021068e+00  2.452907e+01
     vertex  0.000000e+00  3.006235e+00  2.455677e+01
   endloop
 endfacet
 facet normal -1.000000e+00  0.000000e+00  0.000000e+00
   outer loop
     vertex  0.000000e+00  8.600000e+00  3.050000e+01
     vertex  0.000000e+00  3.006235e+00  2.455677e+01
     vertex  0.000000e+00  2.990652e+00  2.458405e+01
   endloop
 endfacet
 facet normal -1.000000e+00  0.000000e+00  0.000000e+00
   outer loop
     vertex  0.000000e+00  8.600000e+00  3.050000e+01
     vertex  0.000000e+00  2.990652e+00  2.458405e+01
     vertex  0.000000e+00  2.974329e+00  2.461089e+01
   endloop
 endfacet
 facet normal -1.000000e+00  0.000000e+00  0.000000e+00
   outer loop
     vertex  0.000000e+00  8.600000e+00  3.050000e+01
     vertex  0.000000e+00  2.974329e+00  2.461089e+01
     vertex  0.000000e+00  2.957280e+00  2.463727e+01
   endloop
 endfacet
 facet normal -1.000000e+00  0.000000e+00  0.000000e+00
   outer loop
     vertex  0.000000e+00  8.600000e+00  3.050000e+01
     vertex  0.000000e+00  2.957280e+00  2.463727e+01
     vertex  0.000000e+00  2.939515e+00  2.466318e+01
   endloop
 endfacet
 facet normal -1.000000e+00  0.000000e+00  0.000000e+00
   outer loop
     vertex  0.000000e+00  8.600000e+00  3.050000e+01
     vertex  0.000000e+00  2.939515e+00  2.466318e+01
     vertex  0.000000e+00  2.921050e+00  2.468860e+01
   endloop
 endfacet
 facet normal -1.000000e+00  0.000000e+00  0.000000e+00
   outer loop
     vertex  0.000000e+00  8.600000e+00  3.050000e+01
     vertex  0.000000e+00  2.921050e+00  2.468860e+01
     vertex  0.000000e+00  2.901898e+00  2.471350e+01
   endloop
 endfacet
 facet normal -1.000000e+00  0.000000e+00  0.000000e+00
   outer loop
     vertex  0.000000e+00  8.600000e+00  3.050000e+01
     vertex  0.000000e+00  2.901898e+00  2.471350e+01
     vertex  0.000000e+00  2.882072e+00  2.473787e+01
   endloop
 endfacet
 facet normal -1.000000e+00  0.000000e+00  0.000000e+00
   outer loop
     vertex  0.000000e+00  8.600000e+00  3.050000e+01
     vertex  0.000000e+00  3.072677e+00  1.241457e+01
     vertex  0.000000e+00  3.072677e+00  2.358543e+01
   endloop
 endfacet
 facet normal -1.000000e+00  0.000000e+00 -0.000000e+00
   outer loop
     vertex  0.000000e+00  8.600000e+00  3.050000e+01
     vertex  0.000000e+00  8.600000e+00 -2.500000e+00
     vertex  0.000000e+00  3.147319e+00  1.207848e+01
   endloop
 endfacet
 facet normal -1.000000e+00  0.000000e+00  0.000000e+00
   outer loop
     vertex  0.000000e+00  8.600000e+00  3.050000e+01
     vertex  0.000000e+00  3.147319e+00  1.207848e+01
     vertex  0.000000e+00  3.144747e+00  1.210979e+01
   endloop
 endfacet
 facet normal -1.000000e+00  0.000000e+00  0.000000e+00
   outer loop
     vertex  0.000000e+00  8.600000e+00  3.050000e+01
     vertex  0.000000e+00  3.144747e+00  1.210979e+01
     vertex  0.000000e+00  3.141321e+00  1.214102e+01
   endloop
 endfacet
 facet normal -1.000000e+00  0.000000e+00  0.000000e+00
   outer loop
     vertex  0.000000e+00  8.600000e+00  3.050000e+01
     vertex  0.000000e+00  3.141321e+00  1.214102e+01
     vertex  0.000000e+00  3.137044e+00  1.217214e+01
   endloop
 endfacet
 facet normal -1.000000e+00  0.000000e+00  0.000000e+00
   outer loop
     vertex  0.000000e+00  8.600000e+00  3.050000e+01
     vertex  0.000000e+00  3.137044e+00  1.217214e+01
     vertex  0.000000e+00  3.131918e+00  1.220313e+01
   endloop
 endfacet
 facet normal -1.000000e+00  0.000000e+00  0.000000e+00
   outer loop
     vertex  0.000000e+00  8.600000e+00  3.050000e+01
     vertex  0.000000e+00  3.131918e+00  1.220313e+01
     vertex  0.000000e+00  3.125947e+00  1.223397e+01
   endloop
 endfacet
 facet normal -1.000000e+00  0.000000e+00  0.000000e+00
   outer loop
     vertex  0.000000e+00  8.600000e+00  3.050000e+01
     vertex  0.000000e+00  3.125947e+00  1.223397e+01
     vertex  0.000000e+00  3.119136e+00  1.226464e+01
   endloop
 endfacet
 facet normal -1.000000e+00  0.000000e+00  0.000000e+00
   outer loop
     vertex  0.000000e+00  8.600000e+00  3.050000e+01
     vertex  0.000000e+00  3.119136e+00  1.226464e+01
     vertex  0.000000e+00  3.111489e+00  1.229511e+01
   endloop
 endfacet
 facet normal -1.000000e+00  0.000000e+00  0.000000e+00
   outer loop
     vertex  0.000000e+00  8.600000e+00  3.050000e+01
     vertex  0.000000e+00  3.111489e+00  1.229511e+01
     vertex  0.000000e+00  3.103014e+00  1.232536e+01
   endloop
 endfacet
 facet normal -1.000000e+00  0.000000e+00  0.000000e+00
   outer loop
     vertex  0.000000e+00  8.600000e+00  3.050000e+01
     vertex  0.000000e+00  3.103014e+00  1.232536e+01
     vertex  0.000000e+00  3.093715e+00  1.235537e+01
   endloop
 endfacet
 facet normal -1.000000e+00  0.000000e+00  0.000000e+00
   outer loop
     vertex  0.000000e+00  2.861588e+00  2.476169e+01
     vertex  0.000000e+00  8.600000e+00  3.050000e+01
     vertex  0.000000e+00  2.882072e+00  2.473787e+01
   endloop
 endfacet
 facet normal -1.000000e+00  0.000000e+00  0.000000e+00
   outer loop
     vertex  0.000000e+00  2.840461e+00  2.478494e+01
     vertex  0.000000e+00  8.600000e+00  3.050000e+01
     vertex  0.000000e+00  2.861588e+00  2.476169e+01
   endloop
 endfacet
 facet normal -1.000000e+00  0.000000e+00  0.000000e+00
   outer loop
     vertex  0.000000e+00  2.818707e+00  2.480760e+01
     vertex  0.000000e+00  8.600000e+00  3.050000e+01
     vertex  0.000000e+00  2.840461e+00  2.478494e+01
   endloop
 endfacet
 facet normal -1.000000e+00  0.000000e+00  0.000000e+00
   outer loop
     vertex  0.000000e+00  2.796342e+00  2.482966e+01
     vertex  0.000000e+00  8.600000e+00  3.050000e+01
     vertex  0.000000e+00  2.818707e+00  2.480760e+01
   endloop
 endfacet
 facet normal -1.000000e+00  0.000000e+00  0.000000e+00
   outer loop
     vertex  0.000000e+00  2.773383e+00  2.485110e+01
     vertex  0.000000e+00  8.600000e+00  3.050000e+01
     vertex  0.000000e+00  2.796342e+00  2.482966e+01
   endloop
 endfacet
 facet normal -1.000000e+00  0.000000e+00  0.000000e+00
   outer loop
     vertex  0.000000e+00  2.749847e+00  2.487191e+01
     vertex  0.000000e+00  8.600000e+00  3.050000e+01
     vertex  0.000000e+00  2.773383e+00  2.485110e+01
   endloop
 endfacet
 facet normal -1.000000e+00  0.000000e+00  0.000000e+00
   outer loop
     vertex  0.000000e+00  2.725751e+00  2.489207e+01
     vertex  0.000000e+00  8.600000e+00  3.050000e+01
     vertex  0.000000e+00  2.749847e+00  2.487191e+01
   endloop
 endfacet
 facet normal -1.000000e+00  0.000000e+00  0.000000e+00
   outer loop
     vertex  0.000000e+00  2.701114e+00  2.491156e+01
     vertex  0.000000e+00  8.600000e+00  3.050000e+01
     vertex  0.000000e+00  2.725751e+00  2.489207e+01
   endloop
 endfacet
 facet normal -1.000000e+00  0.000000e+00  0.000000e+00
   outer loop
     vertex  0.000000e+00  2.675953e+00  2.493037e+01
     vertex  0.000000e+00  8.600000e+00  3.050000e+01
     vertex  0.000000e+00  2.701114e+00  2.491156e+01
   endloop
 endfacet
 facet normal -1.000000e+00  0.000000e+00  0.000000e+00
   outer loop
     vertex  0.000000e+00  2.650288e+00  2.494849e+01
     vertex  0.000000e+00  8.600000e+00  3.050000e+01
     vertex  0.000000e+00  2.675953e+00  2.493037e+01
   endloop
 endfacet
 facet normal -1.000000e+00  0.000000e+00  0.000000e+00
   outer loop
     vertex  0.000000e+00  2.624138e+00  2.496589e+01
     vertex  0.000000e+00  8.600000e+00  3.050000e+01
     vertex  0.000000e+00  2.650288e+00  2.494849e+01
   endloop
 endfacet
 facet normal -1.000000e+00  0.000000e+00  0.000000e+00
   outer loop
     vertex  0.000000e+00  2.597522e+00  2.498258e+01
     vertex  0.000000e+00  8.600000e+00  3.050000e+01
     vertex  0.000000e+00  2.624138e+00  2.496589e+01
   endloop
 endfacet
 facet normal -1.000000e+00  0.000000e+00  0.000000e+00
   outer loop
     vertex  0.000000e+00  2.570460e+00  2.499854e+01
     vertex  0.000000e+00  8.600000e+00  3.050000e+01
     vertex  0.000000e+00  2.597522e+00  2.498258e+01
   endloop
 endfacet
 facet normal -1.000000e+00  0.000000e+00  0.000000e+00
   outer loop
     vertex  0.000000e+00  2.542972e+00  2.501375e+01
     vertex  0.000000e+00  8.600000e+00  3.050000e+01
     vertex  0.000000e+00  2.570460e+00  2.499854e+01
   endloop
 endfacet
 facet normal -1.000000e+00  0.000000e+00  0.000000e+00
   outer loop
     vertex  0.000000e+00  2.515079e+00  2.502820e+01
     vertex  0.000000e+00  8.600000e+00  3.050000e+01
     vertex  0.000000e+00  2.542972e+00  2.501375e+01
   endloop
 endfacet
 facet normal -1.000000e+00  0.000000e+00  0.000000e+00
   outer loop
     vertex  0.000000e+00  2.486802e+00  2.504188e+01
     vertex  0.000000e+00  8.600000e+00  3.050000e+01
     vertex  0.000000e+00  2.515079e+00  2.502820e+01
   endloop
 endfacet
 facet normal -1.000000e+00  0.000000e+00  0.000000e+00
   outer loop
     vertex  0.000000e+00  2.458161e+00  2.505479e+01
     vertex  0.000000e+00  8.600000e+00  3.050000e+01
     vertex  0.000000e+00  2.486802e+00  2.504188e+01
   endloop
 endfacet
 facet normal -1.000000e+00  0.000000e+00  0.000000e+00
   outer loop
     vertex  0.000000e+00  2.429179e+00  2.506691e+01
     vertex  0.000000e+00  8.600000e+00  3.050000e+01
     vertex  0.000000e+00  2.458161e+00  2.505479e+01
   endloop
 endfacet
 facet normal -1.000000e+00  0.000000e+00  0.000000e+00
   outer loop
     vertex  0.000000e+00  2.399876e+00  2.507824e+01
     vertex  0.000000e+00  8.600000e+00  3.050000e+01
     vertex  0.000000e+00  2.429179e+00  2.506691e+01
   endloop
 endfacet
 facet normal -1.000000e+00  0.000000e+00  0.000000e+00
   outer loop
     vertex  0.000000e+00  2.370275e+00  2.508876e+01
     vertex  0.000000e+00  8.600000e+00  3.050000e+01
     vertex  0.000000e+00  2.399876e+00  2.507824e+01
   endloop
 endfacet
 facet normal -1.000000e+00  0.000000e+00  0.000000e+00
   outer loop
     vertex  0.000000e+00  2.340398e+00  2.509847e+01
     vertex  0.000000e+00  8.600000e+00  3.050000e+01
     vertex  0.000000e+00  2.370275e+00  2.508876e+01
   endloop
 endfacet
 facet normal -1.000000e+00  0.000000e+00  0.000000e+00
   outer loop
     vertex  0.000000e+00  2.310266e+00  2.510735e+01
     vertex  0.000000e+00  8.600000e+00  3.050000e+01
     vertex  0.000000e+00  2.340398e+00  2.509847e+01
   endloop
 endfacet
 facet normal -1.000000e+00  0.000000e+00  0.000000e+00
   outer loop
     vertex  0.000000e+00  2.279903e+00  2.511542e+01
     vertex  0.000000e+00  8.600000e+00  3.050000e+01
     vertex  0.000000e+00  2.310266e+00  2.510735e+01
   endloop
 endfacet
 facet normal -1.000000e+00  0.000000e+00  0.000000e+00
   outer loop
     vertex  0.000000e+00  2.249332e+00  2.512265e+01
     vertex  0.000000e+00  8.600000e+00  3.050000e+01
     vertex  0.000000e+00  2.279903e+00  2.511542e+01
   endloop
 endfacet
 facet normal -1.000000e+00  0.000000e+00  0.000000e+00
   outer loop
     vertex  0.000000e+00  2.218574e+00  2.512904e+01
     vertex  0.000000e+00  8.600000e+00  3.050000e+01
     vertex  0.000000e+00  2.249332e+00  2.512265e+01
   endloop
 endfacet
 facet normal -1.000000e+00  0.000000e+00  0.000000e+00
   outer loop
     vertex  0.000000e+00  2.187653e+00  2.513459e+01
     vertex  0.000000e+00  8.600000e+00  3.050000e+01
     vertex  0.000000e+00  2.218574e+00  2.512904e+01
   endloop
 endfacet
 facet normal -1.000000e+00  0.000000e+00  0.000000e+00
   outer loop
     vertex  0.000000e+00  2.156592e+00  2.513929e+01
     vertex  0.000000e+00  8.600000e+00  3.050000e+01
     vertex  0.000000e+00  2.187653e+00  2.513459e+01
   endloop
 endfacet
 facet normal -1.000000e+00  0.000000e+00  0.000000e+00
   outer loop
     vertex  0.000000e+00  2.125414e+00  2.514314e+01
     vertex  0.000000e+00  8.600000e+00  3.050000e+01
     vertex  0.000000e+00  2.156592e+00  2.513929e+01
   endloop
 endfacet
 facet normal -1.000000e+00  0.000000e+00  0.000000e+00
   outer loop
     vertex  0.000000e+00  2.094142e+00  2.514614e+01
     vertex  0.000000e+00  8.600000e+00  3.050000e+01
     vertex  0.000000e+00  2.125414e+00  2.514314e+01
   endloop
 endfacet
 facet normal -1.000000e+00  0.000000e+00  0.000000e+00
   outer loop
     vertex  0.000000e+00  2.062801e+00  2.514828e+01
     vertex  0.000000e+00  8.600000e+00  3.050000e+01
     vertex  0.000000e+00  2.094142e+00  2.514614e+01
   endloop
 endfacet
 facet normal -1.000000e+00  0.000000e+00  0.000000e+00
   outer loop
     vertex  0.000000e+00  2.031412e+00  2.514957e+01
     vertex  0.000000e+00  8.600000e+00  3.050000e+01
     vertex  0.000000e+00  2.062801e+00  2.514828e+01
   endloop
 endfacet
 facet normal -1.000000e+00  0.000000e+00  0.000000e+00
   outer loop
     vertex  0.000000e+00  2.000000e+00  2.515000e+01
     vertex  0.000000e+00  8.600000e+00  3.050000e+01
     vertex  0.000000e+00  2.031412e+00  2.514957e+01
   endloop
 endfacet
 facet normal -1.000000e+00  0.000000e+00  0.000000e+00
   outer loop
     vertex  0.000000e+00 -2.000000e+00  2.285000e+01
     vertex  0.000000e+00  2.000000e+00  2.285000e+01
     vertex  0.000000e+00  2.000000e+00  1.315000e+01
   endloop
 endfacet
 facet normal -1.000000e+00  0.000000e+00  0.000000e+00
   outer loop
     vertex  0.000000e+00 -2.000000e+00  2.285000e+01
     vertex  0.000000e+00  2.000000e+00  1.315000e+01
     vertex  0.000000e+00 -2.000000e+00  1.315000e+01
   endloop
 endfacet
 facet normal -1.000000e+00  0.000000e+00  0.000000e+00
   outer loop
     vertex  0.000000e+00 -2.031412e+00  2.285043e+01
     vertex  0.000000e+00 -2.000000e+00  2.285000e+01
     vertex  0.000000e+00 -2.000000e+00  1.315000e+01
   endloop
 endfacet
 facet normal -1.000000e+00  0.000000e+00 -0.000000e+00
   outer loop
     vertex  0.000000e+00 -2.031412e+00  2.285043e+01
     vertex  0.000000e+00 -2.000000e+00  1.315000e+01
     vertex  0.000000e+00 -2.031412e+00  1.314957e+01
   endloop
 endfacet
 facet normal -1.000000e+00  0.000000e+00 -0.000000e+00
   outer loop
     vertex  0.000000e+00 -2.062801e+00  2.285172e+01
     vertex  0.000000e+00 -2.031412e+00  1.314957e+01
     vertex  0.000000e+00 -2.062801e+00  1.314828e+01
   endloop
 endfacet
 facet normal -1.000000e+00  0.000000e+00  0.000000e+00
   outer loop
     vertex  0.000000e+00 -2.062801e+00  2.285172e+01
     vertex  0.000000e+00 -2.031412e+00  2.285043e+01
     vertex  0.000000e+00 -2.031412e+00  1.314957e+01
   endloop
 endfacet
 facet normal -1.000000e+00  0.000000e+00  0.000000e+00
   outer loop
     vertex  0.000000e+00 -2.094142e+00  2.285386e+01
     vertex  0.000000e+00 -2.062801e+00  2.285172e+01
     vertex  0.000000e+00 -2.062801e+00  1.314828e+01
   endloop
 endfacet
 facet normal -1.000000e+00  0.000000e+00 -0.000000e+00
   outer loop
     vertex  0.000000e+00 -2.094142e+00  2.285386e+01
     vertex  0.000000e+00 -2.062801e+00  1.314828e+01
     vertex  0.000000e+00 -2.094142e+00  1.314614e+01
   endloop
 endfacet
 facet normal -1.000000e+00  0.000000e+00 -0.000000e+00
   outer loop
     vertex  0.000000e+00 -2.125414e+00  2.285686e+01
     vertex  0.000000e+00 -2.094142e+00  1.314614e+01
     vertex  0.000000e+00 -2.125414e+00  1.314314e+01
   endloop
 endfacet
 facet normal -1.000000e+00  0.000000e+00  0.000000e+00
   outer loop
     vertex  0.000000e+00 -2.125414e+00  2.285686e+01
     vertex  0.000000e+00 -2.094142e+00  2.285386e+01
     vertex  0.000000e+00 -2.094142e+00  1.314614e+01
   endloop
 endfacet
 facet normal -1.000000e+00  0.000000e+00  0.000000e+00
   outer loop
     vertex  0.000000e+00 -2.156592e+00  2.286071e+01
     vertex  0.000000e+00 -2.125414e+00  2.285686e+01
     vertex  0.000000e+00 -2.125414e+00  1.314314e+01
   endloop
 endfacet
 facet normal -1.000000e+00  0.000000e+00 -0.000000e+00
   outer loop
     vertex  0.000000e+00 -2.156592e+00  2.286071e+01
     vertex  0.000000e+00 -2.125414e+00  1.314314e+01
     vertex  0.000000e+00 -2.156592e+00  1.313929e+01
   endloop
 endfacet
 facet normal -1.000000e+00  0.000000e+00  0.000000e+00
   outer loop
     vertex  0.000000e+00 -2.187653e+00  2.286541e+01
     vertex  0.000000e+00 -2.156592e+00  2.286071e+01
     vertex  0.000000e+00 -2.156592e+00  1.313929e+01
   endloop
 endfacet
 facet normal -1.000000e+00  0.000000e+00 -0.000000e+00
   outer loop
     vertex  0.000000e+00 -2.187653e+00  2.286541e+01
     vertex  0.000000e+00 -2.156592e+00  1.313929e+01
     vertex  0.000000e+00 -2.187653e+00  1.313459e+01
   endloop
 endfacet
 facet normal -1.000000e+00  0.000000e+00  0.000000e+00
   outer loop
     vertex  0.000000e+00 -2.218574e+00  2.287096e+01
     vertex  0.000000e+00 -2.187653e+00  2.286541e+01
     vertex  0.000000e+00 -2.187653e+00  1.313459e+01
   endloop
 endfacet
 facet normal -1.000000e+00  0.000000e+00 -0.000000e+00
   outer loop
     vertex  0.000000e+00 -2.218574e+00  2.287096e+01
     vertex  0.000000e+00 -2.187653e+00  1.313459e+01
     vertex  0.000000e+00 -2.218574e+00  1.312904e+01
   endloop
 endfacet
 facet normal -1.000000e+00  0.000000e+00 -0.000000e+00
   outer loop
     vertex  0.000000e+00 -2.249332e+00  2.287735e+01
     vertex  0.000000e+00 -2.218574e+00  1.312904e+01
     vertex  0.000000e+00 -2.249332e+00  1.312265e+01
   endloop
 endfacet
 facet normal -1.000000e+00  0.000000e+00  0.000000e+00
   outer loop
     vertex  0.000000e+00 -2.249332e+00  2.287735e+01
     vertex  0.000000e+00 -2.249332e+00  1.312265e+01
     vertex  0.000000e+00 -2.279903e+00  1.311542e+01
   endloop
 endfacet
 facet normal -1.000000e+00  0.000000e+00  0.000000e+00
   outer loop
     vertex  0.000000e+00 -2.249332e+00  2.287735e+01
     vertex  0.000000e+00 -2.218574e+00  2.287096e+01
     vertex  0.000000e+00 -2.218574e+00  1.312904e+01
   endloop
 endfacet
 facet normal -1.000000e+00  0.000000e+00 -0.000000e+00
   outer loop
     vertex  0.000000e+00 -2.279903e+00  2.288458e+01
     vertex  0.000000e+00 -2.249332e+00  2.287735e+01
     vertex  0.000000e+00 -2.279903e+00  1.311542e+01
   endloop
 endfacet
 facet normal -1.000000e+00  0.000000e+00 -0.000000e+00
   outer loop
     vertex  0.000000e+00 -2.310266e+00  2.289265e+01
     vertex  0.000000e+00 -2.279903e+00  1.311542e+01
     vertex  0.000000e+00 -2.310266e+00  1.310735e+01
   endloop
 endfacet
 facet normal -1.000000e+00  0.000000e+00  0.000000e+00
   outer loop
     vertex  0.000000e+00 -2.310266e+00  2.289265e+01
     vertex  0.000000e+00 -2.310266e+00  1.310735e+01
     vertex  0.000000e+00 -2.340398e+00  1.309847e+01
   endloop
 endfacet
 facet normal -1.000000e+00  0.000000e+00  0.000000e+00
   outer loop
     vertex  0.000000e+00 -2.310266e+00  2.289265e+01
     vertex  0.000000e+00 -2.279903e+00  2.288458e+01
     vertex  0.000000e+00 -2.279903e+00  1.311542e+01
   endloop
 endfacet
 facet normal -1.000000e+00  0.000000e+00 -0.000000e+00
   outer loop
     vertex  0.000000e+00 -2.340398e+00  2.290153e+01
     vertex  0.000000e+00 -2.310266e+00  2.289265e+01
     vertex  0.000000e+00 -2.340398e+00  1.309847e+01
   endloop
 endfacet
 facet normal -1.000000e+00  0.000000e+00  0.000000e+00
   outer loop
     vertex  0.000000e+00 -2.340398e+00  2.290153e+01
     vertex  0.000000e+00 -2.340398e+00  1.309847e+01
     vertex  0.000000e+00 -2.370275e+00  1.308876e+01
   endloop
 endfacet
 facet normal -1.000000e+00  0.000000e+00 -0.000000e+00
   outer loop
     vertex  0.000000e+00 -2.370275e+00  2.291124e+01
     vertex  0.000000e+00 -2.340398e+00  2.290153e+01
     vertex  0.000000e+00 -2.370275e+00  1.308876e+01
   endloop
 endfacet
 facet normal -1.000000e+00  0.000000e+00 -0.000000e+00
   outer loop
     vertex  0.000000e+00 -2.399876e+00  2.292176e+01
     vertex  0.000000e+00 -2.370275e+00  1.308876e+01
     vertex  0.000000e+00 -2.399876e+00  1.307824e+01
   endloop
 endfacet
 facet normal -1.000000e+00  0.000000e+00  0.000000e+00
   outer loop
     vertex  0.000000e+00 -2.399876e+00  2.292176e+01
     vertex  0.000000e+00 -2.370275e+00  2.291124e+01
     vertex  0.000000e+00 -2.370275e+00  1.308876e+01
   endloop
 endfacet
 facet normal -1.000000e+00  0.000000e+00 -0.000000e+00
   outer loop
     vertex  0.000000e+00 -2.429179e+00  2.293309e+01
     vertex  0.000000e+00 -2.399876e+00  1.307824e+01
     vertex  0.000000e+00 -2.429179e+00  1.306691e+01
   endloop
 endfacet
 facet normal -1.000000e+00  0.000000e+00  0.000000e+00
   outer loop
     vertex  0.000000e+00 -2.429179e+00  2.293309e+01
     vertex  0.000000e+00 -2.399876e+00  2.292176e+01
     vertex  0.000000e+00 -2.399876e+00  1.307824e+01
   endloop
 endfacet
 facet normal -1.000000e+00  0.000000e+00  0.000000e+00
   outer loop
     vertex  0.000000e+00 -2.458161e+00  2.294521e+01
     vertex  0.000000e+00 -2.429179e+00  2.293309e+01
     vertex  0.000000e+00 -2.429179e+00  1.306691e+01
   endloop
 endfacet
 facet normal -1.000000e+00  0.000000e+00 -0.000000e+00
   outer loop
     vertex  0.000000e+00 -2.458161e+00  2.294521e+01
     vertex  0.000000e+00 -2.429179e+00  1.306691e+01
     vertex  0.000000e+00 -2.458161e+00  1.305479e+01
   endloop
 endfacet
 facet normal -1.000000e+00  0.000000e+00 -0.000000e+00
   outer loop
     vertex  0.000000e+00 -2.486802e+00  2.295812e+01
     vertex  0.000000e+00 -2.458161e+00  1.305479e+01
     vertex  0.000000e+00 -2.486802e+00  1.304188e+01
   endloop
 endfacet
 facet normal -1.000000e+00  0.000000e+00  0.000000e+00
   outer loop
     vertex  0.000000e+00 -2.486802e+00  2.295812e+01
     vertex  0.000000e+00 -2.458161e+00  2.294521e+01
     vertex  0.000000e+00 -2.458161e+00  1.305479e+01
   endloop
 endfacet
 facet normal -1.000000e+00  0.000000e+00 -0.000000e+00
   outer loop
     vertex  0.000000e+00 -2.515079e+00  2.297180e+01
     vertex  0.000000e+00 -2.486802e+00  1.304188e+01
     vertex  0.000000e+00 -2.515079e+00  1.302820e+01
   endloop
 endfacet
 facet normal -1.000000e+00  0.000000e+00  0.000000e+00
   outer loop
     vertex  0.000000e+00 -2.515079e+00  2.297180e+01
     vertex  0.000000e+00 -2.486802e+00  2.295812e+01
     vertex  0.000000e+00 -2.486802e+00  1.304188e+01
   endloop
 endfacet
 facet normal -1.000000e+00  0.000000e+00  0.000000e+00
   outer loop
     vertex  0.000000e+00 -2.542972e+00  2.298625e+01
     vertex  0.000000e+00 -2.515079e+00  2.297180e+01
     vertex  0.000000e+00 -2.515079e+00  1.302820e+01
   endloop
 endfacet
 facet normal -1.000000e+00  0.000000e+00 -0.000000e+00
   outer loop
     vertex  0.000000e+00 -2.542972e+00  2.298625e+01
     vertex  0.000000e+00 -2.515079e+00  1.302820e+01
     vertex  0.000000e+00 -2.542972e+00  1.301375e+01
   endloop
 endfacet
 facet normal -1.000000e+00  0.000000e+00 -0.000000e+00
   outer loop
     vertex  0.000000e+00 -2.570460e+00  2.300146e+01
     vertex  0.000000e+00 -2.542972e+00  1.301375e+01
     vertex  0.000000e+00 -2.570460e+00  1.299854e+01
   endloop
 endfacet
 facet normal -1.000000e+00  0.000000e+00  0.000000e+00
   outer loop
     vertex  0.000000e+00 -2.570460e+00  2.300146e+01
     vertex  0.000000e+00 -2.542972e+00  2.298625e+01
     vertex  0.000000e+00 -2.542972e+00  1.301375e+01
   endloop
 endfacet
 facet normal -1.000000e+00  0.000000e+00 -0.000000e+00
   outer loop
     vertex  0.000000e+00 -2.597522e+00  2.301742e+01
     vertex  0.000000e+00 -2.570460e+00  1.299854e+01
     vertex  0.000000e+00 -2.597522e+00  1.298258e+01
   endloop
 endfacet
 facet normal -1.000000e+00  0.000000e+00  0.000000e+00
   outer loop
     vertex  0.000000e+00 -2.597522e+00  2.301742e+01
     vertex  0.000000e+00 -2.570460e+00  2.300146e+01
     vertex  0.000000e+00 -2.570460e+00  1.299854e+01
   endloop
 endfacet
 facet normal -1.000000e+00  0.000000e+00 -0.000000e+00
   outer loop
     vertex  0.000000e+00 -2.624138e+00  2.303411e+01
     vertex  0.000000e+00 -2.597522e+00  1.298258e+01
     vertex  0.000000e+00 -2.624138e+00  1.296589e+01
   endloop
 endfacet
 facet normal -1.000000e+00  0.000000e+00  0.000000e+00
   outer loop
     vertex  0.000000e+00 -2.624138e+00  2.303411e+01
     vertex  0.000000e+00 -2.597522e+00  2.301742e+01
     vertex  0.000000e+00 -2.597522e+00  1.298258e+01
   endloop
 endfacet
 facet normal -1.000000e+00  0.000000e+00 -0.000000e+00
   outer loop
     vertex  0.000000e+00 -2.650288e+00  2.305151e+01
     vertex  0.000000e+00 -2.624138e+00  1.296589e+01
     vertex  0.000000e+00 -2.650288e+00  1.294849e+01
   endloop
 endfacet
 facet normal -1.000000e+00  0.000000e+00  0.000000e+00
   outer loop
     vertex  0.000000e+00 -2.650288e+00  2.305151e+01
     vertex  0.000000e+00 -2.624138e+00  2.303411e+01
     vertex  0.000000e+00 -2.624138e+00  1.296589e+01
   endloop
 endfacet
 facet normal -1.000000e+00  0.000000e+00  0.000000e+00
   outer loop
     vertex  0.000000e+00 -2.675953e+00  2.306963e+01
     vertex  0.000000e+00 -2.650288e+00  2.305151e+01
     vertex  0.000000e+00 -2.650288e+00  1.294849e+01
   endloop
 endfacet
 facet normal -1.000000e+00  0.000000e+00 -0.000000e+00
   outer loop
     vertex  0.000000e+00 -2.675953e+00  2.306963e+01
     vertex  0.000000e+00 -2.650288e+00  1.294849e+01
     vertex  0.000000e+00 -2.675953e+00  1.293037e+01
   endloop
 endfacet
 facet normal -1.000000e+00  0.000000e+00 -0.000000e+00
   outer loop
     vertex  0.000000e+00 -2.701114e+00  2.308844e+01
     vertex  0.000000e+00 -2.675953e+00  1.293037e+01
     vertex  0.000000e+00 -2.701114e+00  1.291156e+01
   endloop
 endfacet
 facet normal -1.000000e+00  0.000000e+00  0.000000e+00
   outer loop
     vertex  0.000000e+00 -2.701114e+00  2.308844e+01
     vertex  0.000000e+00 -2.675953e+00  2.306963e+01
     vertex  0.000000e+00 -2.675953e+00  1.293037e+01
   endloop
 endfacet
 facet normal -1.000000e+00  0.000000e+00 -0.000000e+00
   outer loop
     vertex  0.000000e+00 -2.725751e+00  2.310793e+01
     vertex  0.000000e+00 -2.701114e+00  1.291156e+01
     vertex  0.000000e+00 -2.725751e+00  1.289207e+01
   endloop
 endfacet
 facet normal -1.000000e+00  0.000000e+00  0.000000e+00
   outer loop
     vertex  0.000000e+00 -2.725751e+00  2.310793e+01
     vertex  0.000000e+00 -2.701114e+00  2.308844e+01
     vertex  0.000000e+00 -2.701114e+00  1.291156e+01
   endloop
 endfacet
 facet normal -1.000000e+00  0.000000e+00 -0.000000e+00
   outer loop
     vertex  0.000000e+00 -2.749847e+00  2.312809e+01
     vertex  0.000000e+00 -2.725751e+00  1.289207e+01
     vertex  0.000000e+00 -2.749847e+00  1.287191e+01
   endloop
 endfacet
 facet normal -1.000000e+00  0.000000e+00  0.000000e+00
   outer loop
     vertex  0.000000e+00 -2.749847e+00  2.312809e+01
     vertex  0.000000e+00 -2.749847e+00  1.287191e+01
     vertex  0.000000e+00 -2.773383e+00  1.285110e+01
   endloop
 endfacet
 facet normal -1.000000e+00  0.000000e+00  0.000000e+00
   outer loop
     vertex  0.000000e+00 -2.749847e+00  2.312809e+01
     vertex  0.000000e+00 -2.725751e+00  2.310793e+01
     vertex  0.000000e+00 -2.725751e+00  1.289207e+01
   endloop
 endfacet
 facet normal -1.000000e+00  0.000000e+00 -0.000000e+00
   outer loop
     vertex  0.000000e+00 -2.773383e+00  2.314890e+01
     vertex  0.000000e+00 -2.749847e+00  2.312809e+01
     vertex  0.000000e+00 -2.773383e+00  1.285110e+01
   endloop
 endfacet
 facet normal -1.000000e+00  0.000000e+00 -0.000000e+00
   outer loop
     vertex  0.000000e+00 -2.796342e+00  2.317034e+01
     vertex  0.000000e+00 -2.773383e+00  1.285110e+01
     vertex  0.000000e+00 -2.796342e+00  1.282966e+01
   endloop
 endfacet
 facet normal -1.000000e+00  0.000000e+00  0.000000e+00
   outer loop
     vertex  0.000000e+00 -2.796342e+00  2.317034e+01
     vertex  0.000000e+00 -2.773383e+00  2.314890e+01
     vertex  0.000000e+00 -2.773383e+00  1.285110e+01
   endloop
 endfacet
 facet normal -1.000000e+00  0.000000e+00  0.000000e+00
   outer loop
     vertex  0.000000e+00 -2.818707e+00  2.319240e+01
     vertex  0.000000e+00 -2.796342e+00  2.317034e+01
     vertex  0.000000e+00 -2.796342e+00  1.282966e+01
   endloop
 endfacet
 facet normal -1.000000e+00  0.000000e+00 -0.000000e+00
   outer loop
     vertex  0.000000e+00 -2.818707e+00  2.319240e+01
     vertex  0.000000e+00 -2.796342e+00  1.282966e+01
     vertex  0.000000e+00 -2.818707e+00  1.280760e+01
   endloop
 endfacet
 facet normal -1.000000e+00  0.000000e+00 -0.000000e+00
   outer loop
     vertex  0.000000e+00 -2.840461e+00  2.321506e+01
     vertex  0.000000e+00 -2.818707e+00  1.280760e+01
     vertex  0.000000e+00 -2.840461e+00  1.278494e+01
   endloop
 endfacet
 facet normal -1.000000e+00  0.000000e+00  0.000000e+00
   outer loop
     vertex  0.000000e+00 -2.840461e+00  2.321506e+01
     vertex  0.000000e+00 -2.818707e+00  2.319240e+01
     vertex  0.000000e+00 -2.818707e+00  1.280760e+01
   endloop
 endfacet
 facet normal -1.000000e+00  0.000000e+00 -0.000000e+00
   outer loop
     vertex  0.000000e+00 -2.861588e+00  2.323831e+01
     vertex  0.000000e+00 -2.840461e+00  1.278494e+01
     vertex  0.000000e+00 -2.861588e+00  1.276169e+01
   endloop
 endfacet
 facet normal -1.000000e+00  0.000000e+00  0.000000e+00
   outer loop
     vertex  0.000000e+00 -2.861588e+00  2.323831e+01
     vertex  0.000000e+00 -2.861588e+00  1.276169e+01
     vertex  0.000000e+00 -2.882072e+00  1.273787e+01
   endloop
 endfacet
 facet normal -1.000000e+00  0.000000e+00  0.000000e+00
   outer loop
     vertex  0.000000e+00 -2.861588e+00  2.323831e+01
     vertex  0.000000e+00 -2.840461e+00  2.321506e+01
     vertex  0.000000e+00 -2.840461e+00  1.278494e+01
   endloop
 endfacet
 facet normal -1.000000e+00  0.000000e+00 -0.000000e+00
   outer loop
     vertex  0.000000e+00 -2.882072e+00  2.326213e+01
     vertex  0.000000e+00 -2.861588e+00  2.323831e+01
     vertex  0.000000e+00 -2.882072e+00  1.273787e+01
   endloop
 endfacet
 facet normal -1.000000e+00  0.000000e+00  0.000000e+00
   outer loop
     vertex  0.000000e+00 -2.901898e+00  2.328650e+01
     vertex  0.000000e+00 -2.882072e+00  2.326213e+01
     vertex  0.000000e+00 -2.882072e+00  1.273787e+01
   endloop
 endfacet
 facet normal -1.000000e+00  0.000000e+00 -0.000000e+00
   outer loop
     vertex  0.000000e+00 -2.901898e+00  2.328650e+01
     vertex  0.000000e+00 -2.882072e+00  1.273787e+01
     vertex  0.000000e+00 -2.901898e+00  1.271350e+01
   endloop
 endfacet
 facet normal -1.000000e+00  0.000000e+00  0.000000e+00
   outer loop
     vertex  0.000000e+00 -2.921050e+00  2.331140e+01
     vertex  0.000000e+00 -2.901898e+00  2.328650e+01
     vertex  0.000000e+00 -2.901898e+00  1.271350e+01
   endloop
 endfacet
 facet normal -1.000000e+00  0.000000e+00 -0.000000e+00
   outer loop
     vertex  0.000000e+00 -2.921050e+00  2.331140e+01
     vertex  0.000000e+00 -2.901898e+00  1.271350e+01
     vertex  0.000000e+00 -2.921050e+00  1.268860e+01
   endloop
 endfacet
 facet normal -1.000000e+00  0.000000e+00  0.000000e+00
   outer loop
     vertex  0.000000e+00 -2.921050e+00  2.331140e+01
     vertex  0.000000e+00 -2.921050e+00  1.268860e+01
     vertex  0.000000e+00 -2.939515e+00  1.266318e+01
   endloop
 endfacet
 facet normal -1.000000e+00  0.000000e+00 -0.000000e+00
   outer loop
     vertex  0.000000e+00 -2.939515e+00  2.333682e+01
     vertex  0.000000e+00 -2.921050e+00  2.331140e+01
     vertex  0.000000e+00 -2.939515e+00  1.266318e+01
   endloop
 endfacet
 facet normal -1.000000e+00  0.000000e+00  0.000000e+00
   outer loop
     vertex  0.000000e+00 -2.957280e+00  2.336273e+01
     vertex  0.000000e+00 -2.939515e+00  2.333682e+01
     vertex  0.000000e+00 -2.939515e+00  1.266318e+01
   endloop
 endfacet
 facet normal -1.000000e+00  0.000000e+00 -0.000000e+00
   outer loop
     vertex  0.000000e+00 -2.957280e+00  2.336273e+01
     vertex  0.000000e+00 -2.939515e+00  1.266318e+01
     vertex  0.000000e+00 -2.957280e+00  1.263727e+01
   endloop
 endfacet
 facet normal -1.000000e+00  0.000000e+00  0.000000e+00
   outer loop
     vertex  0.000000e+00 -2.974329e+00  2.338911e+01
     vertex  0.000000e+00 -2.957280e+00  2.336273e+01
     vertex  0.000000e+00 -2.957280e+00  1.263727e+01
   endloop
 endfacet
 facet normal -1.000000e+00  0.000000e+00 -0.000000e+00
   outer loop
     vertex  0.000000e+00 -2.974329e+00  2.338911e+01
     vertex  0.000000e+00 -2.957280e+00  1.263727e+01
     vertex  0.000000e+00 -2.974329e+00  1.261089e+01
   endloop
 endfacet
 facet normal -1.000000e+00  0.000000e+00  0.000000e+00
   outer loop
     vertex  0.000000e+00 -2.974329e+00  2.338911e+01
     vertex  0.000000e+00 -2.974329e+00  1.261089e+01
     vertex  0.000000e+00 -2.990652e+00  1.258405e+01
   endloop
 endfacet
 facet normal -1.000000e+00  0.000000e+00 -0.000000e+00
   outer loop
     vertex  0.000000e+00 -2.990652e+00  2.341595e+01
     vertex  0.000000e+00 -2.974329e+00  2.338911e+01
     vertex  0.000000e+00 -2.990652e+00  1.258405e+01
   endloop
 endfacet
 facet normal -1.000000e+00  0.000000e+00  0.000000e+00
   outer loop
     vertex  0.000000e+00 -2.990652e+00  2.341595e+01
     vertex  0.000000e+00 -2.990652e+00  1.258405e+01
     vertex  0.000000e+00 -3.006235e+00  1.255677e+01
   endloop
 endfacet
 facet normal -1.000000e+00  0.000000e+00 -0.000000e+00
   outer loop
     vertex  0.000000e+00 -3.006235e+00  2.344323e+01
     vertex  0.000000e+00 -2.990652e+00  2.341595e+01
     vertex  0.000000e+00 -3.006235e+00  1.255677e+01
   endloop
 endfacet
 facet normal -1.000000e+00  0.000000e+00 -0.000000e+00
   outer loop
     vertex  0.000000e+00 -3.021068e+00  2.347093e+01
     vertex  0.000000e+00 -3.006235e+00  1.255677e+01
     vertex  0.000000e+00 -3.021068e+00  1.252907e+01
   endloop
 endfacet
 facet normal -1.000000e+00  0.000000e+00  0.000000e+00
   outer loop
     vertex  0.000000e+00 -3.021068e+00  2.347093e+01
     vertex  0.000000e+00 -3.006235e+00  2.344323e+01
     vertex  0.000000e+00 -3.006235e+00  1.255677e+01
   endloop
 endfacet
 facet normal -1.000000e+00  0.000000e+00  0.000000e+00
   outer loop
     vertex  0.000000e+00 -3.035139e+00  2.349901e+01
     vertex  0.000000e+00 -3.021068e+00  2.347093e+01
     vertex  0.000000e+00 -3.021068e+00  1.252907e+01
   endloop
 endfacet
 facet normal -1.000000e+00  0.000000e+00 -0.000000e+00
   outer loop
     vertex  0.000000e+00 -3.035139e+00  2.349901e+01
     vertex  0.000000e+00 -3.021068e+00  1.252907e+01
     vertex  0.000000e+00 -3.035139e+00  1.250099e+01
   endloop
 endfacet
 facet normal -1.000000e+00  0.000000e+00  0.000000e+00
   outer loop
     vertex  0.000000e+00 -3.048437e+00  2.352747e+01
     vertex  0.000000e+00 -3.035139e+00  2.349901e+01
     vertex  0.000000e+00 -3.035139e+00  1.250099e+01
   endloop
 endfacet
 facet normal -1.000000e+00  0.000000e+00 -0.000000e+00
   outer loop
     vertex  0.000000e+00 -3.048437e+00  2.352747e+01
     vertex  0.000000e+00 -3.035139e+00  1.250099e+01
     vertex  0.000000e+00 -3.048437e+00  1.247253e+01
   endloop
 endfacet
 facet normal -1.000000e+00  0.000000e+00  0.000000e+00
   outer loop
     vertex  0.000000e+00 -3.060952e+00  2.355629e+01
     vertex  0.000000e+00 -3.048437e+00  2.352747e+01
     vertex  0.000000e+00 -3.048437e+00  1.247253e+01
   endloop
 endfacet
 facet normal -1.000000e+00  0.000000e+00 -0.000000e+00
   outer loop
     vertex  0.000000e+00 -3.060952e+00  2.355629e+01
     vertex  0.000000e+00 -3.048437e+00  1.247253e+01
     vertex  0.000000e+00 -3.060952e+00  1.244371e+01
   endloop
 endfacet
 facet normal -1.000000e+00  0.000000e+00  0.000000e+00
   outer loop
     vertex  0.000000e+00 -3.072677e+00  2.358543e+01
     vertex  0.000000e+00 -3.060952e+00  2.355629e+01
     vertex  0.000000e+00 -3.060952e+00  1.244371e+01
   endloop
 endfacet
 facet normal -1.000000e+00  0.000000e+00 -0.000000e+00
   outer loop
     vertex  0.000000e+00 -3.072677e+00  2.358543e+01
     vertex  0.000000e+00 -3.060952e+00  1.244371e+01
     vertex  0.000000e+00 -3.072677e+00  1.241457e+01
   endloop
 endfacet
 facet normal -1.000000e+00  0.000000e+00  0.000000e+00
   outer loop
     vertex  0.000000e+00 -2.000000e+00  2.515000e+01
     vertex  0.000000e+00  8.600000e+00  3.050000e+01
     vertex  0.000000e+00  2.000000e+00  2.515000e+01
   endloop
 endfacet
 facet normal -1.000000e+00  0.000000e+00  0.000000e+00
   outer loop
     vertex  0.000000e+00 -8.600000e+00  3.050000e+01
     vertex  0.000000e+00 -2.701114e+00  2.491156e+01
     vertex  0.000000e+00 -2.725751e+00  2.489207e+01
   endloop
 endfacet
 facet normal -1.000000e+00  0.000000e+00  0.000000e+00
   outer loop
     vertex  0.000000e+00 -8.600000e+00  3.050000e+01
     vertex  0.000000e+00 -2.725751e+00  2.489207e+01
     vertex  0.000000e+00 -2.749847e+00  2.487191e+01
   endloop
 endfacet
 facet normal -1.000000e+00  0.000000e+00  0.000000e+00
   outer loop
     vertex  0.000000e+00 -8.600000e+00  3.050000e+01
     vertex  0.000000e+00 -2.749847e+00  2.487191e+01
     vertex  0.000000e+00 -2.773383e+00  2.485110e+01
   endloop
 endfacet
 facet normal -1.000000e+00  0.000000e+00  0.000000e+00
   outer loop
     vertex  0.000000e+00 -8.600000e+00  3.050000e+01
     vertex  0.000000e+00 -2.773383e+00  2.485110e+01
     vertex  0.000000e+00 -2.796342e+00  2.482966e+01
   endloop
 endfacet
 facet normal -1.000000e+00  0.000000e+00  0.000000e+00
   outer loop
     vertex  0.000000e+00 -8.600000e+00  3.050000e+01
     vertex  0.000000e+00 -2.796342e+00  2.482966e+01
     vertex  0.000000e+00 -2.818707e+00  2.480760e+01
   endloop
 endfacet
 facet normal -1.000000e+00  0.000000e+00  0.000000e+00
   outer loop
     vertex  0.000000e+00 -8.600000e+00  3.050000e+01
     vertex  0.000000e+00 -2.818707e+00  2.480760e+01
     vertex  0.000000e+00 -2.840461e+00  2.478494e+01
   endloop
 endfacet
 facet normal -1.000000e+00  0.000000e+00  0.000000e+00
   outer loop
     vertex  0.000000e+00 -8.600000e+00  3.050000e+01
     vertex  0.000000e+00 -2.840461e+00  2.478494e+01
     vertex  0.000000e+00 -2.861588e+00  2.476169e+01
   endloop
 endfacet
 facet normal -1.000000e+00  0.000000e+00  0.000000e+00
   outer loop
     vertex  0.000000e+00 -8.600000e+00  3.050000e+01
     vertex  0.000000e+00 -2.861588e+00  2.476169e+01
     vertex  0.000000e+00 -2.882072e+00  2.473787e+01
   endloop
 endfacet
 facet normal -1.000000e+00  0.000000e+00  0.000000e+00
   outer loop
     vertex  0.000000e+00 -8.600000e+00  3.050000e+01
     vertex  0.000000e+00 -2.882072e+00  2.473787e+01
     vertex  0.000000e+00 -2.901898e+00  2.471350e+01
   endloop
 endfacet
 facet normal -1.000000e+00  0.000000e+00  0.000000e+00
   outer loop
     vertex  0.000000e+00 -8.600000e+00  3.050000e+01
     vertex  0.000000e+00 -2.901898e+00  2.471350e+01
     vertex  0.000000e+00 -2.921050e+00  2.468860e+01
   endloop
 endfacet
 facet normal -1.000000e+00  0.000000e+00  0.000000e+00
   outer loop
     vertex  0.000000e+00 -8.600000e+00  3.050000e+01
     vertex  0.000000e+00 -2.921050e+00  2.468860e+01
     vertex  0.000000e+00 -2.939515e+00  2.466318e+01
   endloop
 endfacet
 facet normal -1.000000e+00  0.000000e+00  0.000000e+00
   outer loop
     vertex  0.000000e+00 -8.600000e+00  3.050000e+01
     vertex  0.000000e+00 -2.939515e+00  2.466318e+01
     vertex  0.000000e+00 -2.957280e+00  2.463727e+01
   endloop
 endfacet
 facet normal -1.000000e+00  0.000000e+00  0.000000e+00
   outer loop
     vertex  0.000000e+00 -8.600000e+00  3.050000e+01
     vertex  0.000000e+00 -2.957280e+00  2.463727e+01
     vertex  0.000000e+00 -2.974329e+00  2.461089e+01
   endloop
 endfacet
 facet normal -1.000000e+00  0.000000e+00  0.000000e+00
   outer loop
     vertex  0.000000e+00 -8.600000e+00  3.050000e+01
     vertex  0.000000e+00 -2.974329e+00  2.461089e+01
     vertex  0.000000e+00 -2.990652e+00  2.458405e+01
   endloop
 endfacet
 facet normal -1.000000e+00  0.000000e+00  0.000000e+00
   outer loop
     vertex  0.000000e+00 -8.600000e+00  3.050000e+01
     vertex  0.000000e+00 -2.990652e+00  2.458405e+01
     vertex  0.000000e+00 -3.006235e+00  2.455677e+01
   endloop
 endfacet
 facet normal -1.000000e+00  0.000000e+00  0.000000e+00
   outer loop
     vertex  0.000000e+00 -8.600000e+00  3.050000e+01
     vertex  0.000000e+00 -3.006235e+00  2.455677e+01
     vertex  0.000000e+00 -3.021068e+00  2.452907e+01
   endloop
 endfacet
 facet normal -1.000000e+00  0.000000e+00  0.000000e+00
   outer loop
     vertex  0.000000e+00 -8.600000e+00  3.050000e+01
     vertex  0.000000e+00 -3.021068e+00  2.452907e+01
     vertex  0.000000e+00 -3.035139e+00  2.450099e+01
   endloop
 endfacet
 facet normal -1.000000e+00  0.000000e+00  0.000000e+00
   outer loop
     vertex  0.000000e+00 -8.600000e+00  3.050000e+01
     vertex  0.000000e+00 -3.035139e+00  2.450099e+01
     vertex  0.000000e+00 -3.048437e+00  2.447253e+01
   endloop
 endfacet
 facet normal -1.000000e+00  0.000000e+00  0.000000e+00
   outer loop
     vertex  0.000000e+00 -8.600000e+00  3.050000e+01
     vertex  0.000000e+00 -3.048437e+00  2.447253e+01
     vertex  0.000000e+00 -3.060952e+00  2.444371e+01
   endloop
 endfacet
 facet normal -1.000000e+00  0.000000e+00  0.000000e+00
   outer loop
     vertex  0.000000e+00 -8.600000e+00  3.050000e+01
     vertex  0.000000e+00 -3.060952e+00  2.444371e+01
     vertex  0.000000e+00 -3.072677e+00  2.441457e+01
   endloop
 endfacet
 facet normal -1.000000e+00  0.000000e+00  0.000000e+00
   outer loop
     vertex  0.000000e+00 -8.600000e+00  3.050000e+01
     vertex  0.000000e+00 -3.072677e+00  2.441457e+01
     vertex  0.000000e+00 -3.083600e+00  2.438511e+01
   endloop
 endfacet
 facet normal -1.000000e+00  0.000000e+00  0.000000e+00
   outer loop
     vertex  0.000000e+00 -8.600000e+00  3.050000e+01
     vertex  0.000000e+00 -3.083600e+00  2.438511e+01
     vertex  0.000000e+00 -3.093715e+00  2.435537e+01
   endloop
 endfacet
 facet normal -1.000000e+00  0.000000e+00  0.000000e+00
   outer loop
     vertex  0.000000e+00 -8.600000e+00  3.050000e+01
     vertex  0.000000e+00 -3.093715e+00  2.435537e+01
     vertex  0.000000e+00 -3.103014e+00  2.432536e+01
   endloop
 endfacet
 facet normal -1.000000e+00  0.000000e+00  0.000000e+00
   outer loop
     vertex  0.000000e+00 -8.600000e+00  3.050000e+01
     vertex  0.000000e+00 -3.103014e+00  2.432536e+01
     vertex  0.000000e+00 -3.111489e+00  2.429511e+01
   endloop
 endfacet
 facet normal -1.000000e+00  0.000000e+00  0.000000e+00
   outer loop
     vertex  0.000000e+00 -8.600000e+00  3.050000e+01
     vertex  0.000000e+00 -3.072677e+00  2.358543e+01
     vertex  0.000000e+00 -3.072677e+00  1.241457e+01
   endloop
 endfacet
 facet normal -1.000000e+00  0.000000e+00  0.000000e+00
   outer loop
     vertex  0.000000e+00 -8.600000e+00  3.050000e+01
     vertex  0.000000e+00 -3.111489e+00  2.429511e+01
     vertex  0.000000e+00 -3.119136e+00  2.426464e+01
   endloop
 endfacet
 facet normal -1.000000e+00  0.000000e+00  0.000000e+00
   outer loop
     vertex  0.000000e+00 -8.600000e+00  3.050000e+01
     vertex  0.000000e+00 -3.119136e+00  2.426464e+01
     vertex  0.000000e+00 -3.125947e+00  2.423397e+01
   endloop
 endfacet
 facet normal -1.000000e+00  0.000000e+00  0.000000e+00
   outer loop
     vertex  0.000000e+00 -8.600000e+00  3.050000e+01
     vertex  0.000000e+00 -3.125947e+00  2.423397e+01
     vertex  0.000000e+00 -3.131918e+00  2.420313e+01
   endloop
 endfacet
 facet normal -1.000000e+00  0.000000e+00  0.000000e+00
   outer loop
     vertex  0.000000e+00 -8.600000e+00  3.050000e+01
     vertex  0.000000e+00 -3.131918e+00  2.420313e+01
     vertex  0.000000e+00 -3.137044e+00  2.417214e+01
   endloop
 endfacet
 facet normal -1.000000e+00  0.000000e+00  0.000000e+00
   outer loop
     vertex  0.000000e+00 -8.600000e+00  3.050000e+01
     vertex  0.000000e+00 -3.137044e+00  2.417214e+01
     vertex  0.000000e+00 -3.141321e+00  2.414102e+01
   endloop
 endfacet
 facet normal -1.000000e+00  0.000000e+00  0.000000e+00
   outer loop
     vertex  0.000000e+00 -8.600000e+00  3.050000e+01
     vertex  0.000000e+00 -3.141321e+00  2.414102e+01
     vertex  0.000000e+00 -3.144747e+00  2.410979e+01
   endloop
 endfacet
 facet normal -1.000000e+00  0.000000e+00  0.000000e+00
   outer loop
     vertex  0.000000e+00 -8.600000e+00  3.050000e+01
     vertex  0.000000e+00 -3.144747e+00  2.410979e+01
     vertex  0.000000e+00 -3.147319e+00  2.407848e+01
   endloop
 endfacet
 facet normal -1.000000e+00  0.000000e+00  0.000000e+00
   outer loop
     vertex  0.000000e+00 -8.600000e+00  3.050000e+01
     vertex  0.000000e+00 -3.147319e+00  2.407848e+01
     vertex  0.000000e+00 -3.149035e+00  2.404711e+01
   endloop
 endfacet
 facet normal -1.000000e+00  0.000000e+00  0.000000e+00
   outer loop
     vertex  0.000000e+00 -8.600000e+00  3.050000e+01
     vertex  0.000000e+00  8.600000e+00  3.050000e+01
     vertex  0.000000e+00 -2.000000e+00  2.515000e+01
   endloop
 endfacet
 facet normal -1.000000e+00  0.000000e+00  0.000000e+00
   outer loop
     vertex  0.000000e+00 -8.600000e+00  3.050000e+01
     vertex  0.000000e+00 -3.149035e+00  2.404711e+01
     vertex  0.000000e+00 -3.149893e+00  2.401571e+01
   endloop
 endfacet
 facet normal -1.000000e+00  0.000000e+00  0.000000e+00
   outer loop
     vertex  0.000000e+00 -8.600000e+00  3.050000e+01
     vertex  0.000000e+00 -3.149893e+00  2.401571e+01
     vertex  0.000000e+00 -3.149893e+00  2.398429e+01
   endloop
 endfacet
 facet normal -1.000000e+00  0.000000e+00  0.000000e+00
   outer loop
     vertex  0.000000e+00 -8.600000e+00  3.050000e+01
     vertex  0.000000e+00 -3.149893e+00  2.398429e+01
     vertex  0.000000e+00 -3.149035e+00  2.395289e+01
   endloop
 endfacet
 facet normal -1.000000e+00  0.000000e+00  0.000000e+00
   outer loop
     vertex  0.000000e+00 -8.600000e+00  3.050000e+01
     vertex  0.000000e+00 -3.149035e+00  2.395289e+01
     vertex  0.000000e+00 -3.147319e+00  2.392152e+01
   endloop
 endfacet
 facet normal -1.000000e+00  0.000000e+00  0.000000e+00
   outer loop
     vertex  0.000000e+00 -8.600000e+00  3.050000e+01
     vertex  0.000000e+00 -3.147319e+00  2.392152e+01
     vertex  0.000000e+00 -3.144747e+00  2.389021e+01
   endloop
 endfacet
 facet normal -1.000000e+00  0.000000e+00  0.000000e+00
   outer loop
     vertex  0.000000e+00 -8.600000e+00  3.050000e+01
     vertex  0.000000e+00 -3.144747e+00  2.389021e+01
     vertex  0.000000e+00 -3.141321e+00  2.385898e+01
   endloop
 endfacet
 facet normal -1.000000e+00  0.000000e+00  0.000000e+00
   outer loop
     vertex  0.000000e+00 -8.600000e+00  3.050000e+01
     vertex  0.000000e+00 -3.141321e+00  2.385898e+01
     vertex  0.000000e+00 -3.137044e+00  2.382786e+01
   endloop
 endfacet
 facet normal -1.000000e+00  0.000000e+00  0.000000e+00
   outer loop
     vertex  0.000000e+00 -8.600000e+00  3.050000e+01
     vertex  0.000000e+00 -3.137044e+00  2.382786e+01
     vertex  0.000000e+00 -3.131918e+00  2.379687e+01
   endloop
 endfacet
 facet normal -1.000000e+00  0.000000e+00  0.000000e+00
   outer loop
     vertex  0.000000e+00 -8.600000e+00  3.050000e+01
     vertex  0.000000e+00 -3.131918e+00  2.379687e+01
     vertex  0.000000e+00 -3.125947e+00  2.376603e+01
   endloop
 endfacet
 facet normal -1.000000e+00  0.000000e+00  0.000000e+00
   outer loop
     vertex  0.000000e+00 -8.600000e+00  3.050000e+01
     vertex  0.000000e+00 -3.125947e+00  2.376603e+01
     vertex  0.000000e+00 -3.119136e+00  2.373536e+01
   endloop
 endfacet
 facet normal -1.000000e+00  0.000000e+00  0.000000e+00
   outer loop
     vertex  0.000000e+00 -8.600000e+00  3.050000e+01
     vertex  0.000000e+00 -3.119136e+00  2.373536e+01
     vertex  0.000000e+00 -3.111489e+00  2.370489e+01
   endloop
 endfacet
 facet normal -1.000000e+00  0.000000e+00  0.000000e+00
   outer loop
     vertex  0.000000e+00 -8.600000e+00  3.050000e+01
     vertex  0.000000e+00 -3.111489e+00  2.370489e+01
     vertex  0.000000e+00 -3.103014e+00  2.367464e+01
   endloop
 endfacet
 facet normal -1.000000e+00  0.000000e+00  0.000000e+00
   outer loop
     vertex  0.000000e+00 -8.600000e+00  3.050000e+01
     vertex  0.000000e+00 -3.103014e+00  2.367464e+01
     vertex  0.000000e+00 -3.093715e+00  2.364463e+01
   endloop
 endfacet
 facet normal -1.000000e+00  0.000000e+00  0.000000e+00
   outer loop
     vertex  0.000000e+00 -8.600000e+00  3.050000e+01
     vertex  0.000000e+00 -3.093715e+00  2.364463e+01
     vertex  0.000000e+00 -3.083600e+00  2.361489e+01
   endloop
 endfacet
 facet normal -1.000000e+00  0.000000e+00  0.000000e+00
   outer loop
     vertex  0.000000e+00 -8.600000e+00  3.050000e+01
     vertex  0.000000e+00 -3.083600e+00  2.361489e+01
     vertex  0.000000e+00 -3.072677e+00  2.358543e+01
   endloop
 endfacet
 facet normal -1.000000e+00  0.000000e+00  0.000000e+00
   outer loop
     vertex  0.000000e+00 -8.600000e+00  3.050000e+01
     vertex  0.000000e+00 -2.000000e+00  2.515000e+01
     vertex  0.000000e+00 -2.031412e+00  2.514957e+01
   endloop
 endfacet
 facet normal -1.000000e+00  0.000000e+00  0.000000e+00
   outer loop
     vertex  0.000000e+00 -8.600000e+00  3.050000e+01
     vertex  0.000000e+00 -2.031412e+00  2.514957e+01
     vertex  0.000000e+00 -2.062801e+00  2.514828e+01
   endloop
 endfacet
 facet normal -1.000000e+00  0.000000e+00  0.000000e+00
   outer loop
     vertex  0.000000e+00 -8.600000e+00  3.050000e+01
     vertex  0.000000e+00 -2.062801e+00  2.514828e+01
     vertex  0.000000e+00 -2.094142e+00  2.514614e+01
   endloop
 endfacet
 facet normal -1.000000e+00  0.000000e+00  0.000000e+00
   outer loop
     vertex  0.000000e+00 -8.600000e+00  3.050000e+01
     vertex  0.000000e+00 -2.094142e+00  2.514614e+01
     vertex  0.000000e+00 -2.125414e+00  2.514314e+01
   endloop
 endfacet
 facet normal -1.000000e+00  0.000000e+00  0.000000e+00
   outer loop
     vertex  0.000000e+00 -8.600000e+00  3.050000e+01
     vertex  0.000000e+00 -2.125414e+00  2.514314e+01
     vertex  0.000000e+00 -2.156592e+00  2.513929e+01
   endloop
 endfacet
 facet normal -1.000000e+00  0.000000e+00  0.000000e+00
   outer loop
     vertex  0.000000e+00 -8.600000e+00  3.050000e+01
     vertex  0.000000e+00 -2.156592e+00  2.513929e+01
     vertex  0.000000e+00 -2.187653e+00  2.513459e+01
   endloop
 endfacet
 facet normal -1.000000e+00  0.000000e+00  0.000000e+00
   outer loop
     vertex  0.000000e+00 -8.600000e+00  3.050000e+01
     vertex  0.000000e+00 -2.187653e+00  2.513459e+01
     vertex  0.000000e+00 -2.218574e+00  2.512904e+01
   endloop
 endfacet
 facet normal -1.000000e+00  0.000000e+00  0.000000e+00
   outer loop
     vertex  0.000000e+00 -8.600000e+00  3.050000e+01
     vertex  0.000000e+00 -2.218574e+00  2.512904e+01
     vertex  0.000000e+00 -2.249332e+00  2.512265e+01
   endloop
 endfacet
 facet normal -1.000000e+00  0.000000e+00  0.000000e+00
   outer loop
     vertex  0.000000e+00 -8.600000e+00  3.050000e+01
     vertex  0.000000e+00 -2.249332e+00  2.512265e+01
     vertex  0.000000e+00 -2.279903e+00  2.511542e+01
   endloop
 endfacet
 facet normal -1.000000e+00  0.000000e+00  0.000000e+00
   outer loop
     vertex  0.000000e+00 -8.600000e+00  3.050000e+01
     vertex  0.000000e+00 -2.279903e+00  2.511542e+01
     vertex  0.000000e+00 -2.310266e+00  2.510735e+01
   endloop
 endfacet
 facet normal -1.000000e+00  0.000000e+00  0.000000e+00
   outer loop
     vertex  0.000000e+00 -8.600000e+00  3.050000e+01
     vertex  0.000000e+00 -2.310266e+00  2.510735e+01
     vertex  0.000000e+00 -2.340398e+00  2.509847e+01
   endloop
 endfacet
 facet normal -1.000000e+00  0.000000e+00  0.000000e+00
   outer loop
     vertex  0.000000e+00 -8.600000e+00  3.050000e+01
     vertex  0.000000e+00 -2.340398e+00  2.509847e+01
     vertex  0.000000e+00 -2.370275e+00  2.508876e+01
   endloop
 endfacet
 facet normal -1.000000e+00  0.000000e+00  0.000000e+00
   outer loop
     vertex  0.000000e+00 -8.600000e+00  3.050000e+01
     vertex  0.000000e+00 -2.370275e+00  2.508876e+01
     vertex  0.000000e+00 -2.399876e+00  2.507824e+01
   endloop
 endfacet
 facet normal -1.000000e+00  0.000000e+00  0.000000e+00
   outer loop
     vertex  0.000000e+00 -8.600000e+00  3.050000e+01
     vertex  0.000000e+00 -2.399876e+00  2.507824e+01
     vertex  0.000000e+00 -2.429179e+00  2.506691e+01
   endloop
 endfacet
 facet normal -1.000000e+00  0.000000e+00  0.000000e+00
   outer loop
     vertex  0.000000e+00 -8.600000e+00  3.050000e+01
     vertex  0.000000e+00 -3.072677e+00  1.241457e+01
     vertex  0.000000e+00 -3.083600e+00  1.238511e+01
   endloop
 endfacet
 facet normal -1.000000e+00  0.000000e+00  0.000000e+00
   outer loop
     vertex  0.000000e+00 -8.600000e+00  3.050000e+01
     vertex  0.000000e+00 -2.429179e+00  2.506691e+01
     vertex  0.000000e+00 -2.458161e+00  2.505479e+01
   endloop
 endfacet
 facet normal -1.000000e+00  0.000000e+00  0.000000e+00
   outer loop
     vertex  0.000000e+00 -8.600000e+00  3.050000e+01
     vertex  0.000000e+00 -3.083600e+00  1.238511e+01
     vertex  0.000000e+00 -3.093715e+00  1.235537e+01
   endloop
 endfacet
 facet normal -1.000000e+00  0.000000e+00  0.000000e+00
   outer loop
     vertex  0.000000e+00 -8.600000e+00  3.050000e+01
     vertex  0.000000e+00 -2.458161e+00  2.505479e+01
     vertex  0.000000e+00 -2.486802e+00  2.504188e+01
   endloop
 endfacet
 facet normal -1.000000e+00  0.000000e+00  0.000000e+00
   outer loop
     vertex  0.000000e+00 -8.600000e+00  3.050000e+01
     vertex  0.000000e+00 -3.093715e+00  1.235537e+01
     vertex  0.000000e+00 -3.103014e+00  1.232536e+01
   endloop
 endfacet
 facet normal -1.000000e+00  0.000000e+00  0.000000e+00
   outer loop
     vertex  0.000000e+00 -8.600000e+00  3.050000e+01
     vertex  0.000000e+00 -2.486802e+00  2.504188e+01
     vertex  0.000000e+00 -2.515079e+00  2.502820e+01
   endloop
 endfacet
 facet normal -1.000000e+00  0.000000e+00  0.000000e+00
   outer loop
     vertex  0.000000e+00 -8.600000e+00  3.050000e+01
     vertex  0.000000e+00 -3.103014e+00  1.232536e+01
     vertex  0.000000e+00 -3.111489e+00  1.229511e+01
   endloop
 endfacet
 facet normal -1.000000e+00  0.000000e+00  0.000000e+00
   outer loop
     vertex  0.000000e+00 -8.600000e+00  3.050000e+01
     vertex  0.000000e+00 -2.515079e+00  2.502820e+01
     vertex  0.000000e+00 -2.542972e+00  2.501375e+01
   endloop
 endfacet
 facet normal -1.000000e+00  0.000000e+00  0.000000e+00
   outer loop
     vertex  0.000000e+00 -8.600000e+00  3.050000e+01
     vertex  0.000000e+00 -3.111489e+00  1.229511e+01
     vertex  0.000000e+00 -3.119136e+00  1.226464e+01
   endloop
 endfacet
 facet normal -1.000000e+00  0.000000e+00  0.000000e+00
   outer loop
     vertex  0.000000e+00 -8.600000e+00  3.050000e+01
     vertex  0.000000e+00 -2.542972e+00  2.501375e+01
     vertex  0.000000e+00 -2.570460e+00  2.499854e+01
   endloop
 endfacet
 facet normal -1.000000e+00  0.000000e+00  0.000000e+00
   outer loop
     vertex  0.000000e+00 -8.600000e+00  3.050000e+01
     vertex  0.000000e+00 -3.119136e+00  1.226464e+01
     vertex  0.000000e+00 -3.125947e+00  1.223397e+01
   endloop
 endfacet
 facet normal -1.000000e+00  0.000000e+00  0.000000e+00
   outer loop
     vertex  0.000000e+00 -8.600000e+00  3.050000e+01
     vertex  0.000000e+00 -2.570460e+00  2.499854e+01
     vertex  0.000000e+00 -2.597522e+00  2.498258e+01
   endloop
 endfacet
 facet normal -1.000000e+00  0.000000e+00  0.000000e+00
   outer loop
     vertex  0.000000e+00 -8.600000e+00  3.050000e+01
     vertex  0.000000e+00 -2.597522e+00  2.498258e+01
     vertex  0.000000e+00 -2.624138e+00  2.496589e+01
   endloop
 endfacet
 facet normal -1.000000e+00  0.000000e+00  0.000000e+00
   outer loop
     vertex  0.000000e+00 -8.600000e+00  3.050000e+01
     vertex  0.000000e+00 -2.624138e+00  2.496589e+01
     vertex  0.000000e+00 -2.650288e+00  2.494849e+01
   endloop
 endfacet
 facet normal -1.000000e+00  0.000000e+00  0.000000e+00
   outer loop
     vertex  0.000000e+00 -8.600000e+00  3.050000e+01
     vertex  0.000000e+00 -2.650288e+00  2.494849e+01
     vertex  0.000000e+00 -2.675953e+00  2.493037e+01
   endloop
 endfacet
 facet normal -1.000000e+00  0.000000e+00  0.000000e+00
   outer loop
     vertex  0.000000e+00 -8.600000e+00  3.050000e+01
     vertex  0.000000e+00 -2.675953e+00  2.493037e+01
     vertex  0.000000e+00 -2.701114e+00  2.491156e+01
   endloop
 endfacet
 facet normal -1.000000e+00  0.000000e+00  0.000000e+00
   outer loop
     vertex  0.000000e+00 -8.600000e+00  3.050000e+01
     vertex  0.000000e+00 -3.149893e+00  1.198429e+01
     vertex  0.000000e+00 -8.600000e+00 -2.500000e+00
   endloop
 endfacet
 facet normal -1.000000e+00  0.000000e+00 -0.000000e+00
   outer loop
     vertex  0.000000e+00 -3.149893e+00  1.198429e+01
     vertex  0.000000e+00 -3.149035e+00  1.195289e+01
     vertex  0.000000e+00 -8.600000e+00 -2.500000e+00
   endloop
 endfacet
 facet normal -1.000000e+00  0.000000e+00  0.000000e+00
   outer loop
     vertex  0.000000e+00 -8.600000e+00  3.050000e+01
     vertex  0.000000e+00 -3.149893e+00  1.201571e+01
     vertex  0.000000e+00 -3.149893e+00  1.198429e+01
   endloop
 endfacet
 facet normal -1.000000e+00  0.000000e+00  0.000000e+00
   outer loop
     vertex  0.000000e+00 -8.600000e+00  3.050000e+01
     vertex  0.000000e+00 -3.149035e+00  1.204711e+01
     vertex  0.000000e+00 -3.149893e+00  1.201571e+01
   endloop
 endfacet
 facet normal -1.000000e+00  0.000000e+00  0.000000e+00
   outer loop
     vertex  0.000000e+00 -8.600000e+00  3.050000e+01
     vertex  0.000000e+00 -3.147319e+00  1.207848e+01
     vertex  0.000000e+00 -3.149035e+00  1.204711e+01
   endloop
 endfacet
 facet normal -1.000000e+00  0.000000e+00  0.000000e+00
   outer loop
     vertex  0.000000e+00 -8.600000e+00  3.050000e+01
     vertex  0.000000e+00 -3.144747e+00  1.210979e+01
     vertex  0.000000e+00 -3.147319e+00  1.207848e+01
   endloop
 endfacet
 facet normal -1.000000e+00  0.000000e+00  0.000000e+00
   outer loop
     vertex  0.000000e+00 -8.600000e+00  3.050000e+01
     vertex  0.000000e+00 -3.141321e+00  1.214102e+01
     vertex  0.000000e+00 -3.144747e+00  1.210979e+01
   endloop
 endfacet
 facet normal -1.000000e+00  0.000000e+00  0.000000e+00
   outer loop
     vertex  0.000000e+00 -8.600000e+00  3.050000e+01
     vertex  0.000000e+00 -3.137044e+00  1.217214e+01
     vertex  0.000000e+00 -3.141321e+00  1.214102e+01
   endloop
 endfacet
 facet normal -1.000000e+00  0.000000e+00  0.000000e+00
   outer loop
     vertex  0.000000e+00 -8.600000e+00  3.050000e+01
     vertex  0.000000e+00 -3.131918e+00  1.220313e+01
     vertex  0.000000e+00 -3.137044e+00  1.217214e+01
   endloop
 endfacet
 facet normal -1.000000e+00  0.000000e+00  0.000000e+00
   outer loop
     vertex  0.000000e+00 -8.600000e+00  3.050000e+01
     vertex  0.000000e+00 -3.125947e+00  1.223397e+01
     vertex  0.000000e+00 -3.131918e+00  1.220313e+01
   endloop
 endfacet
 facet normal -1.000000e+00  0.000000e+00  0.000000e+00
   outer loop
     vertex  0.000000e+00 -8.600000e+00 -2.500000e+00
     vertex  0.000000e+00 -2.126339e-02 -1.549854e+00
     vertex  0.000000e+00  8.600000e+00 -2.500000e+00
   endloop
 endfacet
 facet normal -1.000000e+00  0.000000e+00  0.000000e+00
   outer loop
     vertex  0.000000e+00 -2.126339e-02 -1.549854e+00
     vertex  0.000000e+00  2.126339e-02 -1.549854e+00
     vertex  0.000000e+00  8.600000e+00 -2.500000e+00
   endloop
 endfacet
 facet normal  0.000000e+00 -1.000000e+00 -0.000000e+00
   outer loop
     vertex  5.000000e+00 -8.600000e+00  3.050000e+01
     vertex  0.000000e+00 -8.600000e+00 -2.500000e+00
     vertex  5.000000e+00 -8.600000e+00 -2.500000e+00
   endloop
 endfacet
 facet normal -0.000000e+00 -1.000000e+00  0.000000e+00
   outer loop
     vertex  5.000000e+00 -8.600000e+00  3.050000e+01
     vertex  0.000000e+00 -8.600000e+00  3.050000e+01
     vertex  0.000000e+00 -8.600000e+00 -2.500000e+00
   endloop
 endfacet
 facet normal  0.000000e+00  0.000000e+00  1.000000e+00
   outer loop
     vertex  5.000000e+00  8.600000e+00  3.050000e+01
     vertex  0.000000e+00  8.600000e+00  3.050000e+01
     vertex  0.000000e+00 -8.600000e+00  3.050000e+01
   endloop
 endfacet
 facet normal  0.000000e+00  0.000000e+00  1.000000e+00
   outer loop
     vertex  5.000000e+00  8.600000e+00  3.050000e+01
     vertex  0.000000e+00 -8.600000e+00  3.050000e+01
     vertex  5.000000e+00 -8.600000e+00  3.050000e+01
   endloop
 endfacet
 facet normal -0.000000e+00  0.000000e+00 -1.000000e+00
   outer loop
     vertex  5.000000e+00  8.600000e+00 -2.500000e+00
     vertex  0.000000e+00 -8.600000e+00 -2.500000e+00
     vertex  0.000000e+00  8.600000e+00 -2.500000e+00
   endloop
 endfacet
 facet normal  0.000000e+00 -0.000000e+00 -1.000000e+00
   outer loop
     vertex  5.000000e+00  8.600000e+00 -2.500000e+00
     vertex  5.000000e+00 -8.600000e+00 -2.500000e+00
     vertex  0.000000e+00 -8.600000e+00 -2.500000e+00
   endloop
 endfacet
 facet normal  0.000000e+00  1.000000e+00  0.000000e+00
   outer loop
     vertex  5.000000e+00  8.600000e+00  3.050000e+01
     vertex  5.000000e+00  8.600000e+00 -2.500000e+00
     vertex  0.000000e+00  8.600000e+00 -2.500000e+00
   endloop
 endfacet
 facet normal  0.000000e+00  1.000000e+00  0.000000e+00
   outer loop
     vertex  5.000000e+00  8.600000e+00  3.050000e+01
     vertex  0.000000e+00  8.600000e+00 -2.500000e+00
     vertex  0.000000e+00  8.600000e+00  3.050000e+01
   endloop
 endfacet
 facet normal  0.000000e+00  1.371831e-02 -9.999059e-01
   outer loop
     vertex  5.000000e+00 -4.252277e-02  1.549417e+00
     vertex  0.000000e+00  3.796405e-16  1.550000e+00
     vertex  5.000000e+00  3.796405e-16  1.550000e+00
   endloop
 endfacet
 facet normal  0.000000e+00  1.371831e-02 -9.999059e-01
   outer loop
     vertex  5.000000e+00 -4.252277e-02  1.549417e+00
     vertex  0.000000e+00 -4.252277e-02  1.549417e+00
     vertex  0.000000e+00  3.796405e-16  1.550000e+00
   endloop
 endfacet
 facet normal  0.000000e+00  4.114462e-02 -9.991532e-01
   outer loop
     vertex  5.000000e+00 -8.501354e-02  1.547667e+00
     vertex  0.000000e+00 -8.501354e-02  1.547667e+00
     vertex  0.000000e+00 -4.252277e-02  1.549417e+00
   endloop
 endfacet
 facet normal  0.000000e+00  6.853995e-02 -9.976484e-01
   outer loop
     vertex  5.000000e+00 -8.501354e-02  1.547667e+00
     vertex  0.000000e+00 -1.274403e-01  1.544752e+00
     vertex  0.000000e+00 -8.501354e-02  1.547667e+00
   endloop
 endfacet
 facet normal  0.000000e+00  4.114462e-02 -9.991532e-01
   outer loop
     vertex  5.000000e+00 -8.501354e-02  1.547667e+00
     vertex  0.000000e+00 -4.252277e-02  1.549417e+00
     vertex  5.000000e+00 -4.252277e-02  1.549417e+00
   endloop
 endfacet
 facet normal  0.000000e+00  6.853995e-02 -9.976484e-01
   outer loop
     vertex  5.000000e+00 -1.274403e-01  1.544752e+00
     vertex  0.000000e+00 -1.274403e-01  1.544752e+00
     vertex  5.000000e+00 -8.501354e-02  1.547667e+00
   endloop
 endfacet
 facet normal  0.000000e+00  9.588368e-02 -9.953925e-01
   outer loop
     vertex  5.000000e+00 -1.697711e-01  1.540674e+00
     vertex  0.000000e+00 -1.697711e-01  1.540674e+00
     vertex  0.000000e+00 -1.274403e-01  1.544752e+00
   endloop
 endfacet
 facet normal  0.000000e+00  9.588368e-02 -9.953925e-01
   outer loop
     vertex  5.000000e+00 -1.697711e-01  1.540674e+00
     vertex  0.000000e+00 -1.274403e-01  1.544752e+00
     vertex  5.000000e+00 -1.274403e-01  1.544752e+00
   endloop
 endfacet
 facet normal  0.000000e+00  1.231552e-01 -9.923874e-01
   outer loop
     vertex  5.000000e+00 -2.119742e-01  1.535437e+00
     vertex  0.000000e+00 -2.119742e-01  1.535437e+00
     vertex  0.000000e+00 -1.697711e-01  1.540674e+00
   endloop
 endfacet
 facet normal  0.000000e+00  1.503341e-01 -9.886353e-01
   outer loop
     vertex  5.000000e+00 -2.119742e-01  1.535437e+00
     vertex  0.000000e+00 -2.540177e-01  1.529044e+00
     vertex  0.000000e+00 -2.119742e-01  1.535437e+00
   endloop
 endfacet
 facet normal  0.000000e+00  1.231552e-01 -9.923874e-01
   outer loop
     vertex  5.000000e+00 -2.119742e-01  1.535437e+00
     vertex  0.000000e+00 -1.697711e-01  1.540674e+00
     vertex  5.000000e+00 -1.697711e-01  1.540674e+00
   endloop
 endfacet
 facet normal  0.000000e+00  1.503341e-01 -9.886353e-01
   outer loop
     vertex  5.000000e+00 -2.540177e-01  1.529044e+00
     vertex  0.000000e+00 -2.540177e-01  1.529044e+00
     vertex  5.000000e+00 -2.119742e-01  1.535437e+00
   endloop
 endfacet
 facet normal  0.000000e+00  1.773998e-01 -9.841389e-01
   outer loop
     vertex  5.000000e+00 -2.958699e-01  1.521500e+00
     vertex  0.000000e+00 -2.958699e-01  1.521500e+00
     vertex  0.000000e+00 -2.540177e-01  1.529044e+00
   endloop
 endfacet
 facet normal  0.000000e+00  1.773998e-01 -9.841389e-01
   outer loop
     vertex  5.000000e+00 -2.958699e-01  1.521500e+00
     vertex  0.000000e+00 -2.540177e-01  1.529044e+00
     vertex  5.000000e+00 -2.540177e-01  1.529044e+00
   endloop
 endfacet
 facet normal  0.000000e+00  2.043319e-01 -9.789017e-01
   outer loop
     vertex  5.000000e+00 -3.374994e-01  1.512810e+00
     vertex  0.000000e+00 -3.374994e-01  1.512810e+00
     vertex  0.000000e+00 -2.958699e-01  1.521500e+00
   endloop
 endfacet
 facet normal  0.000000e+00  2.043319e-01 -9.789017e-01
   outer loop
     vertex  5.000000e+00 -3.374994e-01  1.512810e+00
     vertex  0.000000e+00 -2.958699e-01  1.521500e+00
     vertex  5.000000e+00 -2.958699e-01  1.521500e+00
   endloop
 endfacet
 facet normal  0.000000e+00  2.311102e-01 -9.729276e-01
   outer loop
     vertex  5.000000e+00 -3.788749e-01  1.502982e+00
     vertex  0.000000e+00 -3.788749e-01  1.502982e+00
     vertex  0.000000e+00 -3.374994e-01  1.512810e+00
   endloop
 endfacet
 facet normal  0.000000e+00  2.311102e-01 -9.729276e-01
   outer loop
     vertex  5.000000e+00 -3.788749e-01  1.502982e+00
     vertex  0.000000e+00 -3.374994e-01  1.512810e+00
     vertex  5.000000e+00 -3.374994e-01  1.512810e+00
   endloop
 endfacet
 facet normal  0.000000e+00  2.577146e-01 -9.662211e-01
   outer loop
     vertex  5.000000e+00 -4.199652e-01  1.492022e+00
     vertex  0.000000e+00 -3.788749e-01  1.502982e+00
     vertex  5.000000e+00 -3.788749e-01  1.502982e+00
   endloop
 endfacet
 facet normal  0.000000e+00  2.577146e-01 -9.662211e-01
   outer loop
     vertex  5.000000e+00 -4.199652e-01  1.492022e+00
     vertex  0.000000e+00 -4.199652e-01  1.492022e+00
     vertex  0.000000e+00 -3.788749e-01  1.502982e+00
   endloop
 endfacet
 facet normal  0.000000e+00  2.841250e-01 -9.587873e-01
   outer loop
     vertex  5.000000e+00 -4.199652e-01  1.492022e+00
     vertex  0.000000e+00 -4.607393e-01  1.479939e+00
     vertex  0.000000e+00 -4.199652e-01  1.492022e+00
   endloop
 endfacet
 facet normal  0.000000e+00  2.841250e-01 -9.587873e-01
   outer loop
     vertex  5.000000e+00 -4.607393e-01  1.479939e+00
     vertex  0.000000e+00 -4.607393e-01  1.479939e+00
     vertex  5.000000e+00 -4.199652e-01  1.492022e+00
   endloop
 endfacet
 facet normal  0.000000e+00  3.103214e-01 -9.506317e-01
   outer loop
     vertex  5.000000e+00 -4.607393e-01  1.479939e+00
     vertex  0.000000e+00 -5.011666e-01  1.466742e+00
     vertex  0.000000e+00 -4.607393e-01  1.479939e+00
   endloop
 endfacet
 facet normal  0.000000e+00  3.103214e-01 -9.506317e-01
   outer loop
     vertex  5.000000e+00 -5.011666e-01  1.466742e+00
     vertex  0.000000e+00 -5.011666e-01  1.466742e+00
     vertex  5.000000e+00 -4.607393e-01  1.479939e+00
   endloop
 endfacet
 facet normal  0.000000e+00  3.362843e-01 -9.417605e-01
   outer loop
     vertex  5.000000e+00 -5.412166e-01  1.452441e+00
     vertex  0.000000e+00 -5.011666e-01  1.466742e+00
     vertex  5.000000e+00 -5.011666e-01  1.466742e+00
   endloop
 endfacet
 facet normal  0.000000e+00  3.362843e-01 -9.417605e-01
   outer loop
     vertex  5.000000e+00 -5.412166e-01  1.452441e+00
     vertex  0.000000e+00 -5.412166e-01  1.452441e+00
     vertex  0.000000e+00 -5.011666e-01  1.466742e+00
   endloop
 endfacet
 facet normal  0.000000e+00  3.619940e-01 -9.321804e-01
   outer loop
     vertex  5.000000e+00 -5.412166e-01  1.452441e+00
     vertex  0.000000e+00 -5.808593e-01  1.437046e+00
     vertex  0.000000e+00 -5.412166e-01  1.452441e+00
   endloop
 endfacet
 facet normal  0.000000e+00  3.619940e-01 -9.321804e-01
   outer loop
     vertex  5.000000e+00 -5.808593e-01  1.437046e+00
     vertex  0.000000e+00 -5.808593e-01  1.437046e+00
     vertex  5.000000e+00 -5.412166e-01  1.452441e+00
   endloop
 endfacet
 facet normal  0.000000e+00  3.874313e-01 -9.218986e-01
   outer loop
     vertex  5.000000e+00 -6.200647e-01  1.420570e+00
     vertex  0.000000e+00 -5.808593e-01  1.437046e+00
     vertex  5.000000e+00 -5.808593e-01  1.437046e+00
   endloop
 endfacet
 facet normal  0.000000e+00  3.874313e-01 -9.218986e-01
   outer loop
     vertex  5.000000e+00 -6.200647e-01  1.420570e+00
     vertex  0.000000e+00 -6.200647e-01  1.420570e+00
     vertex  0.000000e+00 -5.808593e-01  1.437046e+00
   endloop
 endfacet
 facet normal  0.000000e+00  4.125769e-01 -9.109228e-01
   outer loop
     vertex  5.000000e+00 -6.588033e-01  1.403025e+00
     vertex  0.000000e+00 -6.200647e-01  1.420570e+00
     vertex  5.000000e+00 -6.200647e-01  1.420570e+00
   endloop
 endfacet
 facet normal  0.000000e+00  4.125769e-01 -9.109228e-01
   outer loop
     vertex  5.000000e+00 -6.588033e-01  1.403025e+00
     vertex  0.000000e+00 -6.588033e-01  1.403025e+00
     vertex  0.000000e+00 -6.200647e-01  1.420570e+00
   endloop
 endfacet
 facet normal  0.000000e+00  4.374119e-01 -8.992613e-01
   outer loop
     vertex  5.000000e+00 -6.970459e-01  1.384423e+00
     vertex  0.000000e+00 -6.588033e-01  1.403025e+00
     vertex  5.000000e+00 -6.588033e-01  1.403025e+00
   endloop
 endfacet
 facet normal  0.000000e+00  4.374119e-01 -8.992613e-01
   outer loop
     vertex  5.000000e+00 -6.970459e-01  1.384423e+00
     vertex  0.000000e+00 -6.970459e-01  1.384423e+00
     vertex  0.000000e+00 -6.588033e-01  1.403025e+00
   endloop
 endfacet
 facet normal  0.000000e+00  4.619176e-01 -8.869228e-01
   outer loop
     vertex  5.000000e+00 -7.347639e-01  1.364779e+00
     vertex  0.000000e+00 -6.970459e-01  1.384423e+00
     vertex  5.000000e+00 -6.970459e-01  1.384423e+00
   endloop
 endfacet
 facet normal  0.000000e+00  4.619176e-01 -8.869228e-01
   outer loop
     vertex  5.000000e+00 -7.347639e-01  1.364779e+00
     vertex  0.000000e+00 -7.347639e-01  1.364779e+00
     vertex  0.000000e+00 -6.970459e-01  1.384423e+00
   endloop
 endfacet
 facet normal  0.000000e+00  4.860756e-01 -8.739167e-01
   outer loop
     vertex  5.000000e+00 -7.719288e-01  1.344108e+00
     vertex  0.000000e+00 -7.347639e-01  1.364779e+00
     vertex  5.000000e+00 -7.347639e-01  1.364779e+00
   endloop
 endfacet
 facet normal  0.000000e+00  4.860756e-01 -8.739167e-01
   outer loop
     vertex  5.000000e+00 -7.719288e-01  1.344108e+00
     vertex  0.000000e+00 -7.719288e-01  1.344108e+00
     vertex  0.000000e+00 -7.347639e-01  1.364779e+00
   endloop
 endfacet
 facet normal  0.000000e+00  5.098678e-01 -8.602528e-01
   outer loop
     vertex  5.000000e+00 -8.085126e-01  1.322425e+00
     vertex  0.000000e+00 -7.719288e-01  1.344108e+00
     vertex  5.000000e+00 -7.719288e-01  1.344108e+00
   endloop
 endfacet
 facet normal  0.000000e+00  5.098678e-01 -8.602528e-01
   outer loop
     vertex  5.000000e+00 -8.085126e-01  1.322425e+00
     vertex  0.000000e+00 -8.085126e-01  1.322425e+00
     vertex  0.000000e+00 -7.719288e-01  1.344108e+00
   endloop
 endfacet
 facet normal  0.000000e+00  5.332761e-01 -8.459413e-01
   outer loop
     vertex  5.000000e+00 -8.444877e-01  1.299746e+00
     vertex  0.000000e+00 -8.085126e-01  1.322425e+00
     vertex  5.000000e+00 -8.085126e-01  1.322425e+00
   endloop
 endfacet
 facet normal  0.000000e+00  5.332761e-01 -8.459413e-01
   outer loop
     vertex  5.000000e+00 -8.444877e-01  1.299746e+00
     vertex  0.000000e+00 -8.444877e-01  1.299746e+00
     vertex  0.000000e+00 -8.085126e-01  1.322425e+00
   endloop
 endfacet
 facet normal  0.000000e+00  5.562829e-01 -8.309929e-01
   outer loop
     vertex  5.000000e+00 -8.798272e-01  1.276089e+00
     vertex  0.000000e+00 -8.798272e-01  1.276089e+00
     vertex  0.000000e+00 -8.444877e-01  1.299746e+00
   endloop
 endfacet
 facet normal  0.000000e+00  5.562829e-01 -8.309929e-01
   outer loop
     vertex  5.000000e+00 -8.798272e-01  1.276089e+00
     vertex  0.000000e+00 -8.444877e-01  1.299746e+00
     vertex  5.000000e+00 -8.444877e-01  1.299746e+00
   endloop
 endfacet
 facet normal  0.000000e+00  5.788711e-01 -8.154191e-01
   outer loop
     vertex  5.000000e+00 -9.145043e-01  1.251472e+00
     vertex  0.000000e+00 -9.145043e-01  1.251472e+00
     vertex  0.000000e+00 -8.798272e-01  1.276089e+00
   endloop
 endfacet
 facet normal  0.000000e+00  5.788711e-01 -8.154191e-01
   outer loop
     vertex  5.000000e+00 -9.145043e-01  1.251472e+00
     vertex  0.000000e+00 -8.798272e-01  1.276089e+00
     vertex  5.000000e+00 -8.798272e-01  1.276089e+00
   endloop
 endfacet
 facet normal  0.000000e+00  6.010234e-01 -7.992314e-01
   outer loop
     vertex  5.000000e+00 -9.484930e-01  1.225912e+00
     vertex  0.000000e+00 -9.484930e-01  1.225912e+00
     vertex  0.000000e+00 -9.145043e-01  1.251472e+00
   endloop
 endfacet
 facet normal  0.000000e+00  6.010234e-01 -7.992314e-01
   outer loop
     vertex  5.000000e+00 -9.484930e-01  1.225912e+00
     vertex  0.000000e+00 -9.145043e-01  1.251472e+00
     vertex  5.000000e+00 -9.145043e-01  1.251472e+00
   endloop
 endfacet
 facet normal  0.000000e+00  6.227234e-01 -7.824421e-01
   outer loop
     vertex  5.000000e+00 -9.817678e-01  1.199430e+00
     vertex  0.000000e+00 -9.817678e-01  1.199430e+00
     vertex  0.000000e+00 -9.484930e-01  1.225912e+00
   endloop
 endfacet
 facet normal  0.000000e+00  6.439545e-01 -7.650637e-01
   outer loop
     vertex  5.000000e+00 -9.817678e-01  1.199430e+00
     vertex  0.000000e+00 -1.014303e+00  1.172045e+00
     vertex  0.000000e+00 -9.817678e-01  1.199430e+00
   endloop
 endfacet
 facet normal  0.000000e+00  6.227234e-01 -7.824421e-01
   outer loop
     vertex  5.000000e+00 -9.817678e-01  1.199430e+00
     vertex  0.000000e+00 -9.484930e-01  1.225912e+00
     vertex  5.000000e+00 -9.484930e-01  1.225912e+00
   endloop
 endfacet
 facet normal  0.000000e+00  6.439545e-01 -7.650637e-01
   outer loop
     vertex  5.000000e+00 -1.014303e+00  1.172045e+00
     vertex  0.000000e+00 -1.014303e+00  1.172045e+00
     vertex  5.000000e+00 -9.817678e-01  1.199430e+00
   endloop
 endfacet
 facet normal  0.000000e+00  6.647010e-01 -7.471095e-01
   outer loop
     vertex  5.000000e+00 -1.046076e+00  1.143777e+00
     vertex  0.000000e+00 -1.046076e+00  1.143777e+00
     vertex  0.000000e+00 -1.014303e+00  1.172045e+00
   endloop
 endfacet
 facet normal  0.000000e+00  6.647010e-01 -7.471095e-01
   outer loop
     vertex  5.000000e+00 -1.046076e+00  1.143777e+00
     vertex  0.000000e+00 -1.014303e+00  1.172045e+00
     vertex  5.000000e+00 -1.014303e+00  1.172045e+00
   endloop
 endfacet
 facet normal  0.000000e+00  6.849470e-01 -7.285929e-01
   outer loop
     vertex  5.000000e+00 -1.077060e+00  1.114648e+00
     vertex  0.000000e+00 -1.077060e+00  1.114648e+00
     vertex  0.000000e+00 -1.046076e+00  1.143777e+00
   endloop
 endfacet
 facet normal  0.000000e+00  6.849470e-01 -7.285929e-01
   outer loop
     vertex  5.000000e+00 -1.077060e+00  1.114648e+00
     vertex  0.000000e+00 -1.046076e+00  1.143777e+00
     vertex  5.000000e+00 -1.046076e+00  1.143777e+00
   endloop
 endfacet
 facet normal  0.000000e+00  7.046775e-01 -7.095278e-01
   outer loop
     vertex  5.000000e+00 -1.107234e+00  1.084681e+00
     vertex  0.000000e+00 -1.107234e+00  1.084681e+00
     vertex  0.000000e+00 -1.077060e+00  1.114648e+00
   endloop
 endfacet
 facet normal  0.000000e+00  7.046775e-01 -7.095278e-01
   outer loop
     vertex  5.000000e+00 -1.107234e+00  1.084681e+00
     vertex  0.000000e+00 -1.077060e+00  1.114648e+00
     vertex  5.000000e+00 -1.077060e+00  1.114648e+00
   endloop
 endfacet
 facet normal  0.000000e+00  7.238775e-01 -6.899286e-01
   outer loop
     vertex  5.000000e+00 -1.136575e+00  1.053897e+00
     vertex  0.000000e+00 -1.136575e+00  1.053897e+00
     vertex  0.000000e+00 -1.107234e+00  1.084681e+00
   endloop
 endfacet
 facet normal  0.000000e+00  7.238775e-01 -6.899286e-01
   outer loop
     vertex  5.000000e+00 -1.136575e+00  1.053897e+00
     vertex  0.000000e+00 -1.107234e+00  1.084681e+00
     vertex  5.000000e+00 -1.107234e+00  1.084681e+00
   endloop
 endfacet
 facet normal  0.000000e+00  7.425325e-01 -6.698100e-01
   outer loop
     vertex  5.000000e+00 -1.165060e+00  1.022319e+00
     vertex  0.000000e+00 -1.165060e+00  1.022319e+00
     vertex  0.000000e+00 -1.136575e+00  1.053897e+00
   endloop
 endfacet
 facet normal  0.000000e+00  7.425325e-01 -6.698100e-01
   outer loop
     vertex  5.000000e+00 -1.165060e+00  1.022319e+00
     vertex  0.000000e+00 -1.136575e+00  1.053897e+00
     vertex  5.000000e+00 -1.136575e+00  1.053897e+00
   endloop
 endfacet
 facet normal  0.000000e+00  7.606287e-01 -6.491872e-01
   outer loop
     vertex  5.000000e+00 -1.192667e+00  9.899720e-01
     vertex  0.000000e+00 -1.192667e+00  9.899720e-01
     vertex  0.000000e+00 -1.165060e+00  1.022319e+00
   endloop
 endfacet
 facet normal  0.000000e+00  7.606287e-01 -6.491872e-01
   outer loop
     vertex  5.000000e+00 -1.192667e+00  9.899720e-01
     vertex  0.000000e+00 -1.165060e+00  1.022319e+00
     vertex  5.000000e+00 -1.165060e+00  1.022319e+00
   endloop
 endfacet
 facet normal  0.000000e+00  7.781522e-01 -6.280757e-01
   outer loop
     vertex  5.000000e+00 -1.219377e+00  9.568796e-01
     vertex  0.000000e+00 -1.219377e+00  9.568796e-01
     vertex  0.000000e+00 -1.192667e+00  9.899720e-01
   endloop
 endfacet
 facet normal  0.000000e+00  7.781522e-01 -6.280757e-01
   outer loop
     vertex  5.000000e+00 -1.219377e+00  9.568796e-01
     vertex  0.000000e+00 -1.192667e+00  9.899720e-01
     vertex  5.000000e+00 -1.192667e+00  9.899720e-01
   endloop
 endfacet
 facet normal  0.000000e+00  7.950900e-01 -6.064915e-01
   outer loop
     vertex  5.000000e+00 -1.245170e+00  9.230670e-01
     vertex  0.000000e+00 -1.245170e+00  9.230670e-01
     vertex  0.000000e+00 -1.219377e+00  9.568796e-01
   endloop
 endfacet
 facet normal  0.000000e+00  7.950900e-01 -6.064915e-01
   outer loop
     vertex  5.000000e+00 -1.245170e+00  9.230670e-01
     vertex  0.000000e+00 -1.219377e+00  9.568796e-01
     vertex  5.000000e+00 -1.219377e+00  9.568796e-01
   endloop
 endfacet
 facet normal  0.000000e+00  8.114292e-01 -5.844507e-01
   outer loop
     vertex  5.000000e+00 -1.270024e+00  8.885596e-01
     vertex  0.000000e+00 -1.270024e+00  8.885596e-01
     vertex  0.000000e+00 -1.245170e+00  9.230670e-01
   endloop
 endfacet
 facet normal  0.000000e+00  8.114292e-01 -5.844507e-01
   outer loop
     vertex  5.000000e+00 -1.270024e+00  8.885596e-01
     vertex  0.000000e+00 -1.245170e+00  9.230670e-01
     vertex  5.000000e+00 -1.245170e+00  9.230670e-01
   endloop
 endfacet
 facet normal  0.000000e+00  8.271577e-01 -5.619699e-01
   outer loop
     vertex  5.000000e+00 -1.293923e+00  8.533832e-01
     vertex  0.000000e+00 -1.270024e+00  8.885596e-01
     vertex  5.000000e+00 -1.270024e+00  8.885596e-01
   endloop
 endfacet
 facet normal  0.000000e+00  8.271577e-01 -5.619699e-01
   outer loop
     vertex  5.000000e+00 -1.293923e+00  8.533832e-01
     vertex  0.000000e+00 -1.293923e+00  8.533832e-01
     vertex  0.000000e+00 -1.270024e+00  8.885596e-01
   endloop
 endfacet
 facet normal  0.000000e+00  8.422635e-01 -5.390661e-01
   outer loop
     vertex  5.000000e+00 -1.293923e+00  8.533832e-01
     vertex  0.000000e+00 -1.316848e+00  8.175645e-01
     vertex  0.000000e+00 -1.293923e+00  8.533832e-01
   endloop
 endfacet
 facet normal  0.000000e+00  8.422635e-01 -5.390661e-01
   outer loop
     vertex  5.000000e+00 -1.316848e+00  8.175645e-01
     vertex  0.000000e+00 -1.316848e+00  8.175645e-01
     vertex  5.000000e+00 -1.293923e+00  8.533832e-01
   endloop
 endfacet
 facet normal  0.000000e+00  8.567352e-01 -5.157565e-01
   outer loop
     vertex  5.000000e+00 -1.316848e+00  8.175645e-01
     vertex  0.000000e+00 -1.338781e+00  7.811303e-01
     vertex  0.000000e+00 -1.316848e+00  8.175645e-01
   endloop
 endfacet
 facet normal  0.000000e+00  8.567352e-01 -5.157565e-01
   outer loop
     vertex  5.000000e+00 -1.338781e+00  7.811303e-01
     vertex  0.000000e+00 -1.338781e+00  7.811303e-01
     vertex  5.000000e+00 -1.316848e+00  8.175645e-01
   endloop
 endfacet
 facet normal  0.000000e+00  8.705620e-01 -4.920587e-01
   outer loop
     vertex  5.000000e+00 -1.359707e+00  7.441081e-01
     vertex  0.000000e+00 -1.338781e+00  7.811303e-01
     vertex  5.000000e+00 -1.338781e+00  7.811303e-01
   endloop
 endfacet
 facet normal  0.000000e+00  8.705620e-01 -4.920587e-01
   outer loop
     vertex  5.000000e+00 -1.359707e+00  7.441081e-01
     vertex  0.000000e+00 -1.359707e+00  7.441081e-01
     vertex  0.000000e+00 -1.338781e+00  7.811303e-01
   endloop
 endfacet
 facet normal  0.000000e+00  8.837335e-01 -4.679904e-01
   outer loop
     vertex  5.000000e+00 -1.379609e+00  7.065257e-01
     vertex  0.000000e+00 -1.359707e+00  7.441081e-01
     vertex  5.000000e+00 -1.359707e+00  7.441081e-01
   endloop
 endfacet
 facet normal  0.000000e+00  8.837335e-01 -4.679904e-01
   outer loop
     vertex  5.000000e+00 -1.379609e+00  7.065257e-01
     vertex  0.000000e+00 -1.379609e+00  7.065257e-01
     vertex  0.000000e+00 -1.359707e+00  7.441081e-01
   endloop
 endfacet
 facet normal  0.000000e+00  8.962398e-01 -4.435699e-01
   outer loop
     vertex  5.000000e+00 -1.398473e+00  6.684116e-01
     vertex  0.000000e+00 -1.379609e+00  7.065257e-01
     vertex  5.000000e+00 -1.379609e+00  7.065257e-01
   endloop
 endfacet
 facet normal  0.000000e+00  8.962398e-01 -4.435699e-01
   outer loop
     vertex  5.000000e+00 -1.398473e+00  6.684116e-01
     vertex  0.000000e+00 -1.398473e+00  6.684116e-01
     vertex  0.000000e+00 -1.379609e+00  7.065257e-01
   endloop
 endfacet
 facet normal  0.000000e+00  9.080714e-01 -4.188155e-01
   outer loop
     vertex  5.000000e+00 -1.416284e+00  6.297942e-01
     vertex  0.000000e+00 -1.398473e+00  6.684116e-01
     vertex  5.000000e+00 -1.398473e+00  6.684116e-01
   endloop
 endfacet
 facet normal  0.000000e+00  9.080714e-01 -4.188155e-01
   outer loop
     vertex  5.000000e+00 -1.416284e+00  6.297942e-01
     vertex  0.000000e+00 -1.416284e+00  6.297942e-01
     vertex  0.000000e+00 -1.398473e+00  6.684116e-01
   endloop
 endfacet
 facet normal  0.000000e+00  9.192194e-01 -3.937458e-01
   outer loop
     vertex  5.000000e+00 -1.433028e+00  5.907028e-01
     vertex  0.000000e+00 -1.416284e+00  6.297942e-01
     vertex  5.000000e+00 -1.416284e+00  6.297942e-01
   endloop
 endfacet
 facet normal  0.000000e+00  9.192194e-01 -3.937458e-01
   outer loop
     vertex  5.000000e+00 -1.433028e+00  5.907028e-01
     vertex  0.000000e+00 -1.433028e+00  5.907028e-01
     vertex  0.000000e+00 -1.416284e+00  6.297942e-01
   endloop
 endfacet
 facet normal  0.000000e+00  9.296754e-01 -3.683796e-01
   outer loop
     vertex  5.000000e+00 -1.448694e+00  5.511667e-01
     vertex  0.000000e+00 -1.433028e+00  5.907028e-01
     vertex  5.000000e+00 -1.433028e+00  5.907028e-01
   endloop
 endfacet
 facet normal  0.000000e+00  9.296754e-01 -3.683796e-01
   outer loop
     vertex  5.000000e+00 -1.448694e+00  5.511667e-01
     vertex  0.000000e+00 -1.448694e+00  5.511667e-01
     vertex  0.000000e+00 -1.433028e+00  5.907028e-01
   endloop
 endfacet
 facet normal  0.000000e+00  9.394317e-01 -3.427362e-01
   outer loop
     vertex  5.000000e+00 -1.463270e+00  5.112157e-01
     vertex  0.000000e+00 -1.448694e+00  5.511667e-01
     vertex  5.000000e+00 -1.448694e+00  5.511667e-01
   endloop
 endfacet
 facet normal  0.000000e+00  9.394317e-01 -3.427362e-01
   outer loop
     vertex  5.000000e+00 -1.463270e+00  5.112157e-01
     vertex  0.000000e+00 -1.463270e+00  5.112157e-01
     vertex  0.000000e+00 -1.448694e+00  5.511667e-01
   endloop
 endfacet
 facet normal  0.000000e+00  9.484807e-01 -3.168348e-01
   outer loop
     vertex  5.000000e+00 -1.476744e+00  4.708798e-01
     vertex  0.000000e+00 -1.463270e+00  5.112157e-01
     vertex  5.000000e+00 -1.463270e+00  5.112157e-01
   endloop
 endfacet
 facet normal  0.000000e+00  9.484807e-01 -3.168348e-01
   outer loop
     vertex  5.000000e+00 -1.476744e+00  4.708798e-01
     vertex  0.000000e+00 -1.476744e+00  4.708798e-01
     vertex  0.000000e+00 -1.463270e+00  5.112157e-01
   endloop
 endfacet
 facet normal  0.000000e+00  9.568158e-01 -2.906949e-01
   outer loop
     vertex  5.000000e+00 -1.489106e+00  4.301896e-01
     vertex  0.000000e+00 -1.476744e+00  4.708798e-01
     vertex  5.000000e+00 -1.476744e+00  4.708798e-01
   endloop
 endfacet
 facet normal  0.000000e+00  9.568158e-01 -2.906949e-01
   outer loop
     vertex  5.000000e+00 -1.489106e+00  4.301896e-01
     vertex  0.000000e+00 -1.489106e+00  4.301896e-01
     vertex  0.000000e+00 -1.476744e+00  4.708798e-01
   endloop
 endfacet
 facet normal  0.000000e+00  9.644306e-01 -2.643362e-01
   outer loop
     vertex  5.000000e+00 -1.489106e+00  4.301896e-01
     vertex  0.000000e+00 -1.500347e+00  3.891754e-01
     vertex  0.000000e+00 -1.489106e+00  4.301896e-01
   endloop
 endfacet
 facet normal  0.000000e+00  9.644306e-01 -2.643362e-01
   outer loop
     vertex  5.000000e+00 -1.500347e+00  3.891754e-01
     vertex  0.000000e+00 -1.500347e+00  3.891754e-01
     vertex  5.000000e+00 -1.489106e+00  4.301896e-01
   endloop
 endfacet
 facet normal  0.000000e+00  9.713194e-01 -2.377784e-01
   outer loop
     vertex  5.000000e+00 -1.500347e+00  3.891754e-01
     vertex  0.000000e+00 -1.510459e+00  3.478683e-01
     vertex  0.000000e+00 -1.500347e+00  3.891754e-01
   endloop
 endfacet
 facet normal  0.000000e+00  9.713194e-01 -2.377784e-01
   outer loop
     vertex  5.000000e+00 -1.510459e+00  3.478683e-01
     vertex  0.000000e+00 -1.510459e+00  3.478683e-01
     vertex  5.000000e+00 -1.500347e+00  3.891754e-01
   endloop
 endfacet
 facet normal  0.000000e+00  9.774771e-01 -2.110417e-01
   outer loop
     vertex  5.000000e+00 -1.519434e+00  3.062994e-01
     vertex  0.000000e+00 -1.510459e+00  3.478683e-01
     vertex  5.000000e+00 -1.510459e+00  3.478683e-01
   endloop
 endfacet
 facet normal  0.000000e+00  9.774771e-01 -2.110417e-01
   outer loop
     vertex  5.000000e+00 -1.519434e+00  3.062994e-01
     vertex  0.000000e+00 -1.519434e+00  3.062994e-01
     vertex  0.000000e+00 -1.510459e+00  3.478683e-01
   endloop
 endfacet
 facet normal  0.000000e+00  9.828989e-01 -1.841461e-01
   outer loop
     vertex  5.000000e+00 -1.519434e+00  3.062994e-01
     vertex  0.000000e+00 -1.527265e+00  2.644999e-01
     vertex  0.000000e+00 -1.519434e+00  3.062994e-01
   endloop
 endfacet
 facet normal  0.000000e+00  9.828989e-01 -1.841461e-01
   outer loop
     vertex  5.000000e+00 -1.527265e+00  2.644999e-01
     vertex  0.000000e+00 -1.527265e+00  2.644999e-01
     vertex  5.000000e+00 -1.519434e+00  3.062994e-01
   endloop
 endfacet
 facet normal  0.000000e+00  9.875808e-01 -1.571119e-01
   outer loop
     vertex  5.000000e+00 -1.527265e+00  2.644999e-01
     vertex  0.000000e+00 -1.533947e+00  2.225012e-01
     vertex  0.000000e+00 -1.527265e+00  2.644999e-01
   endloop
 endfacet
 facet normal  0.000000e+00  9.875808e-01 -1.571119e-01
   outer loop
     vertex  5.000000e+00 -1.533947e+00  2.225012e-01
     vertex  0.000000e+00 -1.533947e+00  2.225012e-01
     vertex  5.000000e+00 -1.527265e+00  2.644999e-01
   endloop
 endfacet
 facet normal  0.000000e+00  9.915193e-01 -1.299594e-01
   outer loop
     vertex  5.000000e+00 -1.539474e+00  1.803351e-01
     vertex  0.000000e+00 -1.533947e+00  2.225012e-01
     vertex  5.000000e+00 -1.533947e+00  2.225012e-01
   endloop
 endfacet
 facet normal  0.000000e+00  9.915193e-01 -1.299594e-01
   outer loop
     vertex  5.000000e+00 -1.539474e+00  1.803351e-01
     vertex  0.000000e+00 -1.539474e+00  1.803351e-01
     vertex  0.000000e+00 -1.533947e+00  2.225012e-01
   endloop
 endfacet
 facet normal  0.000000e+00  9.947114e-01 -1.027091e-01
   outer loop
     vertex  5.000000e+00 -1.539474e+00  1.803351e-01
     vertex  0.000000e+00 -1.543842e+00  1.380333e-01
     vertex  0.000000e+00 -1.539474e+00  1.803351e-01
   endloop
 endfacet
 facet normal  0.000000e+00  9.947114e-01 -1.027091e-01
   outer loop
     vertex  5.000000e+00 -1.543842e+00  1.380333e-01
     vertex  0.000000e+00 -1.543842e+00  1.380333e-01
     vertex  5.000000e+00 -1.539474e+00  1.803351e-01
   endloop
 endfacet
 facet normal  0.000000e+00  9.971548e-01 -7.538152e-02
   outer loop
     vertex  5.000000e+00 -1.547047e+00  9.562748e-02
     vertex  0.000000e+00 -1.543842e+00  1.380333e-01
     vertex  5.000000e+00 -1.543842e+00  1.380333e-01
   endloop
 endfacet
 facet normal  0.000000e+00  9.971548e-01 -7.538152e-02
   outer loop
     vertex  5.000000e+00 -1.547047e+00  9.562748e-02
     vertex  0.000000e+00 -1.547047e+00  9.562748e-02
     vertex  0.000000e+00 -1.543842e+00  1.380333e-01
   endloop
 endfacet
 facet normal  0.000000e+00  9.988475e-01 -4.799716e-02
   outer loop
     vertex  5.000000e+00 -1.547047e+00  9.562748e-02
     vertex  0.000000e+00 -1.549088e+00  5.314972e-02
     vertex  0.000000e+00 -1.547047e+00  9.562748e-02
   endloop
 endfacet
 facet normal  0.000000e+00  9.997883e-01 -2.057667e-02
   outer loop
     vertex  5.000000e+00 -1.549088e+00  5.314972e-02
     vertex  0.000000e+00 -1.549964e+00  1.063194e-02
     vertex  0.000000e+00 -1.549088e+00  5.314972e-02
   endloop
 endfacet
 facet normal  0.000000e+00  9.988475e-01 -4.799716e-02
   outer loop
     vertex  5.000000e+00 -1.549088e+00  5.314972e-02
     vertex  0.000000e+00 -1.549088e+00  5.314972e-02
     vertex  5.000000e+00 -1.547047e+00  9.562748e-02
   endloop
 endfacet
 facet normal  0.000000e+00  9.997883e-01 -2.057667e-02
   outer loop
     vertex  5.000000e+00 -1.549964e+00  1.063194e-02
     vertex  0.000000e+00 -1.549964e+00  1.063194e-02
     vertex  5.000000e+00 -1.549088e+00  5.314972e-02
   endloop
 endfacet
 facet normal  0.000000e+00  9.999765e-01  6.859319e-03
   outer loop
     vertex  5.000000e+00 -1.549672e+00 -3.189383e-02
     vertex  0.000000e+00 -1.549672e+00 -3.189383e-02
     vertex  0.000000e+00 -1.549964e+00  1.063194e-02
   endloop
 endfacet
 facet normal  0.000000e+00  9.999765e-01  6.859319e-03
   outer loop
     vertex  5.000000e+00 -1.549672e+00 -3.189383e-02
     vertex  0.000000e+00 -1.549964e+00  1.063194e-02
     vertex  5.000000e+00 -1.549964e+00  1.063194e-02
   endloop
 endfacet
 facet normal  0.000000e+00  9.994119e-01  3.429014e-02
   outer loop
     vertex  5.000000e+00 -1.548214e+00 -7.439560e-02
     vertex  0.000000e+00 -1.548214e+00 -7.439560e-02
     vertex  0.000000e+00 -1.549672e+00 -3.189383e-02
   endloop
 endfacet
 facet normal  0.000000e+00  9.994119e-01  3.429014e-02
   outer loop
     vertex  5.000000e+00 -1.548214e+00 -7.439560e-02
     vertex  0.000000e+00 -1.549672e+00 -3.189383e-02
     vertex  5.000000e+00 -1.549672e+00 -3.189383e-02
   endloop
 endfacet
 facet normal  0.000000e+00  9.980950e-01  6.169515e-02
   outer loop
     vertex  5.000000e+00 -1.545590e+00 -1.168414e-01
     vertex  0.000000e+00 -1.545590e+00 -1.168414e-01
     vertex  0.000000e+00 -1.548214e+00 -7.439560e-02
   endloop
 endfacet
 facet normal  0.000000e+00  9.980950e-01  6.169515e-02
   outer loop
     vertex  5.000000e+00 -1.545590e+00 -1.168414e-01
     vertex  0.000000e+00 -1.548214e+00 -7.439560e-02
     vertex  5.000000e+00 -1.548214e+00 -7.439560e-02
   endloop
 endfacet
 facet normal  0.000000e+00  9.960268e-01  8.905371e-02
   outer loop
     vertex  5.000000e+00 -1.541803e+00 -1.591992e-01
     vertex  0.000000e+00 -1.545590e+00 -1.168414e-01
     vertex  5.000000e+00 -1.545590e+00 -1.168414e-01
   endloop
 endfacet
 facet normal  0.000000e+00  9.960268e-01  8.905371e-02
   outer loop
     vertex  5.000000e+00 -1.541803e+00 -1.591992e-01
     vertex  0.000000e+00 -1.541803e+00 -1.591992e-01
     vertex  0.000000e+00 -1.545590e+00 -1.168414e-01
   endloop
 endfacet
 facet normal  0.000000e+00  9.932088e-01  1.163452e-01
   outer loop
     vertex  5.000000e+00 -1.536855e+00 -2.014371e-01
     vertex  0.000000e+00 -1.541803e+00 -1.591992e-01
     vertex  5.000000e+00 -1.541803e+00 -1.591992e-01
   endloop
 endfacet
 facet normal  0.000000e+00  9.932088e-01  1.163452e-01
   outer loop
     vertex  5.000000e+00 -1.536855e+00 -2.014371e-01
     vertex  0.000000e+00 -1.536855e+00 -2.014371e-01
     vertex  0.000000e+00 -1.541803e+00 -1.591992e-01
   endloop
 endfacet
 facet normal  0.000000e+00  9.896432e-01  1.435492e-01
   outer loop
     vertex  5.000000e+00 -1.536855e+00 -2.014371e-01
     vertex  0.000000e+00 -1.530750e+00 -2.435235e-01
     vertex  0.000000e+00 -1.536855e+00 -2.014371e-01
   endloop
 endfacet
 facet normal  0.000000e+00  9.896432e-01  1.435492e-01
   outer loop
     vertex  5.000000e+00 -1.530750e+00 -2.435235e-01
     vertex  0.000000e+00 -1.530750e+00 -2.435235e-01
     vertex  5.000000e+00 -1.536855e+00 -2.014371e-01
   endloop
 endfacet
 facet normal  0.000000e+00  9.853326e-01  1.706451e-01
   outer loop
     vertex  5.000000e+00 -1.523493e+00 -2.854265e-01
     vertex  0.000000e+00 -1.530750e+00 -2.435235e-01
     vertex  5.000000e+00 -1.530750e+00 -2.435235e-01
   endloop
 endfacet
 facet normal  0.000000e+00  9.853326e-01  1.706451e-01
   outer loop
     vertex  5.000000e+00 -1.523493e+00 -2.854265e-01
     vertex  0.000000e+00 -1.523493e+00 -2.854265e-01
     vertex  0.000000e+00 -1.530750e+00 -2.435235e-01
   endloop
 endfacet
 facet normal  0.000000e+00  9.802802e-01  1.976125e-01
   outer loop
     vertex  5.000000e+00 -1.515089e+00 -3.271147e-01
     vertex  0.000000e+00 -1.523493e+00 -2.854265e-01
     vertex  5.000000e+00 -1.523493e+00 -2.854265e-01
   endloop
 endfacet
 facet normal  0.000000e+00  9.802802e-01  1.976125e-01
   outer loop
     vertex  5.000000e+00 -1.515089e+00 -3.271147e-01
     vertex  0.000000e+00 -1.515089e+00 -3.271147e-01
     vertex  0.000000e+00 -1.523493e+00 -2.854265e-01
   endloop
 endfacet
 facet normal  0.000000e+00  9.744899e-01  2.244312e-01
   outer loop
     vertex  5.000000e+00 -1.515089e+00 -3.271147e-01
     vertex  0.000000e+00 -1.505545e+00 -3.685566e-01
     vertex  0.000000e+00 -1.515089e+00 -3.271147e-01
   endloop
 endfacet
 facet normal  0.000000e+00  9.744899e-01  2.244312e-01
   outer loop
     vertex  5.000000e+00 -1.505545e+00 -3.685566e-01
     vertex  0.000000e+00 -1.505545e+00 -3.685566e-01
     vertex  5.000000e+00 -1.515089e+00 -3.271147e-01
   endloop
 endfacet
 facet normal  0.000000e+00  9.679661e-01  2.510809e-01
   outer loop
     vertex  5.000000e+00 -1.494867e+00 -4.097210e-01
     vertex  0.000000e+00 -1.505545e+00 -3.685566e-01
     vertex  5.000000e+00 -1.505545e+00 -3.685566e-01
   endloop
 endfacet
 facet normal  0.000000e+00  9.679661e-01  2.510809e-01
   outer loop
     vertex  5.000000e+00 -1.494867e+00 -4.097210e-01
     vertex  0.000000e+00 -1.494867e+00 -4.097210e-01
     vertex  0.000000e+00 -1.505545e+00 -3.685566e-01
   endloop
 endfacet
 facet normal  0.000000e+00  9.607136e-01  2.775416e-01
   outer loop
     vertex  5.000000e+00 -1.494867e+00 -4.097210e-01
     vertex  0.000000e+00 -1.483064e+00 -4.505771e-01
     vertex  0.000000e+00 -1.494867e+00 -4.097210e-01
   endloop
 endfacet
 facet normal  0.000000e+00  9.607136e-01  2.775416e-01
   outer loop
     vertex  5.000000e+00 -1.483064e+00 -4.505771e-01
     vertex  0.000000e+00 -1.483064e+00 -4.505771e-01
     vertex  5.000000e+00 -1.494867e+00 -4.097210e-01
   endloop
 endfacet
 facet normal  0.000000e+00  9.527379e-01  3.037934e-01
   outer loop
     vertex  5.000000e+00 -1.470145e+00 -4.910940e-01
     vertex  0.000000e+00 -1.483064e+00 -4.505771e-01
     vertex  5.000000e+00 -1.483064e+00 -4.505771e-01
   endloop
 endfacet
 facet normal  0.000000e+00  9.527379e-01  3.037934e-01
   outer loop
     vertex  5.000000e+00 -1.470145e+00 -4.910940e-01
     vertex  0.000000e+00 -1.470145e+00 -4.910940e-01
     vertex  0.000000e+00 -1.483064e+00 -4.505771e-01
   endloop
 endfacet
 facet normal  0.000000e+00  9.440450e-01  3.298166e-01
   outer loop
     vertex  5.000000e+00 -1.470145e+00 -4.910940e-01
     vertex  0.000000e+00 -1.456119e+00 -5.312412e-01
     vertex  0.000000e+00 -1.470145e+00 -4.910940e-01
   endloop
 endfacet
 facet normal  0.000000e+00  9.440450e-01  3.298166e-01
   outer loop
     vertex  5.000000e+00 -1.456119e+00 -5.312412e-01
     vertex  0.000000e+00 -1.456119e+00 -5.312412e-01
     vertex  5.000000e+00 -1.470145e+00 -4.910940e-01
   endloop
 endfacet
 facet normal  0.000000e+00  9.346415e-01  3.555914e-01
   outer loop
     vertex  5.000000e+00 -1.440997e+00 -5.709885e-01
     vertex  0.000000e+00 -1.456119e+00 -5.312412e-01
     vertex  5.000000e+00 -1.456119e+00 -5.312412e-01
   endloop
 endfacet
 facet normal  0.000000e+00  9.346415e-01  3.555914e-01
   outer loop
     vertex  5.000000e+00 -1.440997e+00 -5.709885e-01
     vertex  0.000000e+00 -1.440997e+00 -5.709885e-01
     vertex  0.000000e+00 -1.456119e+00 -5.312412e-01
   endloop
 endfacet
 facet normal  0.000000e+00  9.245344e-01  3.810986e-01
   outer loop
     vertex  5.000000e+00 -1.424790e+00 -6.103059e-01
     vertex  0.000000e+00 -1.440997e+00 -5.709885e-01
     vertex  5.000000e+00 -1.440997e+00 -5.709885e-01
   endloop
 endfacet
 facet normal  0.000000e+00  9.245344e-01  3.810986e-01
   outer loop
     vertex  5.000000e+00 -1.424790e+00 -6.103059e-01
     vertex  0.000000e+00 -1.424790e+00 -6.103059e-01
     vertex  0.000000e+00 -1.440997e+00 -5.709885e-01
   endloop
 endfacet
 facet normal  0.000000e+00  9.137314e-01  4.063188e-01
   outer loop
     vertex  5.000000e+00 -1.407511e+00 -6.491640e-01
     vertex  0.000000e+00 -1.407511e+00 -6.491640e-01
     vertex  0.000000e+00 -1.424790e+00 -6.103059e-01
   endloop
 endfacet
 facet normal  0.000000e+00  9.022405e-01  4.312333e-01
   outer loop
     vertex  5.000000e+00 -1.407511e+00 -6.491640e-01
     vertex  0.000000e+00 -1.389172e+00 -6.875333e-01
     vertex  0.000000e+00 -1.407511e+00 -6.491640e-01
   endloop
 endfacet
 facet normal  0.000000e+00  9.137314e-01  4.063188e-01
   outer loop
     vertex  5.000000e+00 -1.407511e+00 -6.491640e-01
     vertex  0.000000e+00 -1.424790e+00 -6.103059e-01
     vertex  5.000000e+00 -1.424790e+00 -6.103059e-01
   endloop
 endfacet
 facet normal  0.000000e+00  9.022405e-01  4.312333e-01
   outer loop
     vertex  5.000000e+00 -1.389172e+00 -6.875333e-01
     vertex  0.000000e+00 -1.389172e+00 -6.875333e-01
     vertex  5.000000e+00 -1.407511e+00 -6.491640e-01
   endloop
 endfacet
 facet normal  0.000000e+00  8.900704e-01  4.558231e-01
   outer loop
     vertex  5.000000e+00 -1.369787e+00 -7.253852e-01
     vertex  0.000000e+00 -1.369787e+00 -7.253852e-01
     vertex  0.000000e+00 -1.389172e+00 -6.875333e-01
   endloop
 endfacet
 facet normal  0.000000e+00  8.772303e-01  4.800697e-01
   outer loop
     vertex  5.000000e+00 -1.369787e+00 -7.253852e-01
     vertex  0.000000e+00 -1.349371e+00 -7.626910e-01
     vertex  0.000000e+00 -1.369787e+00 -7.253852e-01
   endloop
 endfacet
 facet normal  0.000000e+00  8.900704e-01  4.558231e-01
   outer loop
     vertex  5.000000e+00 -1.369787e+00 -7.253852e-01
     vertex  0.000000e+00 -1.389172e+00 -6.875333e-01
     vertex  5.000000e+00 -1.389172e+00 -6.875333e-01
   endloop
 endfacet
 facet normal  0.000000e+00  8.772303e-01  4.800697e-01
   outer loop
     vertex  5.000000e+00 -1.349371e+00 -7.626910e-01
     vertex  0.000000e+00 -1.349371e+00 -7.626910e-01
     vertex  5.000000e+00 -1.369787e+00 -7.253852e-01
   endloop
 endfacet
 facet normal  0.000000e+00  8.637299e-01  5.039550e-01
   outer loop
     vertex  5.000000e+00 -1.327940e+00 -7.994226e-01
     vertex  0.000000e+00 -1.327940e+00 -7.994226e-01
     vertex  0.000000e+00 -1.349371e+00 -7.626910e-01
   endloop
 endfacet
 facet normal  0.000000e+00  8.637299e-01  5.039550e-01
   outer loop
     vertex  5.000000e+00 -1.327940e+00 -7.994226e-01
     vertex  0.000000e+00 -1.349371e+00 -7.626910e-01
     vertex  5.000000e+00 -1.349371e+00 -7.626910e-01
   endloop
 endfacet
 facet normal  0.000000e+00  8.495793e-01  5.274609e-01
   outer loop
     vertex  5.000000e+00 -1.305508e+00 -8.355525e-01
     vertex  0.000000e+00 -1.305508e+00 -8.355525e-01
     vertex  0.000000e+00 -1.327940e+00 -7.994226e-01
   endloop
 endfacet
 facet normal  0.000000e+00  8.347891e-01  5.505698e-01
   outer loop
     vertex  5.000000e+00 -1.305508e+00 -8.355525e-01
     vertex  0.000000e+00 -1.282094e+00 -8.710534e-01
     vertex  0.000000e+00 -1.305508e+00 -8.355525e-01
   endloop
 endfacet
 facet normal  0.000000e+00  8.495793e-01  5.274609e-01
   outer loop
     vertex  5.000000e+00 -1.305508e+00 -8.355525e-01
     vertex  0.000000e+00 -1.327940e+00 -7.994226e-01
     vertex  5.000000e+00 -1.327940e+00 -7.994226e-01
   endloop
 endfacet
 facet normal  0.000000e+00  8.347891e-01  5.505698e-01
   outer loop
     vertex  5.000000e+00 -1.282094e+00 -8.710534e-01
     vertex  0.000000e+00 -1.282094e+00 -8.710534e-01
     vertex  5.000000e+00 -1.305508e+00 -8.355525e-01
   endloop
 endfacet
 facet normal  0.000000e+00  8.193706e-01  5.732642e-01
   outer loop
     vertex  5.000000e+00 -1.257715e+00 -9.058985e-01
     vertex  0.000000e+00 -1.257715e+00 -9.058985e-01
     vertex  0.000000e+00 -1.282094e+00 -8.710534e-01
   endloop
 endfacet
 facet normal  0.000000e+00  8.193706e-01  5.732642e-01
   outer loop
     vertex  5.000000e+00 -1.257715e+00 -9.058985e-01
     vertex  0.000000e+00 -1.282094e+00 -8.710534e-01
     vertex  5.000000e+00 -1.282094e+00 -8.710534e-01
   endloop
 endfacet
 facet normal  0.000000e+00  8.033352e-01  5.955271e-01
   outer loop
     vertex  5.000000e+00 -1.232389e+00 -9.400618e-01
     vertex  0.000000e+00 -1.232389e+00 -9.400618e-01
     vertex  0.000000e+00 -1.257715e+00 -9.058985e-01
   endloop
 endfacet
 facet normal  0.000000e+00  7.866951e-01  6.173417e-01
   outer loop
     vertex  5.000000e+00 -1.232389e+00 -9.400618e-01
     vertex  0.000000e+00 -1.206136e+00 -9.735174e-01
     vertex  0.000000e+00 -1.232389e+00 -9.400618e-01
   endloop
 endfacet
 facet normal  0.000000e+00  8.033352e-01  5.955271e-01
   outer loop
     vertex  5.000000e+00 -1.232389e+00 -9.400618e-01
     vertex  0.000000e+00 -1.257715e+00 -9.058985e-01
     vertex  5.000000e+00 -1.257715e+00 -9.058985e-01
   endloop
 endfacet
 facet normal  0.000000e+00  7.866951e-01  6.173417e-01
   outer loop
     vertex  5.000000e+00 -1.206136e+00 -9.735174e-01
     vertex  0.000000e+00 -1.206136e+00 -9.735174e-01
     vertex  5.000000e+00 -1.232389e+00 -9.400618e-01
   endloop
 endfacet
 facet normal  0.000000e+00  7.694628e-01  6.386916e-01
   outer loop
     vertex  5.000000e+00 -1.178974e+00 -1.006240e+00
     vertex  0.000000e+00 -1.178974e+00 -1.006240e+00
     vertex  0.000000e+00 -1.206136e+00 -9.735174e-01
   endloop
 endfacet
 facet normal  0.000000e+00  7.694628e-01  6.386916e-01
   outer loop
     vertex  5.000000e+00 -1.178974e+00 -1.006240e+00
     vertex  0.000000e+00 -1.206136e+00 -9.735174e-01
     vertex  5.000000e+00 -1.206136e+00 -9.735174e-01
   endloop
 endfacet
 facet normal  0.000000e+00  7.516513e-01  6.595607e-01
   outer loop
     vertex  5.000000e+00 -1.150925e+00 -1.038205e+00
     vertex  0.000000e+00 -1.150925e+00 -1.038205e+00
     vertex  0.000000e+00 -1.178974e+00 -1.006240e+00
   endloop
 endfacet
 facet normal  0.000000e+00  7.516513e-01  6.595607e-01
   outer loop
     vertex  5.000000e+00 -1.150925e+00 -1.038205e+00
     vertex  0.000000e+00 -1.178974e+00 -1.006240e+00
     vertex  5.000000e+00 -1.178974e+00 -1.006240e+00
   endloop
 endfacet
 facet normal  0.000000e+00  7.332740e-01  6.799333e-01
   outer loop
     vertex  5.000000e+00 -1.122010e+00 -1.069389e+00
     vertex  0.000000e+00 -1.122010e+00 -1.069389e+00
     vertex  0.000000e+00 -1.150925e+00 -1.038205e+00
   endloop
 endfacet
 facet normal  0.000000e+00  7.143447e-01  6.997940e-01
   outer loop
     vertex  5.000000e+00 -1.122010e+00 -1.069389e+00
     vertex  0.000000e+00 -1.092250e+00 -1.099768e+00
     vertex  0.000000e+00 -1.122010e+00 -1.069389e+00
   endloop
 endfacet
 facet normal  0.000000e+00  7.332740e-01  6.799333e-01
   outer loop
     vertex  5.000000e+00 -1.122010e+00 -1.069389e+00
     vertex  0.000000e+00 -1.150925e+00 -1.038205e+00
     vertex  5.000000e+00 -1.150925e+00 -1.038205e+00
   endloop
 endfacet
 facet normal  0.000000e+00  7.143447e-01  6.997940e-01
   outer loop
     vertex  5.000000e+00 -1.092250e+00 -1.099768e+00
     vertex  0.000000e+00 -1.092250e+00 -1.099768e+00
     vertex  5.000000e+00 -1.122010e+00 -1.069389e+00
   endloop
 endfacet
 facet normal  0.000000e+00  6.948776e-01  7.191280e-01
   outer loop
     vertex  5.000000e+00 -1.061668e+00 -1.129319e+00
     vertex  0.000000e+00 -1.092250e+00 -1.099768e+00
     vertex  5.000000e+00 -1.092250e+00 -1.099768e+00
   endloop
 endfacet
 facet normal  0.000000e+00  6.948776e-01  7.191280e-01
   outer loop
     vertex  5.000000e+00 -1.061668e+00 -1.129319e+00
     vertex  0.000000e+00 -1.061668e+00 -1.129319e+00
     vertex  0.000000e+00 -1.092250e+00 -1.099768e+00
   endloop
 endfacet
 facet normal  0.000000e+00  6.748875e-01  7.379206e-01
   outer loop
     vertex  5.000000e+00 -1.030287e+00 -1.158020e+00
     vertex  0.000000e+00 -1.061668e+00 -1.129319e+00
     vertex  5.000000e+00 -1.061668e+00 -1.129319e+00
   endloop
 endfacet
 facet normal  0.000000e+00  6.748875e-01  7.379206e-01
   outer loop
     vertex  5.000000e+00 -1.030287e+00 -1.158020e+00
     vertex  0.000000e+00 -1.030287e+00 -1.158020e+00
     vertex  0.000000e+00 -1.061668e+00 -1.129319e+00
   endloop
 endfacet
 facet normal  0.000000e+00  6.543893e-01  7.561578e-01
   outer loop
     vertex  5.000000e+00 -1.030287e+00 -1.158020e+00
     vertex  0.000000e+00 -9.981295e-01 -1.185849e+00
     vertex  0.000000e+00 -1.030287e+00 -1.158020e+00
   endloop
 endfacet
 facet normal  0.000000e+00  6.543893e-01  7.561578e-01
   outer loop
     vertex  5.000000e+00 -9.981295e-01 -1.185849e+00
     vertex  0.000000e+00 -9.981295e-01 -1.185849e+00
     vertex  5.000000e+00 -1.030287e+00 -1.158020e+00
   endloop
 endfacet
 facet normal  0.000000e+00  6.333986e-01  7.738257e-01
   outer loop
     vertex  5.000000e+00 -9.981295e-01 -1.185849e+00
     vertex  0.000000e+00 -9.652212e-01 -1.212785e+00
     vertex  0.000000e+00 -9.981295e-01 -1.185849e+00
   endloop
 endfacet
 facet normal  0.000000e+00  6.333986e-01  7.738257e-01
   outer loop
     vertex  5.000000e+00 -9.652212e-01 -1.212785e+00
     vertex  0.000000e+00 -9.652212e-01 -1.212785e+00
     vertex  5.000000e+00 -9.981295e-01 -1.185849e+00
   endloop
 endfacet
 facet normal  0.000000e+00  6.119310e-01  7.909112e-01
   outer loop
     vertex  5.000000e+00 -9.315863e-01 -1.238809e+00
     vertex  0.000000e+00 -9.652212e-01 -1.212785e+00
     vertex  5.000000e+00 -9.652212e-01 -1.212785e+00
   endloop
 endfacet
 facet normal  0.000000e+00  6.119310e-01  7.909112e-01
   outer loop
     vertex  5.000000e+00 -9.315863e-01 -1.238809e+00
     vertex  0.000000e+00 -9.315863e-01 -1.238809e+00
     vertex  0.000000e+00 -9.652212e-01 -1.212785e+00
   endloop
 endfacet
 facet normal  0.000000e+00  5.900028e-01  8.074012e-01
   outer loop
     vertex  5.000000e+00 -8.972502e-01 -1.263900e+00
     vertex  0.000000e+00 -8.972502e-01 -1.263900e+00
     vertex  0.000000e+00 -9.315863e-01 -1.238809e+00
   endloop
 endfacet
 facet normal  0.000000e+00  5.676304e-01  8.232835e-01
   outer loop
     vertex  5.000000e+00 -8.972502e-01 -1.263900e+00
     vertex  0.000000e+00 -8.622386e-01 -1.288039e+00
     vertex  0.000000e+00 -8.972502e-01 -1.263900e+00
   endloop
 endfacet
 facet normal  0.000000e+00  5.900028e-01  8.074012e-01
   outer loop
     vertex  5.000000e+00 -8.972502e-01 -1.263900e+00
     vertex  0.000000e+00 -9.315863e-01 -1.238809e+00
     vertex  5.000000e+00 -9.315863e-01 -1.238809e+00
   endloop
 endfacet
 facet normal  0.000000e+00  5.676304e-01  8.232835e-01
   outer loop
     vertex  5.000000e+00 -8.622386e-01 -1.288039e+00
     vertex  0.000000e+00 -8.622386e-01 -1.288039e+00
     vertex  5.000000e+00 -8.972502e-01 -1.263900e+00
   endloop
 endfacet
 facet normal  0.000000e+00  5.448308e-01  8.385460e-01
   outer loop
     vertex  5.000000e+00 -8.265779e-01 -1.311209e+00
     vertex  0.000000e+00 -8.622386e-01 -1.288039e+00
     vertex  5.000000e+00 -8.622386e-01 -1.288039e+00
   endloop
 endfacet
 facet normal  0.000000e+00  5.448308e-01  8.385460e-01
   outer loop
     vertex  5.000000e+00 -8.265779e-01 -1.311209e+00
     vertex  0.000000e+00 -8.265779e-01 -1.311209e+00
     vertex  0.000000e+00 -8.622386e-01 -1.288039e+00
   endloop
 endfacet
 facet normal  0.000000e+00  5.216210e-01  8.531773e-01
   outer loop
     vertex  5.000000e+00 -8.265779e-01 -1.311209e+00
     vertex  0.000000e+00 -7.902950e-01 -1.333392e+00
     vertex  0.000000e+00 -8.265779e-01 -1.311209e+00
   endloop
 endfacet
 facet normal  0.000000e+00  5.216210e-01  8.531773e-01
   outer loop
     vertex  5.000000e+00 -7.902950e-01 -1.333392e+00
     vertex  0.000000e+00 -7.902950e-01 -1.333392e+00
     vertex  5.000000e+00 -8.265779e-01 -1.311209e+00
   endloop
 endfacet
 facet normal  0.000000e+00  4.980186e-01  8.671664e-01
   outer loop
     vertex  5.000000e+00 -7.534172e-01 -1.354571e+00
     vertex  0.000000e+00 -7.534172e-01 -1.354571e+00
     vertex  0.000000e+00 -7.902950e-01 -1.333392e+00
   endloop
 endfacet
 facet normal  0.000000e+00  4.980186e-01  8.671664e-01
   outer loop
     vertex  5.000000e+00 -7.534172e-01 -1.354571e+00
     vertex  0.000000e+00 -7.902950e-01 -1.333392e+00
     vertex  5.000000e+00 -7.902950e-01 -1.333392e+00
   endloop
 endfacet
 facet normal  0.000000e+00  4.740412e-01  8.805026e-01
   outer loop
     vertex  5.000000e+00 -7.159723e-01 -1.374730e+00
     vertex  0.000000e+00 -7.159723e-01 -1.374730e+00
     vertex  0.000000e+00 -7.534172e-01 -1.354571e+00
   endloop
 endfacet
 facet normal  0.000000e+00  4.740412e-01  8.805026e-01
   outer loop
     vertex  5.000000e+00 -7.159723e-01 -1.374730e+00
     vertex  0.000000e+00 -7.534172e-01 -1.354571e+00
     vertex  5.000000e+00 -7.534172e-01 -1.354571e+00
   endloop
 endfacet
 facet normal  0.000000e+00  4.497071e-01  8.931761e-01
   outer loop
     vertex  5.000000e+00 -6.779884e-01 -1.393855e+00
     vertex  0.000000e+00 -6.779884e-01 -1.393855e+00
     vertex  0.000000e+00 -7.159723e-01 -1.374730e+00
   endloop
 endfacet
 facet normal  0.000000e+00  4.497071e-01  8.931761e-01
   outer loop
     vertex  5.000000e+00 -6.779884e-01 -1.393855e+00
     vertex  0.000000e+00 -7.159723e-01 -1.374730e+00
     vertex  5.000000e+00 -7.159723e-01 -1.374730e+00
   endloop
 endfacet
 facet normal  0.000000e+00  4.250344e-01  9.051772e-01
   outer loop
     vertex  5.000000e+00 -6.394941e-01 -1.411930e+00
     vertex  0.000000e+00 -6.394941e-01 -1.411930e+00
     vertex  0.000000e+00 -6.779884e-01 -1.393855e+00
   endloop
 endfacet
 facet normal  0.000000e+00  4.000417e-01  9.164969e-01
   outer loop
     vertex  5.000000e+00 -6.394941e-01 -1.411930e+00
     vertex  0.000000e+00 -6.005185e-01 -1.428943e+00
     vertex  0.000000e+00 -6.394941e-01 -1.411930e+00
   endloop
 endfacet
 facet normal  0.000000e+00  4.250344e-01  9.051772e-01
   outer loop
     vertex  5.000000e+00 -6.394941e-01 -1.411930e+00
     vertex  0.000000e+00 -6.779884e-01 -1.393855e+00
     vertex  5.000000e+00 -6.779884e-01 -1.393855e+00
   endloop
 endfacet
 facet normal  0.000000e+00  4.000417e-01  9.164969e-01
   outer loop
     vertex  5.000000e+00 -6.005185e-01 -1.428943e+00
     vertex  0.000000e+00 -6.005185e-01 -1.428943e+00
     vertex  5.000000e+00 -6.394941e-01 -1.411930e+00
   endloop
 endfacet
 facet normal  0.000000e+00  3.747479e-01  9.271267e-01
   outer loop
     vertex  5.000000e+00 -5.610908e-01 -1.444880e+00
     vertex  0.000000e+00 -5.610908e-01 -1.444880e+00
     vertex  0.000000e+00 -6.005185e-01 -1.428943e+00
   endloop
 endfacet
 facet normal  0.000000e+00  3.491720e-01  9.370586e-01
   outer loop
     vertex  5.000000e+00 -5.610908e-01 -1.444880e+00
     vertex  0.000000e+00 -5.212407e-01 -1.459729e+00
     vertex  0.000000e+00 -5.610908e-01 -1.444880e+00
   endloop
 endfacet
 facet normal  0.000000e+00  3.747479e-01  9.271267e-01
   outer loop
     vertex  5.000000e+00 -5.610908e-01 -1.444880e+00
     vertex  0.000000e+00 -6.005185e-01 -1.428943e+00
     vertex  5.000000e+00 -6.005185e-01 -1.428943e+00
   endloop
 endfacet
 facet normal  0.000000e+00  3.233333e-01  9.462851e-01
   outer loop
     vertex  5.000000e+00 -5.212407e-01 -1.459729e+00
     vertex  0.000000e+00 -4.809982e-01 -1.473479e+00
     vertex  0.000000e+00 -5.212407e-01 -1.459729e+00
   endloop
 endfacet
 facet normal  0.000000e+00  3.491720e-01  9.370586e-01
   outer loop
     vertex  5.000000e+00 -5.212407e-01 -1.459729e+00
     vertex  0.000000e+00 -5.212407e-01 -1.459729e+00
     vertex  5.000000e+00 -5.610908e-01 -1.444880e+00
   endloop
 endfacet
 facet normal  0.000000e+00  2.972512e-01  9.547993e-01
   outer loop
     vertex  5.000000e+00 -4.809982e-01 -1.473479e+00
     vertex  0.000000e+00 -4.403937e-01 -1.486120e+00
     vertex  0.000000e+00 -4.809982e-01 -1.473479e+00
   endloop
 endfacet
 facet normal  0.000000e+00  3.233333e-01  9.462851e-01
   outer loop
     vertex  5.000000e+00 -4.809982e-01 -1.473479e+00
     vertex  0.000000e+00 -4.809982e-01 -1.473479e+00
     vertex  5.000000e+00 -5.212407e-01 -1.459729e+00
   endloop
 endfacet
 facet normal  0.000000e+00  2.972512e-01  9.547993e-01
   outer loop
     vertex  5.000000e+00 -4.403937e-01 -1.486120e+00
     vertex  0.000000e+00 -4.403937e-01 -1.486120e+00
     vertex  5.000000e+00 -4.809982e-01 -1.473479e+00
   endloop
 endfacet
 facet normal  0.000000e+00  2.709453e-01  9.625948e-01
   outer loop
     vertex  5.000000e+00 -3.994576e-01 -1.497643e+00
     vertex  0.000000e+00 -3.994576e-01 -1.497643e+00
     vertex  0.000000e+00 -4.403937e-01 -1.486120e+00
   endloop
 endfacet
 facet normal  0.000000e+00  2.444354e-01  9.696656e-01
   outer loop
     vertex  5.000000e+00 -3.994576e-01 -1.497643e+00
     vertex  0.000000e+00 -3.582209e-01 -1.508038e+00
     vertex  0.000000e+00 -3.994576e-01 -1.497643e+00
   endloop
 endfacet
 facet normal  0.000000e+00  2.709453e-01  9.625948e-01
   outer loop
     vertex  5.000000e+00 -3.994576e-01 -1.497643e+00
     vertex  0.000000e+00 -4.403937e-01 -1.486120e+00
     vertex  5.000000e+00 -4.403937e-01 -1.486120e+00
   endloop
 endfacet
 facet normal  0.000000e+00  2.444354e-01  9.696656e-01
   outer loop
     vertex  5.000000e+00 -3.582209e-01 -1.508038e+00
     vertex  0.000000e+00 -3.582209e-01 -1.508038e+00
     vertex  5.000000e+00 -3.994576e-01 -1.497643e+00
   endloop
 endfacet
 facet normal  0.000000e+00  2.177416e-01  9.760065e-01
   outer loop
     vertex  5.000000e+00 -3.167145e-01 -1.517298e+00
     vertex  0.000000e+00 -3.167145e-01 -1.517298e+00
     vertex  0.000000e+00 -3.582209e-01 -1.508038e+00
   endloop
 endfacet
 facet normal  0.000000e+00  1.908838e-01  9.816126e-01
   outer loop
     vertex  5.000000e+00 -3.167145e-01 -1.517298e+00
     vertex  0.000000e+00 -2.749697e-01 -1.525415e+00
     vertex  0.000000e+00 -3.167145e-01 -1.517298e+00
   endloop
 endfacet
 facet normal  0.000000e+00  2.177416e-01  9.760065e-01
   outer loop
     vertex  5.000000e+00 -3.167145e-01 -1.517298e+00
     vertex  0.000000e+00 -3.582209e-01 -1.508038e+00
     vertex  5.000000e+00 -3.582209e-01 -1.508038e+00
   endloop
 endfacet
 facet normal  0.000000e+00  1.638824e-01  9.864799e-01
   outer loop
     vertex  5.000000e+00 -2.749697e-01 -1.525415e+00
     vertex  0.000000e+00 -2.330178e-01 -1.532385e+00
     vertex  0.000000e+00 -2.749697e-01 -1.525415e+00
   endloop
 endfacet
 facet normal  0.000000e+00  1.908838e-01  9.816126e-01
   outer loop
     vertex  5.000000e+00 -2.749697e-01 -1.525415e+00
     vertex  0.000000e+00 -2.749697e-01 -1.525415e+00
     vertex  5.000000e+00 -3.167145e-01 -1.517298e+00
   endloop
 endfacet
 facet normal  0.000000e+00  1.638824e-01  9.864799e-01
   outer loop
     vertex  5.000000e+00 -2.330178e-01 -1.532385e+00
     vertex  0.000000e+00 -2.330178e-01 -1.532385e+00
     vertex  5.000000e+00 -2.749697e-01 -1.525415e+00
   endloop
 endfacet
 facet normal  0.000000e+00  1.367575e-01  9.906046e-01
   outer loop
     vertex  5.000000e+00 -1.908906e-01 -1.538200e+00
     vertex  0.000000e+00 -1.908906e-01 -1.538200e+00
     vertex  0.000000e+00 -2.330178e-01 -1.532385e+00
   endloop
 endfacet
 facet normal  0.000000e+00  1.095298e-01  9.939835e-01
   outer loop
     vertex  5.000000e+00 -1.908906e-01 -1.538200e+00
     vertex  0.000000e+00 -1.486197e-01 -1.542858e+00
     vertex  0.000000e+00 -1.908906e-01 -1.538200e+00
   endloop
 endfacet
 facet normal  0.000000e+00  1.367575e-01  9.906046e-01
   outer loop
     vertex  5.000000e+00 -1.908906e-01 -1.538200e+00
     vertex  0.000000e+00 -2.330178e-01 -1.532385e+00
     vertex  5.000000e+00 -2.330178e-01 -1.532385e+00
   endloop
 endfacet
 facet normal  0.000000e+00  1.095298e-01  9.939835e-01
   outer loop
     vertex  5.000000e+00 -1.486197e-01 -1.542858e+00
     vertex  0.000000e+00 -1.486197e-01 -1.542858e+00
     vertex  5.000000e+00 -1.908906e-01 -1.538200e+00
   endloop
 endfacet
 facet normal  0.000000e+00  8.221955e-02  9.966142e-01
   outer loop
     vertex  5.000000e+00 -1.062369e-01 -1.546355e+00
     vertex  0.000000e+00 -1.486197e-01 -1.542858e+00
     vertex  5.000000e+00 -1.486197e-01 -1.542858e+00
   endloop
 endfacet
 facet normal  0.000000e+00  8.221955e-02  9.966142e-01
   outer loop
     vertex  5.000000e+00 -1.062369e-01 -1.546355e+00
     vertex  0.000000e+00 -1.062369e-01 -1.546355e+00
     vertex  0.000000e+00 -1.486197e-01 -1.542858e+00
   endloop
 endfacet
 facet normal  0.000000e+00  5.484744e-02  9.984947e-01
   outer loop
     vertex  5.000000e+00 -1.062369e-01 -1.546355e+00
     vertex  0.000000e+00 -6.377416e-02 -1.548687e+00
     vertex  0.000000e+00 -1.062369e-01 -1.546355e+00
   endloop
 endfacet
 facet normal  0.000000e+00  5.484744e-02  9.984947e-01
   outer loop
     vertex  5.000000e+00 -6.377416e-02 -1.548687e+00
     vertex  0.000000e+00 -6.377416e-02 -1.548687e+00
     vertex  5.000000e+00 -1.062369e-01 -1.546355e+00
   endloop
 endfacet
 facet normal  0.000000e+00  2.743405e-02  9.996236e-01
   outer loop
     vertex  5.000000e+00 -2.126339e-02 -1.549854e+00
     vertex  0.000000e+00 -6.377416e-02 -1.548687e+00
     vertex  5.000000e+00 -6.377416e-02 -1.548687e+00
   endloop
 endfacet
 facet normal  0.000000e+00  2.743405e-02  9.996236e-01
   outer loop
     vertex  5.000000e+00 -2.126339e-02 -1.549854e+00
     vertex  0.000000e+00 -2.126339e-02 -1.549854e+00
     vertex  0.000000e+00 -6.377416e-02 -1.548687e+00
   endloop
 endfacet
 facet normal  0.000000e+00 -5.221289e-15  1.000000e+00
   outer loop
     vertex  5.000000e+00  2.126339e-02 -1.549854e+00
     vertex  0.000000e+00 -2.126339e-02 -1.549854e+00
     vertex  5.000000e+00 -2.126339e-02 -1.549854e+00
   endloop
 endfacet
 facet normal  0.000000e+00 -5.221289e-15  1.000000e+00
   outer loop
     vertex  5.000000e+00  2.126339e-02 -1.549854e+00
     vertex  0.000000e+00  2.126339e-02 -1.549854e+00
     vertex  0.000000e+00 -2.126339e-02 -1.549854e+00
   endloop
 endfacet
 facet normal  0.000000e+00 -2.743405e-02  9.996236e-01
   outer loop
     vertex  5.000000e+00  2.126339e-02 -1.549854e+00
     vertex  0.000000e+00  6.377416e-02 -1.548687e+00
     vertex  0.000000e+00  2.126339e-02 -1.549854e+00
   endloop
 endfacet
 facet normal  0.000000e+00 -2.743405e-02  9.996236e-01
   outer loop
     vertex  5.000000e+00  6.377416e-02 -1.548687e+00
     vertex  0.000000e+00  6.377416e-02 -1.548687e+00
     vertex  5.000000e+00  2.126339e-02 -1.549854e+00
   endloop
 endfacet
 facet normal  0.000000e+00 -5.484744e-02  9.984947e-01
   outer loop
     vertex  5.000000e+00  6.377416e-02 -1.548687e+00
     vertex  0.000000e+00  1.062369e-01 -1.546355e+00
     vertex  0.000000e+00  6.377416e-02 -1.548687e+00
   endloop
 endfacet
 facet normal  0.000000e+00 -5.484744e-02  9.984947e-01
   outer loop
     vertex  5.000000e+00  1.062369e-01 -1.546355e+00
     vertex  0.000000e+00  1.062369e-01 -1.546355e+00
     vertex  5.000000e+00  6.377416e-02 -1.548687e+00
   endloop
 endfacet
 facet normal  0.000000e+00 -8.221955e-02  9.966142e-01
   outer loop
     vertex  5.000000e+00  1.486197e-01 -1.542858e+00
     vertex  0.000000e+00  1.062369e-01 -1.546355e+00
     vertex  5.000000e+00  1.062369e-01 -1.546355e+00
   endloop
 endfacet
 facet normal  0.000000e+00 -8.221955e-02  9.966142e-01
   outer loop
     vertex  5.000000e+00  1.486197e-01 -1.542858e+00
     vertex  0.000000e+00  1.486197e-01 -1.542858e+00
     vertex  0.000000e+00  1.062369e-01 -1.546355e+00
   endloop
 endfacet
 facet normal  0.000000e+00 -1.095298e-01  9.939835e-01
   outer loop
     vertex  5.000000e+00  1.908906e-01 -1.538200e+00
     vertex  0.000000e+00  1.486197e-01 -1.542858e+00
     vertex  5.000000e+00  1.486197e-01 -1.542858e+00
   endloop
 endfacet
 facet normal  0.000000e+00 -1.095298e-01  9.939835e-01
   outer loop
     vertex  5.000000e+00  1.908906e-01 -1.538200e+00
     vertex  0.000000e+00  1.908906e-01 -1.538200e+00
     vertex  0.000000e+00  1.486197e-01 -1.542858e+00
   endloop
 endfacet
 facet normal  0.000000e+00 -1.367575e-01  9.906046e-01
   outer loop
     vertex  5.000000e+00  1.908906e-01 -1.538200e+00
     vertex  0.000000e+00  2.330178e-01 -1.532385e+00
     vertex  0.000000e+00  1.908906e-01 -1.538200e+00
   endloop
 endfacet
 facet normal  0.000000e+00 -1.367575e-01  9.906046e-01
   outer loop
     vertex  5.000000e+00  2.330178e-01 -1.532385e+00
     vertex  0.000000e+00  2.330178e-01 -1.532385e+00
     vertex  5.000000e+00  1.908906e-01 -1.538200e+00
   endloop
 endfacet
 facet normal  0.000000e+00 -1.638824e-01  9.864799e-01
   outer loop
     vertex  5.000000e+00  2.749697e-01 -1.525415e+00
     vertex  0.000000e+00  2.330178e-01 -1.532385e+00
     vertex  5.000000e+00  2.330178e-01 -1.532385e+00
   endloop
 endfacet
 facet normal  0.000000e+00 -1.638824e-01  9.864799e-01
   outer loop
     vertex  5.000000e+00  2.749697e-01 -1.525415e+00
     vertex  0.000000e+00  2.749697e-01 -1.525415e+00
     vertex  0.000000e+00  2.330178e-01 -1.532385e+00
   endloop
 endfacet
 facet normal  0.000000e+00 -1.908838e-01  9.816126e-01
   outer loop
     vertex  5.000000e+00  3.167145e-01 -1.517298e+00
     vertex  0.000000e+00  2.749697e-01 -1.525415e+00
     vertex  5.000000e+00  2.749697e-01 -1.525415e+00
   endloop
 endfacet
 facet normal  0.000000e+00 -1.908838e-01  9.816126e-01
   outer loop
     vertex  5.000000e+00  3.167145e-01 -1.517298e+00
     vertex  0.000000e+00  3.167145e-01 -1.517298e+00
     vertex  0.000000e+00  2.749697e-01 -1.525415e+00
   endloop
 endfacet
 facet normal  0.000000e+00 -2.177416e-01  9.760065e-01
   outer loop
     vertex  5.000000e+00  3.167145e-01 -1.517298e+00
     vertex  0.000000e+00  3.582209e-01 -1.508038e+00
     vertex  0.000000e+00  3.167145e-01 -1.517298e+00
   endloop
 endfacet
 facet normal  0.000000e+00 -2.177416e-01  9.760065e-01
   outer loop
     vertex  5.000000e+00  3.582209e-01 -1.508038e+00
     vertex  0.000000e+00  3.582209e-01 -1.508038e+00
     vertex  5.000000e+00  3.167145e-01 -1.517298e+00
   endloop
 endfacet
 facet normal  0.000000e+00 -2.444354e-01  9.696656e-01
   outer loop
     vertex  5.000000e+00  3.994576e-01 -1.497643e+00
     vertex  0.000000e+00  3.994576e-01 -1.497643e+00
     vertex  0.000000e+00  3.582209e-01 -1.508038e+00
   endloop
 endfacet
 facet normal  0.000000e+00 -2.709453e-01  9.625948e-01
   outer loop
     vertex  5.000000e+00  3.994576e-01 -1.497643e+00
     vertex  0.000000e+00  4.403937e-01 -1.486120e+00
     vertex  0.000000e+00  3.994576e-01 -1.497643e+00
   endloop
 endfacet
 facet normal  0.000000e+00 -2.444354e-01  9.696656e-01
   outer loop
     vertex  5.000000e+00  3.994576e-01 -1.497643e+00
     vertex  0.000000e+00  3.582209e-01 -1.508038e+00
     vertex  5.000000e+00  3.582209e-01 -1.508038e+00
   endloop
 endfacet
 facet normal  0.000000e+00 -2.709453e-01  9.625948e-01
   outer loop
     vertex  5.000000e+00  4.403937e-01 -1.486120e+00
     vertex  0.000000e+00  4.403937e-01 -1.486120e+00
     vertex  5.000000e+00  3.994576e-01 -1.497643e+00
   endloop
 endfacet
 facet normal  0.000000e+00 -2.972512e-01  9.547993e-01
   outer loop
     vertex  5.000000e+00  4.809982e-01 -1.473479e+00
     vertex  0.000000e+00  4.809982e-01 -1.473479e+00
     vertex  0.000000e+00  4.403937e-01 -1.486120e+00
   endloop
 endfacet
 facet normal  0.000000e+00 -3.233333e-01  9.462851e-01
   outer loop
     vertex  5.000000e+00  4.809982e-01 -1.473479e+00
     vertex  0.000000e+00  5.212407e-01 -1.459729e+00
     vertex  0.000000e+00  4.809982e-01 -1.473479e+00
   endloop
 endfacet
 facet normal  0.000000e+00 -2.972512e-01  9.547993e-01
   outer loop
     vertex  5.000000e+00  4.809982e-01 -1.473479e+00
     vertex  0.000000e+00  4.403937e-01 -1.486120e+00
     vertex  5.000000e+00  4.403937e-01 -1.486120e+00
   endloop
 endfacet
 facet normal  0.000000e+00 -3.233333e-01  9.462851e-01
   outer loop
     vertex  5.000000e+00  5.212407e-01 -1.459729e+00
     vertex  0.000000e+00  5.212407e-01 -1.459729e+00
     vertex  5.000000e+00  4.809982e-01 -1.473479e+00
   endloop
 endfacet
 facet normal  0.000000e+00 -3.491720e-01  9.370586e-01
   outer loop
     vertex  5.000000e+00  5.610908e-01 -1.444880e+00
     vertex  0.000000e+00  5.610908e-01 -1.444880e+00
     vertex  0.000000e+00  5.212407e-01 -1.459729e+00
   endloop
 endfacet
 facet normal  0.000000e+00 -3.747479e-01  9.271267e-01
   outer loop
     vertex  5.000000e+00  5.610908e-01 -1.444880e+00
     vertex  0.000000e+00  6.005185e-01 -1.428943e+00
     vertex  0.000000e+00  5.610908e-01 -1.444880e+00
   endloop
 endfacet
 facet normal  0.000000e+00 -3.491720e-01  9.370586e-01
   outer loop
     vertex  5.000000e+00  5.610908e-01 -1.444880e+00
     vertex  0.000000e+00  5.212407e-01 -1.459729e+00
     vertex  5.000000e+00  5.212407e-01 -1.459729e+00
   endloop
 endfacet
 facet normal  0.000000e+00 -3.747479e-01  9.271267e-01
   outer loop
     vertex  5.000000e+00  6.005185e-01 -1.428943e+00
     vertex  0.000000e+00  6.005185e-01 -1.428943e+00
     vertex  5.000000e+00  5.610908e-01 -1.444880e+00
   endloop
 endfacet
 facet normal  0.000000e+00 -4.000417e-01  9.164969e-01
   outer loop
     vertex  5.000000e+00  6.394941e-01 -1.411930e+00
     vertex  0.000000e+00  6.394941e-01 -1.411930e+00
     vertex  0.000000e+00  6.005185e-01 -1.428943e+00
   endloop
 endfacet
 facet normal  0.000000e+00 -4.000417e-01  9.164969e-01
   outer loop
     vertex  5.000000e+00  6.394941e-01 -1.411930e+00
     vertex  0.000000e+00  6.005185e-01 -1.428943e+00
     vertex  5.000000e+00  6.005185e-01 -1.428943e+00
   endloop
 endfacet
 facet normal  0.000000e+00 -4.250344e-01  9.051772e-01
   outer loop
     vertex  5.000000e+00  6.779884e-01 -1.393855e+00
     vertex  0.000000e+00  6.779884e-01 -1.393855e+00
     vertex  0.000000e+00  6.394941e-01 -1.411930e+00
   endloop
 endfacet
 facet normal  0.000000e+00 -4.250344e-01  9.051772e-01
   outer loop
     vertex  5.000000e+00  6.779884e-01 -1.393855e+00
     vertex  0.000000e+00  6.394941e-01 -1.411930e+00
     vertex  5.000000e+00  6.394941e-01 -1.411930e+00
   endloop
 endfacet
 facet normal  0.000000e+00 -4.497071e-01  8.931761e-01
   outer loop
     vertex  5.000000e+00  7.159723e-01 -1.374730e+00
     vertex  0.000000e+00  7.159723e-01 -1.374730e+00
     vertex  0.000000e+00  6.779884e-01 -1.393855e+00
   endloop
 endfacet
 facet normal  0.000000e+00 -4.497071e-01  8.931761e-01
   outer loop
     vertex  5.000000e+00  7.159723e-01 -1.374730e+00
     vertex  0.000000e+00  6.779884e-01 -1.393855e+00
     vertex  5.000000e+00  6.779884e-01 -1.393855e+00
   endloop
 endfacet
 facet normal  0.000000e+00 -4.740412e-01  8.805026e-01
   outer loop
     vertex  5.000000e+00  7.534172e-01 -1.354571e+00
     vertex  0.000000e+00  7.534172e-01 -1.354571e+00
     vertex  0.000000e+00  7.159723e-01 -1.374730e+00
   endloop
 endfacet
 facet normal  0.000000e+00 -4.980186e-01  8.671664e-01
   outer loop
     vertex  5.000000e+00  7.534172e-01 -1.354571e+00
     vertex  0.000000e+00  7.902950e-01 -1.333392e+00
     vertex  0.000000e+00  7.534172e-01 -1.354571e+00
   endloop
 endfacet
 facet normal  0.000000e+00 -4.740412e-01  8.805026e-01
   outer loop
     vertex  5.000000e+00  7.534172e-01 -1.354571e+00
     vertex  0.000000e+00  7.159723e-01 -1.374730e+00
     vertex  5.000000e+00  7.159723e-01 -1.374730e+00
   endloop
 endfacet
 facet normal  0.000000e+00 -5.216210e-01  8.531773e-01
   outer loop
     vertex  5.000000e+00  7.902950e-01 -1.333392e+00
     vertex  0.000000e+00  8.265779e-01 -1.311209e+00
     vertex  0.000000e+00  7.902950e-01 -1.333392e+00
   endloop
 endfacet
 facet normal  0.000000e+00 -4.980186e-01  8.671664e-01
   outer loop
     vertex  5.000000e+00  7.902950e-01 -1.333392e+00
     vertex  0.000000e+00  7.902950e-01 -1.333392e+00
     vertex  5.000000e+00  7.534172e-01 -1.354571e+00
   endloop
 endfacet
 facet normal  0.000000e+00 -5.216210e-01  8.531773e-01
   outer loop
     vertex  5.000000e+00  8.265779e-01 -1.311209e+00
     vertex  0.000000e+00  8.265779e-01 -1.311209e+00
     vertex  5.000000e+00  7.902950e-01 -1.333392e+00
   endloop
 endfacet
 facet normal  0.000000e+00 -5.448308e-01  8.385460e-01
   outer loop
     vertex  5.000000e+00  8.622386e-01 -1.288039e+00
     vertex  0.000000e+00  8.265779e-01 -1.311209e+00
     vertex  5.000000e+00  8.265779e-01 -1.311209e+00
   endloop
 endfacet
 facet normal  0.000000e+00 -5.448308e-01  8.385460e-01
   outer loop
     vertex  5.000000e+00  8.622386e-01 -1.288039e+00
     vertex  0.000000e+00  8.622386e-01 -1.288039e+00
     vertex  0.000000e+00  8.265779e-01 -1.311209e+00
   endloop
 endfacet
 facet normal  0.000000e+00 -5.676304e-01  8.232835e-01
   outer loop
     vertex  5.000000e+00  8.622386e-01 -1.288039e+00
     vertex  0.000000e+00  8.972502e-01 -1.263900e+00
     vertex  0.000000e+00  8.622386e-01 -1.288039e+00
   endloop
 endfacet
 facet normal  0.000000e+00 -5.676304e-01  8.232835e-01
   outer loop
     vertex  5.000000e+00  8.972502e-01 -1.263900e+00
     vertex  0.000000e+00  8.972502e-01 -1.263900e+00
     vertex  5.000000e+00  8.622386e-01 -1.288039e+00
   endloop
 endfacet
 facet normal  0.000000e+00 -5.900028e-01  8.074012e-01
   outer loop
     vertex  5.000000e+00  9.315863e-01 -1.238809e+00
     vertex  0.000000e+00  8.972502e-01 -1.263900e+00
     vertex  5.000000e+00  8.972502e-01 -1.263900e+00
   endloop
 endfacet
 facet normal  0.000000e+00 -5.900028e-01  8.074012e-01
   outer loop
     vertex  5.000000e+00  9.315863e-01 -1.238809e+00
     vertex  0.000000e+00  9.315863e-01 -1.238809e+00
     vertex  0.000000e+00  8.972502e-01 -1.263900e+00
   endloop
 endfacet
 facet normal  0.000000e+00 -6.119310e-01  7.909112e-01
   outer loop
     vertex  5.000000e+00  9.652212e-01 -1.212785e+00
     vertex  0.000000e+00  9.315863e-01 -1.238809e+00
     vertex  5.000000e+00  9.315863e-01 -1.238809e+00
   endloop
 endfacet
 facet normal  0.000000e+00 -6.119310e-01  7.909112e-01
   outer loop
     vertex  5.000000e+00  9.652212e-01 -1.212785e+00
     vertex  0.000000e+00  9.652212e-01 -1.212785e+00
     vertex  0.000000e+00  9.315863e-01 -1.238809e+00
   endloop
 endfacet
 facet normal  0.000000e+00 -6.333986e-01  7.738257e-01
   outer loop
     vertex  5.000000e+00  9.981295e-01 -1.185849e+00
     vertex  0.000000e+00  9.652212e-01 -1.212785e+00
     vertex  5.000000e+00  9.652212e-01 -1.212785e+00
   endloop
 endfacet
 facet normal  0.000000e+00 -6.333986e-01  7.738257e-01
   outer loop
     vertex  5.000000e+00  9.981295e-01 -1.185849e+00
     vertex  0.000000e+00  9.981295e-01 -1.185849e+00
     vertex  0.000000e+00  9.652212e-01 -1.212785e+00
   endloop
 endfacet
 facet normal  0.000000e+00 -6.543893e-01  7.561578e-01
   outer loop
     vertex  5.000000e+00  1.030287e+00 -1.158020e+00
     vertex  0.000000e+00  9.981295e-01 -1.185849e+00
     vertex  5.000000e+00  9.981295e-01 -1.185849e+00
   endloop
 endfacet
 facet normal  0.000000e+00 -6.543893e-01  7.561578e-01
   outer loop
     vertex  5.000000e+00  1.030287e+00 -1.158020e+00
     vertex  0.000000e+00  1.030287e+00 -1.158020e+00
     vertex  0.000000e+00  9.981295e-01 -1.185849e+00
   endloop
 endfacet
 facet normal  0.000000e+00 -6.748875e-01  7.379206e-01
   outer loop
     vertex  5.000000e+00  1.030287e+00 -1.158020e+00
     vertex  0.000000e+00  1.061668e+00 -1.129319e+00
     vertex  0.000000e+00  1.030287e+00 -1.158020e+00
   endloop
 endfacet
 facet normal  0.000000e+00 -6.748875e-01  7.379206e-01
   outer loop
     vertex  5.000000e+00  1.061668e+00 -1.129319e+00
     vertex  0.000000e+00  1.061668e+00 -1.129319e+00
     vertex  5.000000e+00  1.030287e+00 -1.158020e+00
   endloop
 endfacet
 facet normal  0.000000e+00 -6.948776e-01  7.191280e-01
   outer loop
     vertex  5.000000e+00  1.092250e+00 -1.099768e+00
     vertex  0.000000e+00  1.061668e+00 -1.129319e+00
     vertex  5.000000e+00  1.061668e+00 -1.129319e+00
   endloop
 endfacet
 facet normal  0.000000e+00 -6.948776e-01  7.191280e-01
   outer loop
     vertex  5.000000e+00  1.092250e+00 -1.099768e+00
     vertex  0.000000e+00  1.092250e+00 -1.099768e+00
     vertex  0.000000e+00  1.061668e+00 -1.129319e+00
   endloop
 endfacet
 facet normal  0.000000e+00 -7.143447e-01  6.997940e-01
   outer loop
     vertex  5.000000e+00  1.122010e+00 -1.069389e+00
     vertex  0.000000e+00  1.092250e+00 -1.099768e+00
     vertex  5.000000e+00  1.092250e+00 -1.099768e+00
   endloop
 endfacet
 facet normal  0.000000e+00 -7.143447e-01  6.997940e-01
   outer loop
     vertex  5.000000e+00  1.122010e+00 -1.069389e+00
     vertex  0.000000e+00  1.122010e+00 -1.069389e+00
     vertex  0.000000e+00  1.092250e+00 -1.099768e+00
   endloop
 endfacet
 facet normal  0.000000e+00 -7.332740e-01  6.799333e-01
   outer loop
     vertex  5.000000e+00  1.122010e+00 -1.069389e+00
     vertex  0.000000e+00  1.150925e+00 -1.038205e+00
     vertex  0.000000e+00  1.122010e+00 -1.069389e+00
   endloop
 endfacet
 facet normal  0.000000e+00 -7.332740e-01  6.799333e-01
   outer loop
     vertex  5.000000e+00  1.150925e+00 -1.038205e+00
     vertex  0.000000e+00  1.150925e+00 -1.038205e+00
     vertex  5.000000e+00  1.122010e+00 -1.069389e+00
   endloop
 endfacet
 facet normal  0.000000e+00 -7.516513e-01  6.595607e-01
   outer loop
     vertex  5.000000e+00  1.150925e+00 -1.038205e+00
     vertex  0.000000e+00  1.178974e+00 -1.006240e+00
     vertex  0.000000e+00  1.150925e+00 -1.038205e+00
   endloop
 endfacet
 facet normal  0.000000e+00 -7.516513e-01  6.595607e-01
   outer loop
     vertex  5.000000e+00  1.178974e+00 -1.006240e+00
     vertex  0.000000e+00  1.178974e+00 -1.006240e+00
     vertex  5.000000e+00  1.150925e+00 -1.038205e+00
   endloop
 endfacet
 facet normal  0.000000e+00 -7.694628e-01  6.386916e-01
   outer loop
     vertex  5.000000e+00  1.206136e+00 -9.735174e-01
     vertex  0.000000e+00  1.178974e+00 -1.006240e+00
     vertex  5.000000e+00  1.178974e+00 -1.006240e+00
   endloop
 endfacet
 facet normal  0.000000e+00 -7.694628e-01  6.386916e-01
   outer loop
     vertex  5.000000e+00  1.206136e+00 -9.735174e-01
     vertex  0.000000e+00  1.206136e+00 -9.735174e-01
     vertex  0.000000e+00  1.178974e+00 -1.006240e+00
   endloop
 endfacet
 facet normal  0.000000e+00 -7.866951e-01  6.173417e-01
   outer loop
     vertex  5.000000e+00  1.232389e+00 -9.400618e-01
     vertex  0.000000e+00  1.206136e+00 -9.735174e-01
     vertex  5.000000e+00  1.206136e+00 -9.735174e-01
   endloop
 endfacet
 facet normal  0.000000e+00 -7.866951e-01  6.173417e-01
   outer loop
     vertex  5.000000e+00  1.232389e+00 -9.400618e-01
     vertex  0.000000e+00  1.232389e+00 -9.400618e-01
     vertex  0.000000e+00  1.206136e+00 -9.735174e-01
   endloop
 endfacet
 facet normal  0.000000e+00 -8.033352e-01  5.955271e-01
   outer loop
     vertex  5.000000e+00  1.257715e+00 -9.058985e-01
     vertex  0.000000e+00  1.232389e+00 -9.400618e-01
     vertex  5.000000e+00  1.232389e+00 -9.400618e-01
   endloop
 endfacet
 facet normal  0.000000e+00 -8.033352e-01  5.955271e-01
   outer loop
     vertex  5.000000e+00  1.257715e+00 -9.058985e-01
     vertex  0.000000e+00  1.257715e+00 -9.058985e-01
     vertex  0.000000e+00  1.232389e+00 -9.400618e-01
   endloop
 endfacet
 facet normal  0.000000e+00 -8.193706e-01  5.732642e-01
   outer loop
     vertex  5.000000e+00  1.282094e+00 -8.710534e-01
     vertex  0.000000e+00  1.257715e+00 -9.058985e-01
     vertex  5.000000e+00  1.257715e+00 -9.058985e-01
   endloop
 endfacet
 facet normal  0.000000e+00 -8.193706e-01  5.732642e-01
   outer loop
     vertex  5.000000e+00  1.282094e+00 -8.710534e-01
     vertex  0.000000e+00  1.282094e+00 -8.710534e-01
     vertex  0.000000e+00  1.257715e+00 -9.058985e-01
   endloop
 endfacet
 facet normal  0.000000e+00 -8.347891e-01  5.505698e-01
   outer loop
     vertex  5.000000e+00  1.305508e+00 -8.355525e-01
     vertex  0.000000e+00  1.282094e+00 -8.710534e-01
     vertex  5.000000e+00  1.282094e+00 -8.710534e-01
   endloop
 endfacet
 facet normal  0.000000e+00 -8.347891e-01  5.505698e-01
   outer loop
     vertex  5.000000e+00  1.305508e+00 -8.355525e-01
     vertex  0.000000e+00  1.305508e+00 -8.355525e-01
     vertex  0.000000e+00  1.282094e+00 -8.710534e-01
   endloop
 endfacet
 facet normal  0.000000e+00 -8.495793e-01  5.274609e-01
   outer loop
     vertex  5.000000e+00  1.327940e+00 -7.994226e-01
     vertex  0.000000e+00  1.305508e+00 -8.355525e-01
     vertex  5.000000e+00  1.305508e+00 -8.355525e-01
   endloop
 endfacet
 facet normal  0.000000e+00 -8.495793e-01  5.274609e-01
   outer loop
     vertex  5.000000e+00  1.327940e+00 -7.994226e-01
     vertex  0.000000e+00  1.327940e+00 -7.994226e-01
     vertex  0.000000e+00  1.305508e+00 -8.355525e-01
   endloop
 endfacet
 facet normal  0.000000e+00 -8.637299e-01  5.039550e-01
   outer loop
     vertex  5.000000e+00  1.327940e+00 -7.994226e-01
     vertex  0.000000e+00  1.349371e+00 -7.626910e-01
     vertex  0.000000e+00  1.327940e+00 -7.994226e-01
   endloop
 endfacet
 facet normal  0.000000e+00 -8.637299e-01  5.039550e-01
   outer loop
     vertex  5.000000e+00  1.349371e+00 -7.626910e-01
     vertex  0.000000e+00  1.349371e+00 -7.626910e-01
     vertex  5.000000e+00  1.327940e+00 -7.994226e-01
   endloop
 endfacet
 facet normal  0.000000e+00 -8.772303e-01  4.800697e-01
   outer loop
     vertex  5.000000e+00  1.369787e+00 -7.253852e-01
     vertex  0.000000e+00  1.349371e+00 -7.626910e-01
     vertex  5.000000e+00  1.349371e+00 -7.626910e-01
   endloop
 endfacet
 facet normal  0.000000e+00 -8.772303e-01  4.800697e-01
   outer loop
     vertex  5.000000e+00  1.369787e+00 -7.253852e-01
     vertex  0.000000e+00  1.369787e+00 -7.253852e-01
     vertex  0.000000e+00  1.349371e+00 -7.626910e-01
   endloop
 endfacet
 facet normal  0.000000e+00 -8.900704e-01  4.558231e-01
   outer loop
     vertex  5.000000e+00  1.389172e+00 -6.875333e-01
     vertex  0.000000e+00  1.369787e+00 -7.253852e-01
     vertex  5.000000e+00  1.369787e+00 -7.253852e-01
   endloop
 endfacet
 facet normal  0.000000e+00 -8.900704e-01  4.558231e-01
   outer loop
     vertex  5.000000e+00  1.389172e+00 -6.875333e-01
     vertex  0.000000e+00  1.389172e+00 -6.875333e-01
     vertex  0.000000e+00  1.369787e+00 -7.253852e-01
   endloop
 endfacet
 facet normal  0.000000e+00 -9.022405e-01  4.312333e-01
   outer loop
     vertex  5.000000e+00  1.389172e+00 -6.875333e-01
     vertex  0.000000e+00  1.407511e+00 -6.491640e-01
     vertex  0.000000e+00  1.389172e+00 -6.875333e-01
   endloop
 endfacet
 facet normal  0.000000e+00 -9.022405e-01  4.312333e-01
   outer loop
     vertex  5.000000e+00  1.407511e+00 -6.491640e-01
     vertex  0.000000e+00  1.407511e+00 -6.491640e-01
     vertex  5.000000e+00  1.389172e+00 -6.875333e-01
   endloop
 endfacet
 facet normal  0.000000e+00 -9.137314e-01  4.063188e-01
   outer loop
     vertex  5.000000e+00  1.424790e+00 -6.103059e-01
     vertex  0.000000e+00  1.407511e+00 -6.491640e-01
     vertex  5.000000e+00  1.407511e+00 -6.491640e-01
   endloop
 endfacet
 facet normal  0.000000e+00 -9.137314e-01  4.063188e-01
   outer loop
     vertex  5.000000e+00  1.424790e+00 -6.103059e-01
     vertex  0.000000e+00  1.424790e+00 -6.103059e-01
     vertex  0.000000e+00  1.407511e+00 -6.491640e-01
   endloop
 endfacet
 facet normal  0.000000e+00 -9.245344e-01  3.810986e-01
   outer loop
     vertex  5.000000e+00  1.440997e+00 -5.709885e-01
     vertex  0.000000e+00  1.440997e+00 -5.709885e-01
     vertex  0.000000e+00  1.424790e+00 -6.103059e-01
   endloop
 endfacet
 facet normal  0.000000e+00 -9.245344e-01  3.810986e-01
   outer loop
     vertex  5.000000e+00  1.440997e+00 -5.709885e-01
     vertex  0.000000e+00  1.424790e+00 -6.103059e-01
     vertex  5.000000e+00  1.424790e+00 -6.103059e-01
   endloop
 endfacet
 facet normal  0.000000e+00 -9.346415e-01  3.555914e-01
   outer loop
     vertex  5.000000e+00  1.456119e+00 -5.312412e-01
     vertex  0.000000e+00  1.456119e+00 -5.312412e-01
     vertex  0.000000e+00  1.440997e+00 -5.709885e-01
   endloop
 endfacet
 facet normal  0.000000e+00 -9.346415e-01  3.555914e-01
   outer loop
     vertex  5.000000e+00  1.456119e+00 -5.312412e-01
     vertex  0.000000e+00  1.440997e+00 -5.709885e-01
     vertex  5.000000e+00  1.440997e+00 -5.709885e-01
   endloop
 endfacet
 facet normal  0.000000e+00 -9.440450e-01  3.298166e-01
   outer loop
     vertex  5.000000e+00  1.470145e+00 -4.910940e-01
     vertex  0.000000e+00  1.470145e+00 -4.910940e-01
     vertex  0.000000e+00  1.456119e+00 -5.312412e-01
   endloop
 endfacet
 facet normal  0.000000e+00 -9.440450e-01  3.298166e-01
   outer loop
     vertex  5.000000e+00  1.470145e+00 -4.910940e-01
     vertex  0.000000e+00  1.456119e+00 -5.312412e-01
     vertex  5.000000e+00  1.456119e+00 -5.312412e-01
   endloop
 endfacet
 facet normal  0.000000e+00 -9.527379e-01  3.037934e-01
   outer loop
     vertex  5.000000e+00  1.483064e+00 -4.505771e-01
     vertex  0.000000e+00  1.483064e+00 -4.505771e-01
     vertex  0.000000e+00  1.470145e+00 -4.910940e-01
   endloop
 endfacet
 facet normal  0.000000e+00 -9.527379e-01  3.037934e-01
   outer loop
     vertex  5.000000e+00  1.483064e+00 -4.505771e-01
     vertex  0.000000e+00  1.470145e+00 -4.910940e-01
     vertex  5.000000e+00  1.470145e+00 -4.910940e-01
   endloop
 endfacet
 facet normal  0.000000e+00 -9.607136e-01  2.775416e-01
   outer loop
     vertex  5.000000e+00  1.494867e+00 -4.097210e-01
     vertex  0.000000e+00  1.483064e+00 -4.505771e-01
     vertex  5.000000e+00  1.483064e+00 -4.505771e-01
   endloop
 endfacet
 facet normal  0.000000e+00 -9.607136e-01  2.775416e-01
   outer loop
     vertex  5.000000e+00  1.494867e+00 -4.097210e-01
     vertex  0.000000e+00  1.494867e+00 -4.097210e-01
     vertex  0.000000e+00  1.483064e+00 -4.505771e-01
   endloop
 endfacet
 facet normal  0.000000e+00 -9.679661e-01  2.510809e-01
   outer loop
     vertex  5.000000e+00  1.505545e+00 -3.685566e-01
     vertex  0.000000e+00  1.494867e+00 -4.097210e-01
     vertex  5.000000e+00  1.494867e+00 -4.097210e-01
   endloop
 endfacet
 facet normal  0.000000e+00 -9.679661e-01  2.510809e-01
   outer loop
     vertex  5.000000e+00  1.505545e+00 -3.685566e-01
     vertex  0.000000e+00  1.505545e+00 -3.685566e-01
     vertex  0.000000e+00  1.494867e+00 -4.097210e-01
   endloop
 endfacet
 facet normal  0.000000e+00 -9.744899e-01  2.244312e-01
   outer loop
     vertex  5.000000e+00  1.515089e+00 -3.271147e-01
     vertex  0.000000e+00  1.505545e+00 -3.685566e-01
     vertex  5.000000e+00  1.505545e+00 -3.685566e-01
   endloop
 endfacet
 facet normal  0.000000e+00 -9.744899e-01  2.244312e-01
   outer loop
     vertex  5.000000e+00  1.515089e+00 -3.271147e-01
     vertex  0.000000e+00  1.515089e+00 -3.271147e-01
     vertex  0.000000e+00  1.505545e+00 -3.685566e-01
   endloop
 endfacet
 facet normal  0.000000e+00 -9.802802e-01  1.976125e-01
   outer loop
     vertex  5.000000e+00  1.523493e+00 -2.854265e-01
     vertex  0.000000e+00  1.515089e+00 -3.271147e-01
     vertex  5.000000e+00  1.515089e+00 -3.271147e-01
   endloop
 endfacet
 facet normal  0.000000e+00 -9.802802e-01  1.976125e-01
   outer loop
     vertex  5.000000e+00  1.523493e+00 -2.854265e-01
     vertex  0.000000e+00  1.523493e+00 -2.854265e-01
     vertex  0.000000e+00  1.515089e+00 -3.271147e-01
   endloop
 endfacet
 facet normal  0.000000e+00 -9.853326e-01  1.706451e-01
   outer loop
     vertex  5.000000e+00  1.530750e+00 -2.435235e-01
     vertex  0.000000e+00  1.523493e+00 -2.854265e-01
     vertex  5.000000e+00  1.523493e+00 -2.854265e-01
   endloop
 endfacet
 facet normal  0.000000e+00 -9.853326e-01  1.706451e-01
   outer loop
     vertex  5.000000e+00  1.530750e+00 -2.435235e-01
     vertex  0.000000e+00  1.530750e+00 -2.435235e-01
     vertex  0.000000e+00  1.523493e+00 -2.854265e-01
   endloop
 endfacet
 facet normal  0.000000e+00 -9.896432e-01  1.435492e-01
   outer loop
     vertex  5.000000e+00  1.536855e+00 -2.014371e-01
     vertex  0.000000e+00  1.530750e+00 -2.435235e-01
     vertex  5.000000e+00  1.530750e+00 -2.435235e-01
   endloop
 endfacet
 facet normal  0.000000e+00 -9.896432e-01  1.435492e-01
   outer loop
     vertex  5.000000e+00  1.536855e+00 -2.014371e-01
     vertex  0.000000e+00  1.536855e+00 -2.014371e-01
     vertex  0.000000e+00  1.530750e+00 -2.435235e-01
   endloop
 endfacet
 facet normal  0.000000e+00 -9.932088e-01  1.163452e-01
   outer loop
     vertex  5.000000e+00  1.541803e+00 -1.591992e-01
     vertex  0.000000e+00  1.536855e+00 -2.014371e-01
     vertex  5.000000e+00  1.536855e+00 -2.014371e-01
   endloop
 endfacet
 facet normal  0.000000e+00 -9.932088e-01  1.163452e-01
   outer loop
     vertex  5.000000e+00  1.541803e+00 -1.591992e-01
     vertex  0.000000e+00  1.541803e+00 -1.591992e-01
     vertex  0.000000e+00  1.536855e+00 -2.014371e-01
   endloop
 endfacet
 facet normal  0.000000e+00 -9.960268e-01  8.905371e-02
   outer loop
     vertex  5.000000e+00  1.545590e+00 -1.168414e-01
     vertex  0.000000e+00  1.541803e+00 -1.591992e-01
     vertex  5.000000e+00  1.541803e+00 -1.591992e-01
   endloop
 endfacet
 facet normal  0.000000e+00 -9.960268e-01  8.905371e-02
   outer loop
     vertex  5.000000e+00  1.545590e+00 -1.168414e-01
     vertex  0.000000e+00  1.545590e+00 -1.168414e-01
     vertex  0.000000e+00  1.541803e+00 -1.591992e-01
   endloop
 endfacet
 facet normal  0.000000e+00 -9.980950e-01  6.169515e-02
   outer loop
     vertex  5.000000e+00  1.548214e+00 -7.439560e-02
     vertex  0.000000e+00  1.545590e+00 -1.168414e-01
     vertex  5.000000e+00  1.545590e+00 -1.168414e-01
   endloop
 endfacet
 facet normal  0.000000e+00 -9.980950e-01  6.169515e-02
   outer loop
     vertex  5.000000e+00  1.548214e+00 -7.439560e-02
     vertex  0.000000e+00  1.548214e+00 -7.439560e-02
     vertex  0.000000e+00  1.545590e+00 -1.168414e-01
   endloop
 endfacet
 facet normal  0.000000e+00 -9.994119e-01  3.429014e-02
   outer loop
     vertex  5.000000e+00  1.549672e+00 -3.189383e-02
     vertex  0.000000e+00  1.548214e+00 -7.439560e-02
     vertex  5.000000e+00  1.548214e+00 -7.439560e-02
   endloop
 endfacet
 facet normal  0.000000e+00 -9.994119e-01  3.429014e-02
   outer loop
     vertex  5.000000e+00  1.549672e+00 -3.189383e-02
     vertex  0.000000e+00  1.549672e+00 -3.189383e-02
     vertex  0.000000e+00  1.548214e+00 -7.439560e-02
   endloop
 endfacet
 facet normal  0.000000e+00 -9.999765e-01  6.859319e-03
   outer loop
     vertex  5.000000e+00  1.549672e+00 -3.189383e-02
     vertex  0.000000e+00  1.549964e+00  1.063194e-02
     vertex  0.000000e+00  1.549672e+00 -3.189383e-02
   endloop
 endfacet
 facet normal  0.000000e+00 -9.999765e-01  6.859319e-03
   outer loop
     vertex  5.000000e+00  1.549964e+00  1.063194e-02
     vertex  0.000000e+00  1.549964e+00  1.063194e-02
     vertex  5.000000e+00  1.549672e+00 -3.189383e-02
   endloop
 endfacet
 facet normal -0.000000e+00 -9.997883e-01 -2.057667e-02
   outer loop
     vertex  5.000000e+00  1.549964e+00  1.063194e-02
     vertex  0.000000e+00  1.549088e+00  5.314972e-02
     vertex  0.000000e+00  1.549964e+00  1.063194e-02
   endloop
 endfacet
 facet normal -0.000000e+00 -9.997883e-01 -2.057667e-02
   outer loop
     vertex  5.000000e+00  1.549088e+00  5.314972e-02
     vertex  0.000000e+00  1.549088e+00  5.314972e-02
     vertex  5.000000e+00  1.549964e+00  1.063194e-02
   endloop
 endfacet
 facet normal -0.000000e+00 -9.988475e-01 -4.799716e-02
   outer loop
     vertex  5.000000e+00  1.547047e+00  9.562748e-02
     vertex  0.000000e+00  1.547047e+00  9.562748e-02
     vertex  0.000000e+00  1.549088e+00  5.314972e-02
   endloop
 endfacet
 facet normal  0.000000e+00 -9.988475e-01 -4.799716e-02
   outer loop
     vertex  5.000000e+00  1.547047e+00  9.562748e-02
     vertex  0.000000e+00  1.549088e+00  5.314972e-02
     vertex  5.000000e+00  1.549088e+00  5.314972e-02
   endloop
 endfacet
 facet normal -0.000000e+00 -9.971548e-01 -7.538152e-02
   outer loop
     vertex  5.000000e+00  1.543842e+00  1.380333e-01
     vertex  0.000000e+00  1.543842e+00  1.380333e-01
     vertex  0.000000e+00  1.547047e+00  9.562748e-02
   endloop
 endfacet
 facet normal  0.000000e+00 -9.971548e-01 -7.538152e-02
   outer loop
     vertex  5.000000e+00  1.543842e+00  1.380333e-01
     vertex  0.000000e+00  1.547047e+00  9.562748e-02
     vertex  5.000000e+00  1.547047e+00  9.562748e-02
   endloop
 endfacet
 facet normal -0.000000e+00 -9.947114e-01 -1.027091e-01
   outer loop
     vertex  5.000000e+00  1.539474e+00  1.803351e-01
     vertex  0.000000e+00  1.539474e+00  1.803351e-01
     vertex  0.000000e+00  1.543842e+00  1.380333e-01
   endloop
 endfacet
 facet normal  0.000000e+00 -9.947114e-01 -1.027091e-01
   outer loop
     vertex  5.000000e+00  1.539474e+00  1.803351e-01
     vertex  0.000000e+00  1.543842e+00  1.380333e-01
     vertex  5.000000e+00  1.543842e+00  1.380333e-01
   endloop
 endfacet
 facet normal -0.000000e+00 -9.915193e-01 -1.299594e-01
   outer loop
     vertex  5.000000e+00  1.533947e+00  2.225012e-01
     vertex  0.000000e+00  1.533947e+00  2.225012e-01
     vertex  0.000000e+00  1.539474e+00  1.803351e-01
   endloop
 endfacet
 facet normal  0.000000e+00 -9.915193e-01 -1.299594e-01
   outer loop
     vertex  5.000000e+00  1.533947e+00  2.225012e-01
     vertex  0.000000e+00  1.539474e+00  1.803351e-01
     vertex  5.000000e+00  1.539474e+00  1.803351e-01
   endloop
 endfacet
 facet normal -0.000000e+00 -9.875808e-01 -1.571119e-01
   outer loop
     vertex  5.000000e+00  1.527265e+00  2.644999e-01
     vertex  0.000000e+00  1.527265e+00  2.644999e-01
     vertex  0.000000e+00  1.533947e+00  2.225012e-01
   endloop
 endfacet
 facet normal  0.000000e+00 -9.875808e-01 -1.571119e-01
   outer loop
     vertex  5.000000e+00  1.527265e+00  2.644999e-01
     vertex  0.000000e+00  1.533947e+00  2.225012e-01
     vertex  5.000000e+00  1.533947e+00  2.225012e-01
   endloop
 endfacet
 facet normal -0.000000e+00 -9.828989e-01 -1.841461e-01
   outer loop
     vertex  5.000000e+00  1.519434e+00  3.062994e-01
     vertex  0.000000e+00  1.519434e+00  3.062994e-01
     vertex  0.000000e+00  1.527265e+00  2.644999e-01
   endloop
 endfacet
 facet normal  0.000000e+00 -9.828989e-01 -1.841461e-01
   outer loop
     vertex  5.000000e+00  1.519434e+00  3.062994e-01
     vertex  0.000000e+00  1.527265e+00  2.644999e-01
     vertex  5.000000e+00  1.527265e+00  2.644999e-01
   endloop
 endfacet
 facet normal -0.000000e+00 -9.774771e-01 -2.110417e-01
   outer loop
     vertex  5.000000e+00  1.510459e+00  3.478683e-01
     vertex  0.000000e+00  1.510459e+00  3.478683e-01
     vertex  0.000000e+00  1.519434e+00  3.062994e-01
   endloop
 endfacet
 facet normal  0.000000e+00 -9.774771e-01 -2.110417e-01
   outer loop
     vertex  5.000000e+00  1.510459e+00  3.478683e-01
     vertex  0.000000e+00  1.519434e+00  3.062994e-01
     vertex  5.000000e+00  1.519434e+00  3.062994e-01
   endloop
 endfacet
 facet normal -0.000000e+00 -9.713194e-01 -2.377784e-01
   outer loop
     vertex  5.000000e+00  1.500347e+00  3.891754e-01
     vertex  0.000000e+00  1.500347e+00  3.891754e-01
     vertex  0.000000e+00  1.510459e+00  3.478683e-01
   endloop
 endfacet
 facet normal  0.000000e+00 -9.713194e-01 -2.377784e-01
   outer loop
     vertex  5.000000e+00  1.500347e+00  3.891754e-01
     vertex  0.000000e+00  1.510459e+00  3.478683e-01
     vertex  5.000000e+00  1.510459e+00  3.478683e-01
   endloop
 endfacet
 facet normal -0.000000e+00 -9.644306e-01 -2.643362e-01
   outer loop
     vertex  5.000000e+00  1.489106e+00  4.301896e-01
     vertex  0.000000e+00  1.489106e+00  4.301896e-01
     vertex  0.000000e+00  1.500347e+00  3.891754e-01
   endloop
 endfacet
 facet normal  0.000000e+00 -9.644306e-01 -2.643362e-01
   outer loop
     vertex  5.000000e+00  1.489106e+00  4.301896e-01
     vertex  0.000000e+00  1.500347e+00  3.891754e-01
     vertex  5.000000e+00  1.500347e+00  3.891754e-01
   endloop
 endfacet
 facet normal -0.000000e+00 -9.568158e-01 -2.906949e-01
   outer loop
     vertex  5.000000e+00  1.476744e+00  4.708798e-01
     vertex  0.000000e+00  1.476744e+00  4.708798e-01
     vertex  0.000000e+00  1.489106e+00  4.301896e-01
   endloop
 endfacet
 facet normal  0.000000e+00 -9.568158e-01 -2.906949e-01
   outer loop
     vertex  5.000000e+00  1.476744e+00  4.708798e-01
     vertex  0.000000e+00  1.489106e+00  4.301896e-01
     vertex  5.000000e+00  1.489106e+00  4.301896e-01
   endloop
 endfacet
 facet normal -0.000000e+00 -9.484807e-01 -3.168348e-01
   outer loop
     vertex  5.000000e+00  1.463270e+00  5.112157e-01
     vertex  0.000000e+00  1.463270e+00  5.112157e-01
     vertex  0.000000e+00  1.476744e+00  4.708798e-01
   endloop
 endfacet
 facet normal -0.000000e+00 -9.394317e-01 -3.427362e-01
   outer loop
     vertex  5.000000e+00  1.463270e+00  5.112157e-01
     vertex  0.000000e+00  1.448694e+00  5.511667e-01
     vertex  0.000000e+00  1.463270e+00  5.112157e-01
   endloop
 endfacet
 facet normal  0.000000e+00 -9.484807e-01 -3.168348e-01
   outer loop
     vertex  5.000000e+00  1.463270e+00  5.112157e-01
     vertex  0.000000e+00  1.476744e+00  4.708798e-01
     vertex  5.000000e+00  1.476744e+00  4.708798e-01
   endloop
 endfacet
 facet normal -0.000000e+00 -9.296754e-01 -3.683796e-01
   outer loop
     vertex  5.000000e+00  1.448694e+00  5.511667e-01
     vertex  0.000000e+00  1.433028e+00  5.907028e-01
     vertex  0.000000e+00  1.448694e+00  5.511667e-01
   endloop
 endfacet
 facet normal -0.000000e+00 -9.394317e-01 -3.427362e-01
   outer loop
     vertex  5.000000e+00  1.448694e+00  5.511667e-01
     vertex  0.000000e+00  1.448694e+00  5.511667e-01
     vertex  5.000000e+00  1.463270e+00  5.112157e-01
   endloop
 endfacet
 facet normal -0.000000e+00 -9.296754e-01 -3.683796e-01
   outer loop
     vertex  5.000000e+00  1.433028e+00  5.907028e-01
     vertex  0.000000e+00  1.433028e+00  5.907028e-01
     vertex  5.000000e+00  1.448694e+00  5.511667e-01
   endloop
 endfacet
 facet normal  0.000000e+00 -9.192194e-01 -3.937458e-01
   outer loop
     vertex  5.000000e+00  1.416284e+00  6.297942e-01
     vertex  0.000000e+00  1.433028e+00  5.907028e-01
     vertex  5.000000e+00  1.433028e+00  5.907028e-01
   endloop
 endfacet
 facet normal -0.000000e+00 -9.192194e-01 -3.937458e-01
   outer loop
     vertex  5.000000e+00  1.416284e+00  6.297942e-01
     vertex  0.000000e+00  1.416284e+00  6.297942e-01
     vertex  0.000000e+00  1.433028e+00  5.907028e-01
   endloop
 endfacet
 facet normal -0.000000e+00 -9.080714e-01 -4.188155e-01
   outer loop
     vertex  5.000000e+00  1.416284e+00  6.297942e-01
     vertex  0.000000e+00  1.398473e+00  6.684116e-01
     vertex  0.000000e+00  1.416284e+00  6.297942e-01
   endloop
 endfacet
 facet normal -0.000000e+00 -9.080714e-01 -4.188155e-01
   outer loop
     vertex  5.000000e+00  1.398473e+00  6.684116e-01
     vertex  0.000000e+00  1.398473e+00  6.684116e-01
     vertex  5.000000e+00  1.416284e+00  6.297942e-01
   endloop
 endfacet
 facet normal -0.000000e+00 -8.962398e-01 -4.435699e-01
   outer loop
     vertex  5.000000e+00  1.379609e+00  7.065257e-01
     vertex  0.000000e+00  1.379609e+00  7.065257e-01
     vertex  0.000000e+00  1.398473e+00  6.684116e-01
   endloop
 endfacet
 facet normal -0.000000e+00 -8.837335e-01 -4.679904e-01
   outer loop
     vertex  5.000000e+00  1.379609e+00  7.065257e-01
     vertex  0.000000e+00  1.359707e+00  7.441081e-01
     vertex  0.000000e+00  1.379609e+00  7.065257e-01
   endloop
 endfacet
 facet normal  0.000000e+00 -8.962398e-01 -4.435699e-01
   outer loop
     vertex  5.000000e+00  1.379609e+00  7.065257e-01
     vertex  0.000000e+00  1.398473e+00  6.684116e-01
     vertex  5.000000e+00  1.398473e+00  6.684116e-01
   endloop
 endfacet
 facet normal -0.000000e+00 -8.837335e-01 -4.679904e-01
   outer loop
     vertex  5.000000e+00  1.359707e+00  7.441081e-01
     vertex  0.000000e+00  1.359707e+00  7.441081e-01
     vertex  5.000000e+00  1.379609e+00  7.065257e-01
   endloop
 endfacet
 facet normal -0.000000e+00 -8.705620e-01 -4.920587e-01
   outer loop
     vertex  5.000000e+00  1.338781e+00  7.811303e-01
     vertex  0.000000e+00  1.338781e+00  7.811303e-01
     vertex  0.000000e+00  1.359707e+00  7.441081e-01
   endloop
 endfacet
 facet normal  0.000000e+00 -8.705620e-01 -4.920587e-01
   outer loop
     vertex  5.000000e+00  1.338781e+00  7.811303e-01
     vertex  0.000000e+00  1.359707e+00  7.441081e-01
     vertex  5.000000e+00  1.359707e+00  7.441081e-01
   endloop
 endfacet
 facet normal -0.000000e+00 -8.567352e-01 -5.157565e-01
   outer loop
     vertex  5.000000e+00  1.338781e+00  7.811303e-01
     vertex  0.000000e+00  1.316848e+00  8.175645e-01
     vertex  0.000000e+00  1.338781e+00  7.811303e-01
   endloop
 endfacet
 facet normal -0.000000e+00 -8.567352e-01 -5.157565e-01
   outer loop
     vertex  5.000000e+00  1.316848e+00  8.175645e-01
     vertex  0.000000e+00  1.316848e+00  8.175645e-01
     vertex  5.000000e+00  1.338781e+00  7.811303e-01
   endloop
 endfacet
 facet normal -0.000000e+00 -8.422635e-01 -5.390661e-01
   outer loop
     vertex  5.000000e+00  1.316848e+00  8.175645e-01
     vertex  0.000000e+00  1.293923e+00  8.533832e-01
     vertex  0.000000e+00  1.316848e+00  8.175645e-01
   endloop
 endfacet
 facet normal -0.000000e+00 -8.271577e-01 -5.619699e-01
   outer loop
     vertex  5.000000e+00  1.293923e+00  8.533832e-01
     vertex  0.000000e+00  1.270024e+00  8.885596e-01
     vertex  0.000000e+00  1.293923e+00  8.533832e-01
   endloop
 endfacet
 facet normal -0.000000e+00 -8.422635e-01 -5.390661e-01
   outer loop
     vertex  5.000000e+00  1.293923e+00  8.533832e-01
     vertex  0.000000e+00  1.293923e+00  8.533832e-01
     vertex  5.000000e+00  1.316848e+00  8.175645e-01
   endloop
 endfacet
 facet normal -0.000000e+00 -8.271577e-01 -5.619699e-01
   outer loop
     vertex  5.000000e+00  1.270024e+00  8.885596e-01
     vertex  0.000000e+00  1.270024e+00  8.885596e-01
     vertex  5.000000e+00  1.293923e+00  8.533832e-01
   endloop
 endfacet
 facet normal -0.000000e+00 -8.114292e-01 -5.844507e-01
   outer loop
     vertex  5.000000e+00  1.245170e+00  9.230670e-01
     vertex  0.000000e+00  1.245170e+00  9.230670e-01
     vertex  0.000000e+00  1.270024e+00  8.885596e-01
   endloop
 endfacet
 facet normal -0.000000e+00 -7.950900e-01 -6.064915e-01
   outer loop
     vertex  5.000000e+00  1.245170e+00  9.230670e-01
     vertex  0.000000e+00  1.219377e+00  9.568796e-01
     vertex  0.000000e+00  1.245170e+00  9.230670e-01
   endloop
 endfacet
 facet normal  0.000000e+00 -8.114292e-01 -5.844507e-01
   outer loop
     vertex  5.000000e+00  1.245170e+00  9.230670e-01
     vertex  0.000000e+00  1.270024e+00  8.885596e-01
     vertex  5.000000e+00  1.270024e+00  8.885596e-01
   endloop
 endfacet
 facet normal -0.000000e+00 -7.950900e-01 -6.064915e-01
   outer loop
     vertex  5.000000e+00  1.219377e+00  9.568796e-01
     vertex  0.000000e+00  1.219377e+00  9.568796e-01
     vertex  5.000000e+00  1.245170e+00  9.230670e-01
   endloop
 endfacet
 facet normal -0.000000e+00 -7.781522e-01 -6.280757e-01
   outer loop
     vertex  5.000000e+00  1.192667e+00  9.899720e-01
     vertex  0.000000e+00  1.192667e+00  9.899720e-01
     vertex  0.000000e+00  1.219377e+00  9.568796e-01
   endloop
 endfacet
 facet normal  0.000000e+00 -7.781522e-01 -6.280757e-01
   outer loop
     vertex  5.000000e+00  1.192667e+00  9.899720e-01
     vertex  0.000000e+00  1.219377e+00  9.568796e-01
     vertex  5.000000e+00  1.219377e+00  9.568796e-01
   endloop
 endfacet
 facet normal -0.000000e+00 -7.606287e-01 -6.491872e-01
   outer loop
     vertex  5.000000e+00  1.165060e+00  1.022319e+00
     vertex  0.000000e+00  1.165060e+00  1.022319e+00
     vertex  0.000000e+00  1.192667e+00  9.899720e-01
   endloop
 endfacet
 facet normal  0.000000e+00 -7.606287e-01 -6.491872e-01
   outer loop
     vertex  5.000000e+00  1.165060e+00  1.022319e+00
     vertex  0.000000e+00  1.192667e+00  9.899720e-01
     vertex  5.000000e+00  1.192667e+00  9.899720e-01
   endloop
 endfacet
 facet normal -0.000000e+00 -7.425325e-01 -6.698100e-01
   outer loop
     vertex  5.000000e+00  1.136575e+00  1.053897e+00
     vertex  0.000000e+00  1.136575e+00  1.053897e+00
     vertex  0.000000e+00  1.165060e+00  1.022319e+00
   endloop
 endfacet
 facet normal -0.000000e+00 -7.238775e-01 -6.899286e-01
   outer loop
     vertex  5.000000e+00  1.136575e+00  1.053897e+00
     vertex  0.000000e+00  1.107234e+00  1.084681e+00
     vertex  0.000000e+00  1.136575e+00  1.053897e+00
   endloop
 endfacet
 facet normal  0.000000e+00 -7.425325e-01 -6.698100e-01
   outer loop
     vertex  5.000000e+00  1.136575e+00  1.053897e+00
     vertex  0.000000e+00  1.165060e+00  1.022319e+00
     vertex  5.000000e+00  1.165060e+00  1.022319e+00
   endloop
 endfacet
 facet normal -0.000000e+00 -7.238775e-01 -6.899286e-01
   outer loop
     vertex  5.000000e+00  1.107234e+00  1.084681e+00
     vertex  0.000000e+00  1.107234e+00  1.084681e+00
     vertex  5.000000e+00  1.136575e+00  1.053897e+00
   endloop
 endfacet
 facet normal -0.000000e+00 -7.046775e-01 -7.095278e-01
   outer loop
     vertex  5.000000e+00  1.077060e+00  1.114648e+00
     vertex  0.000000e+00  1.077060e+00  1.114648e+00
     vertex  0.000000e+00  1.107234e+00  1.084681e+00
   endloop
 endfacet
 facet normal  0.000000e+00 -7.046775e-01 -7.095278e-01
   outer loop
     vertex  5.000000e+00  1.077060e+00  1.114648e+00
     vertex  0.000000e+00  1.107234e+00  1.084681e+00
     vertex  5.000000e+00  1.107234e+00  1.084681e+00
   endloop
 endfacet
 facet normal -0.000000e+00 -6.849470e-01 -7.285929e-01
   outer loop
     vertex  5.000000e+00  1.046076e+00  1.143777e+00
     vertex  0.000000e+00  1.046076e+00  1.143777e+00
     vertex  0.000000e+00  1.077060e+00  1.114648e+00
   endloop
 endfacet
 facet normal  0.000000e+00 -6.849470e-01 -7.285929e-01
   outer loop
     vertex  5.000000e+00  1.046076e+00  1.143777e+00
     vertex  0.000000e+00  1.077060e+00  1.114648e+00
     vertex  5.000000e+00  1.077060e+00  1.114648e+00
   endloop
 endfacet
 facet normal -0.000000e+00 -6.647010e-01 -7.471095e-01
   outer loop
     vertex  5.000000e+00  1.014303e+00  1.172045e+00
     vertex  0.000000e+00  1.014303e+00  1.172045e+00
     vertex  0.000000e+00  1.046076e+00  1.143777e+00
   endloop
 endfacet
 facet normal  0.000000e+00 -6.647010e-01 -7.471095e-01
   outer loop
     vertex  5.000000e+00  1.014303e+00  1.172045e+00
     vertex  0.000000e+00  1.046076e+00  1.143777e+00
     vertex  5.000000e+00  1.046076e+00  1.143777e+00
   endloop
 endfacet
 facet normal -0.000000e+00 -6.439545e-01 -7.650637e-01
   outer loop
     vertex  5.000000e+00  9.817678e-01  1.199430e+00
     vertex  0.000000e+00  9.817678e-01  1.199430e+00
     vertex  0.000000e+00  1.014303e+00  1.172045e+00
   endloop
 endfacet
 facet normal -0.000000e+00 -6.227234e-01 -7.824421e-01
   outer loop
     vertex  5.000000e+00  9.817678e-01  1.199430e+00
     vertex  0.000000e+00  9.484930e-01  1.225912e+00
     vertex  0.000000e+00  9.817678e-01  1.199430e+00
   endloop
 endfacet
 facet normal  0.000000e+00 -6.439545e-01 -7.650637e-01
   outer loop
     vertex  5.000000e+00  9.817678e-01  1.199430e+00
     vertex  0.000000e+00  1.014303e+00  1.172045e+00
     vertex  5.000000e+00  1.014303e+00  1.172045e+00
   endloop
 endfacet
 facet normal -0.000000e+00 -6.227234e-01 -7.824421e-01
   outer loop
     vertex  5.000000e+00  9.484930e-01  1.225912e+00
     vertex  0.000000e+00  9.484930e-01  1.225912e+00
     vertex  5.000000e+00  9.817678e-01  1.199430e+00
   endloop
 endfacet
 facet normal -0.000000e+00 -6.010234e-01 -7.992314e-01
   outer loop
     vertex  5.000000e+00  9.145043e-01  1.251472e+00
     vertex  0.000000e+00  9.145043e-01  1.251472e+00
     vertex  0.000000e+00  9.484930e-01  1.225912e+00
   endloop
 endfacet
 facet normal  0.000000e+00 -6.010234e-01 -7.992314e-01
   outer loop
     vertex  5.000000e+00  9.145043e-01  1.251472e+00
     vertex  0.000000e+00  9.484930e-01  1.225912e+00
     vertex  5.000000e+00  9.484930e-01  1.225912e+00
   endloop
 endfacet
 facet normal -0.000000e+00 -5.788711e-01 -8.154191e-01
   outer loop
     vertex  5.000000e+00  8.798272e-01  1.276089e+00
     vertex  0.000000e+00  8.798272e-01  1.276089e+00
     vertex  0.000000e+00  9.145043e-01  1.251472e+00
   endloop
 endfacet
 facet normal  0.000000e+00 -5.788711e-01 -8.154191e-01
   outer loop
     vertex  5.000000e+00  8.798272e-01  1.276089e+00
     vertex  0.000000e+00  9.145043e-01  1.251472e+00
     vertex  5.000000e+00  9.145043e-01  1.251472e+00
   endloop
 endfacet
 facet normal -0.000000e+00 -5.562829e-01 -8.309929e-01
   outer loop
     vertex  5.000000e+00  8.444877e-01  1.299746e+00
     vertex  0.000000e+00  8.444877e-01  1.299746e+00
     vertex  0.000000e+00  8.798272e-01  1.276089e+00
   endloop
 endfacet
 facet normal  0.000000e+00 -5.562829e-01 -8.309929e-01
   outer loop
     vertex  5.000000e+00  8.444877e-01  1.299746e+00
     vertex  0.000000e+00  8.798272e-01  1.276089e+00
     vertex  5.000000e+00  8.798272e-01  1.276089e+00
   endloop
 endfacet
 facet normal -0.000000e+00 -5.332761e-01 -8.459413e-01
   outer loop
     vertex  5.000000e+00  8.085126e-01  1.322425e+00
     vertex  0.000000e+00  8.085126e-01  1.322425e+00
     vertex  0.000000e+00  8.444877e-01  1.299746e+00
   endloop
 endfacet
 facet normal  0.000000e+00 -5.332761e-01 -8.459413e-01
   outer loop
     vertex  5.000000e+00  8.085126e-01  1.322425e+00
     vertex  0.000000e+00  8.444877e-01  1.299746e+00
     vertex  5.000000e+00  8.444877e-01  1.299746e+00
   endloop
 endfacet
 facet normal -0.000000e+00 -5.098678e-01 -8.602528e-01
   outer loop
     vertex  5.000000e+00  7.719288e-01  1.344108e+00
     vertex  0.000000e+00  7.719288e-01  1.344108e+00
     vertex  0.000000e+00  8.085126e-01  1.322425e+00
   endloop
 endfacet
 facet normal -0.000000e+00 -4.860756e-01 -8.739167e-01
   outer loop
     vertex  5.000000e+00  7.719288e-01  1.344108e+00
     vertex  0.000000e+00  7.347639e-01  1.364779e+00
     vertex  0.000000e+00  7.719288e-01  1.344108e+00
   endloop
 endfacet
 facet normal  0.000000e+00 -5.098678e-01 -8.602528e-01
   outer loop
     vertex  5.000000e+00  7.719288e-01  1.344108e+00
     vertex  0.000000e+00  8.085126e-01  1.322425e+00
     vertex  5.000000e+00  8.085126e-01  1.322425e+00
   endloop
 endfacet
 facet normal -0.000000e+00 -4.619176e-01 -8.869228e-01
   outer loop
     vertex  5.000000e+00  7.347639e-01  1.364779e+00
     vertex  0.000000e+00  6.970459e-01  1.384423e+00
     vertex  0.000000e+00  7.347639e-01  1.364779e+00
   endloop
 endfacet
 facet normal -0.000000e+00 -4.860756e-01 -8.739167e-01
   outer loop
     vertex  5.000000e+00  7.347639e-01  1.364779e+00
     vertex  0.000000e+00  7.347639e-01  1.364779e+00
     vertex  5.000000e+00  7.719288e-01  1.344108e+00
   endloop
 endfacet
 facet normal -0.000000e+00 -4.619176e-01 -8.869228e-01
   outer loop
     vertex  5.000000e+00  6.970459e-01  1.384423e+00
     vertex  0.000000e+00  6.970459e-01  1.384423e+00
     vertex  5.000000e+00  7.347639e-01  1.364779e+00
   endloop
 endfacet
 facet normal -0.000000e+00 -4.374119e-01 -8.992613e-01
   outer loop
     vertex  5.000000e+00  6.970459e-01  1.384423e+00
     vertex  0.000000e+00  6.588033e-01  1.403025e+00
     vertex  0.000000e+00  6.970459e-01  1.384423e+00
   endloop
 endfacet
 facet normal -0.000000e+00 -4.374119e-01 -8.992613e-01
   outer loop
     vertex  5.000000e+00  6.588033e-01  1.403025e+00
     vertex  0.000000e+00  6.588033e-01  1.403025e+00
     vertex  5.000000e+00  6.970459e-01  1.384423e+00
   endloop
 endfacet
 facet normal  0.000000e+00 -4.125769e-01 -9.109228e-01
   outer loop
     vertex  5.000000e+00  6.200647e-01  1.420570e+00
     vertex  0.000000e+00  6.588033e-01  1.403025e+00
     vertex  5.000000e+00  6.588033e-01  1.403025e+00
   endloop
 endfacet
 facet normal -0.000000e+00 -4.125769e-01 -9.109228e-01
   outer loop
     vertex  5.000000e+00  6.200647e-01  1.420570e+00
     vertex  0.000000e+00  6.200647e-01  1.420570e+00
     vertex  0.000000e+00  6.588033e-01  1.403025e+00
   endloop
 endfacet
 facet normal  0.000000e+00 -3.874313e-01 -9.218986e-01
   outer loop
     vertex  5.000000e+00  5.808593e-01  1.437046e+00
     vertex  0.000000e+00  6.200647e-01  1.420570e+00
     vertex  5.000000e+00  6.200647e-01  1.420570e+00
   endloop
 endfacet
 facet normal -0.000000e+00 -3.874313e-01 -9.218986e-01
   outer loop
     vertex  5.000000e+00  5.808593e-01  1.437046e+00
     vertex  0.000000e+00  5.808593e-01  1.437046e+00
     vertex  0.000000e+00  6.200647e-01  1.420570e+00
   endloop
 endfacet
 facet normal  0.000000e+00 -3.619940e-01 -9.321804e-01
   outer loop
     vertex  5.000000e+00  5.412166e-01  1.452441e+00
     vertex  0.000000e+00  5.808593e-01  1.437046e+00
     vertex  5.000000e+00  5.808593e-01  1.437046e+00
   endloop
 endfacet
 facet normal -0.000000e+00 -3.619940e-01 -9.321804e-01
   outer loop
     vertex  5.000000e+00  5.412166e-01  1.452441e+00
     vertex  0.000000e+00  5.412166e-01  1.452441e+00
     vertex  0.000000e+00  5.808593e-01  1.437046e+00
   endloop
 endfacet
 facet normal -0.000000e+00 -3.362843e-01 -9.417605e-01
   outer loop
     vertex  5.000000e+00  5.412166e-01  1.452441e+00
     vertex  0.000000e+00  5.011666e-01  1.466742e+00
     vertex  0.000000e+00  5.412166e-01  1.452441e+00
   endloop
 endfacet
 facet normal -0.000000e+00 -3.362843e-01 -9.417605e-01
   outer loop
     vertex  5.000000e+00  5.011666e-01  1.466742e+00
     vertex  0.000000e+00  5.011666e-01  1.466742e+00
     vertex  5.000000e+00  5.412166e-01  1.452441e+00
   endloop
 endfacet
 facet normal  0.000000e+00 -3.103214e-01 -9.506317e-01
   outer loop
     vertex  5.000000e+00  4.607393e-01  1.479939e+00
     vertex  0.000000e+00  5.011666e-01  1.466742e+00
     vertex  5.000000e+00  5.011666e-01  1.466742e+00
   endloop
 endfacet
 facet normal -0.000000e+00 -3.103214e-01 -9.506317e-01
   outer loop
     vertex  5.000000e+00  4.607393e-01  1.479939e+00
     vertex  0.000000e+00  4.607393e-01  1.479939e+00
     vertex  0.000000e+00  5.011666e-01  1.466742e+00
   endloop
 endfacet
 facet normal  0.000000e+00 -2.841250e-01 -9.587873e-01
   outer loop
     vertex  5.000000e+00  4.199652e-01  1.492022e+00
     vertex  0.000000e+00  4.607393e-01  1.479939e+00
     vertex  5.000000e+00  4.607393e-01  1.479939e+00
   endloop
 endfacet
 facet normal -0.000000e+00 -2.841250e-01 -9.587873e-01
   outer loop
     vertex  5.000000e+00  4.199652e-01  1.492022e+00
     vertex  0.000000e+00  4.199652e-01  1.492022e+00
     vertex  0.000000e+00  4.607393e-01  1.479939e+00
   endloop
 endfacet
 facet normal -0.000000e+00 -2.577146e-01 -9.662211e-01
   outer loop
     vertex  5.000000e+00  4.199652e-01  1.492022e+00
     vertex  0.000000e+00  3.788749e-01  1.502982e+00
     vertex  0.000000e+00  4.199652e-01  1.492022e+00
   endloop
 endfacet
 facet normal -0.000000e+00 -2.577146e-01 -9.662211e-01
   outer loop
     vertex  5.000000e+00  3.788749e-01  1.502982e+00
     vertex  0.000000e+00  3.788749e-01  1.502982e+00
     vertex  5.000000e+00  4.199652e-01  1.492022e+00
   endloop
 endfacet
 facet normal  0.000000e+00 -2.311102e-01 -9.729276e-01
   outer loop
     vertex  5.000000e+00  3.374994e-01  1.512810e+00
     vertex  0.000000e+00  3.788749e-01  1.502982e+00
     vertex  5.000000e+00  3.788749e-01  1.502982e+00
   endloop
 endfacet
 facet normal -0.000000e+00 -2.311102e-01 -9.729276e-01
   outer loop
     vertex  5.000000e+00  3.374994e-01  1.512810e+00
     vertex  0.000000e+00  3.374994e-01  1.512810e+00
     vertex  0.000000e+00  3.788749e-01  1.502982e+00
   endloop
 endfacet
 facet normal  0.000000e+00 -2.043319e-01 -9.789017e-01
   outer loop
     vertex  5.000000e+00  2.958699e-01  1.521500e+00
     vertex  0.000000e+00  3.374994e-01  1.512810e+00
     vertex  5.000000e+00  3.374994e-01  1.512810e+00
   endloop
 endfacet
 facet normal -0.000000e+00 -2.043319e-01 -9.789017e-01
   outer loop
     vertex  5.000000e+00  2.958699e-01  1.521500e+00
     vertex  0.000000e+00  2.958699e-01  1.521500e+00
     vertex  0.000000e+00  3.374994e-01  1.512810e+00
   endloop
 endfacet
 facet normal  0.000000e+00 -1.773998e-01 -9.841389e-01
   outer loop
     vertex  5.000000e+00  2.540177e-01  1.529044e+00
     vertex  0.000000e+00  2.958699e-01  1.521500e+00
     vertex  5.000000e+00  2.958699e-01  1.521500e+00
   endloop
 endfacet
 facet normal -0.000000e+00 -1.773998e-01 -9.841389e-01
   outer loop
     vertex  5.000000e+00  2.540177e-01  1.529044e+00
     vertex  0.000000e+00  2.540177e-01  1.529044e+00
     vertex  0.000000e+00  2.958699e-01  1.521500e+00
   endloop
 endfacet
 facet normal -0.000000e+00 -1.503341e-01 -9.886353e-01
   outer loop
     vertex  5.000000e+00  2.540177e-01  1.529044e+00
     vertex  0.000000e+00  2.119742e-01  1.535437e+00
     vertex  0.000000e+00  2.540177e-01  1.529044e+00
   endloop
 endfacet
 facet normal -0.000000e+00 -1.503341e-01 -9.886353e-01
   outer loop
     vertex  5.000000e+00  2.119742e-01  1.535437e+00
     vertex  0.000000e+00  2.119742e-01  1.535437e+00
     vertex  5.000000e+00  2.540177e-01  1.529044e+00
   endloop
 endfacet
 facet normal -0.000000e+00 -1.231552e-01 -9.923874e-01
   outer loop
     vertex  5.000000e+00  1.697711e-01  1.540674e+00
     vertex  0.000000e+00  1.697711e-01  1.540674e+00
     vertex  0.000000e+00  2.119742e-01  1.535437e+00
   endloop
 endfacet
 facet normal  0.000000e+00 -1.231552e-01 -9.923874e-01
   outer loop
     vertex  5.000000e+00  1.697711e-01  1.540674e+00
     vertex  0.000000e+00  2.119742e-01  1.535437e+00
     vertex  5.000000e+00  2.119742e-01  1.535437e+00
   endloop
 endfacet
 facet normal -0.000000e+00 -9.588368e-02 -9.953925e-01
   outer loop
     vertex  5.000000e+00  1.274403e-01  1.544752e+00
     vertex  0.000000e+00  1.274403e-01  1.544752e+00
     vertex  0.000000e+00  1.697711e-01  1.540674e+00
   endloop
 endfacet
 facet normal  0.000000e+00 -9.588368e-02 -9.953925e-01
   outer loop
     vertex  5.000000e+00  1.274403e-01  1.544752e+00
     vertex  0.000000e+00  1.697711e-01  1.540674e+00
     vertex  5.000000e+00  1.697711e-01  1.540674e+00
   endloop
 endfacet
 facet normal -0.000000e+00 -6.853995e-02 -9.976484e-01
   outer loop
     vertex  5.000000e+00  8.501354e-02  1.547667e+00
     vertex  0.000000e+00  8.501354e-02  1.547667e+00
     vertex  0.000000e+00  1.274403e-01  1.544752e+00
   endloop
 endfacet
 facet normal  0.000000e+00 -6.853995e-02 -9.976484e-01
   outer loop
     vertex  5.000000e+00  8.501354e-02  1.547667e+00
     vertex  0.000000e+00  1.274403e-01  1.544752e+00
     vertex  5.000000e+00  1.274403e-01  1.544752e+00
   endloop
 endfacet
 facet normal -0.000000e+00 -4.114462e-02 -9.991532e-01
   outer loop
     vertex  5.000000e+00  4.252277e-02  1.549417e+00
     vertex  0.000000e+00  4.252277e-02  1.549417e+00
     vertex  0.000000e+00  8.501354e-02  1.547667e+00
   endloop
 endfacet
 facet normal -0.000000e+00 -1.371831e-02 -9.999059e-01
   outer loop
     vertex  5.000000e+00  4.252277e-02  1.549417e+00
     vertex  0.000000e+00  3.796405e-16  1.550000e+00
     vertex  0.000000e+00  4.252277e-02  1.549417e+00
   endloop
 endfacet
 facet normal  0.000000e+00 -4.114462e-02 -9.991532e-01
   outer loop
     vertex  5.000000e+00  4.252277e-02  1.549417e+00
     vertex  0.000000e+00  8.501354e-02  1.547667e+00
     vertex  5.000000e+00  8.501354e-02  1.547667e+00
   endloop
 endfacet
 facet normal -0.000000e+00 -1.371831e-02 -9.999059e-01
   outer loop
     vertex  5.000000e+00  3.796405e-16  1.550000e+00
     vertex  0.000000e+00  3.796405e-16  1.550000e+00
     vertex  5.000000e+00  4.252277e-02  1.549417e+00
   endloop
 endfacet
 facet normal  0.000000e+00 -1.365867e-02  9.999067e-01
   outer loop
     vertex  5.000000e+00  2.031412e+00  1.085043e+01
     vertex  0.000000e+00  2.000000e+00  1.085000e+01
     vertex  5.000000e+00  2.000000e+00  1.085000e+01
   endloop
 endfacet
 facet normal  0.000000e+00 -1.365867e-02  9.999067e-01
   outer loop
     vertex  5.000000e+00  2.031412e+00  1.085043e+01
     vertex  0.000000e+00  2.031412e+00  1.085043e+01
     vertex  0.000000e+00  2.000000e+00  1.085000e+01
   endloop
 endfacet
 facet normal  0.000000e+00 -4.096583e-02  9.991605e-01
   outer loop
     vertex  5.000000e+00  2.062801e+00  1.085172e+01
     vertex  0.000000e+00  2.062801e+00  1.085172e+01
     vertex  0.000000e+00  2.031412e+00  1.085043e+01
   endloop
 endfacet
 facet normal  0.000000e+00 -4.096583e-02  9.991605e-01
   outer loop
     vertex  5.000000e+00  2.062801e+00  1.085172e+01
     vertex  0.000000e+00  2.031412e+00  1.085043e+01
     vertex  5.000000e+00  2.031412e+00  1.085043e+01
   endloop
 endfacet
 facet normal  0.000000e+00 -6.824241e-02  9.976688e-01
   outer loop
     vertex  5.000000e+00  2.094142e+00  1.085386e+01
     vertex  0.000000e+00  2.094142e+00  1.085386e+01
     vertex  0.000000e+00  2.062801e+00  1.085172e+01
   endloop
 endfacet
 facet normal  0.000000e+00 -6.824241e-02  9.976688e-01
   outer loop
     vertex  5.000000e+00  2.094142e+00  1.085386e+01
     vertex  0.000000e+00  2.062801e+00  1.085172e+01
     vertex  5.000000e+00  2.062801e+00  1.085172e+01
   endloop
 endfacet
 facet normal  0.000000e+00 -9.546807e-02  9.954325e-01
   outer loop
     vertex  5.000000e+00  2.125414e+00  1.085686e+01
     vertex  0.000000e+00  2.125414e+00  1.085686e+01
     vertex  0.000000e+00  2.094142e+00  1.085386e+01
   endloop
 endfacet
 facet normal  0.000000e+00 -9.546807e-02  9.954325e-01
   outer loop
     vertex  5.000000e+00  2.125414e+00  1.085686e+01
     vertex  0.000000e+00  2.094142e+00  1.085386e+01
     vertex  5.000000e+00  2.094142e+00  1.085386e+01
   endloop
 endfacet
 facet normal  0.000000e+00 -1.226225e-01  9.924534e-01
   outer loop
     vertex  5.000000e+00  2.156592e+00  1.086071e+01
     vertex  0.000000e+00  2.156592e+00  1.086071e+01
     vertex  0.000000e+00  2.125414e+00  1.085686e+01
   endloop
 endfacet
 facet normal  0.000000e+00 -1.226225e-01  9.924534e-01
   outer loop
     vertex  5.000000e+00  2.156592e+00  1.086071e+01
     vertex  0.000000e+00  2.125414e+00  1.085686e+01
     vertex  5.000000e+00  2.125414e+00  1.085686e+01
   endloop
 endfacet
 facet normal  0.000000e+00 -1.496854e-01  9.887337e-01
   outer loop
     vertex  5.000000e+00  2.187653e+00  1.086541e+01
     vertex  0.000000e+00  2.187653e+00  1.086541e+01
     vertex  0.000000e+00  2.156592e+00  1.086071e+01
   endloop
 endfacet
 facet normal  0.000000e+00 -1.496854e-01  9.887337e-01
   outer loop
     vertex  5.000000e+00  2.187653e+00  1.086541e+01
     vertex  0.000000e+00  2.156592e+00  1.086071e+01
     vertex  5.000000e+00  2.156592e+00  1.086071e+01
   endloop
 endfacet
 facet normal  0.000000e+00 -1.766366e-01  9.842761e-01
   outer loop
     vertex  5.000000e+00  2.218574e+00  1.087096e+01
     vertex  0.000000e+00  2.218574e+00  1.087096e+01
     vertex  0.000000e+00  2.187653e+00  1.086541e+01
   endloop
 endfacet
 facet normal  0.000000e+00 -1.766366e-01  9.842761e-01
   outer loop
     vertex  5.000000e+00  2.218574e+00  1.087096e+01
     vertex  0.000000e+00  2.187653e+00  1.086541e+01
     vertex  5.000000e+00  2.187653e+00  1.086541e+01
   endloop
 endfacet
 facet normal  0.000000e+00 -2.034560e-01  9.790841e-01
   outer loop
     vertex  5.000000e+00  2.249332e+00  1.087735e+01
     vertex  0.000000e+00  2.249332e+00  1.087735e+01
     vertex  0.000000e+00  2.218574e+00  1.087096e+01
   endloop
 endfacet
 facet normal  0.000000e+00 -2.301236e-01  9.731614e-01
   outer loop
     vertex  5.000000e+00  2.249332e+00  1.087735e+01
     vertex  0.000000e+00  2.279903e+00  1.088458e+01
     vertex  0.000000e+00  2.249332e+00  1.087735e+01
   endloop
 endfacet
 facet normal  0.000000e+00 -2.034560e-01  9.790841e-01
   outer loop
     vertex  5.000000e+00  2.249332e+00  1.087735e+01
     vertex  0.000000e+00  2.218574e+00  1.087096e+01
     vertex  5.000000e+00  2.218574e+00  1.087096e+01
   endloop
 endfacet
 facet normal  0.000000e+00 -2.301236e-01  9.731614e-01
   outer loop
     vertex  5.000000e+00  2.279903e+00  1.088458e+01
     vertex  0.000000e+00  2.279903e+00  1.088458e+01
     vertex  5.000000e+00  2.249332e+00  1.087735e+01
   endloop
 endfacet
 facet normal  0.000000e+00 -2.566194e-01  9.665125e-01
   outer loop
     vertex  5.000000e+00  2.310266e+00  1.089265e+01
     vertex  0.000000e+00  2.310266e+00  1.089265e+01
     vertex  0.000000e+00  2.279903e+00  1.088458e+01
   endloop
 endfacet
 facet normal  0.000000e+00 -2.566194e-01  9.665125e-01
   outer loop
     vertex  5.000000e+00  2.310266e+00  1.089265e+01
     vertex  0.000000e+00  2.279903e+00  1.088458e+01
     vertex  5.000000e+00  2.279903e+00  1.088458e+01
   endloop
 endfacet
 facet normal  0.000000e+00 -2.829238e-01  9.591424e-01
   outer loop
     vertex  5.000000e+00  2.340398e+00  1.090153e+01
     vertex  0.000000e+00  2.340398e+00  1.090153e+01
     vertex  0.000000e+00  2.310266e+00  1.089265e+01
   endloop
 endfacet
 facet normal  0.000000e+00 -3.090170e-01  9.510565e-01
   outer loop
     vertex  5.000000e+00  2.340398e+00  1.090153e+01
     vertex  0.000000e+00  2.370275e+00  1.091124e+01
     vertex  0.000000e+00  2.340398e+00  1.090153e+01
   endloop
 endfacet
 facet normal  0.000000e+00 -2.829238e-01  9.591424e-01
   outer loop
     vertex  5.000000e+00  2.340398e+00  1.090153e+01
     vertex  0.000000e+00  2.310266e+00  1.089265e+01
     vertex  5.000000e+00  2.310266e+00  1.089265e+01
   endloop
 endfacet
 facet normal  0.000000e+00 -3.090170e-01  9.510565e-01
   outer loop
     vertex  5.000000e+00  2.370275e+00  1.091124e+01
     vertex  0.000000e+00  2.370275e+00  1.091124e+01
     vertex  5.000000e+00  2.340398e+00  1.090153e+01
   endloop
 endfacet
 facet normal  0.000000e+00 -3.348796e-01  9.422609e-01
   outer loop
     vertex  5.000000e+00  2.399876e+00  1.092176e+01
     vertex  0.000000e+00  2.399876e+00  1.092176e+01
     vertex  0.000000e+00  2.370275e+00  1.091124e+01
   endloop
 endfacet
 facet normal  0.000000e+00 -3.348796e-01  9.422609e-01
   outer loop
     vertex  5.000000e+00  2.399876e+00  1.092176e+01
     vertex  0.000000e+00  2.370275e+00  1.091124e+01
     vertex  5.000000e+00  2.370275e+00  1.091124e+01
   endloop
 endfacet
 facet normal  0.000000e+00 -3.604923e-01  9.327622e-01
   outer loop
     vertex  5.000000e+00  2.429179e+00  1.093309e+01
     vertex  0.000000e+00  2.429179e+00  1.093309e+01
     vertex  0.000000e+00  2.399876e+00  1.092176e+01
   endloop
 endfacet
 facet normal  0.000000e+00 -3.858360e-01  9.225674e-01
   outer loop
     vertex  5.000000e+00  2.429179e+00  1.093309e+01
     vertex  0.000000e+00  2.458161e+00  1.094521e+01
     vertex  0.000000e+00  2.429179e+00  1.093309e+01
   endloop
 endfacet
 facet normal  0.000000e+00 -3.604923e-01  9.327622e-01
   outer loop
     vertex  5.000000e+00  2.429179e+00  1.093309e+01
     vertex  0.000000e+00  2.399876e+00  1.092176e+01
     vertex  5.000000e+00  2.399876e+00  1.092176e+01
   endloop
 endfacet
 facet normal  0.000000e+00 -3.858360e-01  9.225674e-01
   outer loop
     vertex  5.000000e+00  2.458161e+00  1.094521e+01
     vertex  0.000000e+00  2.458161e+00  1.094521e+01
     vertex  5.000000e+00  2.429179e+00  1.093309e+01
   endloop
 endfacet
 facet normal  0.000000e+00 -4.108918e-01  9.116841e-01
   outer loop
     vertex  5.000000e+00  2.486802e+00  1.095812e+01
     vertex  0.000000e+00  2.486802e+00  1.095812e+01
     vertex  0.000000e+00  2.458161e+00  1.094521e+01
   endloop
 endfacet
 facet normal  0.000000e+00 -4.108918e-01  9.116841e-01
   outer loop
     vertex  5.000000e+00  2.486802e+00  1.095812e+01
     vertex  0.000000e+00  2.458161e+00  1.094521e+01
     vertex  5.000000e+00  2.458161e+00  1.094521e+01
   endloop
 endfacet
 facet normal  0.000000e+00 -4.356410e-01  9.001205e-01
   outer loop
     vertex  5.000000e+00  2.515079e+00  1.097180e+01
     vertex  0.000000e+00  2.515079e+00  1.097180e+01
     vertex  0.000000e+00  2.486802e+00  1.095812e+01
   endloop
 endfacet
 facet normal  0.000000e+00 -4.600650e-01  8.878852e-01
   outer loop
     vertex  5.000000e+00  2.515079e+00  1.097180e+01
     vertex  0.000000e+00  2.542972e+00  1.098625e+01
     vertex  0.000000e+00  2.515079e+00  1.097180e+01
   endloop
 endfacet
 facet normal  0.000000e+00 -4.356410e-01  9.001205e-01
   outer loop
     vertex  5.000000e+00  2.515079e+00  1.097180e+01
     vertex  0.000000e+00  2.486802e+00  1.095812e+01
     vertex  5.000000e+00  2.486802e+00  1.095812e+01
   endloop
 endfacet
 facet normal  0.000000e+00 -4.600650e-01  8.878852e-01
   outer loop
     vertex  5.000000e+00  2.542972e+00  1.098625e+01
     vertex  0.000000e+00  2.542972e+00  1.098625e+01
     vertex  5.000000e+00  2.515079e+00  1.097180e+01
   endloop
 endfacet
 facet normal  0.000000e+00 -4.841458e-01  8.749873e-01
   outer loop
     vertex  5.000000e+00  2.570460e+00  1.100146e+01
     vertex  0.000000e+00  2.542972e+00  1.098625e+01
     vertex  5.000000e+00  2.542972e+00  1.098625e+01
   endloop
 endfacet
 facet normal  0.000000e+00 -4.841458e-01  8.749873e-01
   outer loop
     vertex  5.000000e+00  2.570460e+00  1.100146e+01
     vertex  0.000000e+00  2.570460e+00  1.100146e+01
     vertex  0.000000e+00  2.542972e+00  1.098625e+01
   endloop
 endfacet
 facet normal  0.000000e+00 -5.078652e-01  8.614365e-01
   outer loop
     vertex  5.000000e+00  2.597522e+00  1.101742e+01
     vertex  0.000000e+00  2.570460e+00  1.100146e+01
     vertex  5.000000e+00  2.570460e+00  1.100146e+01
   endloop
 endfacet
 facet normal  0.000000e+00 -5.078652e-01  8.614365e-01
   outer loop
     vertex  5.000000e+00  2.597522e+00  1.101742e+01
     vertex  0.000000e+00  2.597522e+00  1.101742e+01
     vertex  0.000000e+00  2.570460e+00  1.100146e+01
   endloop
 endfacet
 facet normal  0.000000e+00 -5.312057e-01  8.472429e-01
   outer loop
     vertex  5.000000e+00  2.624138e+00  1.103411e+01
     vertex  0.000000e+00  2.597522e+00  1.101742e+01
     vertex  5.000000e+00  2.597522e+00  1.101742e+01
   endloop
 endfacet
 facet normal  0.000000e+00 -5.312057e-01  8.472429e-01
   outer loop
     vertex  5.000000e+00  2.624138e+00  1.103411e+01
     vertex  0.000000e+00  2.624138e+00  1.103411e+01
     vertex  0.000000e+00  2.597522e+00  1.101742e+01
   endloop
 endfacet
 facet normal  0.000000e+00 -5.541498e-01  8.324170e-01
   outer loop
     vertex  5.000000e+00  2.650288e+00  1.105151e+01
     vertex  0.000000e+00  2.624138e+00  1.103411e+01
     vertex  5.000000e+00  2.624138e+00  1.103411e+01
   endloop
 endfacet
 facet normal  0.000000e+00 -5.541498e-01  8.324170e-01
   outer loop
     vertex  5.000000e+00  2.650288e+00  1.105151e+01
     vertex  0.000000e+00  2.650288e+00  1.105151e+01
     vertex  0.000000e+00  2.624138e+00  1.103411e+01
   endloop
 endfacet
 facet normal  0.000000e+00 -5.766803e-01  8.169699e-01
   outer loop
     vertex  5.000000e+00  2.675953e+00  1.106963e+01
     vertex  0.000000e+00  2.650288e+00  1.105151e+01
     vertex  5.000000e+00  2.650288e+00  1.105151e+01
   endloop
 endfacet
 facet normal  0.000000e+00 -5.766803e-01  8.169699e-01
   outer loop
     vertex  5.000000e+00  2.675953e+00  1.106963e+01
     vertex  0.000000e+00  2.675953e+00  1.106963e+01
     vertex  0.000000e+00  2.650288e+00  1.105151e+01
   endloop
 endfacet
 facet normal  0.000000e+00 -5.987805e-01  8.009132e-01
   outer loop
     vertex  5.000000e+00  2.675953e+00  1.106963e+01
     vertex  0.000000e+00  2.701114e+00  1.108844e+01
     vertex  0.000000e+00  2.675953e+00  1.106963e+01
   endloop
 endfacet
 facet normal  0.000000e+00 -5.987805e-01  8.009132e-01
   outer loop
     vertex  5.000000e+00  2.701114e+00  1.108844e+01
     vertex  0.000000e+00  2.701114e+00  1.108844e+01
     vertex  5.000000e+00  2.675953e+00  1.106963e+01
   endloop
 endfacet
 facet normal  0.000000e+00 -6.204339e-01  7.842588e-01
   outer loop
     vertex  5.000000e+00  2.725751e+00  1.110793e+01
     vertex  0.000000e+00  2.701114e+00  1.108844e+01
     vertex  5.000000e+00  2.701114e+00  1.108844e+01
   endloop
 endfacet
 facet normal  0.000000e+00 -6.204339e-01  7.842588e-01
   outer loop
     vertex  5.000000e+00  2.725751e+00  1.110793e+01
     vertex  0.000000e+00  2.725751e+00  1.110793e+01
     vertex  0.000000e+00  2.701114e+00  1.108844e+01
   endloop
 endfacet
 facet normal  0.000000e+00 -6.416243e-01  7.670191e-01
   outer loop
     vertex  5.000000e+00  2.725751e+00  1.110793e+01
     vertex  0.000000e+00  2.749847e+00  1.112809e+01
     vertex  0.000000e+00  2.725751e+00  1.110793e+01
   endloop
 endfacet
 facet normal  0.000000e+00 -6.416243e-01  7.670191e-01
   outer loop
     vertex  5.000000e+00  2.749847e+00  1.112809e+01
     vertex  0.000000e+00  2.749847e+00  1.112809e+01
     vertex  5.000000e+00  2.725751e+00  1.110793e+01
   endloop
 endfacet
 facet normal  0.000000e+00 -6.623358e-01  7.492071e-01
   outer loop
     vertex  5.000000e+00  2.749847e+00  1.112809e+01
     vertex  0.000000e+00  2.773383e+00  1.114890e+01
     vertex  0.000000e+00  2.749847e+00  1.112809e+01
   endloop
 endfacet
 facet normal  0.000000e+00 -6.623358e-01  7.492071e-01
   outer loop
     vertex  5.000000e+00  2.773383e+00  1.114890e+01
     vertex  0.000000e+00  2.773383e+00  1.114890e+01
     vertex  5.000000e+00  2.749847e+00  1.112809e+01
   endloop
 endfacet
 facet normal  0.000000e+00 -6.825531e-01  7.308360e-01
   outer loop
     vertex  5.000000e+00  2.796342e+00  1.117034e+01
     vertex  0.000000e+00  2.773383e+00  1.114890e+01
     vertex  5.000000e+00  2.773383e+00  1.114890e+01
   endloop
 endfacet
 facet normal  0.000000e+00 -6.825531e-01  7.308360e-01
   outer loop
     vertex  5.000000e+00  2.796342e+00  1.117034e+01
     vertex  0.000000e+00  2.796342e+00  1.117034e+01
     vertex  0.000000e+00  2.773383e+00  1.114890e+01
   endloop
 endfacet
 facet normal  0.000000e+00 -7.022611e-01  7.119195e-01
   outer loop
     vertex  5.000000e+00  2.818707e+00  1.119240e+01
     vertex  0.000000e+00  2.818707e+00  1.119240e+01
     vertex  0.000000e+00  2.796342e+00  1.117034e+01
   endloop
 endfacet
 facet normal  0.000000e+00 -7.214450e-01  6.924717e-01
   outer loop
     vertex  5.000000e+00  2.818707e+00  1.119240e+01
     vertex  0.000000e+00  2.840461e+00  1.121506e+01
     vertex  0.000000e+00  2.818707e+00  1.119240e+01
   endloop
 endfacet
 facet normal  0.000000e+00 -7.022611e-01  7.119195e-01
   outer loop
     vertex  5.000000e+00  2.818707e+00  1.119240e+01
     vertex  0.000000e+00  2.796342e+00  1.117034e+01
     vertex  5.000000e+00  2.796342e+00  1.117034e+01
   endloop
 endfacet
 facet normal  0.000000e+00 -7.214450e-01  6.924717e-01
   outer loop
     vertex  5.000000e+00  2.840461e+00  1.121506e+01
     vertex  0.000000e+00  2.840461e+00  1.121506e+01
     vertex  5.000000e+00  2.818707e+00  1.119240e+01
   endloop
 endfacet
 facet normal  0.000000e+00 -7.400906e-01  6.725072e-01
   outer loop
     vertex  5.000000e+00  2.861588e+00  1.123831e+01
     vertex  0.000000e+00  2.861588e+00  1.123831e+01
     vertex  0.000000e+00  2.840461e+00  1.121506e+01
   endloop
 endfacet
 facet normal  0.000000e+00 -7.581838e-01  6.520409e-01
   outer loop
     vertex  5.000000e+00  2.861588e+00  1.123831e+01
     vertex  0.000000e+00  2.882072e+00  1.126213e+01
     vertex  0.000000e+00  2.861588e+00  1.123831e+01
   endloop
 endfacet
 facet normal  0.000000e+00 -7.400906e-01  6.725072e-01
   outer loop
     vertex  5.000000e+00  2.861588e+00  1.123831e+01
     vertex  0.000000e+00  2.840461e+00  1.121506e+01
     vertex  5.000000e+00  2.840461e+00  1.121506e+01
   endloop
 endfacet
 facet normal  0.000000e+00 -7.757113e-01  6.310879e-01
   outer loop
     vertex  5.000000e+00  2.882072e+00  1.126213e+01
     vertex  0.000000e+00  2.901898e+00  1.128650e+01
     vertex  0.000000e+00  2.882072e+00  1.126213e+01
   endloop
 endfacet
 facet normal  0.000000e+00 -7.581838e-01  6.520409e-01
   outer loop
     vertex  5.000000e+00  2.882072e+00  1.126213e+01
     vertex  0.000000e+00  2.882072e+00  1.126213e+01
     vertex  5.000000e+00  2.861588e+00  1.123831e+01
   endloop
 endfacet
 facet normal  0.000000e+00 -7.757113e-01  6.310879e-01
   outer loop
     vertex  5.000000e+00  2.901898e+00  1.128650e+01
     vertex  0.000000e+00  2.901898e+00  1.128650e+01
     vertex  5.000000e+00  2.882072e+00  1.126213e+01
   endloop
 endfacet
 facet normal  0.000000e+00 -7.926599e-01  6.096641e-01
   outer loop
     vertex  5.000000e+00  2.921050e+00  1.131140e+01
     vertex  0.000000e+00  2.921050e+00  1.131140e+01
     vertex  0.000000e+00  2.901898e+00  1.128650e+01
   endloop
 endfacet
 facet normal  0.000000e+00 -7.926599e-01  6.096641e-01
   outer loop
     vertex  5.000000e+00  2.921050e+00  1.131140e+01
     vertex  0.000000e+00  2.901898e+00  1.128650e+01
     vertex  5.000000e+00  2.901898e+00  1.128650e+01
   endloop
 endfacet
 facet normal  0.000000e+00 -8.090170e-01  5.877853e-01
   outer loop
     vertex  5.000000e+00  2.939515e+00  1.133682e+01
     vertex  0.000000e+00  2.939515e+00  1.133682e+01
     vertex  0.000000e+00  2.921050e+00  1.131140e+01
   endloop
 endfacet
 facet normal  0.000000e+00 -8.090170e-01  5.877853e-01
   outer loop
     vertex  5.000000e+00  2.939515e+00  1.133682e+01
     vertex  0.000000e+00  2.921050e+00  1.131140e+01
     vertex  5.000000e+00  2.921050e+00  1.131140e+01
   endloop
 endfacet
 facet normal  0.000000e+00 -8.247704e-01  5.654678e-01
   outer loop
     vertex  5.000000e+00  2.957280e+00  1.136273e+01
     vertex  0.000000e+00  2.957280e+00  1.136273e+01
     vertex  0.000000e+00  2.939515e+00  1.133682e+01
   endloop
 endfacet
 facet normal  0.000000e+00 -8.247704e-01  5.654678e-01
   outer loop
     vertex  5.000000e+00  2.957280e+00  1.136273e+01
     vertex  0.000000e+00  2.939515e+00  1.133682e+01
     vertex  5.000000e+00  2.939515e+00  1.133682e+01
   endloop
 endfacet
 facet normal  0.000000e+00 -8.399083e-01  5.427284e-01
   outer loop
     vertex  5.000000e+00  2.974329e+00  1.138911e+01
     vertex  0.000000e+00  2.974329e+00  1.138911e+01
     vertex  0.000000e+00  2.957280e+00  1.136273e+01
   endloop
 endfacet
 facet normal  0.000000e+00 -8.544194e-01  5.195840e-01
   outer loop
     vertex  5.000000e+00  2.974329e+00  1.138911e+01
     vertex  0.000000e+00  2.990652e+00  1.141595e+01
     vertex  0.000000e+00  2.974329e+00  1.138911e+01
   endloop
 endfacet
 facet normal  0.000000e+00 -8.399083e-01  5.427284e-01
   outer loop
     vertex  5.000000e+00  2.974329e+00  1.138911e+01
     vertex  0.000000e+00  2.957280e+00  1.136273e+01
     vertex  5.000000e+00  2.957280e+00  1.136273e+01
   endloop
 endfacet
 facet normal  0.000000e+00 -8.544194e-01  5.195840e-01
   outer loop
     vertex  5.000000e+00  2.990652e+00  1.141595e+01
     vertex  0.000000e+00  2.990652e+00  1.141595e+01
     vertex  5.000000e+00  2.974329e+00  1.138911e+01
   endloop
 endfacet
 facet normal  0.000000e+00 -8.682929e-01  4.960518e-01
   outer loop
     vertex  5.000000e+00  3.006235e+00  1.144323e+01
     vertex  0.000000e+00  3.006235e+00  1.144323e+01
     vertex  0.000000e+00  2.990652e+00  1.141595e+01
   endloop
 endfacet
 facet normal  0.000000e+00 -8.682929e-01  4.960518e-01
   outer loop
     vertex  5.000000e+00  3.006235e+00  1.144323e+01
     vertex  0.000000e+00  2.990652e+00  1.141595e+01
     vertex  5.000000e+00  2.990652e+00  1.141595e+01
   endloop
 endfacet
 facet normal  0.000000e+00 -8.815185e-01  4.721495e-01
   outer loop
     vertex  5.000000e+00  3.021068e+00  1.147093e+01
     vertex  0.000000e+00  3.021068e+00  1.147093e+01
     vertex  0.000000e+00  3.006235e+00  1.144323e+01
   endloop
 endfacet
 facet normal  0.000000e+00 -8.815185e-01  4.721495e-01
   outer loop
     vertex  5.000000e+00  3.021068e+00  1.147093e+01
     vertex  0.000000e+00  3.006235e+00  1.144323e+01
     vertex  5.000000e+00  3.006235e+00  1.144323e+01
   endloop
 endfacet
 facet normal  0.000000e+00 -8.940863e-01  4.478948e-01
   outer loop
     vertex  5.000000e+00  3.035139e+00  1.149901e+01
     vertex  0.000000e+00  3.035139e+00  1.149901e+01
     vertex  0.000000e+00  3.021068e+00  1.147093e+01
   endloop
 endfacet
 facet normal  0.000000e+00 -8.940863e-01  4.478948e-01
   outer loop
     vertex  5.000000e+00  3.035139e+00  1.149901e+01
     vertex  0.000000e+00  3.021068e+00  1.147093e+01
     vertex  5.000000e+00  3.021068e+00  1.147093e+01
   endloop
 endfacet
 facet normal  0.000000e+00 -9.059868e-01  4.233059e-01
   outer loop
     vertex  5.000000e+00  3.048437e+00  1.152747e+01
     vertex  0.000000e+00  3.048437e+00  1.152747e+01
     vertex  0.000000e+00  3.035139e+00  1.149901e+01
   endloop
 endfacet
 facet normal  0.000000e+00 -9.059868e-01  4.233059e-01
   outer loop
     vertex  5.000000e+00  3.048437e+00  1.152747e+01
     vertex  0.000000e+00  3.035139e+00  1.149901e+01
     vertex  5.000000e+00  3.035139e+00  1.149901e+01
   endloop
 endfacet
 facet normal  0.000000e+00 -9.172113e-01  3.984011e-01
   outer loop
     vertex  5.000000e+00  3.060952e+00  1.155629e+01
     vertex  0.000000e+00  3.048437e+00  1.152747e+01
     vertex  5.000000e+00  3.048437e+00  1.152747e+01
   endloop
 endfacet
 facet normal  0.000000e+00 -9.172113e-01  3.984011e-01
   outer loop
     vertex  5.000000e+00  3.060952e+00  1.155629e+01
     vertex  0.000000e+00  3.060952e+00  1.155629e+01
     vertex  0.000000e+00  3.048437e+00  1.152747e+01
   endloop
 endfacet
 facet normal  0.000000e+00 -9.277513e-01  3.731990e-01
   outer loop
     vertex  5.000000e+00  3.072677e+00  1.158543e+01
     vertex  0.000000e+00  3.060952e+00  1.155629e+01
     vertex  5.000000e+00  3.060952e+00  1.155629e+01
   endloop
 endfacet
 facet normal  0.000000e+00 -9.277513e-01  3.731990e-01
   outer loop
     vertex  5.000000e+00  3.072677e+00  1.158543e+01
     vertex  0.000000e+00  3.072677e+00  1.158543e+01
     vertex  0.000000e+00  3.060952e+00  1.155629e+01
   endloop
 endfacet
 facet normal  0.000000e+00 -9.375990e-01  3.477184e-01
   outer loop
     vertex  5.000000e+00  3.083600e+00  1.161489e+01
     vertex  0.000000e+00  3.072677e+00  1.158543e+01
     vertex  5.000000e+00  3.072677e+00  1.158543e+01
   endloop
 endfacet
 facet normal  0.000000e+00 -9.375990e-01  3.477184e-01
   outer loop
     vertex  5.000000e+00  3.083600e+00  1.161489e+01
     vertex  0.000000e+00  3.083600e+00  1.161489e+01
     vertex  0.000000e+00  3.072677e+00  1.158543e+01
   endloop
 endfacet
 facet normal  0.000000e+00 -9.467470e-01  3.219783e-01
   outer loop
     vertex  5.000000e+00  3.093715e+00  1.164463e+01
     vertex  0.000000e+00  3.083600e+00  1.161489e+01
     vertex  5.000000e+00  3.083600e+00  1.161489e+01
   endloop
 endfacet
 facet normal  0.000000e+00 -9.467470e-01  3.219783e-01
   outer loop
     vertex  5.000000e+00  3.093715e+00  1.164463e+01
     vertex  0.000000e+00  3.093715e+00  1.164463e+01
     vertex  0.000000e+00  3.083600e+00  1.161489e+01
   endloop
 endfacet
 facet normal  0.000000e+00 -9.551886e-01  2.959980e-01
   outer loop
     vertex  5.000000e+00  3.103014e+00  1.167464e+01
     vertex  0.000000e+00  3.093715e+00  1.164463e+01
     vertex  5.000000e+00  3.093715e+00  1.164463e+01
   endloop
 endfacet
 facet normal  0.000000e+00 -9.551886e-01  2.959980e-01
   outer loop
     vertex  5.000000e+00  3.103014e+00  1.167464e+01
     vertex  0.000000e+00  3.103014e+00  1.167464e+01
     vertex  0.000000e+00  3.093715e+00  1.164463e+01
   endloop
 endfacet
 facet normal  0.000000e+00 -9.629173e-01  2.697968e-01
   outer loop
     vertex  5.000000e+00  3.103014e+00  1.167464e+01
     vertex  0.000000e+00  3.111489e+00  1.170489e+01
     vertex  0.000000e+00  3.103014e+00  1.167464e+01
   endloop
 endfacet
 facet normal  0.000000e+00 -9.629173e-01  2.697968e-01
   outer loop
     vertex  5.000000e+00  3.111489e+00  1.170489e+01
     vertex  0.000000e+00  3.111489e+00  1.170489e+01
     vertex  5.000000e+00  3.103014e+00  1.167464e+01
   endloop
 endfacet
 facet normal  0.000000e+00 -9.699274e-01  2.433942e-01
   outer loop
     vertex  5.000000e+00  3.119136e+00  1.173536e+01
     vertex  0.000000e+00  3.111489e+00  1.170489e+01
     vertex  5.000000e+00  3.111489e+00  1.170489e+01
   endloop
 endfacet
 facet normal  0.000000e+00 -9.699274e-01  2.433942e-01
   outer loop
     vertex  5.000000e+00  3.119136e+00  1.173536e+01
     vertex  0.000000e+00  3.119136e+00  1.173536e+01
     vertex  0.000000e+00  3.111489e+00  1.170489e+01
   endloop
 endfacet
 facet normal  0.000000e+00 -9.762138e-01  2.168100e-01
   outer loop
     vertex  5.000000e+00  3.125947e+00  1.176603e+01
     vertex  0.000000e+00  3.119136e+00  1.173536e+01
     vertex  5.000000e+00  3.119136e+00  1.173536e+01
   endloop
 endfacet
 facet normal  0.000000e+00 -9.762138e-01  2.168100e-01
   outer loop
     vertex  5.000000e+00  3.125947e+00  1.176603e+01
     vertex  0.000000e+00  3.125947e+00  1.176603e+01
     vertex  0.000000e+00  3.119136e+00  1.173536e+01
   endloop
 endfacet
 facet normal  0.000000e+00 -9.817717e-01  1.900640e-01
   outer loop
     vertex  5.000000e+00  3.131918e+00  1.179687e+01
     vertex  0.000000e+00  3.125947e+00  1.176603e+01
     vertex  5.000000e+00  3.125947e+00  1.176603e+01
   endloop
 endfacet
 facet normal  0.000000e+00 -9.817717e-01  1.900640e-01
   outer loop
     vertex  5.000000e+00  3.131918e+00  1.179687e+01
     vertex  0.000000e+00  3.131918e+00  1.179687e+01
     vertex  0.000000e+00  3.125947e+00  1.176603e+01
   endloop
 endfacet
 facet normal  0.000000e+00 -9.865969e-01  1.631762e-01
   outer loop
     vertex  5.000000e+00  3.131918e+00  1.179687e+01
     vertex  0.000000e+00  3.137044e+00  1.182786e+01
     vertex  0.000000e+00  3.131918e+00  1.179687e+01
   endloop
 endfacet
 facet normal  0.000000e+00 -9.865969e-01  1.631762e-01
   outer loop
     vertex  5.000000e+00  3.137044e+00  1.182786e+01
     vertex  0.000000e+00  3.137044e+00  1.182786e+01
     vertex  5.000000e+00  3.131918e+00  1.179687e+01
   endloop
 endfacet
 facet normal  0.000000e+00 -9.906859e-01  1.361666e-01
   outer loop
     vertex  5.000000e+00  3.141321e+00  1.185898e+01
     vertex  0.000000e+00  3.137044e+00  1.182786e+01
     vertex  5.000000e+00  3.137044e+00  1.182786e+01
   endloop
 endfacet
 facet normal  0.000000e+00 -9.906859e-01  1.361666e-01
   outer loop
     vertex  5.000000e+00  3.141321e+00  1.185898e+01
     vertex  0.000000e+00  3.141321e+00  1.185898e+01
     vertex  0.000000e+00  3.137044e+00  1.182786e+01
   endloop
 endfacet
 facet normal  0.000000e+00 -9.940357e-01  1.090555e-01
   outer loop
     vertex  5.000000e+00  3.141321e+00  1.185898e+01
     vertex  0.000000e+00  3.144747e+00  1.189021e+01
     vertex  0.000000e+00  3.141321e+00  1.185898e+01
   endloop
 endfacet
 facet normal  0.000000e+00 -9.940357e-01  1.090555e-01
   outer loop
     vertex  5.000000e+00  3.144747e+00  1.189021e+01
     vertex  0.000000e+00  3.144747e+00  1.189021e+01
     vertex  5.000000e+00  3.141321e+00  1.185898e+01
   endloop
 endfacet
 facet normal  0.000000e+00 -9.966436e-01  8.186288e-02
   outer loop
     vertex  5.000000e+00  3.147319e+00  1.192152e+01
     vertex  0.000000e+00  3.144747e+00  1.189021e+01
     vertex  5.000000e+00  3.144747e+00  1.189021e+01
   endloop
 endfacet
 facet normal  0.000000e+00 -9.966436e-01  8.186288e-02
   outer loop
     vertex  5.000000e+00  3.147319e+00  1.192152e+01
     vertex  0.000000e+00  3.147319e+00  1.192152e+01
     vertex  0.000000e+00  3.144747e+00  1.189021e+01
   endloop
 endfacet
 facet normal  0.000000e+00 -9.985078e-01  5.460922e-02
   outer loop
     vertex  5.000000e+00  3.149035e+00  1.195289e+01
     vertex  0.000000e+00  3.147319e+00  1.192152e+01
     vertex  5.000000e+00  3.147319e+00  1.192152e+01
   endloop
 endfacet
 facet normal  0.000000e+00 -9.985078e-01  5.460922e-02
   outer loop
     vertex  5.000000e+00  3.149035e+00  1.195289e+01
     vertex  0.000000e+00  3.149035e+00  1.195289e+01
     vertex  0.000000e+00  3.147319e+00  1.192152e+01
   endloop
 endfacet
 facet normal  0.000000e+00 -9.996269e-01  2.731480e-02
   outer loop
     vertex  5.000000e+00  3.149035e+00  1.195289e+01
     vertex  0.000000e+00  3.149893e+00  1.198429e+01
     vertex  0.000000e+00  3.149035e+00  1.195289e+01
   endloop
 endfacet
 facet normal  0.000000e+00 -9.996269e-01  2.731480e-02
   outer loop
     vertex  5.000000e+00  3.149893e+00  1.198429e+01
     vertex  0.000000e+00  3.149893e+00  1.198429e+01
     vertex  5.000000e+00  3.149035e+00  1.195289e+01
   endloop
 endfacet
 facet normal  0.000000e+00 -1.000000e+00 -0.000000e+00
   outer loop
     vertex  5.000000e+00  3.149893e+00  1.201571e+01
     vertex  0.000000e+00  3.149893e+00  1.198429e+01
     vertex  5.000000e+00  3.149893e+00  1.198429e+01
   endloop
 endfacet
 facet normal -0.000000e+00 -1.000000e+00  0.000000e+00
   outer loop
     vertex  5.000000e+00  3.149893e+00  1.201571e+01
     vertex  0.000000e+00  3.149893e+00  1.201571e+01
     vertex  0.000000e+00  3.149893e+00  1.198429e+01
   endloop
 endfacet
 facet normal  0.000000e+00 -9.996269e-01 -2.731480e-02
   outer loop
     vertex  5.000000e+00  3.149035e+00  1.204711e+01
     vertex  0.000000e+00  3.149893e+00  1.201571e+01
     vertex  5.000000e+00  3.149893e+00  1.201571e+01
   endloop
 endfacet
 facet normal -0.000000e+00 -9.996269e-01 -2.731480e-02
   outer loop
     vertex  5.000000e+00  3.149035e+00  1.204711e+01
     vertex  0.000000e+00  3.149035e+00  1.204711e+01
     vertex  0.000000e+00  3.149893e+00  1.201571e+01
   endloop
 endfacet
 facet normal  0.000000e+00 -9.985078e-01 -5.460922e-02
   outer loop
     vertex  5.000000e+00  3.147319e+00  1.207848e+01
     vertex  0.000000e+00  3.149035e+00  1.204711e+01
     vertex  5.000000e+00  3.149035e+00  1.204711e+01
   endloop
 endfacet
 facet normal -0.000000e+00 -9.985078e-01 -5.460922e-02
   outer loop
     vertex  5.000000e+00  3.147319e+00  1.207848e+01
     vertex  0.000000e+00  3.147319e+00  1.207848e+01
     vertex  0.000000e+00  3.149035e+00  1.204711e+01
   endloop
 endfacet
 facet normal  0.000000e+00 -9.966436e-01 -8.186288e-02
   outer loop
     vertex  5.000000e+00  3.144747e+00  1.210979e+01
     vertex  0.000000e+00  3.147319e+00  1.207848e+01
     vertex  5.000000e+00  3.147319e+00  1.207848e+01
   endloop
 endfacet
 facet normal -0.000000e+00 -9.966436e-01 -8.186288e-02
   outer loop
     vertex  5.000000e+00  3.144747e+00  1.210979e+01
     vertex  0.000000e+00  3.144747e+00  1.210979e+01
     vertex  0.000000e+00  3.147319e+00  1.207848e+01
   endloop
 endfacet
 facet normal -0.000000e+00 -9.940357e-01 -1.090555e-01
   outer loop
     vertex  5.000000e+00  3.141321e+00  1.214102e+01
     vertex  0.000000e+00  3.141321e+00  1.214102e+01
     vertex  0.000000e+00  3.144747e+00  1.210979e+01
   endloop
 endfacet
 facet normal  0.000000e+00 -9.940357e-01 -1.090555e-01
   outer loop
     vertex  5.000000e+00  3.141321e+00  1.214102e+01
     vertex  0.000000e+00  3.144747e+00  1.210979e+01
     vertex  5.000000e+00  3.144747e+00  1.210979e+01
   endloop
 endfacet
 facet normal -0.000000e+00 -9.906859e-01 -1.361666e-01
   outer loop
     vertex  5.000000e+00  3.137044e+00  1.217214e+01
     vertex  0.000000e+00  3.137044e+00  1.217214e+01
     vertex  0.000000e+00  3.141321e+00  1.214102e+01
   endloop
 endfacet
 facet normal  0.000000e+00 -9.906859e-01 -1.361666e-01
   outer loop
     vertex  5.000000e+00  3.137044e+00  1.217214e+01
     vertex  0.000000e+00  3.141321e+00  1.214102e+01
     vertex  5.000000e+00  3.141321e+00  1.214102e+01
   endloop
 endfacet
 facet normal -0.000000e+00 -9.865969e-01 -1.631762e-01
   outer loop
     vertex  5.000000e+00  3.131918e+00  1.220313e+01
     vertex  0.000000e+00  3.131918e+00  1.220313e+01
     vertex  0.000000e+00  3.137044e+00  1.217214e+01
   endloop
 endfacet
 facet normal  0.000000e+00 -9.865969e-01 -1.631762e-01
   outer loop
     vertex  5.000000e+00  3.131918e+00  1.220313e+01
     vertex  0.000000e+00  3.137044e+00  1.217214e+01
     vertex  5.000000e+00  3.137044e+00  1.217214e+01
   endloop
 endfacet
 facet normal -0.000000e+00 -9.817717e-01 -1.900640e-01
   outer loop
     vertex  5.000000e+00  3.125947e+00  1.223397e+01
     vertex  0.000000e+00  3.125947e+00  1.223397e+01
     vertex  0.000000e+00  3.131918e+00  1.220313e+01
   endloop
 endfacet
 facet normal  0.000000e+00 -9.817717e-01 -1.900640e-01
   outer loop
     vertex  5.000000e+00  3.125947e+00  1.223397e+01
     vertex  0.000000e+00  3.131918e+00  1.220313e+01
     vertex  5.000000e+00  3.131918e+00  1.220313e+01
   endloop
 endfacet
 facet normal -0.000000e+00 -9.762138e-01 -2.168100e-01
   outer loop
     vertex  5.000000e+00  3.119136e+00  1.226464e+01
     vertex  0.000000e+00  3.119136e+00  1.226464e+01
     vertex  0.000000e+00  3.125947e+00  1.223397e+01
   endloop
 endfacet
 facet normal  0.000000e+00 -9.762138e-01 -2.168100e-01
   outer loop
     vertex  5.000000e+00  3.119136e+00  1.226464e+01
     vertex  0.000000e+00  3.125947e+00  1.223397e+01
     vertex  5.000000e+00  3.125947e+00  1.223397e+01
   endloop
 endfacet
 facet normal  0.000000e+00 -9.699274e-01 -2.433942e-01
   outer loop
     vertex  5.000000e+00  3.111489e+00  1.229511e+01
     vertex  0.000000e+00  3.119136e+00  1.226464e+01
     vertex  5.000000e+00  3.119136e+00  1.226464e+01
   endloop
 endfacet
 facet normal -0.000000e+00 -9.699274e-01 -2.433942e-01
   outer loop
     vertex  5.000000e+00  3.111489e+00  1.229511e+01
     vertex  0.000000e+00  3.111489e+00  1.229511e+01
     vertex  0.000000e+00  3.119136e+00  1.226464e+01
   endloop
 endfacet
 facet normal  0.000000e+00 -9.629173e-01 -2.697968e-01
   outer loop
     vertex  5.000000e+00  3.103014e+00  1.232536e+01
     vertex  0.000000e+00  3.111489e+00  1.229511e+01
     vertex  5.000000e+00  3.111489e+00  1.229511e+01
   endloop
 endfacet
 facet normal -0.000000e+00 -9.629173e-01 -2.697968e-01
   outer loop
     vertex  5.000000e+00  3.103014e+00  1.232536e+01
     vertex  0.000000e+00  3.103014e+00  1.232536e+01
     vertex  0.000000e+00  3.111489e+00  1.229511e+01
   endloop
 endfacet
 facet normal -0.000000e+00 -9.551886e-01 -2.959980e-01
   outer loop
     vertex  5.000000e+00  3.103014e+00  1.232536e+01
     vertex  0.000000e+00  3.093715e+00  1.235537e+01
     vertex  0.000000e+00  3.103014e+00  1.232536e+01
   endloop
 endfacet
 facet normal -0.000000e+00 -9.551886e-01 -2.959980e-01
   outer loop
     vertex  5.000000e+00  3.093715e+00  1.235537e+01
     vertex  0.000000e+00  3.093715e+00  1.235537e+01
     vertex  5.000000e+00  3.103014e+00  1.232536e+01
   endloop
 endfacet
 facet normal  0.000000e+00 -9.467470e-01 -3.219783e-01
   outer loop
     vertex  5.000000e+00  3.083600e+00  1.238511e+01
     vertex  0.000000e+00  3.093715e+00  1.235537e+01
     vertex  5.000000e+00  3.093715e+00  1.235537e+01
   endloop
 endfacet
 facet normal -0.000000e+00 -9.467470e-01 -3.219783e-01
   outer loop
     vertex  5.000000e+00  3.083600e+00  1.238511e+01
     vertex  0.000000e+00  3.083600e+00  1.238511e+01
     vertex  0.000000e+00  3.093715e+00  1.235537e+01
   endloop
 endfacet
 facet normal  0.000000e+00 -9.375990e-01 -3.477184e-01
   outer loop
     vertex  5.000000e+00  3.072677e+00  1.241457e+01
     vertex  0.000000e+00  3.083600e+00  1.238511e+01
     vertex  5.000000e+00  3.083600e+00  1.238511e+01
   endloop
 endfacet
 facet normal -0.000000e+00 -9.375990e-01 -3.477184e-01
   outer loop
     vertex  5.000000e+00  3.072677e+00  1.241457e+01
     vertex  0.000000e+00  3.072677e+00  1.241457e+01
     vertex  0.000000e+00  3.083600e+00  1.238511e+01
   endloop
 endfacet
 facet normal  0.000000e+00 -9.277513e-01 -3.731990e-01
   outer loop
     vertex  5.000000e+00  3.060952e+00  1.244371e+01
     vertex  0.000000e+00  3.072677e+00  1.241457e+01
     vertex  5.000000e+00  3.072677e+00  1.241457e+01
   endloop
 endfacet
 facet normal -0.000000e+00 -9.277513e-01 -3.731990e-01
   outer loop
     vertex  5.000000e+00  3.060952e+00  1.244371e+01
     vertex  0.000000e+00  3.060952e+00  1.244371e+01
     vertex  0.000000e+00  3.072677e+00  1.241457e+01
   endloop
 endfacet
 facet normal  0.000000e+00 -9.172113e-01 -3.984011e-01
   outer loop
     vertex  5.000000e+00  3.048437e+00  1.247253e+01
     vertex  0.000000e+00  3.060952e+00  1.244371e+01
     vertex  5.000000e+00  3.060952e+00  1.244371e+01
   endloop
 endfacet
 facet normal -0.000000e+00 -9.172113e-01 -3.984011e-01
   outer loop
     vertex  5.000000e+00  3.048437e+00  1.247253e+01
     vertex  0.000000e+00  3.048437e+00  1.247253e+01
     vertex  0.000000e+00  3.060952e+00  1.244371e+01
   endloop
 endfacet
 facet normal  0.000000e+00 -9.059868e-01 -4.233059e-01
   outer loop
     vertex  5.000000e+00  3.035139e+00  1.250099e+01
     vertex  0.000000e+00  3.048437e+00  1.247253e+01
     vertex  5.000000e+00  3.048437e+00  1.247253e+01
   endloop
 endfacet
 facet normal -0.000000e+00 -9.059868e-01 -4.233059e-01
   outer loop
     vertex  5.000000e+00  3.035139e+00  1.250099e+01
     vertex  0.000000e+00  3.035139e+00  1.250099e+01
     vertex  0.000000e+00  3.048437e+00  1.247253e+01
   endloop
 endfacet
 facet normal -0.000000e+00 -8.940863e-01 -4.478948e-01
   outer loop
     vertex  5.000000e+00  3.035139e+00  1.250099e+01
     vertex  0.000000e+00  3.021068e+00  1.252907e+01
     vertex  0.000000e+00  3.035139e+00  1.250099e+01
   endloop
 endfacet
 facet normal -0.000000e+00 -8.940863e-01 -4.478948e-01
   outer loop
     vertex  5.000000e+00  3.021068e+00  1.252907e+01
     vertex  0.000000e+00  3.021068e+00  1.252907e+01
     vertex  5.000000e+00  3.035139e+00  1.250099e+01
   endloop
 endfacet
 facet normal  0.000000e+00 -8.815185e-01 -4.721495e-01
   outer loop
     vertex  5.000000e+00  3.006235e+00  1.255677e+01
     vertex  0.000000e+00  3.021068e+00  1.252907e+01
     vertex  5.000000e+00  3.021068e+00  1.252907e+01
   endloop
 endfacet
 facet normal -0.000000e+00 -8.815185e-01 -4.721495e-01
   outer loop
     vertex  5.000000e+00  3.006235e+00  1.255677e+01
     vertex  0.000000e+00  3.006235e+00  1.255677e+01
     vertex  0.000000e+00  3.021068e+00  1.252907e+01
   endloop
 endfacet
 facet normal  0.000000e+00 -8.682929e-01 -4.960518e-01
   outer loop
     vertex  5.000000e+00  2.990652e+00  1.258405e+01
     vertex  0.000000e+00  3.006235e+00  1.255677e+01
     vertex  5.000000e+00  3.006235e+00  1.255677e+01
   endloop
 endfacet
 facet normal -0.000000e+00 -8.682929e-01 -4.960518e-01
   outer loop
     vertex  5.000000e+00  2.990652e+00  1.258405e+01
     vertex  0.000000e+00  2.990652e+00  1.258405e+01
     vertex  0.000000e+00  3.006235e+00  1.255677e+01
   endloop
 endfacet
 facet normal  0.000000e+00 -8.544194e-01 -5.195840e-01
   outer loop
     vertex  5.000000e+00  2.974329e+00  1.261089e+01
     vertex  0.000000e+00  2.990652e+00  1.258405e+01
     vertex  5.000000e+00  2.990652e+00  1.258405e+01
   endloop
 endfacet
 facet normal -0.000000e+00 -8.544194e-01 -5.195840e-01
   outer loop
     vertex  5.000000e+00  2.974329e+00  1.261089e+01
     vertex  0.000000e+00  2.974329e+00  1.261089e+01
     vertex  0.000000e+00  2.990652e+00  1.258405e+01
   endloop
 endfacet
 facet normal  0.000000e+00 -8.399083e-01 -5.427284e-01
   outer loop
     vertex  5.000000e+00  2.957280e+00  1.263727e+01
     vertex  0.000000e+00  2.974329e+00  1.261089e+01
     vertex  5.000000e+00  2.974329e+00  1.261089e+01
   endloop
 endfacet
 facet normal -0.000000e+00 -8.399083e-01 -5.427284e-01
   outer loop
     vertex  5.000000e+00  2.957280e+00  1.263727e+01
     vertex  0.000000e+00  2.957280e+00  1.263727e+01
     vertex  0.000000e+00  2.974329e+00  1.261089e+01
   endloop
 endfacet
 facet normal -0.000000e+00 -8.247704e-01 -5.654678e-01
   outer loop
     vertex  5.000000e+00  2.957280e+00  1.263727e+01
     vertex  0.000000e+00  2.939515e+00  1.266318e+01
     vertex  0.000000e+00  2.957280e+00  1.263727e+01
   endloop
 endfacet
 facet normal -0.000000e+00 -8.247704e-01 -5.654678e-01
   outer loop
     vertex  5.000000e+00  2.939515e+00  1.266318e+01
     vertex  0.000000e+00  2.939515e+00  1.266318e+01
     vertex  5.000000e+00  2.957280e+00  1.263727e+01
   endloop
 endfacet
 facet normal  0.000000e+00 -8.090170e-01 -5.877853e-01
   outer loop
     vertex  5.000000e+00  2.921050e+00  1.268860e+01
     vertex  0.000000e+00  2.939515e+00  1.266318e+01
     vertex  5.000000e+00  2.939515e+00  1.266318e+01
   endloop
 endfacet
 facet normal -0.000000e+00 -8.090170e-01 -5.877853e-01
   outer loop
     vertex  5.000000e+00  2.921050e+00  1.268860e+01
     vertex  0.000000e+00  2.921050e+00  1.268860e+01
     vertex  0.000000e+00  2.939515e+00  1.266318e+01
   endloop
 endfacet
 facet normal  0.000000e+00 -7.926599e-01 -6.096641e-01
   outer loop
     vertex  5.000000e+00  2.901898e+00  1.271350e+01
     vertex  0.000000e+00  2.921050e+00  1.268860e+01
     vertex  5.000000e+00  2.921050e+00  1.268860e+01
   endloop
 endfacet
 facet normal -0.000000e+00 -7.926599e-01 -6.096641e-01
   outer loop
     vertex  5.000000e+00  2.901898e+00  1.271350e+01
     vertex  0.000000e+00  2.901898e+00  1.271350e+01
     vertex  0.000000e+00  2.921050e+00  1.268860e+01
   endloop
 endfacet
 facet normal  0.000000e+00 -7.757113e-01 -6.310879e-01
   outer loop
     vertex  5.000000e+00  2.882072e+00  1.273787e+01
     vertex  0.000000e+00  2.901898e+00  1.271350e+01
     vertex  5.000000e+00  2.901898e+00  1.271350e+01
   endloop
 endfacet
 facet normal -0.000000e+00 -7.757113e-01 -6.310879e-01
   outer loop
     vertex  5.000000e+00  2.882072e+00  1.273787e+01
     vertex  0.000000e+00  2.882072e+00  1.273787e+01
     vertex  0.000000e+00  2.901898e+00  1.271350e+01
   endloop
 endfacet
 facet normal -0.000000e+00 -7.400906e-01 -6.725072e-01
   outer loop
     vertex  5.000000e+00  2.861588e+00  1.276169e+01
     vertex  0.000000e+00  2.840461e+00  1.278494e+01
     vertex  0.000000e+00  2.861588e+00  1.276169e+01
   endloop
 endfacet
 facet normal  0.000000e+00 -7.581838e-01 -6.520409e-01
   outer loop
     vertex  5.000000e+00  2.861588e+00  1.276169e+01
     vertex  0.000000e+00  2.882072e+00  1.273787e+01
     vertex  5.000000e+00  2.882072e+00  1.273787e+01
   endloop
 endfacet
 facet normal -0.000000e+00 -7.581838e-01 -6.520409e-01
   outer loop
     vertex  5.000000e+00  2.861588e+00  1.276169e+01
     vertex  0.000000e+00  2.861588e+00  1.276169e+01
     vertex  0.000000e+00  2.882072e+00  1.273787e+01
   endloop
 endfacet
 facet normal -0.000000e+00 -7.400906e-01 -6.725072e-01
   outer loop
     vertex  5.000000e+00  2.840461e+00  1.278494e+01
     vertex  0.000000e+00  2.840461e+00  1.278494e+01
     vertex  5.000000e+00  2.861588e+00  1.276169e+01
   endloop
 endfacet
 facet normal -0.000000e+00 -7.214450e-01 -6.924717e-01
   outer loop
     vertex  5.000000e+00  2.818707e+00  1.280760e+01
     vertex  0.000000e+00  2.818707e+00  1.280760e+01
     vertex  0.000000e+00  2.840461e+00  1.278494e+01
   endloop
 endfacet
 facet normal  0.000000e+00 -7.214450e-01 -6.924717e-01
   outer loop
     vertex  5.000000e+00  2.818707e+00  1.280760e+01
     vertex  0.000000e+00  2.840461e+00  1.278494e+01
     vertex  5.000000e+00  2.840461e+00  1.278494e+01
   endloop
 endfacet
 facet normal -0.000000e+00 -7.022611e-01 -7.119195e-01
   outer loop
     vertex  5.000000e+00  2.796342e+00  1.282966e+01
     vertex  0.000000e+00  2.796342e+00  1.282966e+01
     vertex  0.000000e+00  2.818707e+00  1.280760e+01
   endloop
 endfacet
 facet normal  0.000000e+00 -7.022611e-01 -7.119195e-01
   outer loop
     vertex  5.000000e+00  2.796342e+00  1.282966e+01
     vertex  0.000000e+00  2.818707e+00  1.280760e+01
     vertex  5.000000e+00  2.818707e+00  1.280760e+01
   endloop
 endfacet
 facet normal -0.000000e+00 -6.825531e-01 -7.308360e-01
   outer loop
     vertex  5.000000e+00  2.773383e+00  1.285110e+01
     vertex  0.000000e+00  2.773383e+00  1.285110e+01
     vertex  0.000000e+00  2.796342e+00  1.282966e+01
   endloop
 endfacet
 facet normal  0.000000e+00 -6.825531e-01 -7.308360e-01
   outer loop
     vertex  5.000000e+00  2.773383e+00  1.285110e+01
     vertex  0.000000e+00  2.796342e+00  1.282966e+01
     vertex  5.000000e+00  2.796342e+00  1.282966e+01
   endloop
 endfacet
 facet normal -0.000000e+00 -6.623358e-01 -7.492071e-01
   outer loop
     vertex  5.000000e+00  2.749847e+00  1.287191e+01
     vertex  0.000000e+00  2.749847e+00  1.287191e+01
     vertex  0.000000e+00  2.773383e+00  1.285110e+01
   endloop
 endfacet
 facet normal  0.000000e+00 -6.623358e-01 -7.492071e-01
   outer loop
     vertex  5.000000e+00  2.749847e+00  1.287191e+01
     vertex  0.000000e+00  2.773383e+00  1.285110e+01
     vertex  5.000000e+00  2.773383e+00  1.285110e+01
   endloop
 endfacet
 facet normal -0.000000e+00 -6.416243e-01 -7.670191e-01
   outer loop
     vertex  5.000000e+00  2.725751e+00  1.289207e+01
     vertex  0.000000e+00  2.725751e+00  1.289207e+01
     vertex  0.000000e+00  2.749847e+00  1.287191e+01
   endloop
 endfacet
 facet normal -0.000000e+00 -6.204339e-01 -7.842588e-01
   outer loop
     vertex  5.000000e+00  2.725751e+00  1.289207e+01
     vertex  0.000000e+00  2.701114e+00  1.291156e+01
     vertex  0.000000e+00  2.725751e+00  1.289207e+01
   endloop
 endfacet
 facet normal  0.000000e+00 -6.416243e-01 -7.670191e-01
   outer loop
     vertex  5.000000e+00  2.725751e+00  1.289207e+01
     vertex  0.000000e+00  2.749847e+00  1.287191e+01
     vertex  5.000000e+00  2.749847e+00  1.287191e+01
   endloop
 endfacet
 facet normal -0.000000e+00 -6.204339e-01 -7.842588e-01
   outer loop
     vertex  5.000000e+00  2.701114e+00  1.291156e+01
     vertex  0.000000e+00  2.701114e+00  1.291156e+01
     vertex  5.000000e+00  2.725751e+00  1.289207e+01
   endloop
 endfacet
 facet normal  0.000000e+00 -5.987805e-01 -8.009132e-01
   outer loop
     vertex  5.000000e+00  2.675953e+00  1.293037e+01
     vertex  0.000000e+00  2.701114e+00  1.291156e+01
     vertex  5.000000e+00  2.701114e+00  1.291156e+01
   endloop
 endfacet
 facet normal -0.000000e+00 -5.987805e-01 -8.009132e-01
   outer loop
     vertex  5.000000e+00  2.675953e+00  1.293037e+01
     vertex  0.000000e+00  2.675953e+00  1.293037e+01
     vertex  0.000000e+00  2.701114e+00  1.291156e+01
   endloop
 endfacet
 facet normal  0.000000e+00 -5.766803e-01 -8.169699e-01
   outer loop
     vertex  5.000000e+00  2.650288e+00  1.294849e+01
     vertex  0.000000e+00  2.675953e+00  1.293037e+01
     vertex  5.000000e+00  2.675953e+00  1.293037e+01
   endloop
 endfacet
 facet normal -0.000000e+00 -5.766803e-01 -8.169699e-01
   outer loop
     vertex  5.000000e+00  2.650288e+00  1.294849e+01
     vertex  0.000000e+00  2.650288e+00  1.294849e+01
     vertex  0.000000e+00  2.675953e+00  1.293037e+01
   endloop
 endfacet
 facet normal -0.000000e+00 -5.541498e-01 -8.324170e-01
   outer loop
     vertex  5.000000e+00  2.624138e+00  1.296589e+01
     vertex  0.000000e+00  2.624138e+00  1.296589e+01
     vertex  0.000000e+00  2.650288e+00  1.294849e+01
   endloop
 endfacet
 facet normal  0.000000e+00 -5.541498e-01 -8.324170e-01
   outer loop
     vertex  5.000000e+00  2.624138e+00  1.296589e+01
     vertex  0.000000e+00  2.650288e+00  1.294849e+01
     vertex  5.000000e+00  2.650288e+00  1.294849e+01
   endloop
 endfacet
 facet normal  0.000000e+00 -5.312057e-01 -8.472429e-01
   outer loop
     vertex  5.000000e+00  2.597522e+00  1.298258e+01
     vertex  0.000000e+00  2.624138e+00  1.296589e+01
     vertex  5.000000e+00  2.624138e+00  1.296589e+01
   endloop
 endfacet
 facet normal -0.000000e+00 -5.312057e-01 -8.472429e-01
   outer loop
     vertex  5.000000e+00  2.597522e+00  1.298258e+01
     vertex  0.000000e+00  2.597522e+00  1.298258e+01
     vertex  0.000000e+00  2.624138e+00  1.296589e+01
   endloop
 endfacet
 facet normal -0.000000e+00 -5.078652e-01 -8.614365e-01
   outer loop
     vertex  5.000000e+00  2.597522e+00  1.298258e+01
     vertex  0.000000e+00  2.570460e+00  1.299854e+01
     vertex  0.000000e+00  2.597522e+00  1.298258e+01
   endloop
 endfacet
 facet normal -0.000000e+00 -4.841458e-01 -8.749873e-01
   outer loop
     vertex  5.000000e+00  2.570460e+00  1.299854e+01
     vertex  0.000000e+00  2.542972e+00  1.301375e+01
     vertex  0.000000e+00  2.570460e+00  1.299854e+01
   endloop
 endfacet
 facet normal -0.000000e+00 -5.078652e-01 -8.614365e-01
   outer loop
     vertex  5.000000e+00  2.570460e+00  1.299854e+01
     vertex  0.000000e+00  2.570460e+00  1.299854e+01
     vertex  5.000000e+00  2.597522e+00  1.298258e+01
   endloop
 endfacet
 facet normal -0.000000e+00 -4.841458e-01 -8.749873e-01
   outer loop
     vertex  5.000000e+00  2.542972e+00  1.301375e+01
     vertex  0.000000e+00  2.542972e+00  1.301375e+01
     vertex  5.000000e+00  2.570460e+00  1.299854e+01
   endloop
 endfacet
 facet normal -0.000000e+00 -4.600650e-01 -8.878852e-01
   outer loop
     vertex  5.000000e+00  2.515079e+00  1.302820e+01
     vertex  0.000000e+00  2.515079e+00  1.302820e+01
     vertex  0.000000e+00  2.542972e+00  1.301375e+01
   endloop
 endfacet
 facet normal  0.000000e+00 -4.600650e-01 -8.878852e-01
   outer loop
     vertex  5.000000e+00  2.515079e+00  1.302820e+01
     vertex  0.000000e+00  2.542972e+00  1.301375e+01
     vertex  5.000000e+00  2.542972e+00  1.301375e+01
   endloop
 endfacet
 facet normal -0.000000e+00 -4.356410e-01 -9.001205e-01
   outer loop
     vertex  5.000000e+00  2.486802e+00  1.304188e+01
     vertex  0.000000e+00  2.486802e+00  1.304188e+01
     vertex  0.000000e+00  2.515079e+00  1.302820e+01
   endloop
 endfacet
 facet normal  0.000000e+00 -4.356410e-01 -9.001205e-01
   outer loop
     vertex  5.000000e+00  2.486802e+00  1.304188e+01
     vertex  0.000000e+00  2.515079e+00  1.302820e+01
     vertex  5.000000e+00  2.515079e+00  1.302820e+01
   endloop
 endfacet
 facet normal -0.000000e+00 -4.108918e-01 -9.116841e-01
   outer loop
     vertex  5.000000e+00  2.458161e+00  1.305479e+01
     vertex  0.000000e+00  2.458161e+00  1.305479e+01
     vertex  0.000000e+00  2.486802e+00  1.304188e+01
   endloop
 endfacet
 facet normal  0.000000e+00 -4.108918e-01 -9.116841e-01
   outer loop
     vertex  5.000000e+00  2.458161e+00  1.305479e+01
     vertex  0.000000e+00  2.486802e+00  1.304188e+01
     vertex  5.000000e+00  2.486802e+00  1.304188e+01
   endloop
 endfacet
 facet normal -0.000000e+00 -3.858360e-01 -9.225674e-01
   outer loop
     vertex  5.000000e+00  2.429179e+00  1.306691e+01
     vertex  0.000000e+00  2.429179e+00  1.306691e+01
     vertex  0.000000e+00  2.458161e+00  1.305479e+01
   endloop
 endfacet
 facet normal  0.000000e+00 -3.858360e-01 -9.225674e-01
   outer loop
     vertex  5.000000e+00  2.429179e+00  1.306691e+01
     vertex  0.000000e+00  2.458161e+00  1.305479e+01
     vertex  5.000000e+00  2.458161e+00  1.305479e+01
   endloop
 endfacet
 facet normal -0.000000e+00 -3.604923e-01 -9.327622e-01
   outer loop
     vertex  5.000000e+00  2.399876e+00  1.307824e+01
     vertex  0.000000e+00  2.399876e+00  1.307824e+01
     vertex  0.000000e+00  2.429179e+00  1.306691e+01
   endloop
 endfacet
 facet normal  0.000000e+00 -3.604923e-01 -9.327622e-01
   outer loop
     vertex  5.000000e+00  2.399876e+00  1.307824e+01
     vertex  0.000000e+00  2.429179e+00  1.306691e+01
     vertex  5.000000e+00  2.429179e+00  1.306691e+01
   endloop
 endfacet
 facet normal -0.000000e+00 -3.348796e-01 -9.422609e-01
   outer loop
     vertex  5.000000e+00  2.370275e+00  1.308876e+01
     vertex  0.000000e+00  2.370275e+00  1.308876e+01
     vertex  0.000000e+00  2.399876e+00  1.307824e+01
   endloop
 endfacet
 facet normal  0.000000e+00 -3.348796e-01 -9.422609e-01
   outer loop
     vertex  5.000000e+00  2.370275e+00  1.308876e+01
     vertex  0.000000e+00  2.399876e+00  1.307824e+01
     vertex  5.000000e+00  2.399876e+00  1.307824e+01
   endloop
 endfacet
 facet normal -0.000000e+00 -3.090170e-01 -9.510565e-01
   outer loop
     vertex  5.000000e+00  2.340398e+00  1.309847e+01
     vertex  0.000000e+00  2.340398e+00  1.309847e+01
     vertex  0.000000e+00  2.370275e+00  1.308876e+01
   endloop
 endfacet
 facet normal  0.000000e+00 -3.090170e-01 -9.510565e-01
   outer loop
     vertex  5.000000e+00  2.340398e+00  1.309847e+01
     vertex  0.000000e+00  2.370275e+00  1.308876e+01
     vertex  5.000000e+00  2.370275e+00  1.308876e+01
   endloop
 endfacet
 facet normal -0.000000e+00 -2.829238e-01 -9.591424e-01
   outer loop
     vertex  5.000000e+00  2.310266e+00  1.310735e+01
     vertex  0.000000e+00  2.310266e+00  1.310735e+01
     vertex  0.000000e+00  2.340398e+00  1.309847e+01
   endloop
 endfacet
 facet normal  0.000000e+00 -2.829238e-01 -9.591424e-01
   outer loop
     vertex  5.000000e+00  2.310266e+00  1.310735e+01
     vertex  0.000000e+00  2.340398e+00  1.309847e+01
     vertex  5.000000e+00  2.340398e+00  1.309847e+01
   endloop
 endfacet
 facet normal -0.000000e+00 -2.566194e-01 -9.665125e-01
   outer loop
     vertex  5.000000e+00  2.279903e+00  1.311542e+01
     vertex  0.000000e+00  2.279903e+00  1.311542e+01
     vertex  0.000000e+00  2.310266e+00  1.310735e+01
   endloop
 endfacet
 facet normal -0.000000e+00 -2.301236e-01 -9.731614e-01
   outer loop
     vertex  5.000000e+00  2.279903e+00  1.311542e+01
     vertex  0.000000e+00  2.249332e+00  1.312265e+01
     vertex  0.000000e+00  2.279903e+00  1.311542e+01
   endloop
 endfacet
 facet normal  0.000000e+00 -2.566194e-01 -9.665125e-01
   outer loop
     vertex  5.000000e+00  2.279903e+00  1.311542e+01
     vertex  0.000000e+00  2.310266e+00  1.310735e+01
     vertex  5.000000e+00  2.310266e+00  1.310735e+01
   endloop
 endfacet
 facet normal -0.000000e+00 -2.301236e-01 -9.731614e-01
   outer loop
     vertex  5.000000e+00  2.249332e+00  1.312265e+01
     vertex  0.000000e+00  2.249332e+00  1.312265e+01
     vertex  5.000000e+00  2.279903e+00  1.311542e+01
   endloop
 endfacet
 facet normal -0.000000e+00 -2.034560e-01 -9.790841e-01
   outer loop
     vertex  5.000000e+00  2.249332e+00  1.312265e+01
     vertex  0.000000e+00  2.218574e+00  1.312904e+01
     vertex  0.000000e+00  2.249332e+00  1.312265e+01
   endloop
 endfacet
 facet normal -0.000000e+00 -1.766366e-01 -9.842761e-01
   outer loop
     vertex  5.000000e+00  2.218574e+00  1.312904e+01
     vertex  0.000000e+00  2.187653e+00  1.313459e+01
     vertex  0.000000e+00  2.218574e+00  1.312904e+01
   endloop
 endfacet
 facet normal -0.000000e+00 -2.034560e-01 -9.790841e-01
   outer loop
     vertex  5.000000e+00  2.218574e+00  1.312904e+01
     vertex  0.000000e+00  2.218574e+00  1.312904e+01
     vertex  5.000000e+00  2.249332e+00  1.312265e+01
   endloop
 endfacet
 facet normal -0.000000e+00 -1.766366e-01 -9.842761e-01
   outer loop
     vertex  5.000000e+00  2.187653e+00  1.313459e+01
     vertex  0.000000e+00  2.187653e+00  1.313459e+01
     vertex  5.000000e+00  2.218574e+00  1.312904e+01
   endloop
 endfacet
 facet normal -0.000000e+00 -1.496854e-01 -9.887337e-01
   outer loop
     vertex  5.000000e+00  2.156592e+00  1.313929e+01
     vertex  0.000000e+00  2.156592e+00  1.313929e+01
     vertex  0.000000e+00  2.187653e+00  1.313459e+01
   endloop
 endfacet
 facet normal -0.000000e+00 -1.226225e-01 -9.924534e-01
   outer loop
     vertex  5.000000e+00  2.156592e+00  1.313929e+01
     vertex  0.000000e+00  2.125414e+00  1.314314e+01
     vertex  0.000000e+00  2.156592e+00  1.313929e+01
   endloop
 endfacet
 facet normal  0.000000e+00 -1.496854e-01 -9.887337e-01
   outer loop
     vertex  5.000000e+00  2.156592e+00  1.313929e+01
     vertex  0.000000e+00  2.187653e+00  1.313459e+01
     vertex  5.000000e+00  2.187653e+00  1.313459e+01
   endloop
 endfacet
 facet normal -0.000000e+00 -1.226225e-01 -9.924534e-01
   outer loop
     vertex  5.000000e+00  2.125414e+00  1.314314e+01
     vertex  0.000000e+00  2.125414e+00  1.314314e+01
     vertex  5.000000e+00  2.156592e+00  1.313929e+01
   endloop
 endfacet
 facet normal -0.000000e+00 -9.546807e-02 -9.954325e-01
   outer loop
     vertex  5.000000e+00  2.094142e+00  1.314614e+01
     vertex  0.000000e+00  2.094142e+00  1.314614e+01
     vertex  0.000000e+00  2.125414e+00  1.314314e+01
   endloop
 endfacet
 facet normal  0.000000e+00 -9.546807e-02 -9.954325e-01
   outer loop
     vertex  5.000000e+00  2.094142e+00  1.314614e+01
     vertex  0.000000e+00  2.125414e+00  1.314314e+01
     vertex  5.000000e+00  2.125414e+00  1.314314e+01
   endloop
 endfacet
 facet normal -0.000000e+00 -6.824241e-02 -9.976688e-01
   outer loop
     vertex  5.000000e+00  2.062801e+00  1.314828e+01
     vertex  0.000000e+00  2.062801e+00  1.314828e+01
     vertex  0.000000e+00  2.094142e+00  1.314614e+01
   endloop
 endfacet
 facet normal -0.000000e+00 -4.096583e-02 -9.991605e-01
   outer loop
     vertex  5.000000e+00  2.062801e+00  1.314828e+01
     vertex  0.000000e+00  2.031412e+00  1.314957e+01
     vertex  0.000000e+00  2.062801e+00  1.314828e+01
   endloop
 endfacet
 facet normal  0.000000e+00 -6.824241e-02 -9.976688e-01
   outer loop
     vertex  5.000000e+00  2.062801e+00  1.314828e+01
     vertex  0.000000e+00  2.094142e+00  1.314614e+01
     vertex  5.000000e+00  2.094142e+00  1.314614e+01
   endloop
 endfacet
 facet normal -0.000000e+00 -4.096583e-02 -9.991605e-01
   outer loop
     vertex  5.000000e+00  2.031412e+00  1.314957e+01
     vertex  0.000000e+00  2.031412e+00  1.314957e+01
     vertex  5.000000e+00  2.062801e+00  1.314828e+01
   endloop
 endfacet
 facet normal -0.000000e+00 -1.365867e-02 -9.999067e-01
   outer loop
     vertex  5.000000e+00  2.000000e+00  1.315000e+01
     vertex  0.000000e+00  2.000000e+00  1.315000e+01
     vertex  0.000000e+00  2.031412e+00  1.314957e+01
   endloop
 endfacet
 facet normal  0.000000e+00 -1.365867e-02 -9.999067e-01
   outer loop
     vertex  5.000000e+00  2.000000e+00  1.315000e+01
     vertex  0.000000e+00  2.031412e+00  1.314957e+01
     vertex  5.000000e+00  2.031412e+00  1.314957e+01
   endloop
 endfacet
 facet normal  0.000000e+00  0.000000e+00  1.000000e+00
   outer loop
     vertex  5.000000e+00  2.000000e+00  1.085000e+01
     vertex  0.000000e+00  2.000000e+00  1.085000e+01
     vertex  0.000000e+00 -2.000000e+00  1.085000e+01
   endloop
 endfacet
 facet normal  0.000000e+00  0.000000e+00  1.000000e+00
   outer loop
     vertex  5.000000e+00  2.000000e+00  1.085000e+01
     vertex  0.000000e+00 -2.000000e+00  1.085000e+01
     vertex  5.000000e+00 -2.000000e+00  1.085000e+01
   endloop
 endfacet
 facet normal -0.000000e+00  0.000000e+00 -1.000000e+00
   outer loop
     vertex  5.000000e+00  2.000000e+00  1.315000e+01
     vertex  0.000000e+00 -2.000000e+00  1.315000e+01
     vertex  0.000000e+00  2.000000e+00  1.315000e+01
   endloop
 endfacet
 facet normal  0.000000e+00 -0.000000e+00 -1.000000e+00
   outer loop
     vertex  5.000000e+00  2.000000e+00  1.315000e+01
     vertex  5.000000e+00 -2.000000e+00  1.315000e+01
     vertex  0.000000e+00 -2.000000e+00  1.315000e+01
   endloop
 endfacet
 facet normal  0.000000e+00  1.365867e-02 -9.999067e-01
   outer loop
     vertex  5.000000e+00 -2.031412e+00  1.314957e+01
     vertex  0.000000e+00 -2.000000e+00  1.315000e+01
     vertex  5.000000e+00 -2.000000e+00  1.315000e+01
   endloop
 endfacet
 facet normal  0.000000e+00  1.365867e-02 -9.999067e-01
   outer loop
     vertex  5.000000e+00 -2.031412e+00  1.314957e+01
     vertex  0.000000e+00 -2.031412e+00  1.314957e+01
     vertex  0.000000e+00 -2.000000e+00  1.315000e+01
   endloop
 endfacet
 facet normal  0.000000e+00  4.096583e-02 -9.991605e-01
   outer loop
     vertex  5.000000e+00 -2.062801e+00  1.314828e+01
     vertex  0.000000e+00 -2.062801e+00  1.314828e+01
     vertex  0.000000e+00 -2.031412e+00  1.314957e+01
   endloop
 endfacet
 facet normal  0.000000e+00  4.096583e-02 -9.991605e-01
   outer loop
     vertex  5.000000e+00 -2.062801e+00  1.314828e+01
     vertex  0.000000e+00 -2.031412e+00  1.314957e+01
     vertex  5.000000e+00 -2.031412e+00  1.314957e+01
   endloop
 endfacet
 facet normal  0.000000e+00  6.824241e-02 -9.976688e-01
   outer loop
     vertex  5.000000e+00 -2.094142e+00  1.314614e+01
     vertex  0.000000e+00 -2.094142e+00  1.314614e+01
     vertex  0.000000e+00 -2.062801e+00  1.314828e+01
   endloop
 endfacet
 facet normal  0.000000e+00  6.824241e-02 -9.976688e-01
   outer loop
     vertex  5.000000e+00 -2.094142e+00  1.314614e+01
     vertex  0.000000e+00 -2.062801e+00  1.314828e+01
     vertex  5.000000e+00 -2.062801e+00  1.314828e+01
   endloop
 endfacet
 facet normal  0.000000e+00  9.546807e-02 -9.954325e-01
   outer loop
     vertex  5.000000e+00 -2.125414e+00  1.314314e+01
     vertex  0.000000e+00 -2.125414e+00  1.314314e+01
     vertex  0.000000e+00 -2.094142e+00  1.314614e+01
   endloop
 endfacet
 facet normal  0.000000e+00  1.226225e-01 -9.924534e-01
   outer loop
     vertex  5.000000e+00 -2.125414e+00  1.314314e+01
     vertex  0.000000e+00 -2.156592e+00  1.313929e+01
     vertex  0.000000e+00 -2.125414e+00  1.314314e+01
   endloop
 endfacet
 facet normal  0.000000e+00  9.546807e-02 -9.954325e-01
   outer loop
     vertex  5.000000e+00 -2.125414e+00  1.314314e+01
     vertex  0.000000e+00 -2.094142e+00  1.314614e+01
     vertex  5.000000e+00 -2.094142e+00  1.314614e+01
   endloop
 endfacet
 facet normal  0.000000e+00  1.226225e-01 -9.924534e-01
   outer loop
     vertex  5.000000e+00 -2.156592e+00  1.313929e+01
     vertex  0.000000e+00 -2.156592e+00  1.313929e+01
     vertex  5.000000e+00 -2.125414e+00  1.314314e+01
   endloop
 endfacet
 facet normal  0.000000e+00  1.496854e-01 -9.887337e-01
   outer loop
     vertex  5.000000e+00 -2.187653e+00  1.313459e+01
     vertex  0.000000e+00 -2.187653e+00  1.313459e+01
     vertex  0.000000e+00 -2.156592e+00  1.313929e+01
   endloop
 endfacet
 facet normal  0.000000e+00  1.766366e-01 -9.842761e-01
   outer loop
     vertex  5.000000e+00 -2.187653e+00  1.313459e+01
     vertex  0.000000e+00 -2.218574e+00  1.312904e+01
     vertex  0.000000e+00 -2.187653e+00  1.313459e+01
   endloop
 endfacet
 facet normal  0.000000e+00  1.496854e-01 -9.887337e-01
   outer loop
     vertex  5.000000e+00 -2.187653e+00  1.313459e+01
     vertex  0.000000e+00 -2.156592e+00  1.313929e+01
     vertex  5.000000e+00 -2.156592e+00  1.313929e+01
   endloop
 endfacet
 facet normal  0.000000e+00  1.766366e-01 -9.842761e-01
   outer loop
     vertex  5.000000e+00 -2.218574e+00  1.312904e+01
     vertex  0.000000e+00 -2.218574e+00  1.312904e+01
     vertex  5.000000e+00 -2.187653e+00  1.313459e+01
   endloop
 endfacet
 facet normal  0.000000e+00  2.034560e-01 -9.790841e-01
   outer loop
     vertex  5.000000e+00 -2.249332e+00  1.312265e+01
     vertex  0.000000e+00 -2.249332e+00  1.312265e+01
     vertex  0.000000e+00 -2.218574e+00  1.312904e+01
   endloop
 endfacet
 facet normal  0.000000e+00  2.034560e-01 -9.790841e-01
   outer loop
     vertex  5.000000e+00 -2.249332e+00  1.312265e+01
     vertex  0.000000e+00 -2.218574e+00  1.312904e+01
     vertex  5.000000e+00 -2.218574e+00  1.312904e+01
   endloop
 endfacet
 facet normal  0.000000e+00  2.301236e-01 -9.731614e-01
   outer loop
     vertex  5.000000e+00 -2.279903e+00  1.311542e+01
     vertex  0.000000e+00 -2.279903e+00  1.311542e+01
     vertex  0.000000e+00 -2.249332e+00  1.312265e+01
   endloop
 endfacet
 facet normal  0.000000e+00  2.566194e-01 -9.665125e-01
   outer loop
     vertex  5.000000e+00 -2.279903e+00  1.311542e+01
     vertex  0.000000e+00 -2.310266e+00  1.310735e+01
     vertex  0.000000e+00 -2.279903e+00  1.311542e+01
   endloop
 endfacet
 facet normal  0.000000e+00  2.301236e-01 -9.731614e-01
   outer loop
     vertex  5.000000e+00 -2.279903e+00  1.311542e+01
     vertex  0.000000e+00 -2.249332e+00  1.312265e+01
     vertex  5.000000e+00 -2.249332e+00  1.312265e+01
   endloop
 endfacet
 facet normal  0.000000e+00  2.566194e-01 -9.665125e-01
   outer loop
     vertex  5.000000e+00 -2.310266e+00  1.310735e+01
     vertex  0.000000e+00 -2.310266e+00  1.310735e+01
     vertex  5.000000e+00 -2.279903e+00  1.311542e+01
   endloop
 endfacet
 facet normal  0.000000e+00  2.829238e-01 -9.591424e-01
   outer loop
     vertex  5.000000e+00 -2.340398e+00  1.309847e+01
     vertex  0.000000e+00 -2.340398e+00  1.309847e+01
     vertex  0.000000e+00 -2.310266e+00  1.310735e+01
   endloop
 endfacet
 facet normal  0.000000e+00  3.090170e-01 -9.510565e-01
   outer loop
     vertex  5.000000e+00 -2.340398e+00  1.309847e+01
     vertex  0.000000e+00 -2.370275e+00  1.308876e+01
     vertex  0.000000e+00 -2.340398e+00  1.309847e+01
   endloop
 endfacet
 facet normal  0.000000e+00  2.829238e-01 -9.591424e-01
   outer loop
     vertex  5.000000e+00 -2.340398e+00  1.309847e+01
     vertex  0.000000e+00 -2.310266e+00  1.310735e+01
     vertex  5.000000e+00 -2.310266e+00  1.310735e+01
   endloop
 endfacet
 facet normal  0.000000e+00  3.090170e-01 -9.510565e-01
   outer loop
     vertex  5.000000e+00 -2.370275e+00  1.308876e+01
     vertex  0.000000e+00 -2.370275e+00  1.308876e+01
     vertex  5.000000e+00 -2.340398e+00  1.309847e+01
   endloop
 endfacet
 facet normal  0.000000e+00  3.348796e-01 -9.422609e-01
   outer loop
     vertex  5.000000e+00 -2.399876e+00  1.307824e+01
     vertex  0.000000e+00 -2.399876e+00  1.307824e+01
     vertex  0.000000e+00 -2.370275e+00  1.308876e+01
   endloop
 endfacet
 facet normal  0.000000e+00  3.348796e-01 -9.422609e-01
   outer loop
     vertex  5.000000e+00 -2.399876e+00  1.307824e+01
     vertex  0.000000e+00 -2.370275e+00  1.308876e+01
     vertex  5.000000e+00 -2.370275e+00  1.308876e+01
   endloop
 endfacet
 facet normal  0.000000e+00  3.604923e-01 -9.327622e-01
   outer loop
     vertex  5.000000e+00 -2.429179e+00  1.306691e+01
     vertex  0.000000e+00 -2.429179e+00  1.306691e+01
     vertex  0.000000e+00 -2.399876e+00  1.307824e+01
   endloop
 endfacet
 facet normal  0.000000e+00  3.604923e-01 -9.327622e-01
   outer loop
     vertex  5.000000e+00 -2.429179e+00  1.306691e+01
     vertex  0.000000e+00 -2.399876e+00  1.307824e+01
     vertex  5.000000e+00 -2.399876e+00  1.307824e+01
   endloop
 endfacet
 facet normal  0.000000e+00  3.858360e-01 -9.225674e-01
   outer loop
     vertex  5.000000e+00 -2.458161e+00  1.305479e+01
     vertex  0.000000e+00 -2.458161e+00  1.305479e+01
     vertex  0.000000e+00 -2.429179e+00  1.306691e+01
   endloop
 endfacet
 facet normal  0.000000e+00  4.108918e-01 -9.116841e-01
   outer loop
     vertex  5.000000e+00 -2.458161e+00  1.305479e+01
     vertex  0.000000e+00 -2.486802e+00  1.304188e+01
     vertex  0.000000e+00 -2.458161e+00  1.305479e+01
   endloop
 endfacet
 facet normal  0.000000e+00  3.858360e-01 -9.225674e-01
   outer loop
     vertex  5.000000e+00 -2.458161e+00  1.305479e+01
     vertex  0.000000e+00 -2.429179e+00  1.306691e+01
     vertex  5.000000e+00 -2.429179e+00  1.306691e+01
   endloop
 endfacet
 facet normal  0.000000e+00  4.356410e-01 -9.001205e-01
   outer loop
     vertex  5.000000e+00 -2.486802e+00  1.304188e+01
     vertex  0.000000e+00 -2.515079e+00  1.302820e+01
     vertex  0.000000e+00 -2.486802e+00  1.304188e+01
   endloop
 endfacet
 facet normal  0.000000e+00  4.108918e-01 -9.116841e-01
   outer loop
     vertex  5.000000e+00 -2.486802e+00  1.304188e+01
     vertex  0.000000e+00 -2.486802e+00  1.304188e+01
     vertex  5.000000e+00 -2.458161e+00  1.305479e+01
   endloop
 endfacet
 facet normal  0.000000e+00  4.356410e-01 -9.001205e-01
   outer loop
     vertex  5.000000e+00 -2.515079e+00  1.302820e+01
     vertex  0.000000e+00 -2.515079e+00  1.302820e+01
     vertex  5.000000e+00 -2.486802e+00  1.304188e+01
   endloop
 endfacet
 facet normal  0.000000e+00  4.600650e-01 -8.878852e-01
   outer loop
     vertex  5.000000e+00 -2.542972e+00  1.301375e+01
     vertex  0.000000e+00 -2.515079e+00  1.302820e+01
     vertex  5.000000e+00 -2.515079e+00  1.302820e+01
   endloop
 endfacet
 facet normal  0.000000e+00  4.600650e-01 -8.878852e-01
   outer loop
     vertex  5.000000e+00 -2.542972e+00  1.301375e+01
     vertex  0.000000e+00 -2.542972e+00  1.301375e+01
     vertex  0.000000e+00 -2.515079e+00  1.302820e+01
   endloop
 endfacet
 facet normal  0.000000e+00  4.841458e-01 -8.749873e-01
   outer loop
     vertex  5.000000e+00 -2.570460e+00  1.299854e+01
     vertex  0.000000e+00 -2.542972e+00  1.301375e+01
     vertex  5.000000e+00 -2.542972e+00  1.301375e+01
   endloop
 endfacet
 facet normal  0.000000e+00  4.841458e-01 -8.749873e-01
   outer loop
     vertex  5.000000e+00 -2.570460e+00  1.299854e+01
     vertex  0.000000e+00 -2.570460e+00  1.299854e+01
     vertex  0.000000e+00 -2.542972e+00  1.301375e+01
   endloop
 endfacet
 facet normal  0.000000e+00  5.078652e-01 -8.614365e-01
   outer loop
     vertex  5.000000e+00 -2.597522e+00  1.298258e+01
     vertex  0.000000e+00 -2.570460e+00  1.299854e+01
     vertex  5.000000e+00 -2.570460e+00  1.299854e+01
   endloop
 endfacet
 facet normal  0.000000e+00  5.078652e-01 -8.614365e-01
   outer loop
     vertex  5.000000e+00 -2.597522e+00  1.298258e+01
     vertex  0.000000e+00 -2.597522e+00  1.298258e+01
     vertex  0.000000e+00 -2.570460e+00  1.299854e+01
   endloop
 endfacet
 facet normal  0.000000e+00  5.312057e-01 -8.472429e-01
   outer loop
     vertex  5.000000e+00 -2.624138e+00  1.296589e+01
     vertex  0.000000e+00 -2.597522e+00  1.298258e+01
     vertex  5.000000e+00 -2.597522e+00  1.298258e+01
   endloop
 endfacet
 facet normal  0.000000e+00  5.312057e-01 -8.472429e-01
   outer loop
     vertex  5.000000e+00 -2.624138e+00  1.296589e+01
     vertex  0.000000e+00 -2.624138e+00  1.296589e+01
     vertex  0.000000e+00 -2.597522e+00  1.298258e+01
   endloop
 endfacet
 facet normal  0.000000e+00  5.541498e-01 -8.324170e-01
   outer loop
     vertex  5.000000e+00 -2.650288e+00  1.294849e+01
     vertex  0.000000e+00 -2.624138e+00  1.296589e+01
     vertex  5.000000e+00 -2.624138e+00  1.296589e+01
   endloop
 endfacet
 facet normal  0.000000e+00  5.541498e-01 -8.324170e-01
   outer loop
     vertex  5.000000e+00 -2.650288e+00  1.294849e+01
     vertex  0.000000e+00 -2.650288e+00  1.294849e+01
     vertex  0.000000e+00 -2.624138e+00  1.296589e+01
   endloop
 endfacet
 facet normal  0.000000e+00  5.766803e-01 -8.169699e-01
   outer loop
     vertex  5.000000e+00 -2.650288e+00  1.294849e+01
     vertex  0.000000e+00 -2.675953e+00  1.293037e+01
     vertex  0.000000e+00 -2.650288e+00  1.294849e+01
   endloop
 endfacet
 facet normal  0.000000e+00  5.766803e-01 -8.169699e-01
   outer loop
     vertex  5.000000e+00 -2.675953e+00  1.293037e+01
     vertex  0.000000e+00 -2.675953e+00  1.293037e+01
     vertex  5.000000e+00 -2.650288e+00  1.294849e+01
   endloop
 endfacet
 facet normal  0.000000e+00  5.987805e-01 -8.009132e-01
   outer loop
     vertex  5.000000e+00 -2.701114e+00  1.291156e+01
     vertex  0.000000e+00 -2.675953e+00  1.293037e+01
     vertex  5.000000e+00 -2.675953e+00  1.293037e+01
   endloop
 endfacet
 facet normal  0.000000e+00  5.987805e-01 -8.009132e-01
   outer loop
     vertex  5.000000e+00 -2.701114e+00  1.291156e+01
     vertex  0.000000e+00 -2.701114e+00  1.291156e+01
     vertex  0.000000e+00 -2.675953e+00  1.293037e+01
   endloop
 endfacet
 facet normal  0.000000e+00  6.204339e-01 -7.842588e-01
   outer loop
     vertex  5.000000e+00 -2.701114e+00  1.291156e+01
     vertex  0.000000e+00 -2.725751e+00  1.289207e+01
     vertex  0.000000e+00 -2.701114e+00  1.291156e+01
   endloop
 endfacet
 facet normal  0.000000e+00  6.204339e-01 -7.842588e-01
   outer loop
     vertex  5.000000e+00 -2.725751e+00  1.289207e+01
     vertex  0.000000e+00 -2.725751e+00  1.289207e+01
     vertex  5.000000e+00 -2.701114e+00  1.291156e+01
   endloop
 endfacet
 facet normal  0.000000e+00  6.416243e-01 -7.670191e-01
   outer loop
     vertex  5.000000e+00 -2.749847e+00  1.287191e+01
     vertex  0.000000e+00 -2.725751e+00  1.289207e+01
     vertex  5.000000e+00 -2.725751e+00  1.289207e+01
   endloop
 endfacet
 facet normal  0.000000e+00  6.416243e-01 -7.670191e-01
   outer loop
     vertex  5.000000e+00 -2.749847e+00  1.287191e+01
     vertex  0.000000e+00 -2.749847e+00  1.287191e+01
     vertex  0.000000e+00 -2.725751e+00  1.289207e+01
   endloop
 endfacet
 facet normal  0.000000e+00  6.623358e-01 -7.492071e-01
   outer loop
     vertex  5.000000e+00 -2.773383e+00  1.285110e+01
     vertex  0.000000e+00 -2.773383e+00  1.285110e+01
     vertex  0.000000e+00 -2.749847e+00  1.287191e+01
   endloop
 endfacet
 facet normal  0.000000e+00  6.623358e-01 -7.492071e-01
   outer loop
     vertex  5.000000e+00 -2.773383e+00  1.285110e+01
     vertex  0.000000e+00 -2.749847e+00  1.287191e+01
     vertex  5.000000e+00 -2.749847e+00  1.287191e+01
   endloop
 endfacet
 facet normal  0.000000e+00  6.825531e-01 -7.308360e-01
   outer loop
     vertex  5.000000e+00 -2.796342e+00  1.282966e+01
     vertex  0.000000e+00 -2.796342e+00  1.282966e+01
     vertex  0.000000e+00 -2.773383e+00  1.285110e+01
   endloop
 endfacet
 facet normal  0.000000e+00  6.825531e-01 -7.308360e-01
   outer loop
     vertex  5.000000e+00 -2.796342e+00  1.282966e+01
     vertex  0.000000e+00 -2.773383e+00  1.285110e+01
     vertex  5.000000e+00 -2.773383e+00  1.285110e+01
   endloop
 endfacet
 facet normal  0.000000e+00  7.022611e-01 -7.119195e-01
   outer loop
     vertex  5.000000e+00 -2.818707e+00  1.280760e+01
     vertex  0.000000e+00 -2.818707e+00  1.280760e+01
     vertex  0.000000e+00 -2.796342e+00  1.282966e+01
   endloop
 endfacet
 facet normal  0.000000e+00  7.214450e-01 -6.924717e-01
   outer loop
     vertex  5.000000e+00 -2.818707e+00  1.280760e+01
     vertex  0.000000e+00 -2.840461e+00  1.278494e+01
     vertex  0.000000e+00 -2.818707e+00  1.280760e+01
   endloop
 endfacet
 facet normal  0.000000e+00  7.022611e-01 -7.119195e-01
   outer loop
     vertex  5.000000e+00 -2.818707e+00  1.280760e+01
     vertex  0.000000e+00 -2.796342e+00  1.282966e+01
     vertex  5.000000e+00 -2.796342e+00  1.282966e+01
   endloop
 endfacet
 facet normal  0.000000e+00  7.214450e-01 -6.924717e-01
   outer loop
     vertex  5.000000e+00 -2.840461e+00  1.278494e+01
     vertex  0.000000e+00 -2.840461e+00  1.278494e+01
     vertex  5.000000e+00 -2.818707e+00  1.280760e+01
   endloop
 endfacet
 facet normal  0.000000e+00  7.400906e-01 -6.725072e-01
   outer loop
     vertex  5.000000e+00 -2.861588e+00  1.276169e+01
     vertex  0.000000e+00 -2.861588e+00  1.276169e+01
     vertex  0.000000e+00 -2.840461e+00  1.278494e+01
   endloop
 endfacet
 facet normal  0.000000e+00  7.581838e-01 -6.520409e-01
   outer loop
     vertex  5.000000e+00 -2.861588e+00  1.276169e+01
     vertex  0.000000e+00 -2.882072e+00  1.273787e+01
     vertex  0.000000e+00 -2.861588e+00  1.276169e+01
   endloop
 endfacet
 facet normal  0.000000e+00  7.400906e-01 -6.725072e-01
   outer loop
     vertex  5.000000e+00 -2.861588e+00  1.276169e+01
     vertex  0.000000e+00 -2.840461e+00  1.278494e+01
     vertex  5.000000e+00 -2.840461e+00  1.278494e+01
   endloop
 endfacet
 facet normal  0.000000e+00  7.581838e-01 -6.520409e-01
   outer loop
     vertex  5.000000e+00 -2.882072e+00  1.273787e+01
     vertex  0.000000e+00 -2.882072e+00  1.273787e+01
     vertex  5.000000e+00 -2.861588e+00  1.276169e+01
   endloop
 endfacet
 facet normal  0.000000e+00  7.757113e-01 -6.310879e-01
   outer loop
     vertex  5.000000e+00 -2.901898e+00  1.271350e+01
     vertex  0.000000e+00 -2.901898e+00  1.271350e+01
     vertex  0.000000e+00 -2.882072e+00  1.273787e+01
   endloop
 endfacet
 facet normal  0.000000e+00  7.757113e-01 -6.310879e-01
   outer loop
     vertex  5.000000e+00 -2.901898e+00  1.271350e+01
     vertex  0.000000e+00 -2.882072e+00  1.273787e+01
     vertex  5.000000e+00 -2.882072e+00  1.273787e+01
   endloop
 endfacet
 facet normal  0.000000e+00  7.926599e-01 -6.096641e-01
   outer loop
     vertex  5.000000e+00 -2.921050e+00  1.268860e+01
     vertex  0.000000e+00 -2.921050e+00  1.268860e+01
     vertex  0.000000e+00 -2.901898e+00  1.271350e+01
   endloop
 endfacet
 facet normal  0.000000e+00  7.926599e-01 -6.096641e-01
   outer loop
     vertex  5.000000e+00 -2.921050e+00  1.268860e+01
     vertex  0.000000e+00 -2.901898e+00  1.271350e+01
     vertex  5.000000e+00 -2.901898e+00  1.271350e+01
   endloop
 endfacet
 facet normal  0.000000e+00  8.090170e-01 -5.877853e-01
   outer loop
     vertex  5.000000e+00 -2.939515e+00  1.266318e+01
     vertex  0.000000e+00 -2.939515e+00  1.266318e+01
     vertex  0.000000e+00 -2.921050e+00  1.268860e+01
   endloop
 endfacet
 facet normal  0.000000e+00  8.247704e-01 -5.654678e-01
   outer loop
     vertex  5.000000e+00 -2.939515e+00  1.266318e+01
     vertex  0.000000e+00 -2.957280e+00  1.263727e+01
     vertex  0.000000e+00 -2.939515e+00  1.266318e+01
   endloop
 endfacet
 facet normal  0.000000e+00  8.090170e-01 -5.877853e-01
   outer loop
     vertex  5.000000e+00 -2.939515e+00  1.266318e+01
     vertex  0.000000e+00 -2.921050e+00  1.268860e+01
     vertex  5.000000e+00 -2.921050e+00  1.268860e+01
   endloop
 endfacet
 facet normal  0.000000e+00  8.247704e-01 -5.654678e-01
   outer loop
     vertex  5.000000e+00 -2.957280e+00  1.263727e+01
     vertex  0.000000e+00 -2.957280e+00  1.263727e+01
     vertex  5.000000e+00 -2.939515e+00  1.266318e+01
   endloop
 endfacet
 facet normal  0.000000e+00  8.399083e-01 -5.427284e-01
   outer loop
     vertex  5.000000e+00 -2.974329e+00  1.261089e+01
     vertex  0.000000e+00 -2.974329e+00  1.261089e+01
     vertex  0.000000e+00 -2.957280e+00  1.263727e+01
   endloop
 endfacet
 facet normal  0.000000e+00  8.544194e-01 -5.195840e-01
   outer loop
     vertex  5.000000e+00 -2.974329e+00  1.261089e+01
     vertex  0.000000e+00 -2.990652e+00  1.258405e+01
     vertex  0.000000e+00 -2.974329e+00  1.261089e+01
   endloop
 endfacet
 facet normal  0.000000e+00  8.399083e-01 -5.427284e-01
   outer loop
     vertex  5.000000e+00 -2.974329e+00  1.261089e+01
     vertex  0.000000e+00 -2.957280e+00  1.263727e+01
     vertex  5.000000e+00 -2.957280e+00  1.263727e+01
   endloop
 endfacet
 facet normal  0.000000e+00  8.544194e-01 -5.195840e-01
   outer loop
     vertex  5.000000e+00 -2.990652e+00  1.258405e+01
     vertex  0.000000e+00 -2.990652e+00  1.258405e+01
     vertex  5.000000e+00 -2.974329e+00  1.261089e+01
   endloop
 endfacet
 facet normal  0.000000e+00  8.682929e-01 -4.960518e-01
   outer loop
     vertex  5.000000e+00 -3.006235e+00  1.255677e+01
     vertex  0.000000e+00 -3.006235e+00  1.255677e+01
     vertex  0.000000e+00 -2.990652e+00  1.258405e+01
   endloop
 endfacet
 facet normal  0.000000e+00  8.682929e-01 -4.960518e-01
   outer loop
     vertex  5.000000e+00 -3.006235e+00  1.255677e+01
     vertex  0.000000e+00 -2.990652e+00  1.258405e+01
     vertex  5.000000e+00 -2.990652e+00  1.258405e+01
   endloop
 endfacet
 facet normal  0.000000e+00  8.815185e-01 -4.721495e-01
   outer loop
     vertex  5.000000e+00 -3.021068e+00  1.252907e+01
     vertex  0.000000e+00 -3.021068e+00  1.252907e+01
     vertex  0.000000e+00 -3.006235e+00  1.255677e+01
   endloop
 endfacet
 facet normal  0.000000e+00  8.940863e-01 -4.478948e-01
   outer loop
     vertex  5.000000e+00 -3.021068e+00  1.252907e+01
     vertex  0.000000e+00 -3.035139e+00  1.250099e+01
     vertex  0.000000e+00 -3.021068e+00  1.252907e+01
   endloop
 endfacet
 facet normal  0.000000e+00  8.815185e-01 -4.721495e-01
   outer loop
     vertex  5.000000e+00 -3.021068e+00  1.252907e+01
     vertex  0.000000e+00 -3.006235e+00  1.255677e+01
     vertex  5.000000e+00 -3.006235e+00  1.255677e+01
   endloop
 endfacet
 facet normal  0.000000e+00  8.940863e-01 -4.478948e-01
   outer loop
     vertex  5.000000e+00 -3.035139e+00  1.250099e+01
     vertex  0.000000e+00 -3.035139e+00  1.250099e+01
     vertex  5.000000e+00 -3.021068e+00  1.252907e+01
   endloop
 endfacet
 facet normal  0.000000e+00  9.059868e-01 -4.233059e-01
   outer loop
     vertex  5.000000e+00 -3.048437e+00  1.247253e+01
     vertex  0.000000e+00 -3.048437e+00  1.247253e+01
     vertex  0.000000e+00 -3.035139e+00  1.250099e+01
   endloop
 endfacet
 facet normal  0.000000e+00  9.059868e-01 -4.233059e-01
   outer loop
     vertex  5.000000e+00 -3.048437e+00  1.247253e+01
     vertex  0.000000e+00 -3.035139e+00  1.250099e+01
     vertex  5.000000e+00 -3.035139e+00  1.250099e+01
   endloop
 endfacet
 facet normal  0.000000e+00  9.172113e-01 -3.984011e-01
   outer loop
     vertex  5.000000e+00 -3.060952e+00  1.244371e+01
     vertex  0.000000e+00 -3.048437e+00  1.247253e+01
     vertex  5.000000e+00 -3.048437e+00  1.247253e+01
   endloop
 endfacet
 facet normal  0.000000e+00  9.172113e-01 -3.984011e-01
   outer loop
     vertex  5.000000e+00 -3.060952e+00  1.244371e+01
     vertex  0.000000e+00 -3.060952e+00  1.244371e+01
     vertex  0.000000e+00 -3.048437e+00  1.247253e+01
   endloop
 endfacet
 facet normal  0.000000e+00  9.277513e-01 -3.731990e-01
   outer loop
     vertex  5.000000e+00 -3.072677e+00  1.241457e+01
     vertex  0.000000e+00 -3.060952e+00  1.244371e+01
     vertex  5.000000e+00 -3.060952e+00  1.244371e+01
   endloop
 endfacet
 facet normal  0.000000e+00  9.277513e-01 -3.731990e-01
   outer loop
     vertex  5.000000e+00 -3.072677e+00  1.241457e+01
     vertex  0.000000e+00 -3.072677e+00  1.241457e+01
     vertex  0.000000e+00 -3.060952e+00  1.244371e+01
   endloop
 endfacet
 facet normal  0.000000e+00  9.375990e-01 -3.477184e-01
   outer loop
     vertex  5.000000e+00 -3.083600e+00  1.238511e+01
     vertex  0.000000e+00 -3.072677e+00  1.241457e+01
     vertex  5.000000e+00 -3.072677e+00  1.241457e+01
   endloop
 endfacet
 facet normal  0.000000e+00  9.375990e-01 -3.477184e-01
   outer loop
     vertex  5.000000e+00 -3.083600e+00  1.238511e+01
     vertex  0.000000e+00 -3.083600e+00  1.238511e+01
     vertex  0.000000e+00 -3.072677e+00  1.241457e+01
   endloop
 endfacet
 facet normal  0.000000e+00  9.467470e-01 -3.219783e-01
   outer loop
     vertex  5.000000e+00 -3.093715e+00  1.235537e+01
     vertex  0.000000e+00 -3.083600e+00  1.238511e+01
     vertex  5.000000e+00 -3.083600e+00  1.238511e+01
   endloop
 endfacet
 facet normal  0.000000e+00  9.467470e-01 -3.219783e-01
   outer loop
     vertex  5.000000e+00 -3.093715e+00  1.235537e+01
     vertex  0.000000e+00 -3.093715e+00  1.235537e+01
     vertex  0.000000e+00 -3.083600e+00  1.238511e+01
   endloop
 endfacet
 facet normal  0.000000e+00  9.551886e-01 -2.959980e-01
   outer loop
     vertex  5.000000e+00 -3.103014e+00  1.232536e+01
     vertex  0.000000e+00 -3.093715e+00  1.235537e+01
     vertex  5.000000e+00 -3.093715e+00  1.235537e+01
   endloop
 endfacet
 facet normal  0.000000e+00  9.551886e-01 -2.959980e-01
   outer loop
     vertex  5.000000e+00 -3.103014e+00  1.232536e+01
     vertex  0.000000e+00 -3.103014e+00  1.232536e+01
     vertex  0.000000e+00 -3.093715e+00  1.235537e+01
   endloop
 endfacet
 facet normal  0.000000e+00  9.629173e-01 -2.697968e-01
   outer loop
     vertex  5.000000e+00 -3.111489e+00  1.229511e+01
     vertex  0.000000e+00 -3.103014e+00  1.232536e+01
     vertex  5.000000e+00 -3.103014e+00  1.232536e+01
   endloop
 endfacet
 facet normal  0.000000e+00  9.629173e-01 -2.697968e-01
   outer loop
     vertex  5.000000e+00 -3.111489e+00  1.229511e+01
     vertex  0.000000e+00 -3.111489e+00  1.229511e+01
     vertex  0.000000e+00 -3.103014e+00  1.232536e+01
   endloop
 endfacet
 facet normal  0.000000e+00  9.699274e-01 -2.433942e-01
   outer loop
     vertex  5.000000e+00 -3.119136e+00  1.226464e+01
     vertex  0.000000e+00 -3.111489e+00  1.229511e+01
     vertex  5.000000e+00 -3.111489e+00  1.229511e+01
   endloop
 endfacet
 facet normal  0.000000e+00  9.699274e-01 -2.433942e-01
   outer loop
     vertex  5.000000e+00 -3.119136e+00  1.226464e+01
     vertex  0.000000e+00 -3.119136e+00  1.226464e+01
     vertex  0.000000e+00 -3.111489e+00  1.229511e+01
   endloop
 endfacet
 facet normal  0.000000e+00  9.762138e-01 -2.168100e-01
   outer loop
     vertex  5.000000e+00 -3.119136e+00  1.226464e+01
     vertex  0.000000e+00 -3.125947e+00  1.223397e+01
     vertex  0.000000e+00 -3.119136e+00  1.226464e+01
   endloop
 endfacet
 facet normal  0.000000e+00  9.762138e-01 -2.168100e-01
   outer loop
     vertex  5.000000e+00 -3.125947e+00  1.223397e+01
     vertex  0.000000e+00 -3.125947e+00  1.223397e+01
     vertex  5.000000e+00 -3.119136e+00  1.226464e+01
   endloop
 endfacet
 facet normal  0.000000e+00  9.817717e-01 -1.900640e-01
   outer loop
     vertex  5.000000e+00 -3.125947e+00  1.223397e+01
     vertex  0.000000e+00 -3.131918e+00  1.220313e+01
     vertex  0.000000e+00 -3.125947e+00  1.223397e+01
   endloop
 endfacet
 facet normal  0.000000e+00  9.817717e-01 -1.900640e-01
   outer loop
     vertex  5.000000e+00 -3.131918e+00  1.220313e+01
     vertex  0.000000e+00 -3.131918e+00  1.220313e+01
     vertex  5.000000e+00 -3.125947e+00  1.223397e+01
   endloop
 endfacet
 facet normal  0.000000e+00  9.865969e-01 -1.631762e-01
   outer loop
     vertex  5.000000e+00 -3.137044e+00  1.217214e+01
     vertex  0.000000e+00 -3.131918e+00  1.220313e+01
     vertex  5.000000e+00 -3.131918e+00  1.220313e+01
   endloop
 endfacet
 facet normal  0.000000e+00  9.865969e-01 -1.631762e-01
   outer loop
     vertex  5.000000e+00 -3.137044e+00  1.217214e+01
     vertex  0.000000e+00 -3.137044e+00  1.217214e+01
     vertex  0.000000e+00 -3.131918e+00  1.220313e+01
   endloop
 endfacet
 facet normal  0.000000e+00  9.906859e-01 -1.361666e-01
   outer loop
     vertex  5.000000e+00 -3.137044e+00  1.217214e+01
     vertex  0.000000e+00 -3.141321e+00  1.214102e+01
     vertex  0.000000e+00 -3.137044e+00  1.217214e+01
   endloop
 endfacet
 facet normal  0.000000e+00  9.906859e-01 -1.361666e-01
   outer loop
     vertex  5.000000e+00 -3.141321e+00  1.214102e+01
     vertex  0.000000e+00 -3.141321e+00  1.214102e+01
     vertex  5.000000e+00 -3.137044e+00  1.217214e+01
   endloop
 endfacet
 facet normal  0.000000e+00  9.940357e-01 -1.090555e-01
   outer loop
     vertex  5.000000e+00 -3.144747e+00  1.210979e+01
     vertex  0.000000e+00 -3.141321e+00  1.214102e+01
     vertex  5.000000e+00 -3.141321e+00  1.214102e+01
   endloop
 endfacet
 facet normal  0.000000e+00  9.940357e-01 -1.090555e-01
   outer loop
     vertex  5.000000e+00 -3.144747e+00  1.210979e+01
     vertex  0.000000e+00 -3.144747e+00  1.210979e+01
     vertex  0.000000e+00 -3.141321e+00  1.214102e+01
   endloop
 endfacet
 facet normal  0.000000e+00  9.966436e-01 -8.186288e-02
   outer loop
     vertex  5.000000e+00 -3.147319e+00  1.207848e+01
     vertex  0.000000e+00 -3.144747e+00  1.210979e+01
     vertex  5.000000e+00 -3.144747e+00  1.210979e+01
   endloop
 endfacet
 facet normal  0.000000e+00  9.966436e-01 -8.186288e-02
   outer loop
     vertex  5.000000e+00 -3.147319e+00  1.207848e+01
     vertex  0.000000e+00 -3.147319e+00  1.207848e+01
     vertex  0.000000e+00 -3.144747e+00  1.210979e+01
   endloop
 endfacet
 facet normal  0.000000e+00  9.985078e-01 -5.460922e-02
   outer loop
     vertex  5.000000e+00 -3.149035e+00  1.204711e+01
     vertex  0.000000e+00 -3.147319e+00  1.207848e+01
     vertex  5.000000e+00 -3.147319e+00  1.207848e+01
   endloop
 endfacet
 facet normal  0.000000e+00  9.985078e-01 -5.460922e-02
   outer loop
     vertex  5.000000e+00 -3.149035e+00  1.204711e+01
     vertex  0.000000e+00 -3.149035e+00  1.204711e+01
     vertex  0.000000e+00 -3.147319e+00  1.207848e+01
   endloop
 endfacet
 facet normal  0.000000e+00  9.996269e-01 -2.731480e-02
   outer loop
     vertex  5.000000e+00 -3.149893e+00  1.201571e+01
     vertex  0.000000e+00 -3.149035e+00  1.204711e+01
     vertex  5.000000e+00 -3.149035e+00  1.204711e+01
   endloop
 endfacet
 facet normal  0.000000e+00  9.996269e-01 -2.731480e-02
   outer loop
     vertex  5.000000e+00 -3.149893e+00  1.201571e+01
     vertex  0.000000e+00 -3.149893e+00  1.201571e+01
     vertex  0.000000e+00 -3.149035e+00  1.204711e+01
   endloop
 endfacet
 facet normal  0.000000e+00  1.000000e+00 -0.000000e+00
   outer loop
     vertex  5.000000e+00 -3.149893e+00  1.198429e+01
     vertex  0.000000e+00 -3.149893e+00  1.201571e+01
     vertex  5.000000e+00 -3.149893e+00  1.201571e+01
   endloop
 endfacet
 facet normal  0.000000e+00  1.000000e+00  0.000000e+00
   outer loop
     vertex  5.000000e+00 -3.149893e+00  1.198429e+01
     vertex  0.000000e+00 -3.149893e+00  1.198429e+01
     vertex  0.000000e+00 -3.149893e+00  1.201571e+01
   endloop
 endfacet
 facet normal  0.000000e+00  9.996269e-01  2.731480e-02
   outer loop
     vertex  5.000000e+00 -3.149035e+00  1.195289e+01
     vertex  0.000000e+00 -3.149893e+00  1.198429e+01
     vertex  5.000000e+00 -3.149893e+00  1.198429e+01
   endloop
 endfacet
 facet normal  0.000000e+00  9.996269e-01  2.731480e-02
   outer loop
     vertex  5.000000e+00 -3.149035e+00  1.195289e+01
     vertex  0.000000e+00 -3.149035e+00  1.195289e+01
     vertex  0.000000e+00 -3.149893e+00  1.198429e+01
   endloop
 endfacet
 facet normal  0.000000e+00  9.985078e-01  5.460922e-02
   outer loop
     vertex  5.000000e+00 -3.147319e+00  1.192152e+01
     vertex  0.000000e+00 -3.147319e+00  1.192152e+01
     vertex  0.000000e+00 -3.149035e+00  1.195289e+01
   endloop
 endfacet
 facet normal  0.000000e+00  9.985078e-01  5.460922e-02
   outer loop
     vertex  5.000000e+00 -3.147319e+00  1.192152e+01
     vertex  0.000000e+00 -3.149035e+00  1.195289e+01
     vertex  5.000000e+00 -3.149035e+00  1.195289e+01
   endloop
 endfacet
 facet normal  0.000000e+00  9.966436e-01  8.186288e-02
   outer loop
     vertex  5.000000e+00 -3.144747e+00  1.189021e+01
     vertex  0.000000e+00 -3.144747e+00  1.189021e+01
     vertex  0.000000e+00 -3.147319e+00  1.192152e+01
   endloop
 endfacet
 facet normal  0.000000e+00  9.966436e-01  8.186288e-02
   outer loop
     vertex  5.000000e+00 -3.144747e+00  1.189021e+01
     vertex  0.000000e+00 -3.147319e+00  1.192152e+01
     vertex  5.000000e+00 -3.147319e+00  1.192152e+01
   endloop
 endfacet
 facet normal  0.000000e+00  9.940357e-01  1.090555e-01
   outer loop
     vertex  5.000000e+00 -3.144747e+00  1.189021e+01
     vertex  0.000000e+00 -3.141321e+00  1.185898e+01
     vertex  0.000000e+00 -3.144747e+00  1.189021e+01
   endloop
 endfacet
 facet normal  0.000000e+00  9.940357e-01  1.090555e-01
   outer loop
     vertex  5.000000e+00 -3.141321e+00  1.185898e+01
     vertex  0.000000e+00 -3.141321e+00  1.185898e+01
     vertex  5.000000e+00 -3.144747e+00  1.189021e+01
   endloop
 endfacet
 facet normal  0.000000e+00  9.906859e-01  1.361666e-01
   outer loop
     vertex  5.000000e+00 -3.137044e+00  1.182786e+01
     vertex  0.000000e+00 -3.137044e+00  1.182786e+01
     vertex  0.000000e+00 -3.141321e+00  1.185898e+01
   endloop
 endfacet
 facet normal  0.000000e+00  9.906859e-01  1.361666e-01
   outer loop
     vertex  5.000000e+00 -3.137044e+00  1.182786e+01
     vertex  0.000000e+00 -3.141321e+00  1.185898e+01
     vertex  5.000000e+00 -3.141321e+00  1.185898e+01
   endloop
 endfacet
 facet normal  0.000000e+00  9.865969e-01  1.631762e-01
   outer loop
     vertex  5.000000e+00 -3.131918e+00  1.179687e+01
     vertex  0.000000e+00 -3.131918e+00  1.179687e+01
     vertex  0.000000e+00 -3.137044e+00  1.182786e+01
   endloop
 endfacet
 facet normal  0.000000e+00  9.865969e-01  1.631762e-01
   outer loop
     vertex  5.000000e+00 -3.131918e+00  1.179687e+01
     vertex  0.000000e+00 -3.137044e+00  1.182786e+01
     vertex  5.000000e+00 -3.137044e+00  1.182786e+01
   endloop
 endfacet
 facet normal  0.000000e+00  9.817717e-01  1.900640e-01
   outer loop
     vertex  5.000000e+00 -3.125947e+00  1.176603e+01
     vertex  0.000000e+00 -3.125947e+00  1.176603e+01
     vertex  0.000000e+00 -3.131918e+00  1.179687e+01
   endloop
 endfacet
 facet normal  0.000000e+00  9.817717e-01  1.900640e-01
   outer loop
     vertex  5.000000e+00 -3.125947e+00  1.176603e+01
     vertex  0.000000e+00 -3.131918e+00  1.179687e+01
     vertex  5.000000e+00 -3.131918e+00  1.179687e+01
   endloop
 endfacet
 facet normal  0.000000e+00  9.762138e-01  2.168100e-01
   outer loop
     vertex  5.000000e+00 -3.119136e+00  1.173536e+01
     vertex  0.000000e+00 -3.119136e+00  1.173536e+01
     vertex  0.000000e+00 -3.125947e+00  1.176603e+01
   endloop
 endfacet
 facet normal  0.000000e+00  9.762138e-01  2.168100e-01
   outer loop
     vertex  5.000000e+00 -3.119136e+00  1.173536e+01
     vertex  0.000000e+00 -3.125947e+00  1.176603e+01
     vertex  5.000000e+00 -3.125947e+00  1.176603e+01
   endloop
 endfacet
 facet normal  0.000000e+00  9.699274e-01  2.433942e-01
   outer loop
     vertex  5.000000e+00 -3.111489e+00  1.170489e+01
     vertex  0.000000e+00 -3.119136e+00  1.173536e+01
     vertex  5.000000e+00 -3.119136e+00  1.173536e+01
   endloop
 endfacet
 facet normal  0.000000e+00  9.699274e-01  2.433942e-01
   outer loop
     vertex  5.000000e+00 -3.111489e+00  1.170489e+01
     vertex  0.000000e+00 -3.111489e+00  1.170489e+01
     vertex  0.000000e+00 -3.119136e+00  1.173536e+01
   endloop
 endfacet
 facet normal  0.000000e+00  9.629173e-01  2.697968e-01
   outer loop
     vertex  5.000000e+00 -3.103014e+00  1.167464e+01
     vertex  0.000000e+00 -3.111489e+00  1.170489e+01
     vertex  5.000000e+00 -3.111489e+00  1.170489e+01
   endloop
 endfacet
 facet normal  0.000000e+00  9.629173e-01  2.697968e-01
   outer loop
     vertex  5.000000e+00 -3.103014e+00  1.167464e+01
     vertex  0.000000e+00 -3.103014e+00  1.167464e+01
     vertex  0.000000e+00 -3.111489e+00  1.170489e+01
   endloop
 endfacet
 facet normal  0.000000e+00  9.551886e-01  2.959980e-01
   outer loop
     vertex  5.000000e+00 -3.093715e+00  1.164463e+01
     vertex  0.000000e+00 -3.103014e+00  1.167464e+01
     vertex  5.000000e+00 -3.103014e+00  1.167464e+01
   endloop
 endfacet
 facet normal  0.000000e+00  9.551886e-01  2.959980e-01
   outer loop
     vertex  5.000000e+00 -3.093715e+00  1.164463e+01
     vertex  0.000000e+00 -3.093715e+00  1.164463e+01
     vertex  0.000000e+00 -3.103014e+00  1.167464e+01
   endloop
 endfacet
 facet normal  0.000000e+00  9.467470e-01  3.219783e-01
   outer loop
     vertex  5.000000e+00 -3.083600e+00  1.161489e+01
     vertex  0.000000e+00 -3.093715e+00  1.164463e+01
     vertex  5.000000e+00 -3.093715e+00  1.164463e+01
   endloop
 endfacet
 facet normal  0.000000e+00  9.467470e-01  3.219783e-01
   outer loop
     vertex  5.000000e+00 -3.083600e+00  1.161489e+01
     vertex  0.000000e+00 -3.083600e+00  1.161489e+01
     vertex  0.000000e+00 -3.093715e+00  1.164463e+01
   endloop
 endfacet
 facet normal  0.000000e+00  9.375990e-01  3.477184e-01
   outer loop
     vertex  5.000000e+00 -3.083600e+00  1.161489e+01
     vertex  0.000000e+00 -3.072677e+00  1.158543e+01
     vertex  0.000000e+00 -3.083600e+00  1.161489e+01
   endloop
 endfacet
 facet normal  0.000000e+00  9.375990e-01  3.477184e-01
   outer loop
     vertex  5.000000e+00 -3.072677e+00  1.158543e+01
     vertex  0.000000e+00 -3.072677e+00  1.158543e+01
     vertex  5.000000e+00 -3.083600e+00  1.161489e+01
   endloop
 endfacet
 facet normal  0.000000e+00  9.277513e-01  3.731990e-01
   outer loop
     vertex  5.000000e+00 -3.060952e+00  1.155629e+01
     vertex  0.000000e+00 -3.072677e+00  1.158543e+01
     vertex  5.000000e+00 -3.072677e+00  1.158543e+01
   endloop
 endfacet
 facet normal  0.000000e+00  9.277513e-01  3.731990e-01
   outer loop
     vertex  5.000000e+00 -3.060952e+00  1.155629e+01
     vertex  0.000000e+00 -3.060952e+00  1.155629e+01
     vertex  0.000000e+00 -3.072677e+00  1.158543e+01
   endloop
 endfacet
 facet normal  0.000000e+00  9.172113e-01  3.984011e-01
   outer loop
     vertex  5.000000e+00 -3.048437e+00  1.152747e+01
     vertex  0.000000e+00 -3.060952e+00  1.155629e+01
     vertex  5.000000e+00 -3.060952e+00  1.155629e+01
   endloop
 endfacet
 facet normal  0.000000e+00  9.172113e-01  3.984011e-01
   outer loop
     vertex  5.000000e+00 -3.048437e+00  1.152747e+01
     vertex  0.000000e+00 -3.048437e+00  1.152747e+01
     vertex  0.000000e+00 -3.060952e+00  1.155629e+01
   endloop
 endfacet
 facet normal  0.000000e+00  9.059868e-01  4.233059e-01
   outer loop
     vertex  5.000000e+00 -3.035139e+00  1.149901e+01
     vertex  0.000000e+00 -3.048437e+00  1.152747e+01
     vertex  5.000000e+00 -3.048437e+00  1.152747e+01
   endloop
 endfacet
 facet normal  0.000000e+00  9.059868e-01  4.233059e-01
   outer loop
     vertex  5.000000e+00 -3.035139e+00  1.149901e+01
     vertex  0.000000e+00 -3.035139e+00  1.149901e+01
     vertex  0.000000e+00 -3.048437e+00  1.152747e+01
   endloop
 endfacet
 facet normal  0.000000e+00  8.940863e-01  4.478948e-01
   outer loop
     vertex  5.000000e+00 -3.021068e+00  1.147093e+01
     vertex  0.000000e+00 -3.035139e+00  1.149901e+01
     vertex  5.000000e+00 -3.035139e+00  1.149901e+01
   endloop
 endfacet
 facet normal  0.000000e+00  8.940863e-01  4.478948e-01
   outer loop
     vertex  5.000000e+00 -3.021068e+00  1.147093e+01
     vertex  0.000000e+00 -3.021068e+00  1.147093e+01
     vertex  0.000000e+00 -3.035139e+00  1.149901e+01
   endloop
 endfacet
 facet normal  0.000000e+00  8.815185e-01  4.721495e-01
   outer loop
     vertex  5.000000e+00 -3.006235e+00  1.144323e+01
     vertex  0.000000e+00 -3.021068e+00  1.147093e+01
     vertex  5.000000e+00 -3.021068e+00  1.147093e+01
   endloop
 endfacet
 facet normal  0.000000e+00  8.815185e-01  4.721495e-01
   outer loop
     vertex  5.000000e+00 -3.006235e+00  1.144323e+01
     vertex  0.000000e+00 -3.006235e+00  1.144323e+01
     vertex  0.000000e+00 -3.021068e+00  1.147093e+01
   endloop
 endfacet
 facet normal  0.000000e+00  8.682929e-01  4.960518e-01
   outer loop
     vertex  5.000000e+00 -2.990652e+00  1.141595e+01
     vertex  0.000000e+00 -3.006235e+00  1.144323e+01
     vertex  5.000000e+00 -3.006235e+00  1.144323e+01
   endloop
 endfacet
 facet normal  0.000000e+00  8.682929e-01  4.960518e-01
   outer loop
     vertex  5.000000e+00 -2.990652e+00  1.141595e+01
     vertex  0.000000e+00 -2.990652e+00  1.141595e+01
     vertex  0.000000e+00 -3.006235e+00  1.144323e+01
   endloop
 endfacet
 facet normal  0.000000e+00  8.544194e-01  5.195840e-01
   outer loop
     vertex  5.000000e+00 -2.974329e+00  1.138911e+01
     vertex  0.000000e+00 -2.990652e+00  1.141595e+01
     vertex  5.000000e+00 -2.990652e+00  1.141595e+01
   endloop
 endfacet
 facet normal  0.000000e+00  8.544194e-01  5.195840e-01
   outer loop
     vertex  5.000000e+00 -2.974329e+00  1.138911e+01
     vertex  0.000000e+00 -2.974329e+00  1.138911e+01
     vertex  0.000000e+00 -2.990652e+00  1.141595e+01
   endloop
 endfacet
 facet normal  0.000000e+00  8.399083e-01  5.427284e-01
   outer loop
     vertex  5.000000e+00 -2.957280e+00  1.136273e+01
     vertex  0.000000e+00 -2.974329e+00  1.138911e+01
     vertex  5.000000e+00 -2.974329e+00  1.138911e+01
   endloop
 endfacet
 facet normal  0.000000e+00  8.399083e-01  5.427284e-01
   outer loop
     vertex  5.000000e+00 -2.957280e+00  1.136273e+01
     vertex  0.000000e+00 -2.957280e+00  1.136273e+01
     vertex  0.000000e+00 -2.974329e+00  1.138911e+01
   endloop
 endfacet
 facet normal  0.000000e+00  8.247704e-01  5.654678e-01
   outer loop
     vertex  5.000000e+00 -2.939515e+00  1.133682e+01
     vertex  0.000000e+00 -2.957280e+00  1.136273e+01
     vertex  5.000000e+00 -2.957280e+00  1.136273e+01
   endloop
 endfacet
 facet normal  0.000000e+00  8.247704e-01  5.654678e-01
   outer loop
     vertex  5.000000e+00 -2.939515e+00  1.133682e+01
     vertex  0.000000e+00 -2.939515e+00  1.133682e+01
     vertex  0.000000e+00 -2.957280e+00  1.136273e+01
   endloop
 endfacet
 facet normal  0.000000e+00  8.090170e-01  5.877853e-01
   outer loop
     vertex  5.000000e+00 -2.921050e+00  1.131140e+01
     vertex  0.000000e+00 -2.939515e+00  1.133682e+01
     vertex  5.000000e+00 -2.939515e+00  1.133682e+01
   endloop
 endfacet
 facet normal  0.000000e+00  8.090170e-01  5.877853e-01
   outer loop
     vertex  5.000000e+00 -2.921050e+00  1.131140e+01
     vertex  0.000000e+00 -2.921050e+00  1.131140e+01
     vertex  0.000000e+00 -2.939515e+00  1.133682e+01
   endloop
 endfacet
 facet normal  0.000000e+00  7.926599e-01  6.096641e-01
   outer loop
     vertex  5.000000e+00 -2.901898e+00  1.128650e+01
     vertex  0.000000e+00 -2.921050e+00  1.131140e+01
     vertex  5.000000e+00 -2.921050e+00  1.131140e+01
   endloop
 endfacet
 facet normal  0.000000e+00  7.926599e-01  6.096641e-01
   outer loop
     vertex  5.000000e+00 -2.901898e+00  1.128650e+01
     vertex  0.000000e+00 -2.901898e+00  1.128650e+01
     vertex  0.000000e+00 -2.921050e+00  1.131140e+01
   endloop
 endfacet
 facet normal  0.000000e+00  7.757113e-01  6.310879e-01
   outer loop
     vertex  5.000000e+00 -2.901898e+00  1.128650e+01
     vertex  0.000000e+00 -2.882072e+00  1.126213e+01
     vertex  0.000000e+00 -2.901898e+00  1.128650e+01
   endloop
 endfacet
 facet normal  0.000000e+00  7.757113e-01  6.310879e-01
   outer loop
     vertex  5.000000e+00 -2.882072e+00  1.126213e+01
     vertex  0.000000e+00 -2.882072e+00  1.126213e+01
     vertex  5.000000e+00 -2.901898e+00  1.128650e+01
   endloop
 endfacet
 facet normal  0.000000e+00  7.581838e-01  6.520409e-01
   outer loop
     vertex  5.000000e+00 -2.861588e+00  1.123831e+01
     vertex  0.000000e+00 -2.882072e+00  1.126213e+01
     vertex  5.000000e+00 -2.882072e+00  1.126213e+01
   endloop
 endfacet
 facet normal  0.000000e+00  7.581838e-01  6.520409e-01
   outer loop
     vertex  5.000000e+00 -2.861588e+00  1.123831e+01
     vertex  0.000000e+00 -2.861588e+00  1.123831e+01
     vertex  0.000000e+00 -2.882072e+00  1.126213e+01
   endloop
 endfacet
 facet normal  0.000000e+00  7.400906e-01  6.725072e-01
   outer loop
     vertex  5.000000e+00 -2.840461e+00  1.121506e+01
     vertex  0.000000e+00 -2.861588e+00  1.123831e+01
     vertex  5.000000e+00 -2.861588e+00  1.123831e+01
   endloop
 endfacet
 facet normal  0.000000e+00  7.400906e-01  6.725072e-01
   outer loop
     vertex  5.000000e+00 -2.840461e+00  1.121506e+01
     vertex  0.000000e+00 -2.840461e+00  1.121506e+01
     vertex  0.000000e+00 -2.861588e+00  1.123831e+01
   endloop
 endfacet
 facet normal  0.000000e+00  7.214450e-01  6.924717e-01
   outer loop
     vertex  5.000000e+00 -2.818707e+00  1.119240e+01
     vertex  0.000000e+00 -2.818707e+00  1.119240e+01
     vertex  0.000000e+00 -2.840461e+00  1.121506e+01
   endloop
 endfacet
 facet normal  0.000000e+00  7.214450e-01  6.924717e-01
   outer loop
     vertex  5.000000e+00 -2.818707e+00  1.119240e+01
     vertex  0.000000e+00 -2.840461e+00  1.121506e+01
     vertex  5.000000e+00 -2.840461e+00  1.121506e+01
   endloop
 endfacet
 facet normal  0.000000e+00  7.022611e-01  7.119195e-01
   outer loop
     vertex  5.000000e+00 -2.796342e+00  1.117034e+01
     vertex  0.000000e+00 -2.796342e+00  1.117034e+01
     vertex  0.000000e+00 -2.818707e+00  1.119240e+01
   endloop
 endfacet
 facet normal  0.000000e+00  7.022611e-01  7.119195e-01
   outer loop
     vertex  5.000000e+00 -2.796342e+00  1.117034e+01
     vertex  0.000000e+00 -2.818707e+00  1.119240e+01
     vertex  5.000000e+00 -2.818707e+00  1.119240e+01
   endloop
 endfacet
 facet normal  0.000000e+00  6.825531e-01  7.308360e-01
   outer loop
     vertex  5.000000e+00 -2.773383e+00  1.114890e+01
     vertex  0.000000e+00 -2.773383e+00  1.114890e+01
     vertex  0.000000e+00 -2.796342e+00  1.117034e+01
   endloop
 endfacet
 facet normal  0.000000e+00  6.825531e-01  7.308360e-01
   outer loop
     vertex  5.000000e+00 -2.773383e+00  1.114890e+01
     vertex  0.000000e+00 -2.796342e+00  1.117034e+01
     vertex  5.000000e+00 -2.796342e+00  1.117034e+01
   endloop
 endfacet
 facet normal  0.000000e+00  6.623358e-01  7.492071e-01
   outer loop
     vertex  5.000000e+00 -2.749847e+00  1.112809e+01
     vertex  0.000000e+00 -2.749847e+00  1.112809e+01
     vertex  0.000000e+00 -2.773383e+00  1.114890e+01
   endloop
 endfacet
 facet normal  0.000000e+00  6.623358e-01  7.492071e-01
   outer loop
     vertex  5.000000e+00 -2.749847e+00  1.112809e+01
     vertex  0.000000e+00 -2.773383e+00  1.114890e+01
     vertex  5.000000e+00 -2.773383e+00  1.114890e+01
   endloop
 endfacet
 facet normal  0.000000e+00  6.416243e-01  7.670191e-01
   outer loop
     vertex  5.000000e+00 -2.725751e+00  1.110793e+01
     vertex  0.000000e+00 -2.725751e+00  1.110793e+01
     vertex  0.000000e+00 -2.749847e+00  1.112809e+01
   endloop
 endfacet
 facet normal  0.000000e+00  6.416243e-01  7.670191e-01
   outer loop
     vertex  5.000000e+00 -2.725751e+00  1.110793e+01
     vertex  0.000000e+00 -2.749847e+00  1.112809e+01
     vertex  5.000000e+00 -2.749847e+00  1.112809e+01
   endloop
 endfacet
 facet normal  0.000000e+00  6.204339e-01  7.842588e-01
   outer loop
     vertex  5.000000e+00 -2.701114e+00  1.108844e+01
     vertex  0.000000e+00 -2.701114e+00  1.108844e+01
     vertex  0.000000e+00 -2.725751e+00  1.110793e+01
   endloop
 endfacet
 facet normal  0.000000e+00  5.987805e-01  8.009132e-01
   outer loop
     vertex  5.000000e+00 -2.701114e+00  1.108844e+01
     vertex  0.000000e+00 -2.675953e+00  1.106963e+01
     vertex  0.000000e+00 -2.701114e+00  1.108844e+01
   endloop
 endfacet
 facet normal  0.000000e+00  6.204339e-01  7.842588e-01
   outer loop
     vertex  5.000000e+00 -2.701114e+00  1.108844e+01
     vertex  0.000000e+00 -2.725751e+00  1.110793e+01
     vertex  5.000000e+00 -2.725751e+00  1.110793e+01
   endloop
 endfacet
 facet normal  0.000000e+00  5.987805e-01  8.009132e-01
   outer loop
     vertex  5.000000e+00 -2.675953e+00  1.106963e+01
     vertex  0.000000e+00 -2.675953e+00  1.106963e+01
     vertex  5.000000e+00 -2.701114e+00  1.108844e+01
   endloop
 endfacet
 facet normal  0.000000e+00  5.766803e-01  8.169699e-01
   outer loop
     vertex  5.000000e+00 -2.650288e+00  1.105151e+01
     vertex  0.000000e+00 -2.675953e+00  1.106963e+01
     vertex  5.000000e+00 -2.675953e+00  1.106963e+01
   endloop
 endfacet
 facet normal  0.000000e+00  5.766803e-01  8.169699e-01
   outer loop
     vertex  5.000000e+00 -2.650288e+00  1.105151e+01
     vertex  0.000000e+00 -2.650288e+00  1.105151e+01
     vertex  0.000000e+00 -2.675953e+00  1.106963e+01
   endloop
 endfacet
 facet normal  0.000000e+00  5.541498e-01  8.324170e-01
   outer loop
     vertex  5.000000e+00 -2.624138e+00  1.103411e+01
     vertex  0.000000e+00 -2.650288e+00  1.105151e+01
     vertex  5.000000e+00 -2.650288e+00  1.105151e+01
   endloop
 endfacet
 facet normal  0.000000e+00  5.541498e-01  8.324170e-01
   outer loop
     vertex  5.000000e+00 -2.624138e+00  1.103411e+01
     vertex  0.000000e+00 -2.624138e+00  1.103411e+01
     vertex  0.000000e+00 -2.650288e+00  1.105151e+01
   endloop
 endfacet
 facet normal  0.000000e+00  5.312057e-01  8.472429e-01
   outer loop
     vertex  5.000000e+00 -2.624138e+00  1.103411e+01
     vertex  0.000000e+00 -2.597522e+00  1.101742e+01
     vertex  0.000000e+00 -2.624138e+00  1.103411e+01
   endloop
 endfacet
 facet normal  0.000000e+00  5.312057e-01  8.472429e-01
   outer loop
     vertex  5.000000e+00 -2.597522e+00  1.101742e+01
     vertex  0.000000e+00 -2.597522e+00  1.101742e+01
     vertex  5.000000e+00 -2.624138e+00  1.103411e+01
   endloop
 endfacet
 facet normal  0.000000e+00  5.078652e-01  8.614365e-01
   outer loop
     vertex  5.000000e+00 -2.570460e+00  1.100146e+01
     vertex  0.000000e+00 -2.570460e+00  1.100146e+01
     vertex  0.000000e+00 -2.597522e+00  1.101742e+01
   endloop
 endfacet
 facet normal  0.000000e+00  5.078652e-01  8.614365e-01
   outer loop
     vertex  5.000000e+00 -2.570460e+00  1.100146e+01
     vertex  0.000000e+00 -2.597522e+00  1.101742e+01
     vertex  5.000000e+00 -2.597522e+00  1.101742e+01
   endloop
 endfacet
 facet normal  0.000000e+00  4.841458e-01  8.749873e-01
   outer loop
     vertex  5.000000e+00 -2.542972e+00  1.098625e+01
     vertex  0.000000e+00 -2.542972e+00  1.098625e+01
     vertex  0.000000e+00 -2.570460e+00  1.100146e+01
   endloop
 endfacet
 facet normal  0.000000e+00  4.841458e-01  8.749873e-01
   outer loop
     vertex  5.000000e+00 -2.542972e+00  1.098625e+01
     vertex  0.000000e+00 -2.570460e+00  1.100146e+01
     vertex  5.000000e+00 -2.570460e+00  1.100146e+01
   endloop
 endfacet
 facet normal  0.000000e+00  4.600650e-01  8.878852e-01
   outer loop
     vertex  5.000000e+00 -2.515079e+00  1.097180e+01
     vertex  0.000000e+00 -2.515079e+00  1.097180e+01
     vertex  0.000000e+00 -2.542972e+00  1.098625e+01
   endloop
 endfacet
 facet normal  0.000000e+00  4.356410e-01  9.001205e-01
   outer loop
     vertex  5.000000e+00 -2.515079e+00  1.097180e+01
     vertex  0.000000e+00 -2.486802e+00  1.095812e+01
     vertex  0.000000e+00 -2.515079e+00  1.097180e+01
   endloop
 endfacet
 facet normal  0.000000e+00  4.600650e-01  8.878852e-01
   outer loop
     vertex  5.000000e+00 -2.515079e+00  1.097180e+01
     vertex  0.000000e+00 -2.542972e+00  1.098625e+01
     vertex  5.000000e+00 -2.542972e+00  1.098625e+01
   endloop
 endfacet
 facet normal  0.000000e+00  4.356410e-01  9.001205e-01
   outer loop
     vertex  5.000000e+00 -2.486802e+00  1.095812e+01
     vertex  0.000000e+00 -2.486802e+00  1.095812e+01
     vertex  5.000000e+00 -2.515079e+00  1.097180e+01
   endloop
 endfacet
 facet normal  0.000000e+00  4.108918e-01  9.116841e-01
   outer loop
     vertex  5.000000e+00 -2.458161e+00  1.094521e+01
     vertex  0.000000e+00 -2.458161e+00  1.094521e+01
     vertex  0.000000e+00 -2.486802e+00  1.095812e+01
   endloop
 endfacet
 facet normal  0.000000e+00  3.858360e-01  9.225674e-01
   outer loop
     vertex  5.000000e+00 -2.458161e+00  1.094521e+01
     vertex  0.000000e+00 -2.429179e+00  1.093309e+01
     vertex  0.000000e+00 -2.458161e+00  1.094521e+01
   endloop
 endfacet
 facet normal  0.000000e+00  4.108918e-01  9.116841e-01
   outer loop
     vertex  5.000000e+00 -2.458161e+00  1.094521e+01
     vertex  0.000000e+00 -2.486802e+00  1.095812e+01
     vertex  5.000000e+00 -2.486802e+00  1.095812e+01
   endloop
 endfacet
 facet normal  0.000000e+00  3.858360e-01  9.225674e-01
   outer loop
     vertex  5.000000e+00 -2.429179e+00  1.093309e+01
     vertex  0.000000e+00 -2.429179e+00  1.093309e+01
     vertex  5.000000e+00 -2.458161e+00  1.094521e+01
   endloop
 endfacet
 facet normal  0.000000e+00  3.604923e-01  9.327622e-01
   outer loop
     vertex  5.000000e+00 -2.399876e+00  1.092176e+01
     vertex  0.000000e+00 -2.399876e+00  1.092176e+01
     vertex  0.000000e+00 -2.429179e+00  1.093309e+01
   endloop
 endfacet
 facet normal  0.000000e+00  3.348796e-01  9.422609e-01
   outer loop
     vertex  5.000000e+00 -2.399876e+00  1.092176e+01
     vertex  0.000000e+00 -2.370275e+00  1.091124e+01
     vertex  0.000000e+00 -2.399876e+00  1.092176e+01
   endloop
 endfacet
 facet normal  0.000000e+00  3.604923e-01  9.327622e-01
   outer loop
     vertex  5.000000e+00 -2.399876e+00  1.092176e+01
     vertex  0.000000e+00 -2.429179e+00  1.093309e+01
     vertex  5.000000e+00 -2.429179e+00  1.093309e+01
   endloop
 endfacet
 facet normal  0.000000e+00  3.348796e-01  9.422609e-01
   outer loop
     vertex  5.000000e+00 -2.370275e+00  1.091124e+01
     vertex  0.000000e+00 -2.370275e+00  1.091124e+01
     vertex  5.000000e+00 -2.399876e+00  1.092176e+01
   endloop
 endfacet
 facet normal  0.000000e+00  3.090170e-01  9.510565e-01
   outer loop
     vertex  5.000000e+00 -2.340398e+00  1.090153e+01
     vertex  0.000000e+00 -2.340398e+00  1.090153e+01
     vertex  0.000000e+00 -2.370275e+00  1.091124e+01
   endloop
 endfacet
 facet normal  0.000000e+00  2.829238e-01  9.591424e-01
   outer loop
     vertex  5.000000e+00 -2.340398e+00  1.090153e+01
     vertex  0.000000e+00 -2.310266e+00  1.089265e+01
     vertex  0.000000e+00 -2.340398e+00  1.090153e+01
   endloop
 endfacet
 facet normal  0.000000e+00  3.090170e-01  9.510565e-01
   outer loop
     vertex  5.000000e+00 -2.340398e+00  1.090153e+01
     vertex  0.000000e+00 -2.370275e+00  1.091124e+01
     vertex  5.000000e+00 -2.370275e+00  1.091124e+01
   endloop
 endfacet
 facet normal  0.000000e+00  2.829238e-01  9.591424e-01
   outer loop
     vertex  5.000000e+00 -2.310266e+00  1.089265e+01
     vertex  0.000000e+00 -2.310266e+00  1.089265e+01
     vertex  5.000000e+00 -2.340398e+00  1.090153e+01
   endloop
 endfacet
 facet normal  0.000000e+00  2.566194e-01  9.665125e-01
   outer loop
     vertex  5.000000e+00 -2.279903e+00  1.088458e+01
     vertex  0.000000e+00 -2.279903e+00  1.088458e+01
     vertex  0.000000e+00 -2.310266e+00  1.089265e+01
   endloop
 endfacet
 facet normal  0.000000e+00  2.301236e-01  9.731614e-01
   outer loop
     vertex  5.000000e+00 -2.279903e+00  1.088458e+01
     vertex  0.000000e+00 -2.249332e+00  1.087735e+01
     vertex  0.000000e+00 -2.279903e+00  1.088458e+01
   endloop
 endfacet
 facet normal  0.000000e+00  2.566194e-01  9.665125e-01
   outer loop
     vertex  5.000000e+00 -2.279903e+00  1.088458e+01
     vertex  0.000000e+00 -2.310266e+00  1.089265e+01
     vertex  5.000000e+00 -2.310266e+00  1.089265e+01
   endloop
 endfacet
 facet normal  0.000000e+00  2.301236e-01  9.731614e-01
   outer loop
     vertex  5.000000e+00 -2.249332e+00  1.087735e+01
     vertex  0.000000e+00 -2.249332e+00  1.087735e+01
     vertex  5.000000e+00 -2.279903e+00  1.088458e+01
   endloop
 endfacet
 facet normal  0.000000e+00  2.034560e-01  9.790841e-01
   outer loop
     vertex  5.000000e+00 -2.218574e+00  1.087096e+01
     vertex  0.000000e+00 -2.218574e+00  1.087096e+01
     vertex  0.000000e+00 -2.249332e+00  1.087735e+01
   endloop
 endfacet
 facet normal  0.000000e+00  1.766366e-01  9.842761e-01
   outer loop
     vertex  5.000000e+00 -2.218574e+00  1.087096e+01
     vertex  0.000000e+00 -2.187653e+00  1.086541e+01
     vertex  0.000000e+00 -2.218574e+00  1.087096e+01
   endloop
 endfacet
 facet normal  0.000000e+00  2.034560e-01  9.790841e-01
   outer loop
     vertex  5.000000e+00 -2.218574e+00  1.087096e+01
     vertex  0.000000e+00 -2.249332e+00  1.087735e+01
     vertex  5.000000e+00 -2.249332e+00  1.087735e+01
   endloop
 endfacet
 facet normal  0.000000e+00  1.766366e-01  9.842761e-01
   outer loop
     vertex  5.000000e+00 -2.187653e+00  1.086541e+01
     vertex  0.000000e+00 -2.187653e+00  1.086541e+01
     vertex  5.000000e+00 -2.218574e+00  1.087096e+01
   endloop
 endfacet
 facet normal  0.000000e+00  1.496854e-01  9.887337e-01
   outer loop
     vertex  5.000000e+00 -2.156592e+00  1.086071e+01
     vertex  0.000000e+00 -2.156592e+00  1.086071e+01
     vertex  0.000000e+00 -2.187653e+00  1.086541e+01
   endloop
 endfacet
 facet normal  0.000000e+00  1.226225e-01  9.924534e-01
   outer loop
     vertex  5.000000e+00 -2.156592e+00  1.086071e+01
     vertex  0.000000e+00 -2.125414e+00  1.085686e+01
     vertex  0.000000e+00 -2.156592e+00  1.086071e+01
   endloop
 endfacet
 facet normal  0.000000e+00  1.496854e-01  9.887337e-01
   outer loop
     vertex  5.000000e+00 -2.156592e+00  1.086071e+01
     vertex  0.000000e+00 -2.187653e+00  1.086541e+01
     vertex  5.000000e+00 -2.187653e+00  1.086541e+01
   endloop
 endfacet
 facet normal  0.000000e+00  1.226225e-01  9.924534e-01
   outer loop
     vertex  5.000000e+00 -2.125414e+00  1.085686e+01
     vertex  0.000000e+00 -2.125414e+00  1.085686e+01
     vertex  5.000000e+00 -2.156592e+00  1.086071e+01
   endloop
 endfacet
 facet normal  0.000000e+00  9.546807e-02  9.954325e-01
   outer loop
     vertex  5.000000e+00 -2.094142e+00  1.085386e+01
     vertex  0.000000e+00 -2.094142e+00  1.085386e+01
     vertex  0.000000e+00 -2.125414e+00  1.085686e+01
   endloop
 endfacet
 facet normal  0.000000e+00  6.824241e-02  9.976688e-01
   outer loop
     vertex  5.000000e+00 -2.094142e+00  1.085386e+01
     vertex  0.000000e+00 -2.062801e+00  1.085172e+01
     vertex  0.000000e+00 -2.094142e+00  1.085386e+01
   endloop
 endfacet
 facet normal  0.000000e+00  9.546807e-02  9.954325e-01
   outer loop
     vertex  5.000000e+00 -2.094142e+00  1.085386e+01
     vertex  0.000000e+00 -2.125414e+00  1.085686e+01
     vertex  5.000000e+00 -2.125414e+00  1.085686e+01
   endloop
 endfacet
 facet normal  0.000000e+00  6.824241e-02  9.976688e-01
   outer loop
     vertex  5.000000e+00 -2.062801e+00  1.085172e+01
     vertex  0.000000e+00 -2.062801e+00  1.085172e+01
     vertex  5.000000e+00 -2.094142e+00  1.085386e+01
   endloop
 endfacet
 facet normal  0.000000e+00  4.096583e-02  9.991605e-01
   outer loop
     vertex  5.000000e+00 -2.031412e+00  1.085043e+01
     vertex  0.000000e+00 -2.031412e+00  1.085043e+01
     vertex  0.000000e+00 -2.062801e+00  1.085172e+01
   endloop
 endfacet
 facet normal  0.000000e+00  4.096583e-02  9.991605e-01
   outer loop
     vertex  5.000000e+00 -2.031412e+00  1.085043e+01
     vertex  0.000000e+00 -2.062801e+00  1.085172e+01
     vertex  5.000000e+00 -2.062801e+00  1.085172e+01
   endloop
 endfacet
 facet normal  0.000000e+00  1.365867e-02  9.999067e-01
   outer loop
     vertex  5.000000e+00 -2.000000e+00  1.085000e+01
     vertex  0.000000e+00 -2.000000e+00  1.085000e+01
     vertex  0.000000e+00 -2.031412e+00  1.085043e+01
   endloop
 endfacet
 facet normal  0.000000e+00  1.365867e-02  9.999067e-01
   outer loop
     vertex  5.000000e+00 -2.000000e+00  1.085000e+01
     vertex  0.000000e+00 -2.031412e+00  1.085043e+01
     vertex  5.000000e+00 -2.031412e+00  1.085043e+01
   endloop
 endfacet
 facet normal  0.000000e+00 -1.365867e-02  9.999067e-01
   outer loop
     vertex  5.000000e+00  2.031412e+00  2.285043e+01
     vertex  0.000000e+00  2.000000e+00  2.285000e+01
     vertex  5.000000e+00  2.000000e+00  2.285000e+01
   endloop
 endfacet
 facet normal  0.000000e+00 -1.365867e-02  9.999067e-01
   outer loop
     vertex  5.000000e+00  2.031412e+00  2.285043e+01
     vertex  0.000000e+00  2.031412e+00  2.285043e+01
     vertex  0.000000e+00  2.000000e+00  2.285000e+01
   endloop
 endfacet
 facet normal  0.000000e+00 -4.096583e-02  9.991605e-01
   outer loop
     vertex  5.000000e+00  2.062801e+00  2.285172e+01
     vertex  0.000000e+00  2.062801e+00  2.285172e+01
     vertex  0.000000e+00  2.031412e+00  2.285043e+01
   endloop
 endfacet
 facet normal  0.000000e+00 -4.096583e-02  9.991605e-01
   outer loop
     vertex  5.000000e+00  2.062801e+00  2.285172e+01
     vertex  0.000000e+00  2.031412e+00  2.285043e+01
     vertex  5.000000e+00  2.031412e+00  2.285043e+01
   endloop
 endfacet
 facet normal  0.000000e+00 -6.824241e-02  9.976688e-01
   outer loop
     vertex  5.000000e+00  2.094142e+00  2.285386e+01
     vertex  0.000000e+00  2.094142e+00  2.285386e+01
     vertex  0.000000e+00  2.062801e+00  2.285172e+01
   endloop
 endfacet
 facet normal  0.000000e+00 -6.824241e-02  9.976688e-01
   outer loop
     vertex  5.000000e+00  2.094142e+00  2.285386e+01
     vertex  0.000000e+00  2.062801e+00  2.285172e+01
     vertex  5.000000e+00  2.062801e+00  2.285172e+01
   endloop
 endfacet
 facet normal  0.000000e+00 -9.546807e-02  9.954325e-01
   outer loop
     vertex  5.000000e+00  2.125414e+00  2.285686e+01
     vertex  0.000000e+00  2.125414e+00  2.285686e+01
     vertex  0.000000e+00  2.094142e+00  2.285386e+01
   endloop
 endfacet
 facet normal  0.000000e+00 -9.546807e-02  9.954325e-01
   outer loop
     vertex  5.000000e+00  2.125414e+00  2.285686e+01
     vertex  0.000000e+00  2.094142e+00  2.285386e+01
     vertex  5.000000e+00  2.094142e+00  2.285386e+01
   endloop
 endfacet
 facet normal  0.000000e+00 -1.226225e-01  9.924534e-01
   outer loop
     vertex  5.000000e+00  2.156592e+00  2.286071e+01
     vertex  0.000000e+00  2.156592e+00  2.286071e+01
     vertex  0.000000e+00  2.125414e+00  2.285686e+01
   endloop
 endfacet
 facet normal  0.000000e+00 -1.226225e-01  9.924534e-01
   outer loop
     vertex  5.000000e+00  2.156592e+00  2.286071e+01
     vertex  0.000000e+00  2.125414e+00  2.285686e+01
     vertex  5.000000e+00  2.125414e+00  2.285686e+01
   endloop
 endfacet
 facet normal  0.000000e+00 -1.496854e-01  9.887337e-01
   outer loop
     vertex  5.000000e+00  2.187653e+00  2.286541e+01
     vertex  0.000000e+00  2.187653e+00  2.286541e+01
     vertex  0.000000e+00  2.156592e+00  2.286071e+01
   endloop
 endfacet
 facet normal  0.000000e+00 -1.496854e-01  9.887337e-01
   outer loop
     vertex  5.000000e+00  2.187653e+00  2.286541e+01
     vertex  0.000000e+00  2.156592e+00  2.286071e+01
     vertex  5.000000e+00  2.156592e+00  2.286071e+01
   endloop
 endfacet
 facet normal  0.000000e+00 -1.766366e-01  9.842761e-01
   outer loop
     vertex  5.000000e+00  2.218574e+00  2.287096e+01
     vertex  0.000000e+00  2.218574e+00  2.287096e+01
     vertex  0.000000e+00  2.187653e+00  2.286541e+01
   endloop
 endfacet
 facet normal  0.000000e+00 -1.766366e-01  9.842761e-01
   outer loop
     vertex  5.000000e+00  2.218574e+00  2.287096e+01
     vertex  0.000000e+00  2.187653e+00  2.286541e+01
     vertex  5.000000e+00  2.187653e+00  2.286541e+01
   endloop
 endfacet
 facet normal  0.000000e+00 -2.034560e-01  9.790841e-01
   outer loop
     vertex  5.000000e+00  2.249332e+00  2.287735e+01
     vertex  0.000000e+00  2.249332e+00  2.287735e+01
     vertex  0.000000e+00  2.218574e+00  2.287096e+01
   endloop
 endfacet
 facet normal  0.000000e+00 -2.301236e-01  9.731614e-01
   outer loop
     vertex  5.000000e+00  2.249332e+00  2.287735e+01
     vertex  0.000000e+00  2.279903e+00  2.288458e+01
     vertex  0.000000e+00  2.249332e+00  2.287735e+01
   endloop
 endfacet
 facet normal  0.000000e+00 -2.034560e-01  9.790841e-01
   outer loop
     vertex  5.000000e+00  2.249332e+00  2.287735e+01
     vertex  0.000000e+00  2.218574e+00  2.287096e+01
     vertex  5.000000e+00  2.218574e+00  2.287096e+01
   endloop
 endfacet
 facet normal  0.000000e+00 -2.301236e-01  9.731614e-01
   outer loop
     vertex  5.000000e+00  2.279903e+00  2.288458e+01
     vertex  0.000000e+00  2.279903e+00  2.288458e+01
     vertex  5.000000e+00  2.249332e+00  2.287735e+01
   endloop
 endfacet
 facet normal  0.000000e+00 -2.566194e-01  9.665125e-01
   outer loop
     vertex  5.000000e+00  2.310266e+00  2.289265e+01
     vertex  0.000000e+00  2.310266e+00  2.289265e+01
     vertex  0.000000e+00  2.279903e+00  2.288458e+01
   endloop
 endfacet
 facet normal  0.000000e+00 -2.566194e-01  9.665125e-01
   outer loop
     vertex  5.000000e+00  2.310266e+00  2.289265e+01
     vertex  0.000000e+00  2.279903e+00  2.288458e+01
     vertex  5.000000e+00  2.279903e+00  2.288458e+01
   endloop
 endfacet
 facet normal  0.000000e+00 -2.829238e-01  9.591424e-01
   outer loop
     vertex  5.000000e+00  2.340398e+00  2.290153e+01
     vertex  0.000000e+00  2.340398e+00  2.290153e+01
     vertex  0.000000e+00  2.310266e+00  2.289265e+01
   endloop
 endfacet
 facet normal  0.000000e+00 -3.090170e-01  9.510565e-01
   outer loop
     vertex  5.000000e+00  2.340398e+00  2.290153e+01
     vertex  0.000000e+00  2.370275e+00  2.291124e+01
     vertex  0.000000e+00  2.340398e+00  2.290153e+01
   endloop
 endfacet
 facet normal  0.000000e+00 -2.829238e-01  9.591424e-01
   outer loop
     vertex  5.000000e+00  2.340398e+00  2.290153e+01
     vertex  0.000000e+00  2.310266e+00  2.289265e+01
     vertex  5.000000e+00  2.310266e+00  2.289265e+01
   endloop
 endfacet
 facet normal  0.000000e+00 -3.090170e-01  9.510565e-01
   outer loop
     vertex  5.000000e+00  2.370275e+00  2.291124e+01
     vertex  0.000000e+00  2.370275e+00  2.291124e+01
     vertex  5.000000e+00  2.340398e+00  2.290153e+01
   endloop
 endfacet
 facet normal  0.000000e+00 -3.348796e-01  9.422609e-01
   outer loop
     vertex  5.000000e+00  2.399876e+00  2.292176e+01
     vertex  0.000000e+00  2.399876e+00  2.292176e+01
     vertex  0.000000e+00  2.370275e+00  2.291124e+01
   endloop
 endfacet
 facet normal  0.000000e+00 -3.348796e-01  9.422609e-01
   outer loop
     vertex  5.000000e+00  2.399876e+00  2.292176e+01
     vertex  0.000000e+00  2.370275e+00  2.291124e+01
     vertex  5.000000e+00  2.370275e+00  2.291124e+01
   endloop
 endfacet
 facet normal  0.000000e+00 -3.604923e-01  9.327622e-01
   outer loop
     vertex  5.000000e+00  2.429179e+00  2.293309e+01
     vertex  0.000000e+00  2.429179e+00  2.293309e+01
     vertex  0.000000e+00  2.399876e+00  2.292176e+01
   endloop
 endfacet
 facet normal  0.000000e+00 -3.858360e-01  9.225674e-01
   outer loop
     vertex  5.000000e+00  2.429179e+00  2.293309e+01
     vertex  0.000000e+00  2.458161e+00  2.294521e+01
     vertex  0.000000e+00  2.429179e+00  2.293309e+01
   endloop
 endfacet
 facet normal  0.000000e+00 -3.604923e-01  9.327622e-01
   outer loop
     vertex  5.000000e+00  2.429179e+00  2.293309e+01
     vertex  0.000000e+00  2.399876e+00  2.292176e+01
     vertex  5.000000e+00  2.399876e+00  2.292176e+01
   endloop
 endfacet
 facet normal  0.000000e+00 -3.858360e-01  9.225674e-01
   outer loop
     vertex  5.000000e+00  2.458161e+00  2.294521e+01
     vertex  0.000000e+00  2.458161e+00  2.294521e+01
     vertex  5.000000e+00  2.429179e+00  2.293309e+01
   endloop
 endfacet
 facet normal  0.000000e+00 -4.108918e-01  9.116841e-01
   outer loop
     vertex  5.000000e+00  2.486802e+00  2.295812e+01
     vertex  0.000000e+00  2.486802e+00  2.295812e+01
     vertex  0.000000e+00  2.458161e+00  2.294521e+01
   endloop
 endfacet
 facet normal  0.000000e+00 -4.108918e-01  9.116841e-01
   outer loop
     vertex  5.000000e+00  2.486802e+00  2.295812e+01
     vertex  0.000000e+00  2.458161e+00  2.294521e+01
     vertex  5.000000e+00  2.458161e+00  2.294521e+01
   endloop
 endfacet
 facet normal  0.000000e+00 -4.356410e-01  9.001205e-01
   outer loop
     vertex  5.000000e+00  2.515079e+00  2.297180e+01
     vertex  0.000000e+00  2.515079e+00  2.297180e+01
     vertex  0.000000e+00  2.486802e+00  2.295812e+01
   endloop
 endfacet
 facet normal  0.000000e+00 -4.600650e-01  8.878852e-01
   outer loop
     vertex  5.000000e+00  2.515079e+00  2.297180e+01
     vertex  0.000000e+00  2.542972e+00  2.298625e+01
     vertex  0.000000e+00  2.515079e+00  2.297180e+01
   endloop
 endfacet
 facet normal  0.000000e+00 -4.356410e-01  9.001205e-01
   outer loop
     vertex  5.000000e+00  2.515079e+00  2.297180e+01
     vertex  0.000000e+00  2.486802e+00  2.295812e+01
     vertex  5.000000e+00  2.486802e+00  2.295812e+01
   endloop
 endfacet
 facet normal  0.000000e+00 -4.600650e-01  8.878852e-01
   outer loop
     vertex  5.000000e+00  2.542972e+00  2.298625e+01
     vertex  0.000000e+00  2.542972e+00  2.298625e+01
     vertex  5.000000e+00  2.515079e+00  2.297180e+01
   endloop
 endfacet
 facet normal  0.000000e+00 -4.841458e-01  8.749873e-01
   outer loop
     vertex  5.000000e+00  2.570460e+00  2.300146e+01
     vertex  0.000000e+00  2.542972e+00  2.298625e+01
     vertex  5.000000e+00  2.542972e+00  2.298625e+01
   endloop
 endfacet
 facet normal  0.000000e+00 -4.841458e-01  8.749873e-01
   outer loop
     vertex  5.000000e+00  2.570460e+00  2.300146e+01
     vertex  0.000000e+00  2.570460e+00  2.300146e+01
     vertex  0.000000e+00  2.542972e+00  2.298625e+01
   endloop
 endfacet
 facet normal  0.000000e+00 -5.078652e-01  8.614365e-01
   outer loop
     vertex  5.000000e+00  2.597522e+00  2.301742e+01
     vertex  0.000000e+00  2.570460e+00  2.300146e+01
     vertex  5.000000e+00  2.570460e+00  2.300146e+01
   endloop
 endfacet
 facet normal  0.000000e+00 -5.078652e-01  8.614365e-01
   outer loop
     vertex  5.000000e+00  2.597522e+00  2.301742e+01
     vertex  0.000000e+00  2.597522e+00  2.301742e+01
     vertex  0.000000e+00  2.570460e+00  2.300146e+01
   endloop
 endfacet
 facet normal  0.000000e+00 -5.312057e-01  8.472429e-01
   outer loop
     vertex  5.000000e+00  2.624138e+00  2.303411e+01
     vertex  0.000000e+00  2.597522e+00  2.301742e+01
     vertex  5.000000e+00  2.597522e+00  2.301742e+01
   endloop
 endfacet
 facet normal  0.000000e+00 -5.312057e-01  8.472429e-01
   outer loop
     vertex  5.000000e+00  2.624138e+00  2.303411e+01
     vertex  0.000000e+00  2.624138e+00  2.303411e+01
     vertex  0.000000e+00  2.597522e+00  2.301742e+01
   endloop
 endfacet
 facet normal  0.000000e+00 -5.541498e-01  8.324170e-01
   outer loop
     vertex  5.000000e+00  2.650288e+00  2.305151e+01
     vertex  0.000000e+00  2.624138e+00  2.303411e+01
     vertex  5.000000e+00  2.624138e+00  2.303411e+01
   endloop
 endfacet
 facet normal  0.000000e+00 -5.541498e-01  8.324170e-01
   outer loop
     vertex  5.000000e+00  2.650288e+00  2.305151e+01
     vertex  0.000000e+00  2.650288e+00  2.305151e+01
     vertex  0.000000e+00  2.624138e+00  2.303411e+01
   endloop
 endfacet
 facet normal  0.000000e+00 -5.766803e-01  8.169699e-01
   outer loop
     vertex  5.000000e+00  2.675953e+00  2.306963e+01
     vertex  0.000000e+00  2.650288e+00  2.305151e+01
     vertex  5.000000e+00  2.650288e+00  2.305151e+01
   endloop
 endfacet
 facet normal  0.000000e+00 -5.766803e-01  8.169699e-01
   outer loop
     vertex  5.000000e+00  2.675953e+00  2.306963e+01
     vertex  0.000000e+00  2.675953e+00  2.306963e+01
     vertex  0.000000e+00  2.650288e+00  2.305151e+01
   endloop
 endfacet
 facet normal  0.000000e+00 -5.987805e-01  8.009132e-01
   outer loop
     vertex  5.000000e+00  2.675953e+00  2.306963e+01
     vertex  0.000000e+00  2.701114e+00  2.308844e+01
     vertex  0.000000e+00  2.675953e+00  2.306963e+01
   endloop
 endfacet
 facet normal  0.000000e+00 -5.987805e-01  8.009132e-01
   outer loop
     vertex  5.000000e+00  2.701114e+00  2.308844e+01
     vertex  0.000000e+00  2.701114e+00  2.308844e+01
     vertex  5.000000e+00  2.675953e+00  2.306963e+01
   endloop
 endfacet
 facet normal  0.000000e+00 -6.204339e-01  7.842588e-01
   outer loop
     vertex  5.000000e+00  2.725751e+00  2.310793e+01
     vertex  0.000000e+00  2.701114e+00  2.308844e+01
     vertex  5.000000e+00  2.701114e+00  2.308844e+01
   endloop
 endfacet
 facet normal  0.000000e+00 -6.204339e-01  7.842588e-01
   outer loop
     vertex  5.000000e+00  2.725751e+00  2.310793e+01
     vertex  0.000000e+00  2.725751e+00  2.310793e+01
     vertex  0.000000e+00  2.701114e+00  2.308844e+01
   endloop
 endfacet
 facet normal  0.000000e+00 -6.416243e-01  7.670191e-01
   outer loop
     vertex  5.000000e+00  2.725751e+00  2.310793e+01
     vertex  0.000000e+00  2.749847e+00  2.312809e+01
     vertex  0.000000e+00  2.725751e+00  2.310793e+01
   endloop
 endfacet
 facet normal  0.000000e+00 -6.416243e-01  7.670191e-01
   outer loop
     vertex  5.000000e+00  2.749847e+00  2.312809e+01
     vertex  0.000000e+00  2.749847e+00  2.312809e+01
     vertex  5.000000e+00  2.725751e+00  2.310793e+01
   endloop
 endfacet
 facet normal  0.000000e+00 -6.623358e-01  7.492071e-01
   outer loop
     vertex  5.000000e+00  2.749847e+00  2.312809e+01
     vertex  0.000000e+00  2.773383e+00  2.314890e+01
     vertex  0.000000e+00  2.749847e+00  2.312809e+01
   endloop
 endfacet
 facet normal  0.000000e+00 -6.623358e-01  7.492071e-01
   outer loop
     vertex  5.000000e+00  2.773383e+00  2.314890e+01
     vertex  0.000000e+00  2.773383e+00  2.314890e+01
     vertex  5.000000e+00  2.749847e+00  2.312809e+01
   endloop
 endfacet
 facet normal  0.000000e+00 -6.825531e-01  7.308360e-01
   outer loop
     vertex  5.000000e+00  2.796342e+00  2.317034e+01
     vertex  0.000000e+00  2.773383e+00  2.314890e+01
     vertex  5.000000e+00  2.773383e+00  2.314890e+01
   endloop
 endfacet
 facet normal  0.000000e+00 -6.825531e-01  7.308360e-01
   outer loop
     vertex  5.000000e+00  2.796342e+00  2.317034e+01
     vertex  0.000000e+00  2.796342e+00  2.317034e+01
     vertex  0.000000e+00  2.773383e+00  2.314890e+01
   endloop
 endfacet
 facet normal  0.000000e+00 -7.022611e-01  7.119195e-01
   outer loop
     vertex  5.000000e+00  2.818707e+00  2.319240e+01
     vertex  0.000000e+00  2.818707e+00  2.319240e+01
     vertex  0.000000e+00  2.796342e+00  2.317034e+01
   endloop
 endfacet
 facet normal  0.000000e+00 -7.214450e-01  6.924717e-01
   outer loop
     vertex  5.000000e+00  2.818707e+00  2.319240e+01
     vertex  0.000000e+00  2.840461e+00  2.321506e+01
     vertex  0.000000e+00  2.818707e+00  2.319240e+01
   endloop
 endfacet
 facet normal  0.000000e+00 -7.022611e-01  7.119195e-01
   outer loop
     vertex  5.000000e+00  2.818707e+00  2.319240e+01
     vertex  0.000000e+00  2.796342e+00  2.317034e+01
     vertex  5.000000e+00  2.796342e+00  2.317034e+01
   endloop
 endfacet
 facet normal  0.000000e+00 -7.214450e-01  6.924717e-01
   outer loop
     vertex  5.000000e+00  2.840461e+00  2.321506e+01
     vertex  0.000000e+00  2.840461e+00  2.321506e+01
     vertex  5.000000e+00  2.818707e+00  2.319240e+01
   endloop
 endfacet
 facet normal  0.000000e+00 -7.400906e-01  6.725072e-01
   outer loop
     vertex  5.000000e+00  2.861588e+00  2.323831e+01
     vertex  0.000000e+00  2.861588e+00  2.323831e+01
     vertex  0.000000e+00  2.840461e+00  2.321506e+01
   endloop
 endfacet
 facet normal  0.000000e+00 -7.581838e-01  6.520409e-01
   outer loop
     vertex  5.000000e+00  2.861588e+00  2.323831e+01
     vertex  0.000000e+00  2.882072e+00  2.326213e+01
     vertex  0.000000e+00  2.861588e+00  2.323831e+01
   endloop
 endfacet
 facet normal  0.000000e+00 -7.400906e-01  6.725072e-01
   outer loop
     vertex  5.000000e+00  2.861588e+00  2.323831e+01
     vertex  0.000000e+00  2.840461e+00  2.321506e+01
     vertex  5.000000e+00  2.840461e+00  2.321506e+01
   endloop
 endfacet
 facet normal  0.000000e+00 -7.757113e-01  6.310879e-01
   outer loop
     vertex  5.000000e+00  2.882072e+00  2.326213e+01
     vertex  0.000000e+00  2.901898e+00  2.328650e+01
     vertex  0.000000e+00  2.882072e+00  2.326213e+01
   endloop
 endfacet
 facet normal  0.000000e+00 -7.581838e-01  6.520409e-01
   outer loop
     vertex  5.000000e+00  2.882072e+00  2.326213e+01
     vertex  0.000000e+00  2.882072e+00  2.326213e+01
     vertex  5.000000e+00  2.861588e+00  2.323831e+01
   endloop
 endfacet
 facet normal  0.000000e+00 -7.757113e-01  6.310879e-01
   outer loop
     vertex  5.000000e+00  2.901898e+00  2.328650e+01
     vertex  0.000000e+00  2.901898e+00  2.328650e+01
     vertex  5.000000e+00  2.882072e+00  2.326213e+01
   endloop
 endfacet
 facet normal  0.000000e+00 -7.926599e-01  6.096641e-01
   outer loop
     vertex  5.000000e+00  2.921050e+00  2.331140e+01
     vertex  0.000000e+00  2.921050e+00  2.331140e+01
     vertex  0.000000e+00  2.901898e+00  2.328650e+01
   endloop
 endfacet
 facet normal  0.000000e+00 -7.926599e-01  6.096641e-01
   outer loop
     vertex  5.000000e+00  2.921050e+00  2.331140e+01
     vertex  0.000000e+00  2.901898e+00  2.328650e+01
     vertex  5.000000e+00  2.901898e+00  2.328650e+01
   endloop
 endfacet
 facet normal  0.000000e+00 -8.090170e-01  5.877853e-01
   outer loop
     vertex  5.000000e+00  2.939515e+00  2.333682e+01
     vertex  0.000000e+00  2.939515e+00  2.333682e+01
     vertex  0.000000e+00  2.921050e+00  2.331140e+01
   endloop
 endfacet
 facet normal  0.000000e+00 -8.090170e-01  5.877853e-01
   outer loop
     vertex  5.000000e+00  2.939515e+00  2.333682e+01
     vertex  0.000000e+00  2.921050e+00  2.331140e+01
     vertex  5.000000e+00  2.921050e+00  2.331140e+01
   endloop
 endfacet
 facet normal  0.000000e+00 -8.247704e-01  5.654678e-01
   outer loop
     vertex  5.000000e+00  2.957280e+00  2.336273e+01
     vertex  0.000000e+00  2.957280e+00  2.336273e+01
     vertex  0.000000e+00  2.939515e+00  2.333682e+01
   endloop
 endfacet
 facet normal  0.000000e+00 -8.247704e-01  5.654678e-01
   outer loop
     vertex  5.000000e+00  2.957280e+00  2.336273e+01
     vertex  0.000000e+00  2.939515e+00  2.333682e+01
     vertex  5.000000e+00  2.939515e+00  2.333682e+01
   endloop
 endfacet
 facet normal  0.000000e+00 -8.399083e-01  5.427284e-01
   outer loop
     vertex  5.000000e+00  2.974329e+00  2.338911e+01
     vertex  0.000000e+00  2.974329e+00  2.338911e+01
     vertex  0.000000e+00  2.957280e+00  2.336273e+01
   endloop
 endfacet
 facet normal  0.000000e+00 -8.544194e-01  5.195840e-01
   outer loop
     vertex  5.000000e+00  2.974329e+00  2.338911e+01
     vertex  0.000000e+00  2.990652e+00  2.341595e+01
     vertex  0.000000e+00  2.974329e+00  2.338911e+01
   endloop
 endfacet
 facet normal  0.000000e+00 -8.399083e-01  5.427284e-01
   outer loop
     vertex  5.000000e+00  2.974329e+00  2.338911e+01
     vertex  0.000000e+00  2.957280e+00  2.336273e+01
     vertex  5.000000e+00  2.957280e+00  2.336273e+01
   endloop
 endfacet
 facet normal  0.000000e+00 -8.544194e-01  5.195840e-01
   outer loop
     vertex  5.000000e+00  2.990652e+00  2.341595e+01
     vertex  0.000000e+00  2.990652e+00  2.341595e+01
     vertex  5.000000e+00  2.974329e+00  2.338911e+01
   endloop
 endfacet
 facet normal  0.000000e+00 -8.682929e-01  4.960518e-01
   outer loop
     vertex  5.000000e+00  3.006235e+00  2.344323e+01
     vertex  0.000000e+00  3.006235e+00  2.344323e+01
     vertex  0.000000e+00  2.990652e+00  2.341595e+01
   endloop
 endfacet
 facet normal  0.000000e+00 -8.682929e-01  4.960518e-01
   outer loop
     vertex  5.000000e+00  3.006235e+00  2.344323e+01
     vertex  0.000000e+00  2.990652e+00  2.341595e+01
     vertex  5.000000e+00  2.990652e+00  2.341595e+01
   endloop
 endfacet
 facet normal  0.000000e+00 -8.815185e-01  4.721495e-01
   outer loop
     vertex  5.000000e+00  3.021068e+00  2.347093e+01
     vertex  0.000000e+00  3.021068e+00  2.347093e+01
     vertex  0.000000e+00  3.006235e+00  2.344323e+01
   endloop
 endfacet
 facet normal  0.000000e+00 -8.815185e-01  4.721495e-01
   outer loop
     vertex  5.000000e+00  3.021068e+00  2.347093e+01
     vertex  0.000000e+00  3.006235e+00  2.344323e+01
     vertex  5.000000e+00  3.006235e+00  2.344323e+01
   endloop
 endfacet
 facet normal  0.000000e+00 -8.940863e-01  4.478948e-01
   outer loop
     vertex  5.000000e+00  3.035139e+00  2.349901e+01
     vertex  0.000000e+00  3.035139e+00  2.349901e+01
     vertex  0.000000e+00  3.021068e+00  2.347093e+01
   endloop
 endfacet
 facet normal  0.000000e+00 -8.940863e-01  4.478948e-01
   outer loop
     vertex  5.000000e+00  3.035139e+00  2.349901e+01
     vertex  0.000000e+00  3.021068e+00  2.347093e+01
     vertex  5.000000e+00  3.021068e+00  2.347093e+01
   endloop
 endfacet
 facet normal  0.000000e+00 -9.059868e-01  4.233059e-01
   outer loop
     vertex  5.000000e+00  3.048437e+00  2.352747e+01
     vertex  0.000000e+00  3.048437e+00  2.352747e+01
     vertex  0.000000e+00  3.035139e+00  2.349901e+01
   endloop
 endfacet
 facet normal  0.000000e+00 -9.059868e-01  4.233059e-01
   outer loop
     vertex  5.000000e+00  3.048437e+00  2.352747e+01
     vertex  0.000000e+00  3.035139e+00  2.349901e+01
     vertex  5.000000e+00  3.035139e+00  2.349901e+01
   endloop
 endfacet
 facet normal  0.000000e+00 -9.172113e-01  3.984011e-01
   outer loop
     vertex  5.000000e+00  3.060952e+00  2.355629e+01
     vertex  0.000000e+00  3.048437e+00  2.352747e+01
     vertex  5.000000e+00  3.048437e+00  2.352747e+01
   endloop
 endfacet
 facet normal  0.000000e+00 -9.172113e-01  3.984011e-01
   outer loop
     vertex  5.000000e+00  3.060952e+00  2.355629e+01
     vertex  0.000000e+00  3.060952e+00  2.355629e+01
     vertex  0.000000e+00  3.048437e+00  2.352747e+01
   endloop
 endfacet
 facet normal  0.000000e+00 -9.277513e-01  3.731990e-01
   outer loop
     vertex  5.000000e+00  3.072677e+00  2.358543e+01
     vertex  0.000000e+00  3.060952e+00  2.355629e+01
     vertex  5.000000e+00  3.060952e+00  2.355629e+01
   endloop
 endfacet
 facet normal  0.000000e+00 -9.277513e-01  3.731990e-01
   outer loop
     vertex  5.000000e+00  3.072677e+00  2.358543e+01
     vertex  0.000000e+00  3.072677e+00  2.358543e+01
     vertex  0.000000e+00  3.060952e+00  2.355629e+01
   endloop
 endfacet
 facet normal  0.000000e+00 -9.375990e-01  3.477184e-01
   outer loop
     vertex  5.000000e+00  3.083600e+00  2.361489e+01
     vertex  0.000000e+00  3.072677e+00  2.358543e+01
     vertex  5.000000e+00  3.072677e+00  2.358543e+01
   endloop
 endfacet
 facet normal  0.000000e+00 -9.375990e-01  3.477184e-01
   outer loop
     vertex  5.000000e+00  3.083600e+00  2.361489e+01
     vertex  0.000000e+00  3.083600e+00  2.361489e+01
     vertex  0.000000e+00  3.072677e+00  2.358543e+01
   endloop
 endfacet
 facet normal  0.000000e+00 -9.467470e-01  3.219783e-01
   outer loop
     vertex  5.000000e+00  3.093715e+00  2.364463e+01
     vertex  0.000000e+00  3.083600e+00  2.361489e+01
     vertex  5.000000e+00  3.083600e+00  2.361489e+01
   endloop
 endfacet
 facet normal  0.000000e+00 -9.467470e-01  3.219783e-01
   outer loop
     vertex  5.000000e+00  3.093715e+00  2.364463e+01
     vertex  0.000000e+00  3.093715e+00  2.364463e+01
     vertex  0.000000e+00  3.083600e+00  2.361489e+01
   endloop
 endfacet
 facet normal  0.000000e+00 -9.551886e-01  2.959980e-01
   outer loop
     vertex  5.000000e+00  3.103014e+00  2.367464e+01
     vertex  0.000000e+00  3.093715e+00  2.364463e+01
     vertex  5.000000e+00  3.093715e+00  2.364463e+01
   endloop
 endfacet
 facet normal  0.000000e+00 -9.551886e-01  2.959980e-01
   outer loop
     vertex  5.000000e+00  3.103014e+00  2.367464e+01
     vertex  0.000000e+00  3.103014e+00  2.367464e+01
     vertex  0.000000e+00  3.093715e+00  2.364463e+01
   endloop
 endfacet
 facet normal  0.000000e+00 -9.629173e-01  2.697968e-01
   outer loop
     vertex  5.000000e+00  3.103014e+00  2.367464e+01
     vertex  0.000000e+00  3.111489e+00  2.370489e+01
     vertex  0.000000e+00  3.103014e+00  2.367464e+01
   endloop
 endfacet
 facet normal  0.000000e+00 -9.629173e-01  2.697968e-01
   outer loop
     vertex  5.000000e+00  3.111489e+00  2.370489e+01
     vertex  0.000000e+00  3.111489e+00  2.370489e+01
     vertex  5.000000e+00  3.103014e+00  2.367464e+01
   endloop
 endfacet
 facet normal  0.000000e+00 -9.699274e-01  2.433942e-01
   outer loop
     vertex  5.000000e+00  3.119136e+00  2.373536e+01
     vertex  0.000000e+00  3.111489e+00  2.370489e+01
     vertex  5.000000e+00  3.111489e+00  2.370489e+01
   endloop
 endfacet
 facet normal  0.000000e+00 -9.699274e-01  2.433942e-01
   outer loop
     vertex  5.000000e+00  3.119136e+00  2.373536e+01
     vertex  0.000000e+00  3.119136e+00  2.373536e+01
     vertex  0.000000e+00  3.111489e+00  2.370489e+01
   endloop
 endfacet
 facet normal  0.000000e+00 -9.762138e-01  2.168100e-01
   outer loop
     vertex  5.000000e+00  3.125947e+00  2.376603e+01
     vertex  0.000000e+00  3.119136e+00  2.373536e+01
     vertex  5.000000e+00  3.119136e+00  2.373536e+01
   endloop
 endfacet
 facet normal  0.000000e+00 -9.762138e-01  2.168100e-01
   outer loop
     vertex  5.000000e+00  3.125947e+00  2.376603e+01
     vertex  0.000000e+00  3.125947e+00  2.376603e+01
     vertex  0.000000e+00  3.119136e+00  2.373536e+01
   endloop
 endfacet
 facet normal  0.000000e+00 -9.817717e-01  1.900640e-01
   outer loop
     vertex  5.000000e+00  3.131918e+00  2.379687e+01
     vertex  0.000000e+00  3.125947e+00  2.376603e+01
     vertex  5.000000e+00  3.125947e+00  2.376603e+01
   endloop
 endfacet
 facet normal  0.000000e+00 -9.817717e-01  1.900640e-01
   outer loop
     vertex  5.000000e+00  3.131918e+00  2.379687e+01
     vertex  0.000000e+00  3.131918e+00  2.379687e+01
     vertex  0.000000e+00  3.125947e+00  2.376603e+01
   endloop
 endfacet
 facet normal  0.000000e+00 -9.865969e-01  1.631762e-01
   outer loop
     vertex  5.000000e+00  3.131918e+00  2.379687e+01
     vertex  0.000000e+00  3.137044e+00  2.382786e+01
     vertex  0.000000e+00  3.131918e+00  2.379687e+01
   endloop
 endfacet
 facet normal  0.000000e+00 -9.865969e-01  1.631762e-01
   outer loop
     vertex  5.000000e+00  3.137044e+00  2.382786e+01
     vertex  0.000000e+00  3.137044e+00  2.382786e+01
     vertex  5.000000e+00  3.131918e+00  2.379687e+01
   endloop
 endfacet
 facet normal  0.000000e+00 -9.906859e-01  1.361666e-01
   outer loop
     vertex  5.000000e+00  3.141321e+00  2.385898e+01
     vertex  0.000000e+00  3.137044e+00  2.382786e+01
     vertex  5.000000e+00  3.137044e+00  2.382786e+01
   endloop
 endfacet
 facet normal  0.000000e+00 -9.906859e-01  1.361666e-01
   outer loop
     vertex  5.000000e+00  3.141321e+00  2.385898e+01
     vertex  0.000000e+00  3.141321e+00  2.385898e+01
     vertex  0.000000e+00  3.137044e+00  2.382786e+01
   endloop
 endfacet
 facet normal  0.000000e+00 -9.940357e-01  1.090555e-01
   outer loop
     vertex  5.000000e+00  3.141321e+00  2.385898e+01
     vertex  0.000000e+00  3.144747e+00  2.389021e+01
     vertex  0.000000e+00  3.141321e+00  2.385898e+01
   endloop
 endfacet
 facet normal  0.000000e+00 -9.940357e-01  1.090555e-01
   outer loop
     vertex  5.000000e+00  3.144747e+00  2.389021e+01
     vertex  0.000000e+00  3.144747e+00  2.389021e+01
     vertex  5.000000e+00  3.141321e+00  2.385898e+01
   endloop
 endfacet
 facet normal  0.000000e+00 -9.966436e-01  8.186288e-02
   outer loop
     vertex  5.000000e+00  3.147319e+00  2.392152e+01
     vertex  0.000000e+00  3.144747e+00  2.389021e+01
     vertex  5.000000e+00  3.144747e+00  2.389021e+01
   endloop
 endfacet
 facet normal  0.000000e+00 -9.966436e-01  8.186288e-02
   outer loop
     vertex  5.000000e+00  3.147319e+00  2.392152e+01
     vertex  0.000000e+00  3.147319e+00  2.392152e+01
     vertex  0.000000e+00  3.144747e+00  2.389021e+01
   endloop
 endfacet
 facet normal  0.000000e+00 -9.985078e-01  5.460922e-02
   outer loop
     vertex  5.000000e+00  3.149035e+00  2.395289e+01
     vertex  0.000000e+00  3.147319e+00  2.392152e+01
     vertex  5.000000e+00  3.147319e+00  2.392152e+01
   endloop
 endfacet
 facet normal  0.000000e+00 -9.985078e-01  5.460922e-02
   outer loop
     vertex  5.000000e+00  3.149035e+00  2.395289e+01
     vertex  0.000000e+00  3.149035e+00  2.395289e+01
     vertex  0.000000e+00  3.147319e+00  2.392152e+01
   endloop
 endfacet
 facet normal  0.000000e+00 -9.996269e-01  2.731480e-02
   outer loop
     vertex  5.000000e+00  3.149035e+00  2.395289e+01
     vertex  0.000000e+00  3.149893e+00  2.398429e+01
     vertex  0.000000e+00  3.149035e+00  2.395289e+01
   endloop
 endfacet
 facet normal  0.000000e+00 -9.996269e-01  2.731480e-02
   outer loop
     vertex  5.000000e+00  3.149893e+00  2.398429e+01
     vertex  0.000000e+00  3.149893e+00  2.398429e+01
     vertex  5.000000e+00  3.149035e+00  2.395289e+01
   endloop
 endfacet
 facet normal  0.000000e+00 -1.000000e+00 -0.000000e+00
   outer loop
     vertex  5.000000e+00  3.149893e+00  2.401571e+01
     vertex  0.000000e+00  3.149893e+00  2.398429e+01
     vertex  5.000000e+00  3.149893e+00  2.398429e+01
   endloop
 endfacet
 facet normal -0.000000e+00 -1.000000e+00  0.000000e+00
   outer loop
     vertex  5.000000e+00  3.149893e+00  2.401571e+01
     vertex  0.000000e+00  3.149893e+00  2.401571e+01
     vertex  0.000000e+00  3.149893e+00  2.398429e+01
   endloop
 endfacet
 facet normal  0.000000e+00 -9.996269e-01 -2.731480e-02
   outer loop
     vertex  5.000000e+00  3.149035e+00  2.404711e+01
     vertex  0.000000e+00  3.149893e+00  2.401571e+01
     vertex  5.000000e+00  3.149893e+00  2.401571e+01
   endloop
 endfacet
 facet normal -0.000000e+00 -9.996269e-01 -2.731480e-02
   outer loop
     vertex  5.000000e+00  3.149035e+00  2.404711e+01
     vertex  0.000000e+00  3.149035e+00  2.404711e+01
     vertex  0.000000e+00  3.149893e+00  2.401571e+01
   endloop
 endfacet
 facet normal  0.000000e+00 -9.985078e-01 -5.460922e-02
   outer loop
     vertex  5.000000e+00  3.147319e+00  2.407848e+01
     vertex  0.000000e+00  3.149035e+00  2.404711e+01
     vertex  5.000000e+00  3.149035e+00  2.404711e+01
   endloop
 endfacet
 facet normal -0.000000e+00 -9.985078e-01 -5.460922e-02
   outer loop
     vertex  5.000000e+00  3.147319e+00  2.407848e+01
     vertex  0.000000e+00  3.147319e+00  2.407848e+01
     vertex  0.000000e+00  3.149035e+00  2.404711e+01
   endloop
 endfacet
 facet normal  0.000000e+00 -9.966436e-01 -8.186288e-02
   outer loop
     vertex  5.000000e+00  3.144747e+00  2.410979e+01
     vertex  0.000000e+00  3.147319e+00  2.407848e+01
     vertex  5.000000e+00  3.147319e+00  2.407848e+01
   endloop
 endfacet
 facet normal -0.000000e+00 -9.966436e-01 -8.186288e-02
   outer loop
     vertex  5.000000e+00  3.144747e+00  2.410979e+01
     vertex  0.000000e+00  3.144747e+00  2.410979e+01
     vertex  0.000000e+00  3.147319e+00  2.407848e+01
   endloop
 endfacet
 facet normal -0.000000e+00 -9.940357e-01 -1.090555e-01
   outer loop
     vertex  5.000000e+00  3.141321e+00  2.414102e+01
     vertex  0.000000e+00  3.141321e+00  2.414102e+01
     vertex  0.000000e+00  3.144747e+00  2.410979e+01
   endloop
 endfacet
 facet normal  0.000000e+00 -9.940357e-01 -1.090555e-01
   outer loop
     vertex  5.000000e+00  3.141321e+00  2.414102e+01
     vertex  0.000000e+00  3.144747e+00  2.410979e+01
     vertex  5.000000e+00  3.144747e+00  2.410979e+01
   endloop
 endfacet
 facet normal -0.000000e+00 -9.906859e-01 -1.361666e-01
   outer loop
     vertex  5.000000e+00  3.137044e+00  2.417214e+01
     vertex  0.000000e+00  3.137044e+00  2.417214e+01
     vertex  0.000000e+00  3.141321e+00  2.414102e+01
   endloop
 endfacet
 facet normal  0.000000e+00 -9.906859e-01 -1.361666e-01
   outer loop
     vertex  5.000000e+00  3.137044e+00  2.417214e+01
     vertex  0.000000e+00  3.141321e+00  2.414102e+01
     vertex  5.000000e+00  3.141321e+00  2.414102e+01
   endloop
 endfacet
 facet normal -0.000000e+00 -9.865969e-01 -1.631762e-01
   outer loop
     vertex  5.000000e+00  3.131918e+00  2.420313e+01
     vertex  0.000000e+00  3.131918e+00  2.420313e+01
     vertex  0.000000e+00  3.137044e+00  2.417214e+01
   endloop
 endfacet
 facet normal  0.000000e+00 -9.865969e-01 -1.631762e-01
   outer loop
     vertex  5.000000e+00  3.131918e+00  2.420313e+01
     vertex  0.000000e+00  3.137044e+00  2.417214e+01
     vertex  5.000000e+00  3.137044e+00  2.417214e+01
   endloop
 endfacet
 facet normal -0.000000e+00 -9.817717e-01 -1.900640e-01
   outer loop
     vertex  5.000000e+00  3.125947e+00  2.423397e+01
     vertex  0.000000e+00  3.125947e+00  2.423397e+01
     vertex  0.000000e+00  3.131918e+00  2.420313e+01
   endloop
 endfacet
 facet normal  0.000000e+00 -9.817717e-01 -1.900640e-01
   outer loop
     vertex  5.000000e+00  3.125947e+00  2.423397e+01
     vertex  0.000000e+00  3.131918e+00  2.420313e+01
     vertex  5.000000e+00  3.131918e+00  2.420313e+01
   endloop
 endfacet
 facet normal -0.000000e+00 -9.762138e-01 -2.168100e-01
   outer loop
     vertex  5.000000e+00  3.119136e+00  2.426464e+01
     vertex  0.000000e+00  3.119136e+00  2.426464e+01
     vertex  0.000000e+00  3.125947e+00  2.423397e+01
   endloop
 endfacet
 facet normal  0.000000e+00 -9.762138e-01 -2.168100e-01
   outer loop
     vertex  5.000000e+00  3.119136e+00  2.426464e+01
     vertex  0.000000e+00  3.125947e+00  2.423397e+01
     vertex  5.000000e+00  3.125947e+00  2.423397e+01
   endloop
 endfacet
 facet normal  0.000000e+00 -9.699274e-01 -2.433942e-01
   outer loop
     vertex  5.000000e+00  3.111489e+00  2.429511e+01
     vertex  0.000000e+00  3.119136e+00  2.426464e+01
     vertex  5.000000e+00  3.119136e+00  2.426464e+01
   endloop
 endfacet
 facet normal -0.000000e+00 -9.699274e-01 -2.433942e-01
   outer loop
     vertex  5.000000e+00  3.111489e+00  2.429511e+01
     vertex  0.000000e+00  3.111489e+00  2.429511e+01
     vertex  0.000000e+00  3.119136e+00  2.426464e+01
   endloop
 endfacet
 facet normal  0.000000e+00 -9.629173e-01 -2.697968e-01
   outer loop
     vertex  5.000000e+00  3.103014e+00  2.432536e+01
     vertex  0.000000e+00  3.111489e+00  2.429511e+01
     vertex  5.000000e+00  3.111489e+00  2.429511e+01
   endloop
 endfacet
 facet normal -0.000000e+00 -9.629173e-01 -2.697968e-01
   outer loop
     vertex  5.000000e+00  3.103014e+00  2.432536e+01
     vertex  0.000000e+00  3.103014e+00  2.432536e+01
     vertex  0.000000e+00  3.111489e+00  2.429511e+01
   endloop
 endfacet
 facet normal -0.000000e+00 -9.551886e-01 -2.959980e-01
   outer loop
     vertex  5.000000e+00  3.103014e+00  2.432536e+01
     vertex  0.000000e+00  3.093715e+00  2.435537e+01
     vertex  0.000000e+00  3.103014e+00  2.432536e+01
   endloop
 endfacet
 facet normal -0.000000e+00 -9.551886e-01 -2.959980e-01
   outer loop
     vertex  5.000000e+00  3.093715e+00  2.435537e+01
     vertex  0.000000e+00  3.093715e+00  2.435537e+01
     vertex  5.000000e+00  3.103014e+00  2.432536e+01
   endloop
 endfacet
 facet normal  0.000000e+00 -9.467470e-01 -3.219783e-01
   outer loop
     vertex  5.000000e+00  3.083600e+00  2.438511e+01
     vertex  0.000000e+00  3.093715e+00  2.435537e+01
     vertex  5.000000e+00  3.093715e+00  2.435537e+01
   endloop
 endfacet
 facet normal -0.000000e+00 -9.467470e-01 -3.219783e-01
   outer loop
     vertex  5.000000e+00  3.083600e+00  2.438511e+01
     vertex  0.000000e+00  3.083600e+00  2.438511e+01
     vertex  0.000000e+00  3.093715e+00  2.435537e+01
   endloop
 endfacet
 facet normal  0.000000e+00 -9.375990e-01 -3.477184e-01
   outer loop
     vertex  5.000000e+00  3.072677e+00  2.441457e+01
     vertex  0.000000e+00  3.083600e+00  2.438511e+01
     vertex  5.000000e+00  3.083600e+00  2.438511e+01
   endloop
 endfacet
 facet normal -0.000000e+00 -9.375990e-01 -3.477184e-01
   outer loop
     vertex  5.000000e+00  3.072677e+00  2.441457e+01
     vertex  0.000000e+00  3.072677e+00  2.441457e+01
     vertex  0.000000e+00  3.083600e+00  2.438511e+01
   endloop
 endfacet
 facet normal  0.000000e+00 -9.277513e-01 -3.731990e-01
   outer loop
     vertex  5.000000e+00  3.060952e+00  2.444371e+01
     vertex  0.000000e+00  3.072677e+00  2.441457e+01
     vertex  5.000000e+00  3.072677e+00  2.441457e+01
   endloop
 endfacet
 facet normal -0.000000e+00 -9.277513e-01 -3.731990e-01
   outer loop
     vertex  5.000000e+00  3.060952e+00  2.444371e+01
     vertex  0.000000e+00  3.060952e+00  2.444371e+01
     vertex  0.000000e+00  3.072677e+00  2.441457e+01
   endloop
 endfacet
 facet normal  0.000000e+00 -9.172113e-01 -3.984011e-01
   outer loop
     vertex  5.000000e+00  3.048437e+00  2.447253e+01
     vertex  0.000000e+00  3.060952e+00  2.444371e+01
     vertex  5.000000e+00  3.060952e+00  2.444371e+01
   endloop
 endfacet
 facet normal -0.000000e+00 -9.172113e-01 -3.984011e-01
   outer loop
     vertex  5.000000e+00  3.048437e+00  2.447253e+01
     vertex  0.000000e+00  3.048437e+00  2.447253e+01
     vertex  0.000000e+00  3.060952e+00  2.444371e+01
   endloop
 endfacet
 facet normal  0.000000e+00 -9.059868e-01 -4.233059e-01
   outer loop
     vertex  5.000000e+00  3.035139e+00  2.450099e+01
     vertex  0.000000e+00  3.048437e+00  2.447253e+01
     vertex  5.000000e+00  3.048437e+00  2.447253e+01
   endloop
 endfacet
 facet normal -0.000000e+00 -9.059868e-01 -4.233059e-01
   outer loop
     vertex  5.000000e+00  3.035139e+00  2.450099e+01
     vertex  0.000000e+00  3.035139e+00  2.450099e+01
     vertex  0.000000e+00  3.048437e+00  2.447253e+01
   endloop
 endfacet
 facet normal -0.000000e+00 -8.940863e-01 -4.478948e-01
   outer loop
     vertex  5.000000e+00  3.035139e+00  2.450099e+01
     vertex  0.000000e+00  3.021068e+00  2.452907e+01
     vertex  0.000000e+00  3.035139e+00  2.450099e+01
   endloop
 endfacet
 facet normal -0.000000e+00 -8.940863e-01 -4.478948e-01
   outer loop
     vertex  5.000000e+00  3.021068e+00  2.452907e+01
     vertex  0.000000e+00  3.021068e+00  2.452907e+01
     vertex  5.000000e+00  3.035139e+00  2.450099e+01
   endloop
 endfacet
 facet normal  0.000000e+00 -8.815185e-01 -4.721495e-01
   outer loop
     vertex  5.000000e+00  3.006235e+00  2.455677e+01
     vertex  0.000000e+00  3.021068e+00  2.452907e+01
     vertex  5.000000e+00  3.021068e+00  2.452907e+01
   endloop
 endfacet
 facet normal -0.000000e+00 -8.815185e-01 -4.721495e-01
   outer loop
     vertex  5.000000e+00  3.006235e+00  2.455677e+01
     vertex  0.000000e+00  3.006235e+00  2.455677e+01
     vertex  0.000000e+00  3.021068e+00  2.452907e+01
   endloop
 endfacet
 facet normal  0.000000e+00 -8.682929e-01 -4.960518e-01
   outer loop
     vertex  5.000000e+00  2.990652e+00  2.458405e+01
     vertex  0.000000e+00  3.006235e+00  2.455677e+01
     vertex  5.000000e+00  3.006235e+00  2.455677e+01
   endloop
 endfacet
 facet normal -0.000000e+00 -8.682929e-01 -4.960518e-01
   outer loop
     vertex  5.000000e+00  2.990652e+00  2.458405e+01
     vertex  0.000000e+00  2.990652e+00  2.458405e+01
     vertex  0.000000e+00  3.006235e+00  2.455677e+01
   endloop
 endfacet
 facet normal  0.000000e+00 -8.544194e-01 -5.195840e-01
   outer loop
     vertex  5.000000e+00  2.974329e+00  2.461089e+01
     vertex  0.000000e+00  2.990652e+00  2.458405e+01
     vertex  5.000000e+00  2.990652e+00  2.458405e+01
   endloop
 endfacet
 facet normal -0.000000e+00 -8.544194e-01 -5.195840e-01
   outer loop
     vertex  5.000000e+00  2.974329e+00  2.461089e+01
     vertex  0.000000e+00  2.974329e+00  2.461089e+01
     vertex  0.000000e+00  2.990652e+00  2.458405e+01
   endloop
 endfacet
 facet normal  0.000000e+00 -8.399083e-01 -5.427284e-01
   outer loop
     vertex  5.000000e+00  2.957280e+00  2.463727e+01
     vertex  0.000000e+00  2.974329e+00  2.461089e+01
     vertex  5.000000e+00  2.974329e+00  2.461089e+01
   endloop
 endfacet
 facet normal -0.000000e+00 -8.399083e-01 -5.427284e-01
   outer loop
     vertex  5.000000e+00  2.957280e+00  2.463727e+01
     vertex  0.000000e+00  2.957280e+00  2.463727e+01
     vertex  0.000000e+00  2.974329e+00  2.461089e+01
   endloop
 endfacet
 facet normal -0.000000e+00 -8.247704e-01 -5.654678e-01
   outer loop
     vertex  5.000000e+00  2.957280e+00  2.463727e+01
     vertex  0.000000e+00  2.939515e+00  2.466318e+01
     vertex  0.000000e+00  2.957280e+00  2.463727e+01
   endloop
 endfacet
 facet normal -0.000000e+00 -8.247704e-01 -5.654678e-01
   outer loop
     vertex  5.000000e+00  2.939515e+00  2.466318e+01
     vertex  0.000000e+00  2.939515e+00  2.466318e+01
     vertex  5.000000e+00  2.957280e+00  2.463727e+01
   endloop
 endfacet
 facet normal  0.000000e+00 -8.090170e-01 -5.877853e-01
   outer loop
     vertex  5.000000e+00  2.921050e+00  2.468860e+01
     vertex  0.000000e+00  2.939515e+00  2.466318e+01
     vertex  5.000000e+00  2.939515e+00  2.466318e+01
   endloop
 endfacet
 facet normal -0.000000e+00 -8.090170e-01 -5.877853e-01
   outer loop
     vertex  5.000000e+00  2.921050e+00  2.468860e+01
     vertex  0.000000e+00  2.921050e+00  2.468860e+01
     vertex  0.000000e+00  2.939515e+00  2.466318e+01
   endloop
 endfacet
 facet normal  0.000000e+00 -7.926599e-01 -6.096641e-01
   outer loop
     vertex  5.000000e+00  2.901898e+00  2.471350e+01
     vertex  0.000000e+00  2.921050e+00  2.468860e+01
     vertex  5.000000e+00  2.921050e+00  2.468860e+01
   endloop
 endfacet
 facet normal -0.000000e+00 -7.926599e-01 -6.096641e-01
   outer loop
     vertex  5.000000e+00  2.901898e+00  2.471350e+01
     vertex  0.000000e+00  2.901898e+00  2.471350e+01
     vertex  0.000000e+00  2.921050e+00  2.468860e+01
   endloop
 endfacet
 facet normal  0.000000e+00 -7.757113e-01 -6.310879e-01
   outer loop
     vertex  5.000000e+00  2.882072e+00  2.473787e+01
     vertex  0.000000e+00  2.901898e+00  2.471350e+01
     vertex  5.000000e+00  2.901898e+00  2.471350e+01
   endloop
 endfacet
 facet normal -0.000000e+00 -7.757113e-01 -6.310879e-01
   outer loop
     vertex  5.000000e+00  2.882072e+00  2.473787e+01
     vertex  0.000000e+00  2.882072e+00  2.473787e+01
     vertex  0.000000e+00  2.901898e+00  2.471350e+01
   endloop
 endfacet
 facet normal -0.000000e+00 -7.400906e-01 -6.725072e-01
   outer loop
     vertex  5.000000e+00  2.861588e+00  2.476169e+01
     vertex  0.000000e+00  2.840461e+00  2.478494e+01
     vertex  0.000000e+00  2.861588e+00  2.476169e+01
   endloop
 endfacet
 facet normal  0.000000e+00 -7.581838e-01 -6.520409e-01
   outer loop
     vertex  5.000000e+00  2.861588e+00  2.476169e+01
     vertex  0.000000e+00  2.882072e+00  2.473787e+01
     vertex  5.000000e+00  2.882072e+00  2.473787e+01
   endloop
 endfacet
 facet normal -0.000000e+00 -7.581838e-01 -6.520409e-01
   outer loop
     vertex  5.000000e+00  2.861588e+00  2.476169e+01
     vertex  0.000000e+00  2.861588e+00  2.476169e+01
     vertex  0.000000e+00  2.882072e+00  2.473787e+01
   endloop
 endfacet
 facet normal -0.000000e+00 -7.400906e-01 -6.725072e-01
   outer loop
     vertex  5.000000e+00  2.840461e+00  2.478494e+01
     vertex  0.000000e+00  2.840461e+00  2.478494e+01
     vertex  5.000000e+00  2.861588e+00  2.476169e+01
   endloop
 endfacet
 facet normal -0.000000e+00 -7.214450e-01 -6.924717e-01
   outer loop
     vertex  5.000000e+00  2.818707e+00  2.480760e+01
     vertex  0.000000e+00  2.818707e+00  2.480760e+01
     vertex  0.000000e+00  2.840461e+00  2.478494e+01
   endloop
 endfacet
 facet normal  0.000000e+00 -7.214450e-01 -6.924717e-01
   outer loop
     vertex  5.000000e+00  2.818707e+00  2.480760e+01
     vertex  0.000000e+00  2.840461e+00  2.478494e+01
     vertex  5.000000e+00  2.840461e+00  2.478494e+01
   endloop
 endfacet
 facet normal -0.000000e+00 -7.022611e-01 -7.119195e-01
   outer loop
     vertex  5.000000e+00  2.796342e+00  2.482966e+01
     vertex  0.000000e+00  2.796342e+00  2.482966e+01
     vertex  0.000000e+00  2.818707e+00  2.480760e+01
   endloop
 endfacet
 facet normal  0.000000e+00 -7.022611e-01 -7.119195e-01
   outer loop
     vertex  5.000000e+00  2.796342e+00  2.482966e+01
     vertex  0.000000e+00  2.818707e+00  2.480760e+01
     vertex  5.000000e+00  2.818707e+00  2.480760e+01
   endloop
 endfacet
 facet normal -0.000000e+00 -6.825531e-01 -7.308360e-01
   outer loop
     vertex  5.000000e+00  2.773383e+00  2.485110e+01
     vertex  0.000000e+00  2.773383e+00  2.485110e+01
     vertex  0.000000e+00  2.796342e+00  2.482966e+01
   endloop
 endfacet
 facet normal  0.000000e+00 -6.825531e-01 -7.308360e-01
   outer loop
     vertex  5.000000e+00  2.773383e+00  2.485110e+01
     vertex  0.000000e+00  2.796342e+00  2.482966e+01
     vertex  5.000000e+00  2.796342e+00  2.482966e+01
   endloop
 endfacet
 facet normal -0.000000e+00 -6.623358e-01 -7.492071e-01
   outer loop
     vertex  5.000000e+00  2.749847e+00  2.487191e+01
     vertex  0.000000e+00  2.749847e+00  2.487191e+01
     vertex  0.000000e+00  2.773383e+00  2.485110e+01
   endloop
 endfacet
 facet normal  0.000000e+00 -6.623358e-01 -7.492071e-01
   outer loop
     vertex  5.000000e+00  2.749847e+00  2.487191e+01
     vertex  0.000000e+00  2.773383e+00  2.485110e+01
     vertex  5.000000e+00  2.773383e+00  2.485110e+01
   endloop
 endfacet
 facet normal -0.000000e+00 -6.416243e-01 -7.670191e-01
   outer loop
     vertex  5.000000e+00  2.725751e+00  2.489207e+01
     vertex  0.000000e+00  2.725751e+00  2.489207e+01
     vertex  0.000000e+00  2.749847e+00  2.487191e+01
   endloop
 endfacet
 facet normal -0.000000e+00 -6.204339e-01 -7.842588e-01
   outer loop
     vertex  5.000000e+00  2.725751e+00  2.489207e+01
     vertex  0.000000e+00  2.701114e+00  2.491156e+01
     vertex  0.000000e+00  2.725751e+00  2.489207e+01
   endloop
 endfacet
 facet normal  0.000000e+00 -6.416243e-01 -7.670191e-01
   outer loop
     vertex  5.000000e+00  2.725751e+00  2.489207e+01
     vertex  0.000000e+00  2.749847e+00  2.487191e+01
     vertex  5.000000e+00  2.749847e+00  2.487191e+01
   endloop
 endfacet
 facet normal -0.000000e+00 -6.204339e-01 -7.842588e-01
   outer loop
     vertex  5.000000e+00  2.701114e+00  2.491156e+01
     vertex  0.000000e+00  2.701114e+00  2.491156e+01
     vertex  5.000000e+00  2.725751e+00  2.489207e+01
   endloop
 endfacet
 facet normal  0.000000e+00 -5.987805e-01 -8.009132e-01
   outer loop
     vertex  5.000000e+00  2.675953e+00  2.493037e+01
     vertex  0.000000e+00  2.701114e+00  2.491156e+01
     vertex  5.000000e+00  2.701114e+00  2.491156e+01
   endloop
 endfacet
 facet normal -0.000000e+00 -5.987805e-01 -8.009132e-01
   outer loop
     vertex  5.000000e+00  2.675953e+00  2.493037e+01
     vertex  0.000000e+00  2.675953e+00  2.493037e+01
     vertex  0.000000e+00  2.701114e+00  2.491156e+01
   endloop
 endfacet
 facet normal  0.000000e+00 -5.766803e-01 -8.169699e-01
   outer loop
     vertex  5.000000e+00  2.650288e+00  2.494849e+01
     vertex  0.000000e+00  2.675953e+00  2.493037e+01
     vertex  5.000000e+00  2.675953e+00  2.493037e+01
   endloop
 endfacet
 facet normal -0.000000e+00 -5.766803e-01 -8.169699e-01
   outer loop
     vertex  5.000000e+00  2.650288e+00  2.494849e+01
     vertex  0.000000e+00  2.650288e+00  2.494849e+01
     vertex  0.000000e+00  2.675953e+00  2.493037e+01
   endloop
 endfacet
 facet normal -0.000000e+00 -5.541498e-01 -8.324170e-01
   outer loop
     vertex  5.000000e+00  2.624138e+00  2.496589e+01
     vertex  0.000000e+00  2.624138e+00  2.496589e+01
     vertex  0.000000e+00  2.650288e+00  2.494849e+01
   endloop
 endfacet
 facet normal  0.000000e+00 -5.541498e-01 -8.324170e-01
   outer loop
     vertex  5.000000e+00  2.624138e+00  2.496589e+01
     vertex  0.000000e+00  2.650288e+00  2.494849e+01
     vertex  5.000000e+00  2.650288e+00  2.494849e+01
   endloop
 endfacet
 facet normal  0.000000e+00 -5.312057e-01 -8.472429e-01
   outer loop
     vertex  5.000000e+00  2.597522e+00  2.498258e+01
     vertex  0.000000e+00  2.624138e+00  2.496589e+01
     vertex  5.000000e+00  2.624138e+00  2.496589e+01
   endloop
 endfacet
 facet normal -0.000000e+00 -5.312057e-01 -8.472429e-01
   outer loop
     vertex  5.000000e+00  2.597522e+00  2.498258e+01
     vertex  0.000000e+00  2.597522e+00  2.498258e+01
     vertex  0.000000e+00  2.624138e+00  2.496589e+01
   endloop
 endfacet
 facet normal -0.000000e+00 -5.078652e-01 -8.614365e-01
   outer loop
     vertex  5.000000e+00  2.597522e+00  2.498258e+01
     vertex  0.000000e+00  2.570460e+00  2.499854e+01
     vertex  0.000000e+00  2.597522e+00  2.498258e+01
   endloop
 endfacet
 facet normal -0.000000e+00 -4.841458e-01 -8.749873e-01
   outer loop
     vertex  5.000000e+00  2.570460e+00  2.499854e+01
     vertex  0.000000e+00  2.542972e+00  2.501375e+01
     vertex  0.000000e+00  2.570460e+00  2.499854e+01
   endloop
 endfacet
 facet normal -0.000000e+00 -5.078652e-01 -8.614365e-01
   outer loop
     vertex  5.000000e+00  2.570460e+00  2.499854e+01
     vertex  0.000000e+00  2.570460e+00  2.499854e+01
     vertex  5.000000e+00  2.597522e+00  2.498258e+01
   endloop
 endfacet
 facet normal -0.000000e+00 -4.841458e-01 -8.749873e-01
   outer loop
     vertex  5.000000e+00  2.542972e+00  2.501375e+01
     vertex  0.000000e+00  2.542972e+00  2.501375e+01
     vertex  5.000000e+00  2.570460e+00  2.499854e+01
   endloop
 endfacet
 facet normal -0.000000e+00 -4.600650e-01 -8.878852e-01
   outer loop
     vertex  5.000000e+00  2.515079e+00  2.502820e+01
     vertex  0.000000e+00  2.515079e+00  2.502820e+01
     vertex  0.000000e+00  2.542972e+00  2.501375e+01
   endloop
 endfacet
 facet normal  0.000000e+00 -4.600650e-01 -8.878852e-01
   outer loop
     vertex  5.000000e+00  2.515079e+00  2.502820e+01
     vertex  0.000000e+00  2.542972e+00  2.501375e+01
     vertex  5.000000e+00  2.542972e+00  2.501375e+01
   endloop
 endfacet
 facet normal -0.000000e+00 -4.356410e-01 -9.001205e-01
   outer loop
     vertex  5.000000e+00  2.486802e+00  2.504188e+01
     vertex  0.000000e+00  2.486802e+00  2.504188e+01
     vertex  0.000000e+00  2.515079e+00  2.502820e+01
   endloop
 endfacet
 facet normal  0.000000e+00 -4.356410e-01 -9.001205e-01
   outer loop
     vertex  5.000000e+00  2.486802e+00  2.504188e+01
     vertex  0.000000e+00  2.515079e+00  2.502820e+01
     vertex  5.000000e+00  2.515079e+00  2.502820e+01
   endloop
 endfacet
 facet normal -0.000000e+00 -4.108918e-01 -9.116841e-01
   outer loop
     vertex  5.000000e+00  2.458161e+00  2.505479e+01
     vertex  0.000000e+00  2.458161e+00  2.505479e+01
     vertex  0.000000e+00  2.486802e+00  2.504188e+01
   endloop
 endfacet
 facet normal  0.000000e+00 -4.108918e-01 -9.116841e-01
   outer loop
     vertex  5.000000e+00  2.458161e+00  2.505479e+01
     vertex  0.000000e+00  2.486802e+00  2.504188e+01
     vertex  5.000000e+00  2.486802e+00  2.504188e+01
   endloop
 endfacet
 facet normal -0.000000e+00 -3.858360e-01 -9.225674e-01
   outer loop
     vertex  5.000000e+00  2.429179e+00  2.506691e+01
     vertex  0.000000e+00  2.429179e+00  2.506691e+01
     vertex  0.000000e+00  2.458161e+00  2.505479e+01
   endloop
 endfacet
 facet normal  0.000000e+00 -3.858360e-01 -9.225674e-01
   outer loop
     vertex  5.000000e+00  2.429179e+00  2.506691e+01
     vertex  0.000000e+00  2.458161e+00  2.505479e+01
     vertex  5.000000e+00  2.458161e+00  2.505479e+01
   endloop
 endfacet
 facet normal -0.000000e+00 -3.604923e-01 -9.327622e-01
   outer loop
     vertex  5.000000e+00  2.399876e+00  2.507824e+01
     vertex  0.000000e+00  2.399876e+00  2.507824e+01
     vertex  0.000000e+00  2.429179e+00  2.506691e+01
   endloop
 endfacet
 facet normal  0.000000e+00 -3.604923e-01 -9.327622e-01
   outer loop
     vertex  5.000000e+00  2.399876e+00  2.507824e+01
     vertex  0.000000e+00  2.429179e+00  2.506691e+01
     vertex  5.000000e+00  2.429179e+00  2.506691e+01
   endloop
 endfacet
 facet normal -0.000000e+00 -3.348796e-01 -9.422609e-01
   outer loop
     vertex  5.000000e+00  2.370275e+00  2.508876e+01
     vertex  0.000000e+00  2.370275e+00  2.508876e+01
     vertex  0.000000e+00  2.399876e+00  2.507824e+01
   endloop
 endfacet
 facet normal  0.000000e+00 -3.348796e-01 -9.422609e-01
   outer loop
     vertex  5.000000e+00  2.370275e+00  2.508876e+01
     vertex  0.000000e+00  2.399876e+00  2.507824e+01
     vertex  5.000000e+00  2.399876e+00  2.507824e+01
   endloop
 endfacet
 facet normal -0.000000e+00 -3.090170e-01 -9.510565e-01
   outer loop
     vertex  5.000000e+00  2.340398e+00  2.509847e+01
     vertex  0.000000e+00  2.340398e+00  2.509847e+01
     vertex  0.000000e+00  2.370275e+00  2.508876e+01
   endloop
 endfacet
 facet normal  0.000000e+00 -3.090170e-01 -9.510565e-01
   outer loop
     vertex  5.000000e+00  2.340398e+00  2.509847e+01
     vertex  0.000000e+00  2.370275e+00  2.508876e+01
     vertex  5.000000e+00  2.370275e+00  2.508876e+01
   endloop
 endfacet
 facet normal -0.000000e+00 -2.829238e-01 -9.591424e-01
   outer loop
     vertex  5.000000e+00  2.310266e+00  2.510735e+01
     vertex  0.000000e+00  2.310266e+00  2.510735e+01
     vertex  0.000000e+00  2.340398e+00  2.509847e+01
   endloop
 endfacet
 facet normal  0.000000e+00 -2.829238e-01 -9.591424e-01
   outer loop
     vertex  5.000000e+00  2.310266e+00  2.510735e+01
     vertex  0.000000e+00  2.340398e+00  2.509847e+01
     vertex  5.000000e+00  2.340398e+00  2.509847e+01
   endloop
 endfacet
 facet normal -0.000000e+00 -2.566194e-01 -9.665125e-01
   outer loop
     vertex  5.000000e+00  2.279903e+00  2.511542e+01
     vertex  0.000000e+00  2.279903e+00  2.511542e+01
     vertex  0.000000e+00  2.310266e+00  2.510735e+01
   endloop
 endfacet
 facet normal -0.000000e+00 -2.301236e-01 -9.731614e-01
   outer loop
     vertex  5.000000e+00  2.279903e+00  2.511542e+01
     vertex  0.000000e+00  2.249332e+00  2.512265e+01
     vertex  0.000000e+00  2.279903e+00  2.511542e+01
   endloop
 endfacet
 facet normal  0.000000e+00 -2.566194e-01 -9.665125e-01
   outer loop
     vertex  5.000000e+00  2.279903e+00  2.511542e+01
     vertex  0.000000e+00  2.310266e+00  2.510735e+01
     vertex  5.000000e+00  2.310266e+00  2.510735e+01
   endloop
 endfacet
 facet normal -0.000000e+00 -2.301236e-01 -9.731614e-01
   outer loop
     vertex  5.000000e+00  2.249332e+00  2.512265e+01
     vertex  0.000000e+00  2.249332e+00  2.512265e+01
     vertex  5.000000e+00  2.279903e+00  2.511542e+01
   endloop
 endfacet
 facet normal -0.000000e+00 -2.034560e-01 -9.790841e-01
   outer loop
     vertex  5.000000e+00  2.249332e+00  2.512265e+01
     vertex  0.000000e+00  2.218574e+00  2.512904e+01
     vertex  0.000000e+00  2.249332e+00  2.512265e+01
   endloop
 endfacet
 facet normal -0.000000e+00 -1.766366e-01 -9.842761e-01
   outer loop
     vertex  5.000000e+00  2.218574e+00  2.512904e+01
     vertex  0.000000e+00  2.187653e+00  2.513459e+01
     vertex  0.000000e+00  2.218574e+00  2.512904e+01
   endloop
 endfacet
 facet normal -0.000000e+00 -2.034560e-01 -9.790841e-01
   outer loop
     vertex  5.000000e+00  2.218574e+00  2.512904e+01
     vertex  0.000000e+00  2.218574e+00  2.512904e+01
     vertex  5.000000e+00  2.249332e+00  2.512265e+01
   endloop
 endfacet
 facet normal -0.000000e+00 -1.766366e-01 -9.842761e-01
   outer loop
     vertex  5.000000e+00  2.187653e+00  2.513459e+01
     vertex  0.000000e+00  2.187653e+00  2.513459e+01
     vertex  5.000000e+00  2.218574e+00  2.512904e+01
   endloop
 endfacet
 facet normal -0.000000e+00 -1.496854e-01 -9.887337e-01
   outer loop
     vertex  5.000000e+00  2.156592e+00  2.513929e+01
     vertex  0.000000e+00  2.156592e+00  2.513929e+01
     vertex  0.000000e+00  2.187653e+00  2.513459e+01
   endloop
 endfacet
 facet normal -0.000000e+00 -1.226225e-01 -9.924534e-01
   outer loop
     vertex  5.000000e+00  2.156592e+00  2.513929e+01
     vertex  0.000000e+00  2.125414e+00  2.514314e+01
     vertex  0.000000e+00  2.156592e+00  2.513929e+01
   endloop
 endfacet
 facet normal  0.000000e+00 -1.496854e-01 -9.887337e-01
   outer loop
     vertex  5.000000e+00  2.156592e+00  2.513929e+01
     vertex  0.000000e+00  2.187653e+00  2.513459e+01
     vertex  5.000000e+00  2.187653e+00  2.513459e+01
   endloop
 endfacet
 facet normal -0.000000e+00 -1.226225e-01 -9.924534e-01
   outer loop
     vertex  5.000000e+00  2.125414e+00  2.514314e+01
     vertex  0.000000e+00  2.125414e+00  2.514314e+01
     vertex  5.000000e+00  2.156592e+00  2.513929e+01
   endloop
 endfacet
 facet normal -0.000000e+00 -9.546807e-02 -9.954325e-01
   outer loop
     vertex  5.000000e+00  2.094142e+00  2.514614e+01
     vertex  0.000000e+00  2.094142e+00  2.514614e+01
     vertex  0.000000e+00  2.125414e+00  2.514314e+01
   endloop
 endfacet
 facet normal  0.000000e+00 -9.546807e-02 -9.954325e-01
   outer loop
     vertex  5.000000e+00  2.094142e+00  2.514614e+01
     vertex  0.000000e+00  2.125414e+00  2.514314e+01
     vertex  5.000000e+00  2.125414e+00  2.514314e+01
   endloop
 endfacet
 facet normal -0.000000e+00 -6.824241e-02 -9.976688e-01
   outer loop
     vertex  5.000000e+00  2.062801e+00  2.514828e+01
     vertex  0.000000e+00  2.062801e+00  2.514828e+01
     vertex  0.000000e+00  2.094142e+00  2.514614e+01
   endloop
 endfacet
 facet normal -0.000000e+00 -4.096583e-02 -9.991605e-01
   outer loop
     vertex  5.000000e+00  2.062801e+00  2.514828e+01
     vertex  0.000000e+00  2.031412e+00  2.514957e+01
     vertex  0.000000e+00  2.062801e+00  2.514828e+01
   endloop
 endfacet
 facet normal  0.000000e+00 -6.824241e-02 -9.976688e-01
   outer loop
     vertex  5.000000e+00  2.062801e+00  2.514828e+01
     vertex  0.000000e+00  2.094142e+00  2.514614e+01
     vertex  5.000000e+00  2.094142e+00  2.514614e+01
   endloop
 endfacet
 facet normal -0.000000e+00 -4.096583e-02 -9.991605e-01
   outer loop
     vertex  5.000000e+00  2.031412e+00  2.514957e+01
     vertex  0.000000e+00  2.031412e+00  2.514957e+01
     vertex  5.000000e+00  2.062801e+00  2.514828e+01
   endloop
 endfacet
 facet normal -0.000000e+00 -1.365867e-02 -9.999067e-01
   outer loop
     vertex  5.000000e+00  2.000000e+00  2.515000e+01
     vertex  0.000000e+00  2.000000e+00  2.515000e+01
     vertex  0.000000e+00  2.031412e+00  2.514957e+01
   endloop
 endfacet
 facet normal  0.000000e+00 -1.365867e-02 -9.999067e-01
   outer loop
     vertex  5.000000e+00  2.000000e+00  2.515000e+01
     vertex  0.000000e+00  2.031412e+00  2.514957e+01
     vertex  5.000000e+00  2.031412e+00  2.514957e+01
   endloop
 endfacet
 facet normal -0.000000e+00  0.000000e+00 -1.000000e+00
   outer loop
     vertex  5.000000e+00  2.000000e+00  2.515000e+01
     vertex  0.000000e+00 -2.000000e+00  2.515000e+01
     vertex  0.000000e+00  2.000000e+00  2.515000e+01
   endloop
 endfacet
 facet normal  0.000000e+00 -0.000000e+00 -1.000000e+00
   outer loop
     vertex  5.000000e+00  2.000000e+00  2.515000e+01
     vertex  5.000000e+00 -2.000000e+00  2.515000e+01
     vertex  0.000000e+00 -2.000000e+00  2.515000e+01
   endloop
 endfacet
 facet normal  0.000000e+00  1.365867e-02 -9.999067e-01
   outer loop
     vertex  5.000000e+00 -2.031412e+00  2.514957e+01
     vertex  0.000000e+00 -2.000000e+00  2.515000e+01
     vertex  5.000000e+00 -2.000000e+00  2.515000e+01
   endloop
 endfacet
 facet normal  0.000000e+00  1.365867e-02 -9.999067e-01
   outer loop
     vertex  5.000000e+00 -2.031412e+00  2.514957e+01
     vertex  0.000000e+00 -2.031412e+00  2.514957e+01
     vertex  0.000000e+00 -2.000000e+00  2.515000e+01
   endloop
 endfacet
 facet normal  0.000000e+00  4.096583e-02 -9.991605e-01
   outer loop
     vertex  5.000000e+00 -2.062801e+00  2.514828e+01
     vertex  0.000000e+00 -2.062801e+00  2.514828e+01
     vertex  0.000000e+00 -2.031412e+00  2.514957e+01
   endloop
 endfacet
 facet normal  0.000000e+00  4.096583e-02 -9.991605e-01
   outer loop
     vertex  5.000000e+00 -2.062801e+00  2.514828e+01
     vertex  0.000000e+00 -2.031412e+00  2.514957e+01
     vertex  5.000000e+00 -2.031412e+00  2.514957e+01
   endloop
 endfacet
 facet normal  0.000000e+00  6.824241e-02 -9.976688e-01
   outer loop
     vertex  5.000000e+00 -2.094142e+00  2.514614e+01
     vertex  0.000000e+00 -2.094142e+00  2.514614e+01
     vertex  0.000000e+00 -2.062801e+00  2.514828e+01
   endloop
 endfacet
 facet normal  0.000000e+00  6.824241e-02 -9.976688e-01
   outer loop
     vertex  5.000000e+00 -2.094142e+00  2.514614e+01
     vertex  0.000000e+00 -2.062801e+00  2.514828e+01
     vertex  5.000000e+00 -2.062801e+00  2.514828e+01
   endloop
 endfacet
 facet normal  0.000000e+00  9.546807e-02 -9.954325e-01
   outer loop
     vertex  5.000000e+00 -2.125414e+00  2.514314e+01
     vertex  0.000000e+00 -2.125414e+00  2.514314e+01
     vertex  0.000000e+00 -2.094142e+00  2.514614e+01
   endloop
 endfacet
 facet normal  0.000000e+00  1.226225e-01 -9.924534e-01
   outer loop
     vertex  5.000000e+00 -2.125414e+00  2.514314e+01
     vertex  0.000000e+00 -2.156592e+00  2.513929e+01
     vertex  0.000000e+00 -2.125414e+00  2.514314e+01
   endloop
 endfacet
 facet normal  0.000000e+00  9.546807e-02 -9.954325e-01
   outer loop
     vertex  5.000000e+00 -2.125414e+00  2.514314e+01
     vertex  0.000000e+00 -2.094142e+00  2.514614e+01
     vertex  5.000000e+00 -2.094142e+00  2.514614e+01
   endloop
 endfacet
 facet normal  0.000000e+00  1.226225e-01 -9.924534e-01
   outer loop
     vertex  5.000000e+00 -2.156592e+00  2.513929e+01
     vertex  0.000000e+00 -2.156592e+00  2.513929e+01
     vertex  5.000000e+00 -2.125414e+00  2.514314e+01
   endloop
 endfacet
 facet normal  0.000000e+00  1.496854e-01 -9.887337e-01
   outer loop
     vertex  5.000000e+00 -2.187653e+00  2.513459e+01
     vertex  0.000000e+00 -2.187653e+00  2.513459e+01
     vertex  0.000000e+00 -2.156592e+00  2.513929e+01
   endloop
 endfacet
 facet normal  0.000000e+00  1.766366e-01 -9.842761e-01
   outer loop
     vertex  5.000000e+00 -2.187653e+00  2.513459e+01
     vertex  0.000000e+00 -2.218574e+00  2.512904e+01
     vertex  0.000000e+00 -2.187653e+00  2.513459e+01
   endloop
 endfacet
 facet normal  0.000000e+00  1.496854e-01 -9.887337e-01
   outer loop
     vertex  5.000000e+00 -2.187653e+00  2.513459e+01
     vertex  0.000000e+00 -2.156592e+00  2.513929e+01
     vertex  5.000000e+00 -2.156592e+00  2.513929e+01
   endloop
 endfacet
 facet normal  0.000000e+00  1.766366e-01 -9.842761e-01
   outer loop
     vertex  5.000000e+00 -2.218574e+00  2.512904e+01
     vertex  0.000000e+00 -2.218574e+00  2.512904e+01
     vertex  5.000000e+00 -2.187653e+00  2.513459e+01
   endloop
 endfacet
 facet normal  0.000000e+00  2.034560e-01 -9.790841e-01
   outer loop
     vertex  5.000000e+00 -2.249332e+00  2.512265e+01
     vertex  0.000000e+00 -2.249332e+00  2.512265e+01
     vertex  0.000000e+00 -2.218574e+00  2.512904e+01
   endloop
 endfacet
 facet normal  0.000000e+00  2.034560e-01 -9.790841e-01
   outer loop
     vertex  5.000000e+00 -2.249332e+00  2.512265e+01
     vertex  0.000000e+00 -2.218574e+00  2.512904e+01
     vertex  5.000000e+00 -2.218574e+00  2.512904e+01
   endloop
 endfacet
 facet normal  0.000000e+00  2.301236e-01 -9.731614e-01
   outer loop
     vertex  5.000000e+00 -2.279903e+00  2.511542e+01
     vertex  0.000000e+00 -2.279903e+00  2.511542e+01
     vertex  0.000000e+00 -2.249332e+00  2.512265e+01
   endloop
 endfacet
 facet normal  0.000000e+00  2.566194e-01 -9.665125e-01
   outer loop
     vertex  5.000000e+00 -2.279903e+00  2.511542e+01
     vertex  0.000000e+00 -2.310266e+00  2.510735e+01
     vertex  0.000000e+00 -2.279903e+00  2.511542e+01
   endloop
 endfacet
 facet normal  0.000000e+00  2.301236e-01 -9.731614e-01
   outer loop
     vertex  5.000000e+00 -2.279903e+00  2.511542e+01
     vertex  0.000000e+00 -2.249332e+00  2.512265e+01
     vertex  5.000000e+00 -2.249332e+00  2.512265e+01
   endloop
 endfacet
 facet normal  0.000000e+00  2.566194e-01 -9.665125e-01
   outer loop
     vertex  5.000000e+00 -2.310266e+00  2.510735e+01
     vertex  0.000000e+00 -2.310266e+00  2.510735e+01
     vertex  5.000000e+00 -2.279903e+00  2.511542e+01
   endloop
 endfacet
 facet normal  0.000000e+00  2.829238e-01 -9.591424e-01
   outer loop
     vertex  5.000000e+00 -2.340398e+00  2.509847e+01
     vertex  0.000000e+00 -2.340398e+00  2.509847e+01
     vertex  0.000000e+00 -2.310266e+00  2.510735e+01
   endloop
 endfacet
 facet normal  0.000000e+00  3.090170e-01 -9.510565e-01
   outer loop
     vertex  5.000000e+00 -2.340398e+00  2.509847e+01
     vertex  0.000000e+00 -2.370275e+00  2.508876e+01
     vertex  0.000000e+00 -2.340398e+00  2.509847e+01
   endloop
 endfacet
 facet normal  0.000000e+00  2.829238e-01 -9.591424e-01
   outer loop
     vertex  5.000000e+00 -2.340398e+00  2.509847e+01
     vertex  0.000000e+00 -2.310266e+00  2.510735e+01
     vertex  5.000000e+00 -2.310266e+00  2.510735e+01
   endloop
 endfacet
 facet normal  0.000000e+00  3.090170e-01 -9.510565e-01
   outer loop
     vertex  5.000000e+00 -2.370275e+00  2.508876e+01
     vertex  0.000000e+00 -2.370275e+00  2.508876e+01
     vertex  5.000000e+00 -2.340398e+00  2.509847e+01
   endloop
 endfacet
 facet normal  0.000000e+00  3.348796e-01 -9.422609e-01
   outer loop
     vertex  5.000000e+00 -2.399876e+00  2.507824e+01
     vertex  0.000000e+00 -2.399876e+00  2.507824e+01
     vertex  0.000000e+00 -2.370275e+00  2.508876e+01
   endloop
 endfacet
 facet normal  0.000000e+00  3.348796e-01 -9.422609e-01
   outer loop
     vertex  5.000000e+00 -2.399876e+00  2.507824e+01
     vertex  0.000000e+00 -2.370275e+00  2.508876e+01
     vertex  5.000000e+00 -2.370275e+00  2.508876e+01
   endloop
 endfacet
 facet normal  0.000000e+00  3.604923e-01 -9.327622e-01
   outer loop
     vertex  5.000000e+00 -2.429179e+00  2.506691e+01
     vertex  0.000000e+00 -2.429179e+00  2.506691e+01
     vertex  0.000000e+00 -2.399876e+00  2.507824e+01
   endloop
 endfacet
 facet normal  0.000000e+00  3.604923e-01 -9.327622e-01
   outer loop
     vertex  5.000000e+00 -2.429179e+00  2.506691e+01
     vertex  0.000000e+00 -2.399876e+00  2.507824e+01
     vertex  5.000000e+00 -2.399876e+00  2.507824e+01
   endloop
 endfacet
 facet normal  0.000000e+00  3.858360e-01 -9.225674e-01
   outer loop
     vertex  5.000000e+00 -2.458161e+00  2.505479e+01
     vertex  0.000000e+00 -2.458161e+00  2.505479e+01
     vertex  0.000000e+00 -2.429179e+00  2.506691e+01
   endloop
 endfacet
 facet normal  0.000000e+00  4.108918e-01 -9.116841e-01
   outer loop
     vertex  5.000000e+00 -2.458161e+00  2.505479e+01
     vertex  0.000000e+00 -2.486802e+00  2.504188e+01
     vertex  0.000000e+00 -2.458161e+00  2.505479e+01
   endloop
 endfacet
 facet normal  0.000000e+00  3.858360e-01 -9.225674e-01
   outer loop
     vertex  5.000000e+00 -2.458161e+00  2.505479e+01
     vertex  0.000000e+00 -2.429179e+00  2.506691e+01
     vertex  5.000000e+00 -2.429179e+00  2.506691e+01
   endloop
 endfacet
 facet normal  0.000000e+00  4.356410e-01 -9.001205e-01
   outer loop
     vertex  5.000000e+00 -2.486802e+00  2.504188e+01
     vertex  0.000000e+00 -2.515079e+00  2.502820e+01
     vertex  0.000000e+00 -2.486802e+00  2.504188e+01
   endloop
 endfacet
 facet normal  0.000000e+00  4.108918e-01 -9.116841e-01
   outer loop
     vertex  5.000000e+00 -2.486802e+00  2.504188e+01
     vertex  0.000000e+00 -2.486802e+00  2.504188e+01
     vertex  5.000000e+00 -2.458161e+00  2.505479e+01
   endloop
 endfacet
 facet normal  0.000000e+00  4.356410e-01 -9.001205e-01
   outer loop
     vertex  5.000000e+00 -2.515079e+00  2.502820e+01
     vertex  0.000000e+00 -2.515079e+00  2.502820e+01
     vertex  5.000000e+00 -2.486802e+00  2.504188e+01
   endloop
 endfacet
 facet normal  0.000000e+00  4.600650e-01 -8.878852e-01
   outer loop
     vertex  5.000000e+00 -2.542972e+00  2.501375e+01
     vertex  0.000000e+00 -2.515079e+00  2.502820e+01
     vertex  5.000000e+00 -2.515079e+00  2.502820e+01
   endloop
 endfacet
 facet normal  0.000000e+00  4.600650e-01 -8.878852e-01
   outer loop
     vertex  5.000000e+00 -2.542972e+00  2.501375e+01
     vertex  0.000000e+00 -2.542972e+00  2.501375e+01
     vertex  0.000000e+00 -2.515079e+00  2.502820e+01
   endloop
 endfacet
 facet normal  0.000000e+00  4.841458e-01 -8.749873e-01
   outer loop
     vertex  5.000000e+00 -2.570460e+00  2.499854e+01
     vertex  0.000000e+00 -2.542972e+00  2.501375e+01
     vertex  5.000000e+00 -2.542972e+00  2.501375e+01
   endloop
 endfacet
 facet normal  0.000000e+00  4.841458e-01 -8.749873e-01
   outer loop
     vertex  5.000000e+00 -2.570460e+00  2.499854e+01
     vertex  0.000000e+00 -2.570460e+00  2.499854e+01
     vertex  0.000000e+00 -2.542972e+00  2.501375e+01
   endloop
 endfacet
 facet normal  0.000000e+00  5.078652e-01 -8.614365e-01
   outer loop
     vertex  5.000000e+00 -2.597522e+00  2.498258e+01
     vertex  0.000000e+00 -2.570460e+00  2.499854e+01
     vertex  5.000000e+00 -2.570460e+00  2.499854e+01
   endloop
 endfacet
 facet normal  0.000000e+00  5.078652e-01 -8.614365e-01
   outer loop
     vertex  5.000000e+00 -2.597522e+00  2.498258e+01
     vertex  0.000000e+00 -2.597522e+00  2.498258e+01
     vertex  0.000000e+00 -2.570460e+00  2.499854e+01
   endloop
 endfacet
 facet normal  0.000000e+00  5.312057e-01 -8.472429e-01
   outer loop
     vertex  5.000000e+00 -2.624138e+00  2.496589e+01
     vertex  0.000000e+00 -2.597522e+00  2.498258e+01
     vertex  5.000000e+00 -2.597522e+00  2.498258e+01
   endloop
 endfacet
 facet normal  0.000000e+00  5.312057e-01 -8.472429e-01
   outer loop
     vertex  5.000000e+00 -2.624138e+00  2.496589e+01
     vertex  0.000000e+00 -2.624138e+00  2.496589e+01
     vertex  0.000000e+00 -2.597522e+00  2.498258e+01
   endloop
 endfacet
 facet normal  0.000000e+00  5.541498e-01 -8.324170e-01
   outer loop
     vertex  5.000000e+00 -2.650288e+00  2.494849e+01
     vertex  0.000000e+00 -2.624138e+00  2.496589e+01
     vertex  5.000000e+00 -2.624138e+00  2.496589e+01
   endloop
 endfacet
 facet normal  0.000000e+00  5.541498e-01 -8.324170e-01
   outer loop
     vertex  5.000000e+00 -2.650288e+00  2.494849e+01
     vertex  0.000000e+00 -2.650288e+00  2.494849e+01
     vertex  0.000000e+00 -2.624138e+00  2.496589e+01
   endloop
 endfacet
 facet normal  0.000000e+00  5.766803e-01 -8.169699e-01
   outer loop
     vertex  5.000000e+00 -2.650288e+00  2.494849e+01
     vertex  0.000000e+00 -2.675953e+00  2.493037e+01
     vertex  0.000000e+00 -2.650288e+00  2.494849e+01
   endloop
 endfacet
 facet normal  0.000000e+00  5.766803e-01 -8.169699e-01
   outer loop
     vertex  5.000000e+00 -2.675953e+00  2.493037e+01
     vertex  0.000000e+00 -2.675953e+00  2.493037e+01
     vertex  5.000000e+00 -2.650288e+00  2.494849e+01
   endloop
 endfacet
 facet normal  0.000000e+00  5.987805e-01 -8.009132e-01
   outer loop
     vertex  5.000000e+00 -2.701114e+00  2.491156e+01
     vertex  0.000000e+00 -2.675953e+00  2.493037e+01
     vertex  5.000000e+00 -2.675953e+00  2.493037e+01
   endloop
 endfacet
 facet normal  0.000000e+00  5.987805e-01 -8.009132e-01
   outer loop
     vertex  5.000000e+00 -2.701114e+00  2.491156e+01
     vertex  0.000000e+00 -2.701114e+00  2.491156e+01
     vertex  0.000000e+00 -2.675953e+00  2.493037e+01
   endloop
 endfacet
 facet normal  0.000000e+00  6.204339e-01 -7.842588e-01
   outer loop
     vertex  5.000000e+00 -2.701114e+00  2.491156e+01
     vertex  0.000000e+00 -2.725751e+00  2.489207e+01
     vertex  0.000000e+00 -2.701114e+00  2.491156e+01
   endloop
 endfacet
 facet normal  0.000000e+00  6.204339e-01 -7.842588e-01
   outer loop
     vertex  5.000000e+00 -2.725751e+00  2.489207e+01
     vertex  0.000000e+00 -2.725751e+00  2.489207e+01
     vertex  5.000000e+00 -2.701114e+00  2.491156e+01
   endloop
 endfacet
 facet normal  0.000000e+00  6.416243e-01 -7.670191e-01
   outer loop
     vertex  5.000000e+00 -2.749847e+00  2.487191e+01
     vertex  0.000000e+00 -2.725751e+00  2.489207e+01
     vertex  5.000000e+00 -2.725751e+00  2.489207e+01
   endloop
 endfacet
 facet normal  0.000000e+00  6.416243e-01 -7.670191e-01
   outer loop
     vertex  5.000000e+00 -2.749847e+00  2.487191e+01
     vertex  0.000000e+00 -2.749847e+00  2.487191e+01
     vertex  0.000000e+00 -2.725751e+00  2.489207e+01
   endloop
 endfacet
 facet normal  0.000000e+00  6.623358e-01 -7.492071e-01
   outer loop
     vertex  5.000000e+00 -2.773383e+00  2.485110e+01
     vertex  0.000000e+00 -2.773383e+00  2.485110e+01
     vertex  0.000000e+00 -2.749847e+00  2.487191e+01
   endloop
 endfacet
 facet normal  0.000000e+00  6.623358e-01 -7.492071e-01
   outer loop
     vertex  5.000000e+00 -2.773383e+00  2.485110e+01
     vertex  0.000000e+00 -2.749847e+00  2.487191e+01
     vertex  5.000000e+00 -2.749847e+00  2.487191e+01
   endloop
 endfacet
 facet normal  0.000000e+00  6.825531e-01 -7.308360e-01
   outer loop
     vertex  5.000000e+00 -2.796342e+00  2.482966e+01
     vertex  0.000000e+00 -2.796342e+00  2.482966e+01
     vertex  0.000000e+00 -2.773383e+00  2.485110e+01
   endloop
 endfacet
 facet normal  0.000000e+00  6.825531e-01 -7.308360e-01
   outer loop
     vertex  5.000000e+00 -2.796342e+00  2.482966e+01
     vertex  0.000000e+00 -2.773383e+00  2.485110e+01
     vertex  5.000000e+00 -2.773383e+00  2.485110e+01
   endloop
 endfacet
 facet normal  0.000000e+00  7.022611e-01 -7.119195e-01
   outer loop
     vertex  5.000000e+00 -2.818707e+00  2.480760e+01
     vertex  0.000000e+00 -2.818707e+00  2.480760e+01
     vertex  0.000000e+00 -2.796342e+00  2.482966e+01
   endloop
 endfacet
 facet normal  0.000000e+00  7.214450e-01 -6.924717e-01
   outer loop
     vertex  5.000000e+00 -2.818707e+00  2.480760e+01
     vertex  0.000000e+00 -2.840461e+00  2.478494e+01
     vertex  0.000000e+00 -2.818707e+00  2.480760e+01
   endloop
 endfacet
 facet normal  0.000000e+00  7.022611e-01 -7.119195e-01
   outer loop
     vertex  5.000000e+00 -2.818707e+00  2.480760e+01
     vertex  0.000000e+00 -2.796342e+00  2.482966e+01
     vertex  5.000000e+00 -2.796342e+00  2.482966e+01
   endloop
 endfacet
 facet normal  0.000000e+00  7.214450e-01 -6.924717e-01
   outer loop
     vertex  5.000000e+00 -2.840461e+00  2.478494e+01
     vertex  0.000000e+00 -2.840461e+00  2.478494e+01
     vertex  5.000000e+00 -2.818707e+00  2.480760e+01
   endloop
 endfacet
 facet normal  0.000000e+00  7.400906e-01 -6.725072e-01
   outer loop
     vertex  5.000000e+00 -2.861588e+00  2.476169e+01
     vertex  0.000000e+00 -2.861588e+00  2.476169e+01
     vertex  0.000000e+00 -2.840461e+00  2.478494e+01
   endloop
 endfacet
 facet normal  0.000000e+00  7.581838e-01 -6.520409e-01
   outer loop
     vertex  5.000000e+00 -2.861588e+00  2.476169e+01
     vertex  0.000000e+00 -2.882072e+00  2.473787e+01
     vertex  0.000000e+00 -2.861588e+00  2.476169e+01
   endloop
 endfacet
 facet normal  0.000000e+00  7.400906e-01 -6.725072e-01
   outer loop
     vertex  5.000000e+00 -2.861588e+00  2.476169e+01
     vertex  0.000000e+00 -2.840461e+00  2.478494e+01
     vertex  5.000000e+00 -2.840461e+00  2.478494e+01
   endloop
 endfacet
 facet normal  0.000000e+00  7.581838e-01 -6.520409e-01
   outer loop
     vertex  5.000000e+00 -2.882072e+00  2.473787e+01
     vertex  0.000000e+00 -2.882072e+00  2.473787e+01
     vertex  5.000000e+00 -2.861588e+00  2.476169e+01
   endloop
 endfacet
 facet normal  0.000000e+00  7.757113e-01 -6.310879e-01
   outer loop
     vertex  5.000000e+00 -2.901898e+00  2.471350e+01
     vertex  0.000000e+00 -2.901898e+00  2.471350e+01
     vertex  0.000000e+00 -2.882072e+00  2.473787e+01
   endloop
 endfacet
 facet normal  0.000000e+00  7.757113e-01 -6.310879e-01
   outer loop
     vertex  5.000000e+00 -2.901898e+00  2.471350e+01
     vertex  0.000000e+00 -2.882072e+00  2.473787e+01
     vertex  5.000000e+00 -2.882072e+00  2.473787e+01
   endloop
 endfacet
 facet normal  0.000000e+00  7.926599e-01 -6.096641e-01
   outer loop
     vertex  5.000000e+00 -2.921050e+00  2.468860e+01
     vertex  0.000000e+00 -2.921050e+00  2.468860e+01
     vertex  0.000000e+00 -2.901898e+00  2.471350e+01
   endloop
 endfacet
 facet normal  0.000000e+00  7.926599e-01 -6.096641e-01
   outer loop
     vertex  5.000000e+00 -2.921050e+00  2.468860e+01
     vertex  0.000000e+00 -2.901898e+00  2.471350e+01
     vertex  5.000000e+00 -2.901898e+00  2.471350e+01
   endloop
 endfacet
 facet normal  0.000000e+00  8.090170e-01 -5.877853e-01
   outer loop
     vertex  5.000000e+00 -2.939515e+00  2.466318e+01
     vertex  0.000000e+00 -2.939515e+00  2.466318e+01
     vertex  0.000000e+00 -2.921050e+00  2.468860e+01
   endloop
 endfacet
 facet normal  0.000000e+00  8.247704e-01 -5.654678e-01
   outer loop
     vertex  5.000000e+00 -2.939515e+00  2.466318e+01
     vertex  0.000000e+00 -2.957280e+00  2.463727e+01
     vertex  0.000000e+00 -2.939515e+00  2.466318e+01
   endloop
 endfacet
 facet normal  0.000000e+00  8.090170e-01 -5.877853e-01
   outer loop
     vertex  5.000000e+00 -2.939515e+00  2.466318e+01
     vertex  0.000000e+00 -2.921050e+00  2.468860e+01
     vertex  5.000000e+00 -2.921050e+00  2.468860e+01
   endloop
 endfacet
 facet normal  0.000000e+00  8.247704e-01 -5.654678e-01
   outer loop
     vertex  5.000000e+00 -2.957280e+00  2.463727e+01
     vertex  0.000000e+00 -2.957280e+00  2.463727e+01
     vertex  5.000000e+00 -2.939515e+00  2.466318e+01
   endloop
 endfacet
 facet normal  0.000000e+00  8.399083e-01 -5.427284e-01
   outer loop
     vertex  5.000000e+00 -2.974329e+00  2.461089e+01
     vertex  0.000000e+00 -2.974329e+00  2.461089e+01
     vertex  0.000000e+00 -2.957280e+00  2.463727e+01
   endloop
 endfacet
 facet normal  0.000000e+00  8.544194e-01 -5.195840e-01
   outer loop
     vertex  5.000000e+00 -2.974329e+00  2.461089e+01
     vertex  0.000000e+00 -2.990652e+00  2.458405e+01
     vertex  0.000000e+00 -2.974329e+00  2.461089e+01
   endloop
 endfacet
 facet normal  0.000000e+00  8.399083e-01 -5.427284e-01
   outer loop
     vertex  5.000000e+00 -2.974329e+00  2.461089e+01
     vertex  0.000000e+00 -2.957280e+00  2.463727e+01
     vertex  5.000000e+00 -2.957280e+00  2.463727e+01
   endloop
 endfacet
 facet normal  0.000000e+00  8.544194e-01 -5.195840e-01
   outer loop
     vertex  5.000000e+00 -2.990652e+00  2.458405e+01
     vertex  0.000000e+00 -2.990652e+00  2.458405e+01
     vertex  5.000000e+00 -2.974329e+00  2.461089e+01
   endloop
 endfacet
 facet normal  0.000000e+00  8.682929e-01 -4.960518e-01
   outer loop
     vertex  5.000000e+00 -3.006235e+00  2.455677e+01
     vertex  0.000000e+00 -3.006235e+00  2.455677e+01
     vertex  0.000000e+00 -2.990652e+00  2.458405e+01
   endloop
 endfacet
 facet normal  0.000000e+00  8.682929e-01 -4.960518e-01
   outer loop
     vertex  5.000000e+00 -3.006235e+00  2.455677e+01
     vertex  0.000000e+00 -2.990652e+00  2.458405e+01
     vertex  5.000000e+00 -2.990652e+00  2.458405e+01
   endloop
 endfacet
 facet normal  0.000000e+00  8.815185e-01 -4.721495e-01
   outer loop
     vertex  5.000000e+00 -3.021068e+00  2.452907e+01
     vertex  0.000000e+00 -3.021068e+00  2.452907e+01
     vertex  0.000000e+00 -3.006235e+00  2.455677e+01
   endloop
 endfacet
 facet normal  0.000000e+00  8.940863e-01 -4.478948e-01
   outer loop
     vertex  5.000000e+00 -3.021068e+00  2.452907e+01
     vertex  0.000000e+00 -3.035139e+00  2.450099e+01
     vertex  0.000000e+00 -3.021068e+00  2.452907e+01
   endloop
 endfacet
 facet normal  0.000000e+00  8.815185e-01 -4.721495e-01
   outer loop
     vertex  5.000000e+00 -3.021068e+00  2.452907e+01
     vertex  0.000000e+00 -3.006235e+00  2.455677e+01
     vertex  5.000000e+00 -3.006235e+00  2.455677e+01
   endloop
 endfacet
 facet normal  0.000000e+00  8.940863e-01 -4.478948e-01
   outer loop
     vertex  5.000000e+00 -3.035139e+00  2.450099e+01
     vertex  0.000000e+00 -3.035139e+00  2.450099e+01
     vertex  5.000000e+00 -3.021068e+00  2.452907e+01
   endloop
 endfacet
 facet normal  0.000000e+00  9.059868e-01 -4.233059e-01
   outer loop
     vertex  5.000000e+00 -3.048437e+00  2.447253e+01
     vertex  0.000000e+00 -3.048437e+00  2.447253e+01
     vertex  0.000000e+00 -3.035139e+00  2.450099e+01
   endloop
 endfacet
 facet normal  0.000000e+00  9.059868e-01 -4.233059e-01
   outer loop
     vertex  5.000000e+00 -3.048437e+00  2.447253e+01
     vertex  0.000000e+00 -3.035139e+00  2.450099e+01
     vertex  5.000000e+00 -3.035139e+00  2.450099e+01
   endloop
 endfacet
 facet normal  0.000000e+00  9.172113e-01 -3.984011e-01
   outer loop
     vertex  5.000000e+00 -3.060952e+00  2.444371e+01
     vertex  0.000000e+00 -3.048437e+00  2.447253e+01
     vertex  5.000000e+00 -3.048437e+00  2.447253e+01
   endloop
 endfacet
 facet normal  0.000000e+00  9.172113e-01 -3.984011e-01
   outer loop
     vertex  5.000000e+00 -3.060952e+00  2.444371e+01
     vertex  0.000000e+00 -3.060952e+00  2.444371e+01
     vertex  0.000000e+00 -3.048437e+00  2.447253e+01
   endloop
 endfacet
 facet normal  0.000000e+00  9.277513e-01 -3.731990e-01
   outer loop
     vertex  5.000000e+00 -3.072677e+00  2.441457e+01
     vertex  0.000000e+00 -3.060952e+00  2.444371e+01
     vertex  5.000000e+00 -3.060952e+00  2.444371e+01
   endloop
 endfacet
 facet normal  0.000000e+00  9.277513e-01 -3.731990e-01
   outer loop
     vertex  5.000000e+00 -3.072677e+00  2.441457e+01
     vertex  0.000000e+00 -3.072677e+00  2.441457e+01
     vertex  0.000000e+00 -3.060952e+00  2.444371e+01
   endloop
 endfacet
 facet normal  0.000000e+00  9.375990e-01 -3.477184e-01
   outer loop
     vertex  5.000000e+00 -3.083600e+00  2.438511e+01
     vertex  0.000000e+00 -3.072677e+00  2.441457e+01
     vertex  5.000000e+00 -3.072677e+00  2.441457e+01
   endloop
 endfacet
 facet normal  0.000000e+00  9.375990e-01 -3.477184e-01
   outer loop
     vertex  5.000000e+00 -3.083600e+00  2.438511e+01
     vertex  0.000000e+00 -3.083600e+00  2.438511e+01
     vertex  0.000000e+00 -3.072677e+00  2.441457e+01
   endloop
 endfacet
 facet normal  0.000000e+00  9.467470e-01 -3.219783e-01
   outer loop
     vertex  5.000000e+00 -3.093715e+00  2.435537e+01
     vertex  0.000000e+00 -3.083600e+00  2.438511e+01
     vertex  5.000000e+00 -3.083600e+00  2.438511e+01
   endloop
 endfacet
 facet normal  0.000000e+00  9.467470e-01 -3.219783e-01
   outer loop
     vertex  5.000000e+00 -3.093715e+00  2.435537e+01
     vertex  0.000000e+00 -3.093715e+00  2.435537e+01
     vertex  0.000000e+00 -3.083600e+00  2.438511e+01
   endloop
 endfacet
 facet normal  0.000000e+00  9.551886e-01 -2.959980e-01
   outer loop
     vertex  5.000000e+00 -3.103014e+00  2.432536e+01
     vertex  0.000000e+00 -3.093715e+00  2.435537e+01
     vertex  5.000000e+00 -3.093715e+00  2.435537e+01
   endloop
 endfacet
 facet normal  0.000000e+00  9.551886e-01 -2.959980e-01
   outer loop
     vertex  5.000000e+00 -3.103014e+00  2.432536e+01
     vertex  0.000000e+00 -3.103014e+00  2.432536e+01
     vertex  0.000000e+00 -3.093715e+00  2.435537e+01
   endloop
 endfacet
 facet normal  0.000000e+00  9.629173e-01 -2.697968e-01
   outer loop
     vertex  5.000000e+00 -3.111489e+00  2.429511e+01
     vertex  0.000000e+00 -3.103014e+00  2.432536e+01
     vertex  5.000000e+00 -3.103014e+00  2.432536e+01
   endloop
 endfacet
 facet normal  0.000000e+00  9.629173e-01 -2.697968e-01
   outer loop
     vertex  5.000000e+00 -3.111489e+00  2.429511e+01
     vertex  0.000000e+00 -3.111489e+00  2.429511e+01
     vertex  0.000000e+00 -3.103014e+00  2.432536e+01
   endloop
 endfacet
 facet normal  0.000000e+00  9.699274e-01 -2.433942e-01
   outer loop
     vertex  5.000000e+00 -3.119136e+00  2.426464e+01
     vertex  0.000000e+00 -3.111489e+00  2.429511e+01
     vertex  5.000000e+00 -3.111489e+00  2.429511e+01
   endloop
 endfacet
 facet normal  0.000000e+00  9.699274e-01 -2.433942e-01
   outer loop
     vertex  5.000000e+00 -3.119136e+00  2.426464e+01
     vertex  0.000000e+00 -3.119136e+00  2.426464e+01
     vertex  0.000000e+00 -3.111489e+00  2.429511e+01
   endloop
 endfacet
 facet normal  0.000000e+00  9.762138e-01 -2.168100e-01
   outer loop
     vertex  5.000000e+00 -3.119136e+00  2.426464e+01
     vertex  0.000000e+00 -3.125947e+00  2.423397e+01
     vertex  0.000000e+00 -3.119136e+00  2.426464e+01
   endloop
 endfacet
 facet normal  0.000000e+00  9.762138e-01 -2.168100e-01
   outer loop
     vertex  5.000000e+00 -3.125947e+00  2.423397e+01
     vertex  0.000000e+00 -3.125947e+00  2.423397e+01
     vertex  5.000000e+00 -3.119136e+00  2.426464e+01
   endloop
 endfacet
 facet normal  0.000000e+00  9.817717e-01 -1.900640e-01
   outer loop
     vertex  5.000000e+00 -3.125947e+00  2.423397e+01
     vertex  0.000000e+00 -3.131918e+00  2.420313e+01
     vertex  0.000000e+00 -3.125947e+00  2.423397e+01
   endloop
 endfacet
 facet normal  0.000000e+00  9.817717e-01 -1.900640e-01
   outer loop
     vertex  5.000000e+00 -3.131918e+00  2.420313e+01
     vertex  0.000000e+00 -3.131918e+00  2.420313e+01
     vertex  5.000000e+00 -3.125947e+00  2.423397e+01
   endloop
 endfacet
 facet normal  0.000000e+00  9.865969e-01 -1.631762e-01
   outer loop
     vertex  5.000000e+00 -3.137044e+00  2.417214e+01
     vertex  0.000000e+00 -3.131918e+00  2.420313e+01
     vertex  5.000000e+00 -3.131918e+00  2.420313e+01
   endloop
 endfacet
 facet normal  0.000000e+00  9.865969e-01 -1.631762e-01
   outer loop
     vertex  5.000000e+00 -3.137044e+00  2.417214e+01
     vertex  0.000000e+00 -3.137044e+00  2.417214e+01
     vertex  0.000000e+00 -3.131918e+00  2.420313e+01
   endloop
 endfacet
 facet normal  0.000000e+00  9.906859e-01 -1.361666e-01
   outer loop
     vertex  5.000000e+00 -3.137044e+00  2.417214e+01
     vertex  0.000000e+00 -3.141321e+00  2.414102e+01
     vertex  0.000000e+00 -3.137044e+00  2.417214e+01
   endloop
 endfacet
 facet normal  0.000000e+00  9.906859e-01 -1.361666e-01
   outer loop
     vertex  5.000000e+00 -3.141321e+00  2.414102e+01
     vertex  0.000000e+00 -3.141321e+00  2.414102e+01
     vertex  5.000000e+00 -3.137044e+00  2.417214e+01
   endloop
 endfacet
 facet normal  0.000000e+00  9.940357e-01 -1.090555e-01
   outer loop
     vertex  5.000000e+00 -3.144747e+00  2.410979e+01
     vertex  0.000000e+00 -3.141321e+00  2.414102e+01
     vertex  5.000000e+00 -3.141321e+00  2.414102e+01
   endloop
 endfacet
 facet normal  0.000000e+00  9.940357e-01 -1.090555e-01
   outer loop
     vertex  5.000000e+00 -3.144747e+00  2.410979e+01
     vertex  0.000000e+00 -3.144747e+00  2.410979e+01
     vertex  0.000000e+00 -3.141321e+00  2.414102e+01
   endloop
 endfacet
 facet normal  0.000000e+00  9.966436e-01 -8.186288e-02
   outer loop
     vertex  5.000000e+00 -3.147319e+00  2.407848e+01
     vertex  0.000000e+00 -3.144747e+00  2.410979e+01
     vertex  5.000000e+00 -3.144747e+00  2.410979e+01
   endloop
 endfacet
 facet normal  0.000000e+00  9.966436e-01 -8.186288e-02
   outer loop
     vertex  5.000000e+00 -3.147319e+00  2.407848e+01
     vertex  0.000000e+00 -3.147319e+00  2.407848e+01
     vertex  0.000000e+00 -3.144747e+00  2.410979e+01
   endloop
 endfacet
 facet normal  0.000000e+00  9.985078e-01 -5.460922e-02
   outer loop
     vertex  5.000000e+00 -3.149035e+00  2.404711e+01
     vertex  0.000000e+00 -3.147319e+00  2.407848e+01
     vertex  5.000000e+00 -3.147319e+00  2.407848e+01
   endloop
 endfacet
 facet normal  0.000000e+00  9.985078e-01 -5.460922e-02
   outer loop
     vertex  5.000000e+00 -3.149035e+00  2.404711e+01
     vertex  0.000000e+00 -3.149035e+00  2.404711e+01
     vertex  0.000000e+00 -3.147319e+00  2.407848e+01
   endloop
 endfacet
 facet normal  0.000000e+00  9.996269e-01 -2.731480e-02
   outer loop
     vertex  5.000000e+00 -3.149893e+00  2.401571e+01
     vertex  0.000000e+00 -3.149035e+00  2.404711e+01
     vertex  5.000000e+00 -3.149035e+00  2.404711e+01
   endloop
 endfacet
 facet normal  0.000000e+00  9.996269e-01 -2.731480e-02
   outer loop
     vertex  5.000000e+00 -3.149893e+00  2.401571e+01
     vertex  0.000000e+00 -3.149893e+00  2.401571e+01
     vertex  0.000000e+00 -3.149035e+00  2.404711e+01
   endloop
 endfacet
 facet normal  0.000000e+00  1.000000e+00 -0.000000e+00
   outer loop
     vertex  5.000000e+00 -3.149893e+00  2.398429e+01
     vertex  0.000000e+00 -3.149893e+00  2.401571e+01
     vertex  5.000000e+00 -3.149893e+00  2.401571e+01
   endloop
 endfacet
 facet normal  0.000000e+00  1.000000e+00  0.000000e+00
   outer loop
     vertex  5.000000e+00 -3.149893e+00  2.398429e+01
     vertex  0.000000e+00 -3.149893e+00  2.398429e+01
     vertex  0.000000e+00 -3.149893e+00  2.401571e+01
   endloop
 endfacet
 facet normal  0.000000e+00  9.996269e-01  2.731480e-02
   outer loop
     vertex  5.000000e+00 -3.149035e+00  2.395289e+01
     vertex  0.000000e+00 -3.149893e+00  2.398429e+01
     vertex  5.000000e+00 -3.149893e+00  2.398429e+01
   endloop
 endfacet
 facet normal  0.000000e+00  9.996269e-01  2.731480e-02
   outer loop
     vertex  5.000000e+00 -3.149035e+00  2.395289e+01
     vertex  0.000000e+00 -3.149035e+00  2.395289e+01
     vertex  0.000000e+00 -3.149893e+00  2.398429e+01
   endloop
 endfacet
 facet normal  0.000000e+00  9.985078e-01  5.460922e-02
   outer loop
     vertex  5.000000e+00 -3.147319e+00  2.392152e+01
     vertex  0.000000e+00 -3.147319e+00  2.392152e+01
     vertex  0.000000e+00 -3.149035e+00  2.395289e+01
   endloop
 endfacet
 facet normal  0.000000e+00  9.985078e-01  5.460922e-02
   outer loop
     vertex  5.000000e+00 -3.147319e+00  2.392152e+01
     vertex  0.000000e+00 -3.149035e+00  2.395289e+01
     vertex  5.000000e+00 -3.149035e+00  2.395289e+01
   endloop
 endfacet
 facet normal  0.000000e+00  9.966436e-01  8.186288e-02
   outer loop
     vertex  5.000000e+00 -3.144747e+00  2.389021e+01
     vertex  0.000000e+00 -3.144747e+00  2.389021e+01
     vertex  0.000000e+00 -3.147319e+00  2.392152e+01
   endloop
 endfacet
 facet normal  0.000000e+00  9.966436e-01  8.186288e-02
   outer loop
     vertex  5.000000e+00 -3.144747e+00  2.389021e+01
     vertex  0.000000e+00 -3.147319e+00  2.392152e+01
     vertex  5.000000e+00 -3.147319e+00  2.392152e+01
   endloop
 endfacet
 facet normal  0.000000e+00  9.940357e-01  1.090555e-01
   outer loop
     vertex  5.000000e+00 -3.144747e+00  2.389021e+01
     vertex  0.000000e+00 -3.141321e+00  2.385898e+01
     vertex  0.000000e+00 -3.144747e+00  2.389021e+01
   endloop
 endfacet
 facet normal  0.000000e+00  9.940357e-01  1.090555e-01
   outer loop
     vertex  5.000000e+00 -3.141321e+00  2.385898e+01
     vertex  0.000000e+00 -3.141321e+00  2.385898e+01
     vertex  5.000000e+00 -3.144747e+00  2.389021e+01
   endloop
 endfacet
 facet normal  0.000000e+00  9.906859e-01  1.361666e-01
   outer loop
     vertex  5.000000e+00 -3.137044e+00  2.382786e+01
     vertex  0.000000e+00 -3.137044e+00  2.382786e+01
     vertex  0.000000e+00 -3.141321e+00  2.385898e+01
   endloop
 endfacet
 facet normal  0.000000e+00  9.906859e-01  1.361666e-01
   outer loop
     vertex  5.000000e+00 -3.137044e+00  2.382786e+01
     vertex  0.000000e+00 -3.141321e+00  2.385898e+01
     vertex  5.000000e+00 -3.141321e+00  2.385898e+01
   endloop
 endfacet
 facet normal  0.000000e+00  9.865969e-01  1.631762e-01
   outer loop
     vertex  5.000000e+00 -3.131918e+00  2.379687e+01
     vertex  0.000000e+00 -3.131918e+00  2.379687e+01
     vertex  0.000000e+00 -3.137044e+00  2.382786e+01
   endloop
 endfacet
 facet normal  0.000000e+00  9.865969e-01  1.631762e-01
   outer loop
     vertex  5.000000e+00 -3.131918e+00  2.379687e+01
     vertex  0.000000e+00 -3.137044e+00  2.382786e+01
     vertex  5.000000e+00 -3.137044e+00  2.382786e+01
   endloop
 endfacet
 facet normal  0.000000e+00  9.817717e-01  1.900640e-01
   outer loop
     vertex  5.000000e+00 -3.125947e+00  2.376603e+01
     vertex  0.000000e+00 -3.125947e+00  2.376603e+01
     vertex  0.000000e+00 -3.131918e+00  2.379687e+01
   endloop
 endfacet
 facet normal  0.000000e+00  9.817717e-01  1.900640e-01
   outer loop
     vertex  5.000000e+00 -3.125947e+00  2.376603e+01
     vertex  0.000000e+00 -3.131918e+00  2.379687e+01
     vertex  5.000000e+00 -3.131918e+00  2.379687e+01
   endloop
 endfacet
 facet normal  0.000000e+00  9.762138e-01  2.168100e-01
   outer loop
     vertex  5.000000e+00 -3.119136e+00  2.373536e+01
     vertex  0.000000e+00 -3.119136e+00  2.373536e+01
     vertex  0.000000e+00 -3.125947e+00  2.376603e+01
   endloop
 endfacet
 facet normal  0.000000e+00  9.762138e-01  2.168100e-01
   outer loop
     vertex  5.000000e+00 -3.119136e+00  2.373536e+01
     vertex  0.000000e+00 -3.125947e+00  2.376603e+01
     vertex  5.000000e+00 -3.125947e+00  2.376603e+01
   endloop
 endfacet
 facet normal  0.000000e+00  9.699274e-01  2.433942e-01
   outer loop
     vertex  5.000000e+00 -3.111489e+00  2.370489e+01
     vertex  0.000000e+00 -3.119136e+00  2.373536e+01
     vertex  5.000000e+00 -3.119136e+00  2.373536e+01
   endloop
 endfacet
 facet normal  0.000000e+00  9.699274e-01  2.433942e-01
   outer loop
     vertex  5.000000e+00 -3.111489e+00  2.370489e+01
     vertex  0.000000e+00 -3.111489e+00  2.370489e+01
     vertex  0.000000e+00 -3.119136e+00  2.373536e+01
   endloop
 endfacet
 facet normal  0.000000e+00  9.629173e-01  2.697968e-01
   outer loop
     vertex  5.000000e+00 -3.103014e+00  2.367464e+01
     vertex  0.000000e+00 -3.111489e+00  2.370489e+01
     vertex  5.000000e+00 -3.111489e+00  2.370489e+01
   endloop
 endfacet
 facet normal  0.000000e+00  9.629173e-01  2.697968e-01
   outer loop
     vertex  5.000000e+00 -3.103014e+00  2.367464e+01
     vertex  0.000000e+00 -3.103014e+00  2.367464e+01
     vertex  0.000000e+00 -3.111489e+00  2.370489e+01
   endloop
 endfacet
 facet normal  0.000000e+00  9.551886e-01  2.959980e-01
   outer loop
     vertex  5.000000e+00 -3.093715e+00  2.364463e+01
     vertex  0.000000e+00 -3.103014e+00  2.367464e+01
     vertex  5.000000e+00 -3.103014e+00  2.367464e+01
   endloop
 endfacet
 facet normal  0.000000e+00  9.551886e-01  2.959980e-01
   outer loop
     vertex  5.000000e+00 -3.093715e+00  2.364463e+01
     vertex  0.000000e+00 -3.093715e+00  2.364463e+01
     vertex  0.000000e+00 -3.103014e+00  2.367464e+01
   endloop
 endfacet
 facet normal  0.000000e+00  9.467470e-01  3.219783e-01
   outer loop
     vertex  5.000000e+00 -3.083600e+00  2.361489e+01
     vertex  0.000000e+00 -3.093715e+00  2.364463e+01
     vertex  5.000000e+00 -3.093715e+00  2.364463e+01
   endloop
 endfacet
 facet normal  0.000000e+00  9.467470e-01  3.219783e-01
   outer loop
     vertex  5.000000e+00 -3.083600e+00  2.361489e+01
     vertex  0.000000e+00 -3.083600e+00  2.361489e+01
     vertex  0.000000e+00 -3.093715e+00  2.364463e+01
   endloop
 endfacet
 facet normal  0.000000e+00  9.375990e-01  3.477184e-01
   outer loop
     vertex  5.000000e+00 -3.083600e+00  2.361489e+01
     vertex  0.000000e+00 -3.072677e+00  2.358543e+01
     vertex  0.000000e+00 -3.083600e+00  2.361489e+01
   endloop
 endfacet
 facet normal  0.000000e+00  9.375990e-01  3.477184e-01
   outer loop
     vertex  5.000000e+00 -3.072677e+00  2.358543e+01
     vertex  0.000000e+00 -3.072677e+00  2.358543e+01
     vertex  5.000000e+00 -3.083600e+00  2.361489e+01
   endloop
 endfacet
 facet normal  0.000000e+00  9.277513e-01  3.731990e-01
   outer loop
     vertex  5.000000e+00 -3.060952e+00  2.355629e+01
     vertex  0.000000e+00 -3.072677e+00  2.358543e+01
     vertex  5.000000e+00 -3.072677e+00  2.358543e+01
   endloop
 endfacet
 facet normal  0.000000e+00  9.277513e-01  3.731990e-01
   outer loop
     vertex  5.000000e+00 -3.060952e+00  2.355629e+01
     vertex  0.000000e+00 -3.060952e+00  2.355629e+01
     vertex  0.000000e+00 -3.072677e+00  2.358543e+01
   endloop
 endfacet
 facet normal  0.000000e+00  9.172113e-01  3.984011e-01
   outer loop
     vertex  5.000000e+00 -3.048437e+00  2.352747e+01
     vertex  0.000000e+00 -3.060952e+00  2.355629e+01
     vertex  5.000000e+00 -3.060952e+00  2.355629e+01
   endloop
 endfacet
 facet normal  0.000000e+00  9.172113e-01  3.984011e-01
   outer loop
     vertex  5.000000e+00 -3.048437e+00  2.352747e+01
     vertex  0.000000e+00 -3.048437e+00  2.352747e+01
     vertex  0.000000e+00 -3.060952e+00  2.355629e+01
   endloop
 endfacet
 facet normal  0.000000e+00  9.059868e-01  4.233059e-01
   outer loop
     vertex  5.000000e+00 -3.035139e+00  2.349901e+01
     vertex  0.000000e+00 -3.048437e+00  2.352747e+01
     vertex  5.000000e+00 -3.048437e+00  2.352747e+01
   endloop
 endfacet
 facet normal  0.000000e+00  9.059868e-01  4.233059e-01
   outer loop
     vertex  5.000000e+00 -3.035139e+00  2.349901e+01
     vertex  0.000000e+00 -3.035139e+00  2.349901e+01
     vertex  0.000000e+00 -3.048437e+00  2.352747e+01
   endloop
 endfacet
 facet normal  0.000000e+00  8.940863e-01  4.478948e-01
   outer loop
     vertex  5.000000e+00 -3.021068e+00  2.347093e+01
     vertex  0.000000e+00 -3.035139e+00  2.349901e+01
     vertex  5.000000e+00 -3.035139e+00  2.349901e+01
   endloop
 endfacet
 facet normal  0.000000e+00  8.940863e-01  4.478948e-01
   outer loop
     vertex  5.000000e+00 -3.021068e+00  2.347093e+01
     vertex  0.000000e+00 -3.021068e+00  2.347093e+01
     vertex  0.000000e+00 -3.035139e+00  2.349901e+01
   endloop
 endfacet
 facet normal  0.000000e+00  8.815185e-01  4.721495e-01
   outer loop
     vertex  5.000000e+00 -3.006235e+00  2.344323e+01
     vertex  0.000000e+00 -3.021068e+00  2.347093e+01
     vertex  5.000000e+00 -3.021068e+00  2.347093e+01
   endloop
 endfacet
 facet normal  0.000000e+00  8.815185e-01  4.721495e-01
   outer loop
     vertex  5.000000e+00 -3.006235e+00  2.344323e+01
     vertex  0.000000e+00 -3.006235e+00  2.344323e+01
     vertex  0.000000e+00 -3.021068e+00  2.347093e+01
   endloop
 endfacet
 facet normal  0.000000e+00  8.682929e-01  4.960518e-01
   outer loop
     vertex  5.000000e+00 -2.990652e+00  2.341595e+01
     vertex  0.000000e+00 -3.006235e+00  2.344323e+01
     vertex  5.000000e+00 -3.006235e+00  2.344323e+01
   endloop
 endfacet
 facet normal  0.000000e+00  8.682929e-01  4.960518e-01
   outer loop
     vertex  5.000000e+00 -2.990652e+00  2.341595e+01
     vertex  0.000000e+00 -2.990652e+00  2.341595e+01
     vertex  0.000000e+00 -3.006235e+00  2.344323e+01
   endloop
 endfacet
 facet normal  0.000000e+00  8.544194e-01  5.195840e-01
   outer loop
     vertex  5.000000e+00 -2.974329e+00  2.338911e+01
     vertex  0.000000e+00 -2.990652e+00  2.341595e+01
     vertex  5.000000e+00 -2.990652e+00  2.341595e+01
   endloop
 endfacet
 facet normal  0.000000e+00  8.544194e-01  5.195840e-01
   outer loop
     vertex  5.000000e+00 -2.974329e+00  2.338911e+01
     vertex  0.000000e+00 -2.974329e+00  2.338911e+01
     vertex  0.000000e+00 -2.990652e+00  2.341595e+01
   endloop
 endfacet
 facet normal  0.000000e+00  8.399083e-01  5.427284e-01
   outer loop
     vertex  5.000000e+00 -2.957280e+00  2.336273e+01
     vertex  0.000000e+00 -2.974329e+00  2.338911e+01
     vertex  5.000000e+00 -2.974329e+00  2.338911e+01
   endloop
 endfacet
 facet normal  0.000000e+00  8.399083e-01  5.427284e-01
   outer loop
     vertex  5.000000e+00 -2.957280e+00  2.336273e+01
     vertex  0.000000e+00 -2.957280e+00  2.336273e+01
     vertex  0.000000e+00 -2.974329e+00  2.338911e+01
   endloop
 endfacet
 facet normal  0.000000e+00  8.247704e-01  5.654678e-01
   outer loop
     vertex  5.000000e+00 -2.939515e+00  2.333682e+01
     vertex  0.000000e+00 -2.957280e+00  2.336273e+01
     vertex  5.000000e+00 -2.957280e+00  2.336273e+01
   endloop
 endfacet
 facet normal  0.000000e+00  8.247704e-01  5.654678e-01
   outer loop
     vertex  5.000000e+00 -2.939515e+00  2.333682e+01
     vertex  0.000000e+00 -2.939515e+00  2.333682e+01
     vertex  0.000000e+00 -2.957280e+00  2.336273e+01
   endloop
 endfacet
 facet normal  0.000000e+00  8.090170e-01  5.877853e-01
   outer loop
     vertex  5.000000e+00 -2.921050e+00  2.331140e+01
     vertex  0.000000e+00 -2.939515e+00  2.333682e+01
     vertex  5.000000e+00 -2.939515e+00  2.333682e+01
   endloop
 endfacet
 facet normal  0.000000e+00  8.090170e-01  5.877853e-01
   outer loop
     vertex  5.000000e+00 -2.921050e+00  2.331140e+01
     vertex  0.000000e+00 -2.921050e+00  2.331140e+01
     vertex  0.000000e+00 -2.939515e+00  2.333682e+01
   endloop
 endfacet
 facet normal  0.000000e+00  7.926599e-01  6.096641e-01
   outer loop
     vertex  5.000000e+00 -2.901898e+00  2.328650e+01
     vertex  0.000000e+00 -2.921050e+00  2.331140e+01
     vertex  5.000000e+00 -2.921050e+00  2.331140e+01
   endloop
 endfacet
 facet normal  0.000000e+00  7.926599e-01  6.096641e-01
   outer loop
     vertex  5.000000e+00 -2.901898e+00  2.328650e+01
     vertex  0.000000e+00 -2.901898e+00  2.328650e+01
     vertex  0.000000e+00 -2.921050e+00  2.331140e+01
   endloop
 endfacet
 facet normal  0.000000e+00  7.757113e-01  6.310879e-01
   outer loop
     vertex  5.000000e+00 -2.901898e+00  2.328650e+01
     vertex  0.000000e+00 -2.882072e+00  2.326213e+01
     vertex  0.000000e+00 -2.901898e+00  2.328650e+01
   endloop
 endfacet
 facet normal  0.000000e+00  7.757113e-01  6.310879e-01
   outer loop
     vertex  5.000000e+00 -2.882072e+00  2.326213e+01
     vertex  0.000000e+00 -2.882072e+00  2.326213e+01
     vertex  5.000000e+00 -2.901898e+00  2.328650e+01
   endloop
 endfacet
 facet normal  0.000000e+00  7.581838e-01  6.520409e-01
   outer loop
     vertex  5.000000e+00 -2.861588e+00  2.323831e+01
     vertex  0.000000e+00 -2.882072e+00  2.326213e+01
     vertex  5.000000e+00 -2.882072e+00  2.326213e+01
   endloop
 endfacet
 facet normal  0.000000e+00  7.581838e-01  6.520409e-01
   outer loop
     vertex  5.000000e+00 -2.861588e+00  2.323831e+01
     vertex  0.000000e+00 -2.861588e+00  2.323831e+01
     vertex  0.000000e+00 -2.882072e+00  2.326213e+01
   endloop
 endfacet
 facet normal  0.000000e+00  7.400906e-01  6.725072e-01
   outer loop
     vertex  5.000000e+00 -2.840461e+00  2.321506e+01
     vertex  0.000000e+00 -2.861588e+00  2.323831e+01
     vertex  5.000000e+00 -2.861588e+00  2.323831e+01
   endloop
 endfacet
 facet normal  0.000000e+00  7.400906e-01  6.725072e-01
   outer loop
     vertex  5.000000e+00 -2.840461e+00  2.321506e+01
     vertex  0.000000e+00 -2.840461e+00  2.321506e+01
     vertex  0.000000e+00 -2.861588e+00  2.323831e+01
   endloop
 endfacet
 facet normal  0.000000e+00  7.214450e-01  6.924717e-01
   outer loop
     vertex  5.000000e+00 -2.818707e+00  2.319240e+01
     vertex  0.000000e+00 -2.818707e+00  2.319240e+01
     vertex  0.000000e+00 -2.840461e+00  2.321506e+01
   endloop
 endfacet
 facet normal  0.000000e+00  7.214450e-01  6.924717e-01
   outer loop
     vertex  5.000000e+00 -2.818707e+00  2.319240e+01
     vertex  0.000000e+00 -2.840461e+00  2.321506e+01
     vertex  5.000000e+00 -2.840461e+00  2.321506e+01
   endloop
 endfacet
 facet normal  0.000000e+00  7.022611e-01  7.119195e-01
   outer loop
     vertex  5.000000e+00 -2.796342e+00  2.317034e+01
     vertex  0.000000e+00 -2.796342e+00  2.317034e+01
     vertex  0.000000e+00 -2.818707e+00  2.319240e+01
   endloop
 endfacet
 facet normal  0.000000e+00  7.022611e-01  7.119195e-01
   outer loop
     vertex  5.000000e+00 -2.796342e+00  2.317034e+01
     vertex  0.000000e+00 -2.818707e+00  2.319240e+01
     vertex  5.000000e+00 -2.818707e+00  2.319240e+01
   endloop
 endfacet
 facet normal  0.000000e+00  6.825531e-01  7.308360e-01
   outer loop
     vertex  5.000000e+00 -2.773383e+00  2.314890e+01
     vertex  0.000000e+00 -2.773383e+00  2.314890e+01
     vertex  0.000000e+00 -2.796342e+00  2.317034e+01
   endloop
 endfacet
 facet normal  0.000000e+00  6.825531e-01  7.308360e-01
   outer loop
     vertex  5.000000e+00 -2.773383e+00  2.314890e+01
     vertex  0.000000e+00 -2.796342e+00  2.317034e+01
     vertex  5.000000e+00 -2.796342e+00  2.317034e+01
   endloop
 endfacet
 facet normal  0.000000e+00  6.623358e-01  7.492071e-01
   outer loop
     vertex  5.000000e+00 -2.749847e+00  2.312809e+01
     vertex  0.000000e+00 -2.749847e+00  2.312809e+01
     vertex  0.000000e+00 -2.773383e+00  2.314890e+01
   endloop
 endfacet
 facet normal  0.000000e+00  6.623358e-01  7.492071e-01
   outer loop
     vertex  5.000000e+00 -2.749847e+00  2.312809e+01
     vertex  0.000000e+00 -2.773383e+00  2.314890e+01
     vertex  5.000000e+00 -2.773383e+00  2.314890e+01
   endloop
 endfacet
 facet normal  0.000000e+00  6.416243e-01  7.670191e-01
   outer loop
     vertex  5.000000e+00 -2.725751e+00  2.310793e+01
     vertex  0.000000e+00 -2.725751e+00  2.310793e+01
     vertex  0.000000e+00 -2.749847e+00  2.312809e+01
   endloop
 endfacet
 facet normal  0.000000e+00  6.416243e-01  7.670191e-01
   outer loop
     vertex  5.000000e+00 -2.725751e+00  2.310793e+01
     vertex  0.000000e+00 -2.749847e+00  2.312809e+01
     vertex  5.000000e+00 -2.749847e+00  2.312809e+01
   endloop
 endfacet
 facet normal  0.000000e+00  6.204339e-01  7.842588e-01
   outer loop
     vertex  5.000000e+00 -2.701114e+00  2.308844e+01
     vertex  0.000000e+00 -2.701114e+00  2.308844e+01
     vertex  0.000000e+00 -2.725751e+00  2.310793e+01
   endloop
 endfacet
 facet normal  0.000000e+00  5.987805e-01  8.009132e-01
   outer loop
     vertex  5.000000e+00 -2.701114e+00  2.308844e+01
     vertex  0.000000e+00 -2.675953e+00  2.306963e+01
     vertex  0.000000e+00 -2.701114e+00  2.308844e+01
   endloop
 endfacet
 facet normal  0.000000e+00  6.204339e-01  7.842588e-01
   outer loop
     vertex  5.000000e+00 -2.701114e+00  2.308844e+01
     vertex  0.000000e+00 -2.725751e+00  2.310793e+01
     vertex  5.000000e+00 -2.725751e+00  2.310793e+01
   endloop
 endfacet
 facet normal  0.000000e+00  5.987805e-01  8.009132e-01
   outer loop
     vertex  5.000000e+00 -2.675953e+00  2.306963e+01
     vertex  0.000000e+00 -2.675953e+00  2.306963e+01
     vertex  5.000000e+00 -2.701114e+00  2.308844e+01
   endloop
 endfacet
 facet normal  0.000000e+00  5.766803e-01  8.169699e-01
   outer loop
     vertex  5.000000e+00 -2.650288e+00  2.305151e+01
     vertex  0.000000e+00 -2.675953e+00  2.306963e+01
     vertex  5.000000e+00 -2.675953e+00  2.306963e+01
   endloop
 endfacet
 facet normal  0.000000e+00  5.766803e-01  8.169699e-01
   outer loop
     vertex  5.000000e+00 -2.650288e+00  2.305151e+01
     vertex  0.000000e+00 -2.650288e+00  2.305151e+01
     vertex  0.000000e+00 -2.675953e+00  2.306963e+01
   endloop
 endfacet
 facet normal  0.000000e+00  5.541498e-01  8.324170e-01
   outer loop
     vertex  5.000000e+00 -2.624138e+00  2.303411e+01
     vertex  0.000000e+00 -2.650288e+00  2.305151e+01
     vertex  5.000000e+00 -2.650288e+00  2.305151e+01
   endloop
 endfacet
 facet normal  0.000000e+00  5.541498e-01  8.324170e-01
   outer loop
     vertex  5.000000e+00 -2.624138e+00  2.303411e+01
     vertex  0.000000e+00 -2.624138e+00  2.303411e+01
     vertex  0.000000e+00 -2.650288e+00  2.305151e+01
   endloop
 endfacet
 facet normal  0.000000e+00  5.312057e-01  8.472429e-01
   outer loop
     vertex  5.000000e+00 -2.624138e+00  2.303411e+01
     vertex  0.000000e+00 -2.597522e+00  2.301742e+01
     vertex  0.000000e+00 -2.624138e+00  2.303411e+01
   endloop
 endfacet
 facet normal  0.000000e+00  5.312057e-01  8.472429e-01
   outer loop
     vertex  5.000000e+00 -2.597522e+00  2.301742e+01
     vertex  0.000000e+00 -2.597522e+00  2.301742e+01
     vertex  5.000000e+00 -2.624138e+00  2.303411e+01
   endloop
 endfacet
 facet normal  0.000000e+00  5.078652e-01  8.614365e-01
   outer loop
     vertex  5.000000e+00 -2.570460e+00  2.300146e+01
     vertex  0.000000e+00 -2.570460e+00  2.300146e+01
     vertex  0.000000e+00 -2.597522e+00  2.301742e+01
   endloop
 endfacet
 facet normal  0.000000e+00  5.078652e-01  8.614365e-01
   outer loop
     vertex  5.000000e+00 -2.570460e+00  2.300146e+01
     vertex  0.000000e+00 -2.597522e+00  2.301742e+01
     vertex  5.000000e+00 -2.597522e+00  2.301742e+01
   endloop
 endfacet
 facet normal  0.000000e+00  4.841458e-01  8.749873e-01
   outer loop
     vertex  5.000000e+00 -2.542972e+00  2.298625e+01
     vertex  0.000000e+00 -2.542972e+00  2.298625e+01
     vertex  0.000000e+00 -2.570460e+00  2.300146e+01
   endloop
 endfacet
 facet normal  0.000000e+00  4.841458e-01  8.749873e-01
   outer loop
     vertex  5.000000e+00 -2.542972e+00  2.298625e+01
     vertex  0.000000e+00 -2.570460e+00  2.300146e+01
     vertex  5.000000e+00 -2.570460e+00  2.300146e+01
   endloop
 endfacet
 facet normal  0.000000e+00  4.600650e-01  8.878852e-01
   outer loop
     vertex  5.000000e+00 -2.515079e+00  2.297180e+01
     vertex  0.000000e+00 -2.515079e+00  2.297180e+01
     vertex  0.000000e+00 -2.542972e+00  2.298625e+01
   endloop
 endfacet
 facet normal  0.000000e+00  4.356410e-01  9.001205e-01
   outer loop
     vertex  5.000000e+00 -2.515079e+00  2.297180e+01
     vertex  0.000000e+00 -2.486802e+00  2.295812e+01
     vertex  0.000000e+00 -2.515079e+00  2.297180e+01
   endloop
 endfacet
 facet normal  0.000000e+00  4.600650e-01  8.878852e-01
   outer loop
     vertex  5.000000e+00 -2.515079e+00  2.297180e+01
     vertex  0.000000e+00 -2.542972e+00  2.298625e+01
     vertex  5.000000e+00 -2.542972e+00  2.298625e+01
   endloop
 endfacet
 facet normal  0.000000e+00  4.356410e-01  9.001205e-01
   outer loop
     vertex  5.000000e+00 -2.486802e+00  2.295812e+01
     vertex  0.000000e+00 -2.486802e+00  2.295812e+01
     vertex  5.000000e+00 -2.515079e+00  2.297180e+01
   endloop
 endfacet
 facet normal  0.000000e+00  4.108918e-01  9.116841e-01
   outer loop
     vertex  5.000000e+00 -2.458161e+00  2.294521e+01
     vertex  0.000000e+00 -2.458161e+00  2.294521e+01
     vertex  0.000000e+00 -2.486802e+00  2.295812e+01
   endloop
 endfacet
 facet normal  0.000000e+00  3.858360e-01  9.225674e-01
   outer loop
     vertex  5.000000e+00 -2.458161e+00  2.294521e+01
     vertex  0.000000e+00 -2.429179e+00  2.293309e+01
     vertex  0.000000e+00 -2.458161e+00  2.294521e+01
   endloop
 endfacet
 facet normal  0.000000e+00  4.108918e-01  9.116841e-01
   outer loop
     vertex  5.000000e+00 -2.458161e+00  2.294521e+01
     vertex  0.000000e+00 -2.486802e+00  2.295812e+01
     vertex  5.000000e+00 -2.486802e+00  2.295812e+01
   endloop
 endfacet
 facet normal  0.000000e+00  3.858360e-01  9.225674e-01
   outer loop
     vertex  5.000000e+00 -2.429179e+00  2.293309e+01
     vertex  0.000000e+00 -2.429179e+00  2.293309e+01
     vertex  5.000000e+00 -2.458161e+00  2.294521e+01
   endloop
 endfacet
 facet normal  0.000000e+00  3.604923e-01  9.327622e-01
   outer loop
     vertex  5.000000e+00 -2.399876e+00  2.292176e+01
     vertex  0.000000e+00 -2.399876e+00  2.292176e+01
     vertex  0.000000e+00 -2.429179e+00  2.293309e+01
   endloop
 endfacet
 facet normal  0.000000e+00  3.348796e-01  9.422609e-01
   outer loop
     vertex  5.000000e+00 -2.399876e+00  2.292176e+01
     vertex  0.000000e+00 -2.370275e+00  2.291124e+01
     vertex  0.000000e+00 -2.399876e+00  2.292176e+01
   endloop
 endfacet
 facet normal  0.000000e+00  3.604923e-01  9.327622e-01
   outer loop
     vertex  5.000000e+00 -2.399876e+00  2.292176e+01
     vertex  0.000000e+00 -2.429179e+00  2.293309e+01
     vertex  5.000000e+00 -2.429179e+00  2.293309e+01
   endloop
 endfacet
 facet normal  0.000000e+00  3.348796e-01  9.422609e-01
   outer loop
     vertex  5.000000e+00 -2.370275e+00  2.291124e+01
     vertex  0.000000e+00 -2.370275e+00  2.291124e+01
     vertex  5.000000e+00 -2.399876e+00  2.292176e+01
   endloop
 endfacet
 facet normal  0.000000e+00  3.090170e-01  9.510565e-01
   outer loop
     vertex  5.000000e+00 -2.340398e+00  2.290153e+01
     vertex  0.000000e+00 -2.340398e+00  2.290153e+01
     vertex  0.000000e+00 -2.370275e+00  2.291124e+01
   endloop
 endfacet
 facet normal  0.000000e+00  2.829238e-01  9.591424e-01
   outer loop
     vertex  5.000000e+00 -2.340398e+00  2.290153e+01
     vertex  0.000000e+00 -2.310266e+00  2.289265e+01
     vertex  0.000000e+00 -2.340398e+00  2.290153e+01
   endloop
 endfacet
 facet normal  0.000000e+00  3.090170e-01  9.510565e-01
   outer loop
     vertex  5.000000e+00 -2.340398e+00  2.290153e+01
     vertex  0.000000e+00 -2.370275e+00  2.291124e+01
     vertex  5.000000e+00 -2.370275e+00  2.291124e+01
   endloop
 endfacet
 facet normal  0.000000e+00  2.829238e-01  9.591424e-01
   outer loop
     vertex  5.000000e+00 -2.310266e+00  2.289265e+01
     vertex  0.000000e+00 -2.310266e+00  2.289265e+01
     vertex  5.000000e+00 -2.340398e+00  2.290153e+01
   endloop
 endfacet
 facet normal  0.000000e+00  2.566194e-01  9.665125e-01
   outer loop
     vertex  5.000000e+00 -2.279903e+00  2.288458e+01
     vertex  0.000000e+00 -2.279903e+00  2.288458e+01
     vertex  0.000000e+00 -2.310266e+00  2.289265e+01
   endloop
 endfacet
 facet normal  0.000000e+00  2.301236e-01  9.731614e-01
   outer loop
     vertex  5.000000e+00 -2.279903e+00  2.288458e+01
     vertex  0.000000e+00 -2.249332e+00  2.287735e+01
     vertex  0.000000e+00 -2.279903e+00  2.288458e+01
   endloop
 endfacet
 facet normal  0.000000e+00  2.566194e-01  9.665125e-01
   outer loop
     vertex  5.000000e+00 -2.279903e+00  2.288458e+01
     vertex  0.000000e+00 -2.310266e+00  2.289265e+01
     vertex  5.000000e+00 -2.310266e+00  2.289265e+01
   endloop
 endfacet
 facet normal  0.000000e+00  2.301236e-01  9.731614e-01
   outer loop
     vertex  5.000000e+00 -2.249332e+00  2.287735e+01
     vertex  0.000000e+00 -2.249332e+00  2.287735e+01
     vertex  5.000000e+00 -2.279903e+00  2.288458e+01
   endloop
 endfacet
 facet normal  0.000000e+00  2.034560e-01  9.790841e-01
   outer loop
     vertex  5.000000e+00 -2.218574e+00  2.287096e+01
     vertex  0.000000e+00 -2.218574e+00  2.287096e+01
     vertex  0.000000e+00 -2.249332e+00  2.287735e+01
   endloop
 endfacet
 facet normal  0.000000e+00  1.766366e-01  9.842761e-01
   outer loop
     vertex  5.000000e+00 -2.218574e+00  2.287096e+01
     vertex  0.000000e+00 -2.187653e+00  2.286541e+01
     vertex  0.000000e+00 -2.218574e+00  2.287096e+01
   endloop
 endfacet
 facet normal  0.000000e+00  2.034560e-01  9.790841e-01
   outer loop
     vertex  5.000000e+00 -2.218574e+00  2.287096e+01
     vertex  0.000000e+00 -2.249332e+00  2.287735e+01
     vertex  5.000000e+00 -2.249332e+00  2.287735e+01
   endloop
 endfacet
 facet normal  0.000000e+00  1.766366e-01  9.842761e-01
   outer loop
     vertex  5.000000e+00 -2.187653e+00  2.286541e+01
     vertex  0.000000e+00 -2.187653e+00  2.286541e+01
     vertex  5.000000e+00 -2.218574e+00  2.287096e+01
   endloop
 endfacet
 facet normal  0.000000e+00  1.496854e-01  9.887337e-01
   outer loop
     vertex  5.000000e+00 -2.156592e+00  2.286071e+01
     vertex  0.000000e+00 -2.156592e+00  2.286071e+01
     vertex  0.000000e+00 -2.187653e+00  2.286541e+01
   endloop
 endfacet
 facet normal  0.000000e+00  1.226225e-01  9.924534e-01
   outer loop
     vertex  5.000000e+00 -2.156592e+00  2.286071e+01
     vertex  0.000000e+00 -2.125414e+00  2.285686e+01
     vertex  0.000000e+00 -2.156592e+00  2.286071e+01
   endloop
 endfacet
 facet normal  0.000000e+00  1.496854e-01  9.887337e-01
   outer loop
     vertex  5.000000e+00 -2.156592e+00  2.286071e+01
     vertex  0.000000e+00 -2.187653e+00  2.286541e+01
     vertex  5.000000e+00 -2.187653e+00  2.286541e+01
   endloop
 endfacet
 facet normal  0.000000e+00  1.226225e-01  9.924534e-01
   outer loop
     vertex  5.000000e+00 -2.125414e+00  2.285686e+01
     vertex  0.000000e+00 -2.125414e+00  2.285686e+01
     vertex  5.000000e+00 -2.156592e+00  2.286071e+01
   endloop
 endfacet
 facet normal  0.000000e+00  9.546807e-02  9.954325e-01
   outer loop
     vertex  5.000000e+00 -2.094142e+00  2.285386e+01
     vertex  0.000000e+00 -2.094142e+00  2.285386e+01
     vertex  0.000000e+00 -2.125414e+00  2.285686e+01
   endloop
 endfacet
 facet normal  0.000000e+00  6.824241e-02  9.976688e-01
   outer loop
     vertex  5.000000e+00 -2.094142e+00  2.285386e+01
     vertex  0.000000e+00 -2.062801e+00  2.285172e+01
     vertex  0.000000e+00 -2.094142e+00  2.285386e+01
   endloop
 endfacet
 facet normal  0.000000e+00  9.546807e-02  9.954325e-01
   outer loop
     vertex  5.000000e+00 -2.094142e+00  2.285386e+01
     vertex  0.000000e+00 -2.125414e+00  2.285686e+01
     vertex  5.000000e+00 -2.125414e+00  2.285686e+01
   endloop
 endfacet
 facet normal  0.000000e+00  6.824241e-02  9.976688e-01
   outer loop
     vertex  5.000000e+00 -2.062801e+00  2.285172e+01
     vertex  0.000000e+00 -2.062801e+00  2.285172e+01
     vertex  5.000000e+00 -2.094142e+00  2.285386e+01
   endloop
 endfacet
 facet normal  0.000000e+00  4.096583e-02  9.991605e-01
   outer loop
     vertex  5.000000e+00 -2.031412e+00  2.285043e+01
     vertex  0.000000e+00 -2.031412e+00  2.285043e+01
     vertex  0.000000e+00 -2.062801e+00  2.285172e+01
   endloop
 endfacet
 facet normal  0.000000e+00  4.096583e-02  9.991605e-01
   outer loop
     vertex  5.000000e+00 -2.031412e+00  2.285043e+01
     vertex  0.000000e+00 -2.062801e+00  2.285172e+01
     vertex  5.000000e+00 -2.062801e+00  2.285172e+01
   endloop
 endfacet
 facet normal  0.000000e+00  1.365867e-02  9.999067e-01
   outer loop
     vertex  5.000000e+00 -2.000000e+00  2.285000e+01
     vertex  0.000000e+00 -2.000000e+00  2.285000e+01
     vertex  0.000000e+00 -2.031412e+00  2.285043e+01
   endloop
 endfacet
 facet normal  0.000000e+00  1.365867e-02  9.999067e-01
   outer loop
     vertex  5.000000e+00 -2.000000e+00  2.285000e+01
     vertex  0.000000e+00 -2.031412e+00  2.285043e+01
     vertex  5.000000e+00 -2.031412e+00  2.285043e+01
   endloop
 endfacet
 facet normal  0.000000e+00  0.000000e+00  1.000000e+00
   outer loop
     vertex  5.000000e+00  2.000000e+00  2.285000e+01
     vertex  0.000000e+00  2.000000e+00  2.285000e+01
     vertex  0.000000e+00 -2.000000e+00  2.285000e+01
   endloop
 endfacet
 facet normal  0.000000e+00  0.000000e+00  1.000000e+00
   outer loop
     vertex  5.000000e+00  2.000000e+00  2.285000e+01
     vertex  0.000000e+00 -2.000000e+00  2.285000e+01
     vertex  5.000000e+00 -2.000000e+00  2.285000e+01
   endloop
 endfacet
 facet normal  1.000000e+00  0.000000e+00  0.000000e+00
   outer loop
     vertex  5.000000e+00  1.122010e+00 -1.069389e+00
     vertex  5.000000e+00  1.092250e+00 -1.099768e+00
     vertex  5.000000e+00  8.600000e+00 -2.500000e+00
   endloop
 endfacet
 facet normal  1.000000e+00 -0.000000e+00  0.000000e+00
   outer loop
     vertex  5.000000e+00  1.061668e+00 -1.129319e+00
     vertex  5.000000e+00  8.600000e+00 -2.500000e+00
     vertex  5.000000e+00  1.092250e+00 -1.099768e+00
   endloop
 endfacet
 facet normal  1.000000e+00  0.000000e+00  0.000000e+00
   outer loop
     vertex  5.000000e+00  1.150925e+00 -1.038205e+00
     vertex  5.000000e+00  1.122010e+00 -1.069389e+00
     vertex  5.000000e+00  8.600000e+00 -2.500000e+00
   endloop
 endfacet
 facet normal  1.000000e+00 -0.000000e+00  0.000000e+00
   outer loop
     vertex  5.000000e+00  1.030287e+00 -1.158020e+00
     vertex  5.000000e+00  8.600000e+00 -2.500000e+00
     vertex  5.000000e+00  1.061668e+00 -1.129319e+00
   endloop
 endfacet
 facet normal  1.000000e+00  0.000000e+00  0.000000e+00
   outer loop
     vertex  5.000000e+00  1.178974e+00 -1.006240e+00
     vertex  5.000000e+00  1.150925e+00 -1.038205e+00
     vertex  5.000000e+00  8.600000e+00 -2.500000e+00
   endloop
 endfacet
 facet normal  1.000000e+00 -0.000000e+00  0.000000e+00
   outer loop
     vertex  5.000000e+00  9.981295e-01 -1.185849e+00
     vertex  5.000000e+00  8.600000e+00 -2.500000e+00
     vertex  5.000000e+00  1.030287e+00 -1.158020e+00
   endloop
 endfacet
 facet normal  1.000000e+00  0.000000e+00  0.000000e+00
   outer loop
     vertex  5.000000e+00  1.206136e+00 -9.735174e-01
     vertex  5.000000e+00  1.178974e+00 -1.006240e+00
     vertex  5.000000e+00  8.600000e+00 -2.500000e+00
   endloop
 endfacet
 facet normal  1.000000e+00 -0.000000e+00  0.000000e+00
   outer loop
     vertex  5.000000e+00  9.652212e-01 -1.212785e+00
     vertex  5.000000e+00  8.600000e+00 -2.500000e+00
     vertex  5.000000e+00  9.981295e-01 -1.185849e+00
   endloop
 endfacet
 facet normal  1.000000e+00  0.000000e+00  0.000000e+00
   outer loop
     vertex  5.000000e+00  1.232389e+00 -9.400618e-01
     vertex  5.000000e+00  1.206136e+00 -9.735174e-01
     vertex  5.000000e+00  8.600000e+00 -2.500000e+00
   endloop
 endfacet
 facet normal  1.000000e+00 -0.000000e+00  0.000000e+00
   outer loop
     vertex  5.000000e+00  9.315863e-01 -1.238809e+00
     vertex  5.000000e+00  8.600000e+00 -2.500000e+00
     vertex  5.000000e+00  9.652212e-01 -1.212785e+00
   endloop
 endfacet
 facet normal  1.000000e+00  0.000000e+00  0.000000e+00
   outer loop
     vertex  5.000000e+00  1.257715e+00 -9.058985e-01
     vertex  5.000000e+00  1.232389e+00 -9.400618e-01
     vertex  5.000000e+00  8.600000e+00 -2.500000e+00
   endloop
 endfacet
 facet normal  1.000000e+00 -0.000000e+00  0.000000e+00
   outer loop
     vertex  5.000000e+00  8.972502e-01 -1.263900e+00
     vertex  5.000000e+00  8.600000e+00 -2.500000e+00
     vertex  5.000000e+00  9.315863e-01 -1.238809e+00
   endloop
 endfacet
 facet normal  1.000000e+00  0.000000e+00  0.000000e+00
   outer loop
     vertex  5.000000e+00  1.282094e+00 -8.710534e-01
     vertex  5.000000e+00  1.257715e+00 -9.058985e-01
     vertex  5.000000e+00  8.600000e+00 -2.500000e+00
   endloop
 endfacet
 facet normal  1.000000e+00 -0.000000e+00  0.000000e+00
   outer loop
     vertex  5.000000e+00  8.622386e-01 -1.288039e+00
     vertex  5.000000e+00  8.600000e+00 -2.500000e+00
     vertex  5.000000e+00  8.972502e-01 -1.263900e+00
   endloop
 endfacet
 facet normal  1.000000e+00  0.000000e+00  0.000000e+00
   outer loop
     vertex  5.000000e+00  1.305508e+00 -8.355525e-01
     vertex  5.000000e+00  1.282094e+00 -8.710534e-01
     vertex  5.000000e+00  8.600000e+00 -2.500000e+00
   endloop
 endfacet
 facet normal  1.000000e+00 -0.000000e+00  0.000000e+00
   outer loop
     vertex  5.000000e+00  8.265779e-01 -1.311209e+00
     vertex  5.000000e+00  8.600000e+00 -2.500000e+00
     vertex  5.000000e+00  8.622386e-01 -1.288039e+00
   endloop
 endfacet
 facet normal  1.000000e+00  0.000000e+00  0.000000e+00
   outer loop
     vertex  5.000000e+00  1.327940e+00 -7.994226e-01
     vertex  5.000000e+00  1.305508e+00 -8.355525e-01
     vertex  5.000000e+00  8.600000e+00 -2.500000e+00
   endloop
 endfacet
 facet normal  1.000000e+00 -0.000000e+00  0.000000e+00
   outer loop
     vertex  5.000000e+00  7.902950e-01 -1.333392e+00
     vertex  5.000000e+00  8.600000e+00 -2.500000e+00
     vertex  5.000000e+00  8.265779e-01 -1.311209e+00
   endloop
 endfacet
 facet normal  1.000000e+00  0.000000e+00  0.000000e+00
   outer loop
     vertex  5.000000e+00  1.349371e+00 -7.626910e-01
     vertex  5.000000e+00  1.327940e+00 -7.994226e-01
     vertex  5.000000e+00  8.600000e+00 -2.500000e+00
   endloop
 endfacet
 facet normal  1.000000e+00 -0.000000e+00  0.000000e+00
   outer loop
     vertex  5.000000e+00  7.534172e-01 -1.354571e+00
     vertex  5.000000e+00  8.600000e+00 -2.500000e+00
     vertex  5.000000e+00  7.902950e-01 -1.333392e+00
   endloop
 endfacet
 facet normal  1.000000e+00  0.000000e+00  0.000000e+00
   outer loop
     vertex  5.000000e+00  1.369787e+00 -7.253852e-01
     vertex  5.000000e+00  1.349371e+00 -7.626910e-01
     vertex  5.000000e+00  8.600000e+00 -2.500000e+00
   endloop
 endfacet
 facet normal  1.000000e+00 -0.000000e+00  0.000000e+00
   outer loop
     vertex  5.000000e+00  7.159723e-01 -1.374730e+00
     vertex  5.000000e+00  8.600000e+00 -2.500000e+00
     vertex  5.000000e+00  7.534172e-01 -1.354571e+00
   endloop
 endfacet
 facet normal  1.000000e+00  0.000000e+00  0.000000e+00
   outer loop
     vertex  5.000000e+00  1.389172e+00 -6.875333e-01
     vertex  5.000000e+00  1.369787e+00 -7.253852e-01
     vertex  5.000000e+00  8.600000e+00 -2.500000e+00
   endloop
 endfacet
 facet normal  1.000000e+00 -0.000000e+00  0.000000e+00
   outer loop
     vertex  5.000000e+00  6.779884e-01 -1.393855e+00
     vertex  5.000000e+00  8.600000e+00 -2.500000e+00
     vertex  5.000000e+00  7.159723e-01 -1.374730e+00
   endloop
 endfacet
 facet normal  1.000000e+00  0.000000e+00  0.000000e+00
   outer loop
     vertex  5.000000e+00  1.407511e+00 -6.491640e-01
     vertex  5.000000e+00  1.389172e+00 -6.875333e-01
     vertex  5.000000e+00  8.600000e+00 -2.500000e+00
   endloop
 endfacet
 facet normal  1.000000e+00 -0.000000e+00  0.000000e+00
   outer loop
     vertex  5.000000e+00  6.394941e-01 -1.411930e+00
     vertex  5.000000e+00  8.600000e+00 -2.500000e+00
     vertex  5.000000e+00  6.779884e-01 -1.393855e+00
   endloop
 endfacet
 facet normal  1.000000e+00  0.000000e+00  0.000000e+00
   outer loop
     vertex  5.000000e+00  1.424790e+00 -6.103059e-01
     vertex  5.000000e+00  1.407511e+00 -6.491640e-01
     vertex  5.000000e+00  8.600000e+00 -2.500000e+00
   endloop
 endfacet
 facet normal  1.000000e+00 -0.000000e+00  0.000000e+00
   outer loop
     vertex  5.000000e+00  6.005185e-01 -1.428943e+00
     vertex  5.000000e+00  8.600000e+00 -2.500000e+00
     vertex  5.000000e+00  6.394941e-01 -1.411930e+00
   endloop
 endfacet
 facet normal  1.000000e+00  0.000000e+00  0.000000e+00
   outer loop
     vertex  5.000000e+00  1.440997e+00 -5.709885e-01
     vertex  5.000000e+00  1.424790e+00 -6.103059e-01
     vertex  5.000000e+00  8.600000e+00 -2.500000e+00
   endloop
 endfacet
 facet normal  1.000000e+00 -0.000000e+00  0.000000e+00
   outer loop
     vertex  5.000000e+00  5.610908e-01 -1.444880e+00
     vertex  5.000000e+00  8.600000e+00 -2.500000e+00
     vertex  5.000000e+00  6.005185e-01 -1.428943e+00
   endloop
 endfacet
 facet normal  1.000000e+00  0.000000e+00  0.000000e+00
   outer loop
     vertex  5.000000e+00  1.456119e+00 -5.312412e-01
     vertex  5.000000e+00  1.440997e+00 -5.709885e-01
     vertex  5.000000e+00  8.600000e+00 -2.500000e+00
   endloop
 endfacet
 facet normal  1.000000e+00 -0.000000e+00  0.000000e+00
   outer loop
     vertex  5.000000e+00  5.212407e-01 -1.459729e+00
     vertex  5.000000e+00  8.600000e+00 -2.500000e+00
     vertex  5.000000e+00  5.610908e-01 -1.444880e+00
   endloop
 endfacet
 facet normal  1.000000e+00  0.000000e+00  0.000000e+00
   outer loop
     vertex  5.000000e+00  1.470145e+00 -4.910940e-01
     vertex  5.000000e+00  1.456119e+00 -5.312412e-01
     vertex  5.000000e+00  8.600000e+00 -2.500000e+00
   endloop
 endfacet
 facet normal  1.000000e+00 -0.000000e+00  0.000000e+00
   outer loop
     vertex  5.000000e+00  4.809982e-01 -1.473479e+00
     vertex  5.000000e+00  8.600000e+00 -2.500000e+00
     vertex  5.000000e+00  5.212407e-01 -1.459729e+00
   endloop
 endfacet
 facet normal  1.000000e+00  0.000000e+00  0.000000e+00
   outer loop
     vertex  5.000000e+00  1.483064e+00 -4.505771e-01
     vertex  5.000000e+00  1.470145e+00 -4.910940e-01
     vertex  5.000000e+00  8.600000e+00 -2.500000e+00
   endloop
 endfacet
 facet normal  1.000000e+00 -0.000000e+00  0.000000e+00
   outer loop
     vertex  5.000000e+00  4.403937e-01 -1.486120e+00
     vertex  5.000000e+00  8.600000e+00 -2.500000e+00
     vertex  5.000000e+00  4.809982e-01 -1.473479e+00
   endloop
 endfacet
 facet normal  1.000000e+00  0.000000e+00  0.000000e+00
   outer loop
     vertex  5.000000e+00  1.494867e+00 -4.097210e-01
     vertex  5.000000e+00  1.483064e+00 -4.505771e-01
     vertex  5.000000e+00  8.600000e+00 -2.500000e+00
   endloop
 endfacet
 facet normal  1.000000e+00 -0.000000e+00  0.000000e+00
   outer loop
     vertex  5.000000e+00  3.994576e-01 -1.497643e+00
     vertex  5.000000e+00  8.600000e+00 -2.500000e+00
     vertex  5.000000e+00  4.403937e-01 -1.486120e+00
   endloop
 endfacet
 facet normal  1.000000e+00  0.000000e+00  0.000000e+00
   outer loop
     vertex  5.000000e+00  1.505545e+00 -3.685566e-01
     vertex  5.000000e+00  1.494867e+00 -4.097210e-01
     vertex  5.000000e+00  8.600000e+00 -2.500000e+00
   endloop
 endfacet
 facet normal  1.000000e+00 -0.000000e+00  0.000000e+00
   outer loop
     vertex  5.000000e+00  3.582209e-01 -1.508038e+00
     vertex  5.000000e+00  8.600000e+00 -2.500000e+00
     vertex  5.000000e+00  3.994576e-01 -1.497643e+00
   endloop
 endfacet
 facet normal  1.000000e+00  0.000000e+00  0.000000e+00
   outer loop
     vertex  5.000000e+00  1.515089e+00 -3.271147e-01
     vertex  5.000000e+00  1.505545e+00 -3.685566e-01
     vertex  5.000000e+00  8.600000e+00 -2.500000e+00
   endloop
 endfacet
 facet normal  1.000000e+00 -0.000000e+00  0.000000e+00
   outer loop
     vertex  5.000000e+00  3.167145e-01 -1.517298e+00
     vertex  5.000000e+00  8.600000e+00 -2.500000e+00
     vertex  5.000000e+00  3.582209e-01 -1.508038e+00
   endloop
 endfacet
 facet normal  1.000000e+00  0.000000e+00  0.000000e+00
   outer loop
     vertex  5.000000e+00  1.523493e+00 -2.854265e-01
     vertex  5.000000e+00  1.515089e+00 -3.271147e-01
     vertex  5.000000e+00  8.600000e+00 -2.500000e+00
   endloop
 endfacet
 facet normal  1.000000e+00 -0.000000e+00  0.000000e+00
   outer loop
     vertex  5.000000e+00  2.749697e-01 -1.525415e+00
     vertex  5.000000e+00  8.600000e+00 -2.500000e+00
     vertex  5.000000e+00  3.167145e-01 -1.517298e+00
   endloop
 endfacet
 facet normal  1.000000e+00  0.000000e+00  0.000000e+00
   outer loop
     vertex  5.000000e+00  1.530750e+00 -2.435235e-01
     vertex  5.000000e+00  1.523493e+00 -2.854265e-01
     vertex  5.000000e+00  8.600000e+00 -2.500000e+00
   endloop
 endfacet
 facet normal  1.000000e+00 -0.000000e+00  0.000000e+00
   outer loop
     vertex  5.000000e+00  2.330178e-01 -1.532385e+00
     vertex  5.000000e+00  8.600000e+00 -2.500000e+00
     vertex  5.000000e+00  2.749697e-01 -1.525415e+00
   endloop
 endfacet
 facet normal  1.000000e+00  0.000000e+00  0.000000e+00
   outer loop
     vertex  5.000000e+00  1.536855e+00 -2.014371e-01
     vertex  5.000000e+00  1.530750e+00 -2.435235e-01
     vertex  5.000000e+00  8.600000e+00 -2.500000e+00
   endloop
 endfacet
 facet normal  1.000000e+00 -0.000000e+00  0.000000e+00
   outer loop
     vertex  5.000000e+00  1.908906e-01 -1.538200e+00
     vertex  5.000000e+00  8.600000e+00 -2.500000e+00
     vertex  5.000000e+00  2.330178e-01 -1.532385e+00
   endloop
 endfacet
 facet normal  1.000000e+00  0.000000e+00  0.000000e+00
   outer loop
     vertex  5.000000e+00  1.541803e+00 -1.591992e-01
     vertex  5.000000e+00  1.536855e+00 -2.014371e-01
     vertex  5.000000e+00  8.600000e+00 -2.500000e+00
   endloop
 endfacet
 facet normal  1.000000e+00 -0.000000e+00  0.000000e+00
   outer loop
     vertex  5.000000e+00  1.486197e-01 -1.542858e+00
     vertex  5.000000e+00  8.600000e+00 -2.500000e+00
     vertex  5.000000e+00  1.908906e-01 -1.538200e+00
   endloop
 endfacet
 facet normal  1.000000e+00  0.000000e+00  0.000000e+00
   outer loop
     vertex  5.000000e+00  1.545590e+00 -1.168414e-01
     vertex  5.000000e+00  1.541803e+00 -1.591992e-01
     vertex  5.000000e+00  8.600000e+00 -2.500000e+00
   endloop
 endfacet
 facet normal  1.000000e+00 -0.000000e+00  0.000000e+00
   outer loop
     vertex  5.000000e+00  1.062369e-01 -1.546355e+00
     vertex  5.000000e+00  8.600000e+00 -2.500000e+00
     vertex  5.000000e+00  1.486197e-01 -1.542858e+00
   endloop
 endfacet
 facet normal  1.000000e+00  0.000000e+00  0.000000e+00
   outer loop
     vertex  5.000000e+00  1.548214e+00 -7.439560e-02
     vertex  5.000000e+00  1.545590e+00 -1.168414e-01
     vertex  5.000000e+00  8.600000e+00 -2.500000e+00
   endloop
 endfacet
 facet normal  1.000000e+00 -0.000000e+00  0.000000e+00
   outer loop
     vertex  5.000000e+00  6.377416e-02 -1.548687e+00
     vertex  5.000000e+00  8.600000e+00 -2.500000e+00
     vertex  5.000000e+00  1.062369e-01 -1.546355e+00
   endloop
 endfacet
 facet normal  1.000000e+00  0.000000e+00  0.000000e+00
   outer loop
     vertex  5.000000e+00  1.549672e+00 -3.189383e-02
     vertex  5.000000e+00  1.548214e+00 -7.439560e-02
     vertex  5.000000e+00  8.600000e+00 -2.500000e+00
   endloop
 endfacet
 facet normal  1.000000e+00 -0.000000e+00  0.000000e+00
   outer loop
     vertex  5.000000e+00  2.126339e-02 -1.549854e+00
     vertex  5.000000e+00  8.600000e+00 -2.500000e+00
     vertex  5.000000e+00  6.377416e-02 -1.548687e+00
   endloop
 endfacet
 facet normal  1.000000e+00  0.000000e+00  0.000000e+00
   outer loop
     vertex  5.000000e+00  1.549964e+00  1.063194e-02
     vertex  5.000000e+00  1.549672e+00 -3.189383e-02
     vertex  5.000000e+00  8.600000e+00 -2.500000e+00
   endloop
 endfacet
 facet normal  1.000000e+00  0.000000e+00  0.000000e+00
   outer loop
     vertex  5.000000e+00  1.549088e+00  5.314972e-02
     vertex  5.000000e+00  1.549964e+00  1.063194e-02
     vertex  5.000000e+00  8.600000e+00 -2.500000e+00
   endloop
 endfacet
 facet normal  1.000000e+00  0.000000e+00  0.000000e+00
   outer loop
     vertex  5.000000e+00  1.547047e+00  9.562748e-02
     vertex  5.000000e+00  1.549088e+00  5.314972e-02
     vertex  5.000000e+00  8.600000e+00 -2.500000e+00
   endloop
 endfacet
 facet normal  1.000000e+00  0.000000e+00  0.000000e+00
   outer loop
     vertex  5.000000e+00  1.543842e+00  1.380333e-01
     vertex  5.000000e+00  1.547047e+00  9.562748e-02
     vertex  5.000000e+00  8.600000e+00 -2.500000e+00
   endloop
 endfacet
 facet normal  1.000000e+00  0.000000e+00  0.000000e+00
   outer loop
     vertex  5.000000e+00  1.539474e+00  1.803351e-01
     vertex  5.000000e+00  1.543842e+00  1.380333e-01
     vertex  5.000000e+00  8.600000e+00 -2.500000e+00
   endloop
 endfacet
 facet normal  1.000000e+00  0.000000e+00  0.000000e+00
   outer loop
     vertex  5.000000e+00  1.533947e+00  2.225012e-01
     vertex  5.000000e+00  1.539474e+00  1.803351e-01
     vertex  5.000000e+00  8.600000e+00 -2.500000e+00
   endloop
 endfacet
 facet normal  1.000000e+00  0.000000e+00  0.000000e+00
   outer loop
     vertex  5.000000e+00  1.527265e+00  2.644999e-01
     vertex  5.000000e+00  1.533947e+00  2.225012e-01
     vertex  5.000000e+00  8.600000e+00 -2.500000e+00
   endloop
 endfacet
 facet normal  1.000000e+00  0.000000e+00  0.000000e+00
   outer loop
     vertex  5.000000e+00  1.519434e+00  3.062994e-01
     vertex  5.000000e+00  1.527265e+00  2.644999e-01
     vertex  5.000000e+00  8.600000e+00 -2.500000e+00
   endloop
 endfacet
 facet normal  1.000000e+00  0.000000e+00  0.000000e+00
   outer loop
     vertex  5.000000e+00  1.510459e+00  3.478683e-01
     vertex  5.000000e+00  1.519434e+00  3.062994e-01
     vertex  5.000000e+00  8.600000e+00 -2.500000e+00
   endloop
 endfacet
 facet normal  1.000000e+00  0.000000e+00  0.000000e+00
   outer loop
     vertex  5.000000e+00  1.500347e+00  3.891754e-01
     vertex  5.000000e+00  1.510459e+00  3.478683e-01
     vertex  5.000000e+00  8.600000e+00 -2.500000e+00
   endloop
 endfacet
 facet normal  1.000000e+00  0.000000e+00  0.000000e+00
   outer loop
     vertex  5.000000e+00  1.489106e+00  4.301896e-01
     vertex  5.000000e+00  1.500347e+00  3.891754e-01
     vertex  5.000000e+00  8.600000e+00 -2.500000e+00
   endloop
 endfacet
 facet normal  1.000000e+00  0.000000e+00  0.000000e+00
   outer loop
     vertex  5.000000e+00  1.476744e+00  4.708798e-01
     vertex  5.000000e+00  1.489106e+00  4.301896e-01
     vertex  5.000000e+00  8.600000e+00 -2.500000e+00
   endloop
 endfacet
 facet normal  1.000000e+00  0.000000e+00  0.000000e+00
   outer loop
     vertex  5.000000e+00  1.463270e+00  5.112157e-01
     vertex  5.000000e+00  1.476744e+00  4.708798e-01
     vertex  5.000000e+00  8.600000e+00 -2.500000e+00
   endloop
 endfacet
 facet normal  1.000000e+00  0.000000e+00  0.000000e+00
   outer loop
     vertex  5.000000e+00  1.448694e+00  5.511667e-01
     vertex  5.000000e+00  1.463270e+00  5.112157e-01
     vertex  5.000000e+00  8.600000e+00 -2.500000e+00
   endloop
 endfacet
 facet normal  1.000000e+00  0.000000e+00  0.000000e+00
   outer loop
     vertex  5.000000e+00  1.433028e+00  5.907028e-01
     vertex  5.000000e+00  1.448694e+00  5.511667e-01
     vertex  5.000000e+00  8.600000e+00 -2.500000e+00
   endloop
 endfacet
 facet normal  1.000000e+00  0.000000e+00  0.000000e+00
   outer loop
     vertex  5.000000e+00  1.416284e+00  6.297942e-01
     vertex  5.000000e+00  1.433028e+00  5.907028e-01
     vertex  5.000000e+00  8.600000e+00 -2.500000e+00
   endloop
 endfacet
 facet normal  1.000000e+00  0.000000e+00  0.000000e+00
   outer loop
     vertex  5.000000e+00  1.398473e+00  6.684116e-01
     vertex  5.000000e+00  1.416284e+00  6.297942e-01
     vertex  5.000000e+00  8.600000e+00 -2.500000e+00
   endloop
 endfacet
 facet normal  1.000000e+00  0.000000e+00  0.000000e+00
   outer loop
     vertex  5.000000e+00  1.379609e+00  7.065257e-01
     vertex  5.000000e+00  1.398473e+00  6.684116e-01
     vertex  5.000000e+00  8.600000e+00 -2.500000e+00
   endloop
 endfacet
 facet normal  1.000000e+00  0.000000e+00  0.000000e+00
   outer loop
     vertex  5.000000e+00  1.359707e+00  7.441081e-01
     vertex  5.000000e+00  1.379609e+00  7.065257e-01
     vertex  5.000000e+00  8.600000e+00 -2.500000e+00
   endloop
 endfacet
 facet normal  1.000000e+00  0.000000e+00  0.000000e+00
   outer loop
     vertex  5.000000e+00  1.338781e+00  7.811303e-01
     vertex  5.000000e+00  1.359707e+00  7.441081e-01
     vertex  5.000000e+00  8.600000e+00 -2.500000e+00
   endloop
 endfacet
 facet normal  1.000000e+00  0.000000e+00  0.000000e+00
   outer loop
     vertex  5.000000e+00  1.316848e+00  8.175645e-01
     vertex  5.000000e+00  1.338781e+00  7.811303e-01
     vertex  5.000000e+00  8.600000e+00 -2.500000e+00
   endloop
 endfacet
 facet normal  1.000000e+00  0.000000e+00  0.000000e+00
   outer loop
     vertex  5.000000e+00  1.293923e+00  8.533832e-01
     vertex  5.000000e+00  1.316848e+00  8.175645e-01
     vertex  5.000000e+00  8.600000e+00 -2.500000e+00
   endloop
 endfacet
 facet normal  1.000000e+00  0.000000e+00  0.000000e+00
   outer loop
     vertex  5.000000e+00 -8.600000e+00 -2.500000e+00
     vertex  5.000000e+00 -7.159723e-01 -1.374730e+00
     vertex  5.000000e+00 -7.534172e-01 -1.354571e+00
   endloop
 endfacet
 facet normal  1.000000e+00  0.000000e+00  0.000000e+00
   outer loop
     vertex  5.000000e+00 -8.600000e+00 -2.500000e+00
     vertex  5.000000e+00 -6.779884e-01 -1.393855e+00
     vertex  5.000000e+00 -7.159723e-01 -1.374730e+00
   endloop
 endfacet
 facet normal  1.000000e+00  0.000000e+00  0.000000e+00
   outer loop
     vertex  5.000000e+00 -8.600000e+00 -2.500000e+00
     vertex  5.000000e+00 -6.394941e-01 -1.411930e+00
     vertex  5.000000e+00 -6.779884e-01 -1.393855e+00
   endloop
 endfacet
 facet normal  1.000000e+00  0.000000e+00  0.000000e+00
   outer loop
     vertex  5.000000e+00 -8.600000e+00 -2.500000e+00
     vertex  5.000000e+00 -6.005185e-01 -1.428943e+00
     vertex  5.000000e+00 -6.394941e-01 -1.411930e+00
   endloop
 endfacet
 facet normal  1.000000e+00  0.000000e+00  0.000000e+00
   outer loop
     vertex  5.000000e+00 -8.600000e+00 -2.500000e+00
     vertex  5.000000e+00 -5.610908e-01 -1.444880e+00
     vertex  5.000000e+00 -6.005185e-01 -1.428943e+00
   endloop
 endfacet
 facet normal  1.000000e+00  0.000000e+00  0.000000e+00
   outer loop
     vertex  5.000000e+00 -8.600000e+00 -2.500000e+00
     vertex  5.000000e+00 -5.212407e-01 -1.459729e+00
     vertex  5.000000e+00 -5.610908e-01 -1.444880e+00
   endloop
 endfacet
 facet normal  1.000000e+00  0.000000e+00  0.000000e+00
   outer loop
     vertex  5.000000e+00 -8.600000e+00 -2.500000e+00
     vertex  5.000000e+00 -4.809982e-01 -1.473479e+00
     vertex  5.000000e+00 -5.212407e-01 -1.459729e+00
   endloop
 endfacet
 facet normal  1.000000e+00  0.000000e+00  0.000000e+00
   outer loop
     vertex  5.000000e+00 -8.600000e+00 -2.500000e+00
     vertex  5.000000e+00 -4.403937e-01 -1.486120e+00
     vertex  5.000000e+00 -4.809982e-01 -1.473479e+00
   endloop
 endfacet
 facet normal  1.000000e+00  0.000000e+00  0.000000e+00
   outer loop
     vertex  5.000000e+00 -8.600000e+00 -2.500000e+00
     vertex  5.000000e+00 -3.994576e-01 -1.497643e+00
     vertex  5.000000e+00 -4.403937e-01 -1.486120e+00
   endloop
 endfacet
 facet normal  1.000000e+00  0.000000e+00  0.000000e+00
   outer loop
     vertex  5.000000e+00 -8.600000e+00 -2.500000e+00
     vertex  5.000000e+00 -3.582209e-01 -1.508038e+00
     vertex  5.000000e+00 -3.994576e-01 -1.497643e+00
   endloop
 endfacet
 facet normal  1.000000e+00  0.000000e+00  0.000000e+00
   outer loop
     vertex  5.000000e+00 -8.600000e+00 -2.500000e+00
     vertex  5.000000e+00 -3.167145e-01 -1.517298e+00
     vertex  5.000000e+00 -3.582209e-01 -1.508038e+00
   endloop
 endfacet
 facet normal  1.000000e+00  0.000000e+00  0.000000e+00
   outer loop
     vertex  5.000000e+00 -8.600000e+00 -2.500000e+00
     vertex  5.000000e+00 -2.749697e-01 -1.525415e+00
     vertex  5.000000e+00 -3.167145e-01 -1.517298e+00
   endloop
 endfacet
 facet normal  1.000000e+00  0.000000e+00  0.000000e+00
   outer loop
     vertex  5.000000e+00 -8.600000e+00 -2.500000e+00
     vertex  5.000000e+00 -2.330178e-01 -1.532385e+00
     vertex  5.000000e+00 -2.749697e-01 -1.525415e+00
   endloop
 endfacet
 facet normal  1.000000e+00  0.000000e+00  0.000000e+00
   outer loop
     vertex  5.000000e+00 -8.600000e+00 -2.500000e+00
     vertex  5.000000e+00 -1.908906e-01 -1.538200e+00
     vertex  5.000000e+00 -2.330178e-01 -1.532385e+00
   endloop
 endfacet
 facet normal  1.000000e+00  0.000000e+00  0.000000e+00
   outer loop
     vertex  5.000000e+00 -8.600000e+00 -2.500000e+00
     vertex  5.000000e+00 -1.486197e-01 -1.542858e+00
     vertex  5.000000e+00 -1.908906e-01 -1.538200e+00
   endloop
 endfacet
 facet normal  1.000000e+00  0.000000e+00  0.000000e+00
   outer loop
     vertex  5.000000e+00 -8.600000e+00 -2.500000e+00
     vertex  5.000000e+00 -1.062369e-01 -1.546355e+00
     vertex  5.000000e+00 -1.486197e-01 -1.542858e+00
   endloop
 endfacet
 facet normal  1.000000e+00  0.000000e+00  0.000000e+00
   outer loop
     vertex  5.000000e+00 -8.600000e+00 -2.500000e+00
     vertex  5.000000e+00 -6.377416e-02 -1.548687e+00
     vertex  5.000000e+00 -1.062369e-01 -1.546355e+00
   endloop
 endfacet
 facet normal  1.000000e+00  0.000000e+00  0.000000e+00
   outer loop
     vertex  5.000000e+00 -8.600000e+00 -2.500000e+00
     vertex  5.000000e+00 -2.126339e-02 -1.549854e+00
     vertex  5.000000e+00 -6.377416e-02 -1.548687e+00
   endloop
 endfacet
 facet normal  1.000000e+00  0.000000e+00  0.000000e+00
   outer loop
     vertex  5.000000e+00 -8.600000e+00 -2.500000e+00
     vertex  5.000000e+00 -1.316848e+00  8.175645e-01
     vertex  5.000000e+00 -1.293923e+00  8.533832e-01
   endloop
 endfacet
 facet normal  1.000000e+00  0.000000e+00  0.000000e+00
   outer loop
     vertex  5.000000e+00 -8.600000e+00 -2.500000e+00
     vertex  5.000000e+00 -1.338781e+00  7.811303e-01
     vertex  5.000000e+00 -1.316848e+00  8.175645e-01
   endloop
 endfacet
 facet normal  1.000000e+00  0.000000e+00  0.000000e+00
   outer loop
     vertex  5.000000e+00 -8.600000e+00 -2.500000e+00
     vertex  5.000000e+00 -1.359707e+00  7.441081e-01
     vertex  5.000000e+00 -1.338781e+00  7.811303e-01
   endloop
 endfacet
 facet normal  1.000000e+00  0.000000e+00  0.000000e+00
   outer loop
     vertex  5.000000e+00 -8.600000e+00 -2.500000e+00
     vertex  5.000000e+00 -1.379609e+00  7.065257e-01
     vertex  5.000000e+00 -1.359707e+00  7.441081e-01
   endloop
 endfacet
 facet normal  1.000000e+00  0.000000e+00  0.000000e+00
   outer loop
     vertex  5.000000e+00 -8.600000e+00 -2.500000e+00
     vertex  5.000000e+00 -1.398473e+00  6.684116e-01
     vertex  5.000000e+00 -1.379609e+00  7.065257e-01
   endloop
 endfacet
 facet normal  1.000000e+00  0.000000e+00  0.000000e+00
   outer loop
     vertex  5.000000e+00 -8.600000e+00 -2.500000e+00
     vertex  5.000000e+00 -1.416284e+00  6.297942e-01
     vertex  5.000000e+00 -1.398473e+00  6.684116e-01
   endloop
 endfacet
 facet normal  1.000000e+00  0.000000e+00  0.000000e+00
   outer loop
     vertex  5.000000e+00 -8.600000e+00 -2.500000e+00
     vertex  5.000000e+00 -1.433028e+00  5.907028e-01
     vertex  5.000000e+00 -1.416284e+00  6.297942e-01
   endloop
 endfacet
 facet normal  1.000000e+00  0.000000e+00  0.000000e+00
   outer loop
     vertex  5.000000e+00 -8.600000e+00 -2.500000e+00
     vertex  5.000000e+00 -1.448694e+00  5.511667e-01
     vertex  5.000000e+00 -1.433028e+00  5.907028e-01
   endloop
 endfacet
 facet normal  1.000000e+00  0.000000e+00  0.000000e+00
   outer loop
     vertex  5.000000e+00 -8.600000e+00 -2.500000e+00
     vertex  5.000000e+00 -1.463270e+00  5.112157e-01
     vertex  5.000000e+00 -1.448694e+00  5.511667e-01
   endloop
 endfacet
 facet normal  1.000000e+00  0.000000e+00  0.000000e+00
   outer loop
     vertex  5.000000e+00 -8.600000e+00 -2.500000e+00
     vertex  5.000000e+00 -1.476744e+00  4.708798e-01
     vertex  5.000000e+00 -1.463270e+00  5.112157e-01
   endloop
 endfacet
 facet normal  1.000000e+00  0.000000e+00  0.000000e+00
   outer loop
     vertex  5.000000e+00 -8.600000e+00 -2.500000e+00
     vertex  5.000000e+00 -1.489106e+00  4.301896e-01
     vertex  5.000000e+00 -1.476744e+00  4.708798e-01
   endloop
 endfacet
 facet normal  1.000000e+00  0.000000e+00  0.000000e+00
   outer loop
     vertex  5.000000e+00 -8.600000e+00 -2.500000e+00
     vertex  5.000000e+00 -1.500347e+00  3.891754e-01
     vertex  5.000000e+00 -1.489106e+00  4.301896e-01
   endloop
 endfacet
 facet normal  1.000000e+00  0.000000e+00  0.000000e+00
   outer loop
     vertex  5.000000e+00 -8.600000e+00 -2.500000e+00
     vertex  5.000000e+00 -1.510459e+00  3.478683e-01
     vertex  5.000000e+00 -1.500347e+00  3.891754e-01
   endloop
 endfacet
 facet normal  1.000000e+00  0.000000e+00  0.000000e+00
   outer loop
     vertex  5.000000e+00 -8.600000e+00 -2.500000e+00
     vertex  5.000000e+00 -1.519434e+00  3.062994e-01
     vertex  5.000000e+00 -1.510459e+00  3.478683e-01
   endloop
 endfacet
 facet normal  1.000000e+00  0.000000e+00  0.000000e+00
   outer loop
     vertex  5.000000e+00 -8.600000e+00 -2.500000e+00
     vertex  5.000000e+00 -1.527265e+00  2.644999e-01
     vertex  5.000000e+00 -1.519434e+00  3.062994e-01
   endloop
 endfacet
 facet normal  1.000000e+00  0.000000e+00  0.000000e+00
   outer loop
     vertex  5.000000e+00 -8.600000e+00 -2.500000e+00
     vertex  5.000000e+00 -1.533947e+00  2.225012e-01
     vertex  5.000000e+00 -1.527265e+00  2.644999e-01
   endloop
 endfacet
 facet normal  1.000000e+00  0.000000e+00  0.000000e+00
   outer loop
     vertex  5.000000e+00 -8.600000e+00 -2.500000e+00
     vertex  5.000000e+00 -1.539474e+00  1.803351e-01
     vertex  5.000000e+00 -1.533947e+00  2.225012e-01
   endloop
 endfacet
 facet normal  1.000000e+00  0.000000e+00  0.000000e+00
   outer loop
     vertex  5.000000e+00 -8.600000e+00 -2.500000e+00
     vertex  5.000000e+00 -1.543842e+00  1.380333e-01
     vertex  5.000000e+00 -1.539474e+00  1.803351e-01
   endloop
 endfacet
 facet normal  1.000000e+00  0.000000e+00  0.000000e+00
   outer loop
     vertex  5.000000e+00 -8.600000e+00 -2.500000e+00
     vertex  5.000000e+00 -1.547047e+00  9.562748e-02
     vertex  5.000000e+00 -1.543842e+00  1.380333e-01
   endloop
 endfacet
 facet normal  1.000000e+00  0.000000e+00  0.000000e+00
   outer loop
     vertex  5.000000e+00 -8.600000e+00 -2.500000e+00
     vertex  5.000000e+00 -1.549088e+00  5.314972e-02
     vertex  5.000000e+00 -1.547047e+00  9.562748e-02
   endloop
 endfacet
 facet normal  1.000000e+00  0.000000e+00  0.000000e+00
   outer loop
     vertex  5.000000e+00 -8.600000e+00 -2.500000e+00
     vertex  5.000000e+00 -1.549964e+00  1.063194e-02
     vertex  5.000000e+00 -1.549088e+00  5.314972e-02
   endloop
 endfacet
 facet normal  1.000000e+00  0.000000e+00  0.000000e+00
   outer loop
     vertex  5.000000e+00 -8.600000e+00 -2.500000e+00
     vertex  5.000000e+00 -1.549672e+00 -3.189383e-02
     vertex  5.000000e+00 -1.549964e+00  1.063194e-02
   endloop
 endfacet
 facet normal  1.000000e+00  0.000000e+00  0.000000e+00
   outer loop
     vertex  5.000000e+00 -8.600000e+00 -2.500000e+00
     vertex  5.000000e+00 -1.548214e+00 -7.439560e-02
     vertex  5.000000e+00 -1.549672e+00 -3.189383e-02
   endloop
 endfacet
 facet normal  1.000000e+00  0.000000e+00  0.000000e+00
   outer loop
     vertex  5.000000e+00 -8.600000e+00 -2.500000e+00
     vertex  5.000000e+00 -1.545590e+00 -1.168414e-01
     vertex  5.000000e+00 -1.548214e+00 -7.439560e-02
   endloop
 endfacet
 facet normal  1.000000e+00  0.000000e+00  0.000000e+00
   outer loop
     vertex  5.000000e+00 -8.600000e+00 -2.500000e+00
     vertex  5.000000e+00 -1.541803e+00 -1.591992e-01
     vertex  5.000000e+00 -1.545590e+00 -1.168414e-01
   endloop
 endfacet
 facet normal  1.000000e+00  0.000000e+00  0.000000e+00
   outer loop
     vertex  5.000000e+00 -8.600000e+00 -2.500000e+00
     vertex  5.000000e+00 -1.536855e+00 -2.014371e-01
     vertex  5.000000e+00 -1.541803e+00 -1.591992e-01
   endloop
 endfacet
 facet normal  1.000000e+00  0.000000e+00  0.000000e+00
   outer loop
     vertex  5.000000e+00 -8.600000e+00 -2.500000e+00
     vertex  5.000000e+00 -1.530750e+00 -2.435235e-01
     vertex  5.000000e+00 -1.536855e+00 -2.014371e-01
   endloop
 endfacet
 facet normal  1.000000e+00  0.000000e+00  0.000000e+00
   outer loop
     vertex  5.000000e+00 -8.600000e+00 -2.500000e+00
     vertex  5.000000e+00 -1.523493e+00 -2.854265e-01
     vertex  5.000000e+00 -1.530750e+00 -2.435235e-01
   endloop
 endfacet
 facet normal  1.000000e+00  0.000000e+00  0.000000e+00
   outer loop
     vertex  5.000000e+00 -8.600000e+00 -2.500000e+00
     vertex  5.000000e+00 -1.515089e+00 -3.271147e-01
     vertex  5.000000e+00 -1.523493e+00 -2.854265e-01
   endloop
 endfacet
 facet normal  1.000000e+00  0.000000e+00  0.000000e+00
   outer loop
     vertex  5.000000e+00 -8.600000e+00 -2.500000e+00
     vertex  5.000000e+00 -1.505545e+00 -3.685566e-01
     vertex  5.000000e+00 -1.515089e+00 -3.271147e-01
   endloop
 endfacet
 facet normal  1.000000e+00  0.000000e+00  0.000000e+00
   outer loop
     vertex  5.000000e+00 -8.600000e+00 -2.500000e+00
     vertex  5.000000e+00 -1.494867e+00 -4.097210e-01
     vertex  5.000000e+00 -1.505545e+00 -3.685566e-01
   endloop
 endfacet
 facet normal  1.000000e+00  0.000000e+00  0.000000e+00
   outer loop
     vertex  5.000000e+00 -8.600000e+00 -2.500000e+00
     vertex  5.000000e+00 -1.483064e+00 -4.505771e-01
     vertex  5.000000e+00 -1.494867e+00 -4.097210e-01
   endloop
 endfacet
 facet normal  1.000000e+00  0.000000e+00  0.000000e+00
   outer loop
     vertex  5.000000e+00 -8.600000e+00 -2.500000e+00
     vertex  5.000000e+00 -1.470145e+00 -4.910940e-01
     vertex  5.000000e+00 -1.483064e+00 -4.505771e-01
   endloop
 endfacet
 facet normal  1.000000e+00  0.000000e+00  0.000000e+00
   outer loop
     vertex  5.000000e+00 -8.600000e+00 -2.500000e+00
     vertex  5.000000e+00 -1.456119e+00 -5.312412e-01
     vertex  5.000000e+00 -1.470145e+00 -4.910940e-01
   endloop
 endfacet
 facet normal  1.000000e+00  0.000000e+00  0.000000e+00
   outer loop
     vertex  5.000000e+00 -8.600000e+00 -2.500000e+00
     vertex  5.000000e+00 -1.440997e+00 -5.709885e-01
     vertex  5.000000e+00 -1.456119e+00 -5.312412e-01
   endloop
 endfacet
 facet normal  1.000000e+00  0.000000e+00  0.000000e+00
   outer loop
     vertex  5.000000e+00 -8.600000e+00 -2.500000e+00
     vertex  5.000000e+00 -1.424790e+00 -6.103059e-01
     vertex  5.000000e+00 -1.440997e+00 -5.709885e-01
   endloop
 endfacet
 facet normal  1.000000e+00  0.000000e+00  0.000000e+00
   outer loop
     vertex  5.000000e+00 -8.600000e+00 -2.500000e+00
     vertex  5.000000e+00 -1.407511e+00 -6.491640e-01
     vertex  5.000000e+00 -1.424790e+00 -6.103059e-01
   endloop
 endfacet
 facet normal  1.000000e+00  0.000000e+00  0.000000e+00
   outer loop
     vertex  5.000000e+00 -8.600000e+00 -2.500000e+00
     vertex  5.000000e+00 -1.389172e+00 -6.875333e-01
     vertex  5.000000e+00 -1.407511e+00 -6.491640e-01
   endloop
 endfacet
 facet normal  1.000000e+00  0.000000e+00  0.000000e+00
   outer loop
     vertex  5.000000e+00 -8.600000e+00 -2.500000e+00
     vertex  5.000000e+00 -1.369787e+00 -7.253852e-01
     vertex  5.000000e+00 -1.389172e+00 -6.875333e-01
   endloop
 endfacet
 facet normal  1.000000e+00  0.000000e+00  0.000000e+00
   outer loop
     vertex  5.000000e+00 -8.600000e+00 -2.500000e+00
     vertex  5.000000e+00 -1.349371e+00 -7.626910e-01
     vertex  5.000000e+00 -1.369787e+00 -7.253852e-01
   endloop
 endfacet
 facet normal  1.000000e+00  0.000000e+00  0.000000e+00
   outer loop
     vertex  5.000000e+00 -8.600000e+00 -2.500000e+00
     vertex  5.000000e+00 -1.327940e+00 -7.994226e-01
     vertex  5.000000e+00 -1.349371e+00 -7.626910e-01
   endloop
 endfacet
 facet normal  1.000000e+00  0.000000e+00  0.000000e+00
   outer loop
     vertex  5.000000e+00 -8.600000e+00 -2.500000e+00
     vertex  5.000000e+00 -1.305508e+00 -8.355525e-01
     vertex  5.000000e+00 -1.327940e+00 -7.994226e-01
   endloop
 endfacet
 facet normal  1.000000e+00  0.000000e+00  0.000000e+00
   outer loop
     vertex  5.000000e+00 -8.600000e+00 -2.500000e+00
     vertex  5.000000e+00 -1.282094e+00 -8.710534e-01
     vertex  5.000000e+00 -1.305508e+00 -8.355525e-01
   endloop
 endfacet
 facet normal  1.000000e+00  0.000000e+00  0.000000e+00
   outer loop
     vertex  5.000000e+00 -8.600000e+00 -2.500000e+00
     vertex  5.000000e+00 -1.257715e+00 -9.058985e-01
     vertex  5.000000e+00 -1.282094e+00 -8.710534e-01
   endloop
 endfacet
 facet normal  1.000000e+00  0.000000e+00  0.000000e+00
   outer loop
     vertex  5.000000e+00 -8.600000e+00 -2.500000e+00
     vertex  5.000000e+00 -1.232389e+00 -9.400618e-01
     vertex  5.000000e+00 -1.257715e+00 -9.058985e-01
   endloop
 endfacet
 facet normal  1.000000e+00  0.000000e+00  0.000000e+00
   outer loop
     vertex  5.000000e+00 -8.600000e+00 -2.500000e+00
     vertex  5.000000e+00 -1.206136e+00 -9.735174e-01
     vertex  5.000000e+00 -1.232389e+00 -9.400618e-01
   endloop
 endfacet
 facet normal  1.000000e+00  0.000000e+00  0.000000e+00
   outer loop
     vertex  5.000000e+00 -8.600000e+00 -2.500000e+00
     vertex  5.000000e+00 -1.178974e+00 -1.006240e+00
     vertex  5.000000e+00 -1.206136e+00 -9.735174e-01
   endloop
 endfacet
 facet normal  1.000000e+00  0.000000e+00  0.000000e+00
   outer loop
     vertex  5.000000e+00 -8.600000e+00 -2.500000e+00
     vertex  5.000000e+00 -1.150925e+00 -1.038205e+00
     vertex  5.000000e+00 -1.178974e+00 -1.006240e+00
   endloop
 endfacet
 facet normal  1.000000e+00  0.000000e+00  0.000000e+00
   outer loop
     vertex  5.000000e+00 -8.600000e+00 -2.500000e+00
     vertex  5.000000e+00 -1.122010e+00 -1.069389e+00
     vertex  5.000000e+00 -1.150925e+00 -1.038205e+00
   endloop
 endfacet
 facet normal  1.000000e+00  0.000000e+00  0.000000e+00
   outer loop
     vertex  5.000000e+00 -8.600000e+00 -2.500000e+00
     vertex  5.000000e+00 -1.092250e+00 -1.099768e+00
     vertex  5.000000e+00 -1.122010e+00 -1.069389e+00
   endloop
 endfacet
 facet normal  1.000000e+00  0.000000e+00  0.000000e+00
   outer loop
     vertex  5.000000e+00 -8.600000e+00 -2.500000e+00
     vertex  5.000000e+00 -1.061668e+00 -1.129319e+00
     vertex  5.000000e+00 -1.092250e+00 -1.099768e+00
   endloop
 endfacet
 facet normal  1.000000e+00  0.000000e+00  0.000000e+00
   outer loop
     vertex  5.000000e+00 -8.600000e+00 -2.500000e+00
     vertex  5.000000e+00 -1.030287e+00 -1.158020e+00
     vertex  5.000000e+00 -1.061668e+00 -1.129319e+00
   endloop
 endfacet
 facet normal  1.000000e+00  0.000000e+00  0.000000e+00
   outer loop
     vertex  5.000000e+00 -8.600000e+00 -2.500000e+00
     vertex  5.000000e+00 -9.981295e-01 -1.185849e+00
     vertex  5.000000e+00 -1.030287e+00 -1.158020e+00
   endloop
 endfacet
 facet normal  1.000000e+00  0.000000e+00  0.000000e+00
   outer loop
     vertex  5.000000e+00 -8.600000e+00 -2.500000e+00
     vertex  5.000000e+00 -9.652212e-01 -1.212785e+00
     vertex  5.000000e+00 -9.981295e-01 -1.185849e+00
   endloop
 endfacet
 facet normal  1.000000e+00  0.000000e+00  0.000000e+00
   outer loop
     vertex  5.000000e+00 -8.600000e+00 -2.500000e+00
     vertex  5.000000e+00 -9.315863e-01 -1.238809e+00
     vertex  5.000000e+00 -9.652212e-01 -1.212785e+00
   endloop
 endfacet
 facet normal  1.000000e+00  0.000000e+00  0.000000e+00
   outer loop
     vertex  5.000000e+00 -8.600000e+00 -2.500000e+00
     vertex  5.000000e+00 -8.972502e-01 -1.263900e+00
     vertex  5.000000e+00 -9.315863e-01 -1.238809e+00
   endloop
 endfacet
 facet normal  1.000000e+00  0.000000e+00  0.000000e+00
   outer loop
     vertex  5.000000e+00 -8.600000e+00 -2.500000e+00
     vertex  5.000000e+00 -8.622386e-01 -1.288039e+00
     vertex  5.000000e+00 -8.972502e-01 -1.263900e+00
   endloop
 endfacet
 facet normal  1.000000e+00  0.000000e+00  0.000000e+00
   outer loop
     vertex  5.000000e+00 -8.600000e+00 -2.500000e+00
     vertex  5.000000e+00 -8.265779e-01 -1.311209e+00
     vertex  5.000000e+00 -8.622386e-01 -1.288039e+00
   endloop
 endfacet
 facet normal  1.000000e+00  0.000000e+00  0.000000e+00
   outer loop
     vertex  5.000000e+00 -8.600000e+00 -2.500000e+00
     vertex  5.000000e+00 -7.902950e-01 -1.333392e+00
     vertex  5.000000e+00 -8.265779e-01 -1.311209e+00
   endloop
 endfacet
 facet normal  1.000000e+00  0.000000e+00  0.000000e+00
   outer loop
     vertex  5.000000e+00 -8.600000e+00 -2.500000e+00
     vertex  5.000000e+00 -7.534172e-01 -1.354571e+00
     vertex  5.000000e+00 -7.902950e-01 -1.333392e+00
   endloop
 endfacet
 facet normal  1.000000e+00 -0.000000e+00  0.000000e+00
   outer loop
     vertex  5.000000e+00  2.796342e+00  1.117034e+01
     vertex  5.000000e+00  8.600000e+00 -2.500000e+00
     vertex  5.000000e+00  2.818707e+00  1.119240e+01
   endloop
 endfacet
 facet normal  1.000000e+00  0.000000e+00  0.000000e+00
   outer loop
     vertex  5.000000e+00  2.840461e+00  1.121506e+01
     vertex  5.000000e+00  2.818707e+00  1.119240e+01
     vertex  5.000000e+00  8.600000e+00 -2.500000e+00
   endloop
 endfacet
 facet normal  1.000000e+00 -0.000000e+00  0.000000e+00
   outer loop
     vertex  5.000000e+00  2.773383e+00  1.114890e+01
     vertex  5.000000e+00  8.600000e+00 -2.500000e+00
     vertex  5.000000e+00  2.796342e+00  1.117034e+01
   endloop
 endfacet
 facet normal  1.000000e+00  0.000000e+00  0.000000e+00
   outer loop
     vertex  5.000000e+00  2.861588e+00  1.123831e+01
     vertex  5.000000e+00  2.840461e+00  1.121506e+01
     vertex  5.000000e+00  8.600000e+00 -2.500000e+00
   endloop
 endfacet
 facet normal  1.000000e+00 -0.000000e+00  0.000000e+00
   outer loop
     vertex  5.000000e+00  2.749847e+00  1.112809e+01
     vertex  5.000000e+00  8.600000e+00 -2.500000e+00
     vertex  5.000000e+00  2.773383e+00  1.114890e+01
   endloop
 endfacet
 facet normal  1.000000e+00  0.000000e+00  0.000000e+00
   outer loop
     vertex  5.000000e+00  2.749847e+00  1.112809e+01
     vertex  5.000000e+00  1.293923e+00  8.533832e-01
     vertex  5.000000e+00  8.600000e+00 -2.500000e+00
   endloop
 endfacet
 facet normal  1.000000e+00  0.000000e+00  0.000000e+00
   outer loop
     vertex  5.000000e+00  2.882072e+00  1.126213e+01
     vertex  5.000000e+00  2.861588e+00  1.123831e+01
     vertex  5.000000e+00  8.600000e+00 -2.500000e+00
   endloop
 endfacet
 facet normal  1.000000e+00 -0.000000e+00  0.000000e+00
   outer loop
     vertex  5.000000e+00  2.725751e+00  1.110793e+01
     vertex  5.000000e+00  1.293923e+00  8.533832e-01
     vertex  5.000000e+00  2.749847e+00  1.112809e+01
   endloop
 endfacet
 facet normal  1.000000e+00  0.000000e+00  0.000000e+00
   outer loop
     vertex  5.000000e+00  2.725751e+00  1.110793e+01
     vertex  5.000000e+00  1.270024e+00  8.885596e-01
     vertex  5.000000e+00  1.293923e+00  8.533832e-01
   endloop
 endfacet
 facet normal  1.000000e+00  0.000000e+00  0.000000e+00
   outer loop
     vertex  5.000000e+00  2.901898e+00  1.128650e+01
     vertex  5.000000e+00  2.882072e+00  1.126213e+01
     vertex  5.000000e+00  8.600000e+00 -2.500000e+00
   endloop
 endfacet
 facet normal  1.000000e+00 -0.000000e+00  0.000000e+00
   outer loop
     vertex  5.000000e+00  2.701114e+00  1.108844e+01
     vertex  5.000000e+00  1.270024e+00  8.885596e-01
     vertex  5.000000e+00  2.725751e+00  1.110793e+01
   endloop
 endfacet
 facet normal  1.000000e+00  0.000000e+00  0.000000e+00
   outer loop
     vertex  5.000000e+00  2.701114e+00  1.108844e+01
     vertex  5.000000e+00  1.245170e+00  9.230670e-01
     vertex  5.000000e+00  1.270024e+00  8.885596e-01
   endloop
 endfacet
 facet normal  1.000000e+00  0.000000e+00  0.000000e+00
   outer loop
     vertex  5.000000e+00  2.921050e+00  1.131140e+01
     vertex  5.000000e+00  2.901898e+00  1.128650e+01
     vertex  5.000000e+00  8.600000e+00 -2.500000e+00
   endloop
 endfacet
 facet normal  1.000000e+00 -0.000000e+00  0.000000e+00
   outer loop
     vertex  5.000000e+00  2.675953e+00  1.106963e+01
     vertex  5.000000e+00  1.245170e+00  9.230670e-01
     vertex  5.000000e+00  2.701114e+00  1.108844e+01
   endloop
 endfacet
 facet normal  1.000000e+00  0.000000e+00  0.000000e+00
   outer loop
     vertex  5.000000e+00  2.675953e+00  1.106963e+01
     vertex  5.000000e+00  1.219377e+00  9.568796e-01
     vertex  5.000000e+00  1.245170e+00  9.230670e-01
   endloop
 endfacet
 facet normal  1.000000e+00  0.000000e+00  0.000000e+00
   outer loop
     vertex  5.000000e+00  2.939515e+00  1.133682e+01
     vertex  5.000000e+00  2.921050e+00  1.131140e+01
     vertex  5.000000e+00  8.600000e+00 -2.500000e+00
   endloop
 endfacet
 facet normal  1.000000e+00 -0.000000e+00  0.000000e+00
   outer loop
     vertex  5.000000e+00  2.650288e+00  1.105151e+01
     vertex  5.000000e+00  1.219377e+00  9.568796e-01
     vertex  5.000000e+00  2.675953e+00  1.106963e+01
   endloop
 endfacet
 facet normal  1.000000e+00  0.000000e+00  0.000000e+00
   outer loop
     vertex  5.000000e+00  2.650288e+00  1.105151e+01
     vertex  5.000000e+00  1.192667e+00  9.899720e-01
     vertex  5.000000e+00  1.219377e+00  9.568796e-01
   endloop
 endfacet
 facet normal  1.000000e+00  0.000000e+00  0.000000e+00
   outer loop
     vertex  5.000000e+00  2.957280e+00  1.136273e+01
     vertex  5.000000e+00  2.939515e+00  1.133682e+01
     vertex  5.000000e+00  8.600000e+00 -2.500000e+00
   endloop
 endfacet
 facet normal  1.000000e+00  0.000000e+00  0.000000e+00
   outer loop
     vertex  5.000000e+00  2.624138e+00  1.103411e+01
     vertex  5.000000e+00  1.165060e+00  1.022319e+00
     vertex  5.000000e+00  1.192667e+00  9.899720e-01
   endloop
 endfacet
 facet normal  1.000000e+00 -0.000000e+00  0.000000e+00
   outer loop
     vertex  5.000000e+00  2.624138e+00  1.103411e+01
     vertex  5.000000e+00  1.192667e+00  9.899720e-01
     vertex  5.000000e+00  2.650288e+00  1.105151e+01
   endloop
 endfacet
 facet normal  1.000000e+00  0.000000e+00  0.000000e+00
   outer loop
     vertex  5.000000e+00  2.974329e+00  1.138911e+01
     vertex  5.000000e+00  2.957280e+00  1.136273e+01
     vertex  5.000000e+00  8.600000e+00 -2.500000e+00
   endloop
 endfacet
 facet normal  1.000000e+00  0.000000e+00  0.000000e+00
   outer loop
     vertex  5.000000e+00  2.597522e+00  1.101742e+01
     vertex  5.000000e+00  1.136575e+00  1.053897e+00
     vertex  5.000000e+00  1.165060e+00  1.022319e+00
   endloop
 endfacet
 facet normal  1.000000e+00 -0.000000e+00  0.000000e+00
   outer loop
     vertex  5.000000e+00  2.597522e+00  1.101742e+01
     vertex  5.000000e+00  1.165060e+00  1.022319e+00
     vertex  5.000000e+00  2.624138e+00  1.103411e+01
   endloop
 endfacet
 facet normal  1.000000e+00  0.000000e+00  0.000000e+00
   outer loop
     vertex  5.000000e+00  2.990652e+00  1.141595e+01
     vertex  5.000000e+00  2.974329e+00  1.138911e+01
     vertex  5.000000e+00  8.600000e+00 -2.500000e+00
   endloop
 endfacet
 facet normal  1.000000e+00  0.000000e+00  0.000000e+00
   outer loop
     vertex  5.000000e+00  2.570460e+00  1.100146e+01
     vertex  5.000000e+00  1.107234e+00  1.084681e+00
     vertex  5.000000e+00  1.136575e+00  1.053897e+00
   endloop
 endfacet
 facet normal  1.000000e+00 -0.000000e+00  0.000000e+00
   outer loop
     vertex  5.000000e+00  2.570460e+00  1.100146e+01
     vertex  5.000000e+00  1.136575e+00  1.053897e+00
     vertex  5.000000e+00  2.597522e+00  1.101742e+01
   endloop
 endfacet
 facet normal  1.000000e+00  0.000000e+00  0.000000e+00
   outer loop
     vertex  5.000000e+00  3.006235e+00  1.144323e+01
     vertex  5.000000e+00  2.990652e+00  1.141595e+01
     vertex  5.000000e+00  8.600000e+00 -2.500000e+00
   endloop
 endfacet
 facet normal  1.000000e+00  0.000000e+00  0.000000e+00
   outer loop
     vertex  5.000000e+00  2.542972e+00  1.098625e+01
     vertex  5.000000e+00  1.077060e+00  1.114648e+00
     vertex  5.000000e+00  1.107234e+00  1.084681e+00
   endloop
 endfacet
 facet normal  1.000000e+00 -0.000000e+00  0.000000e+00
   outer loop
     vertex  5.000000e+00  2.542972e+00  1.098625e+01
     vertex  5.000000e+00  1.107234e+00  1.084681e+00
     vertex  5.000000e+00  2.570460e+00  1.100146e+01
   endloop
 endfacet
 facet normal  1.000000e+00  0.000000e+00  0.000000e+00
   outer loop
     vertex  5.000000e+00  3.021068e+00  1.147093e+01
     vertex  5.000000e+00  3.006235e+00  1.144323e+01
     vertex  5.000000e+00  8.600000e+00 -2.500000e+00
   endloop
 endfacet
 facet normal  1.000000e+00  0.000000e+00  0.000000e+00
   outer loop
     vertex  5.000000e+00  2.515079e+00  1.097180e+01
     vertex  5.000000e+00  1.046076e+00  1.143777e+00
     vertex  5.000000e+00  1.077060e+00  1.114648e+00
   endloop
 endfacet
 facet normal  1.000000e+00 -0.000000e+00  0.000000e+00
   outer loop
     vertex  5.000000e+00  2.515079e+00  1.097180e+01
     vertex  5.000000e+00  1.077060e+00  1.114648e+00
     vertex  5.000000e+00  2.542972e+00  1.098625e+01
   endloop
 endfacet
 facet normal  1.000000e+00  0.000000e+00  0.000000e+00
   outer loop
     vertex  5.000000e+00  3.035139e+00  1.149901e+01
     vertex  5.000000e+00  3.021068e+00  1.147093e+01
     vertex  5.000000e+00  8.600000e+00 -2.500000e+00
   endloop
 endfacet
 facet normal  1.000000e+00  0.000000e+00  0.000000e+00
   outer loop
     vertex  5.000000e+00  2.486802e+00  1.095812e+01
     vertex  5.000000e+00  1.014303e+00  1.172045e+00
     vertex  5.000000e+00  1.046076e+00  1.143777e+00
   endloop
 endfacet
 facet normal  1.000000e+00 -0.000000e+00  0.000000e+00
   outer loop
     vertex  5.000000e+00  2.486802e+00  1.095812e+01
     vertex  5.000000e+00  1.046076e+00  1.143777e+00
     vertex  5.000000e+00  2.515079e+00  1.097180e+01
   endloop
 endfacet
 facet normal  1.000000e+00  0.000000e+00  0.000000e+00
   outer loop
     vertex  5.000000e+00  3.048437e+00  1.152747e+01
     vertex  5.000000e+00  3.035139e+00  1.149901e+01
     vertex  5.000000e+00  8.600000e+00 -2.500000e+00
   endloop
 endfacet
 facet normal  1.000000e+00 -0.000000e+00  0.000000e+00
   outer loop
     vertex  5.000000e+00  2.458161e+00  1.094521e+01
     vertex  5.000000e+00  1.014303e+00  1.172045e+00
     vertex  5.000000e+00  2.486802e+00  1.095812e+01
   endloop
 endfacet
 facet normal  1.000000e+00  0.000000e+00  0.000000e+00
   outer loop
     vertex  5.000000e+00  2.458161e+00  1.094521e+01
     vertex  5.000000e+00  9.817678e-01  1.199430e+00
     vertex  5.000000e+00  1.014303e+00  1.172045e+00
   endloop
 endfacet
 facet normal  1.000000e+00  0.000000e+00  0.000000e+00
   outer loop
     vertex  5.000000e+00  3.060952e+00  1.155629e+01
     vertex  5.000000e+00  3.048437e+00  1.152747e+01
     vertex  5.000000e+00  8.600000e+00 -2.500000e+00
   endloop
 endfacet
 facet normal  1.000000e+00  0.000000e+00  0.000000e+00
   outer loop
     vertex  5.000000e+00  2.429179e+00  1.093309e+01
     vertex  5.000000e+00  9.484930e-01  1.225912e+00
     vertex  5.000000e+00  9.817678e-01  1.199430e+00
   endloop
 endfacet
 facet normal  1.000000e+00 -0.000000e+00  0.000000e+00
   outer loop
     vertex  5.000000e+00  2.429179e+00  1.093309e+01
     vertex  5.000000e+00  9.817678e-01  1.199430e+00
     vertex  5.000000e+00  2.458161e+00  1.094521e+01
   endloop
 endfacet
 facet normal  1.000000e+00  0.000000e+00  0.000000e+00
   outer loop
     vertex  5.000000e+00  3.072677e+00  1.158543e+01
     vertex  5.000000e+00  3.060952e+00  1.155629e+01
     vertex  5.000000e+00  8.600000e+00 -2.500000e+00
   endloop
 endfacet
 facet normal  1.000000e+00  0.000000e+00  0.000000e+00
   outer loop
     vertex  5.000000e+00  2.399876e+00  1.092176e+01
     vertex  5.000000e+00  9.145043e-01  1.251472e+00
     vertex  5.000000e+00  9.484930e-01  1.225912e+00
   endloop
 endfacet
 facet normal  1.000000e+00 -0.000000e+00  0.000000e+00
   outer loop
     vertex  5.000000e+00  2.399876e+00  1.092176e+01
     vertex  5.000000e+00  9.484930e-01  1.225912e+00
     vertex  5.000000e+00  2.429179e+00  1.093309e+01
   endloop
 endfacet
 facet normal  1.000000e+00  0.000000e+00  0.000000e+00
   outer loop
     vertex  5.000000e+00  3.083600e+00  1.161489e+01
     vertex  5.000000e+00  3.072677e+00  1.158543e+01
     vertex  5.000000e+00  8.600000e+00 -2.500000e+00
   endloop
 endfacet
 facet normal  1.000000e+00  0.000000e+00  0.000000e+00
   outer loop
     vertex  5.000000e+00  2.370275e+00  1.091124e+01
     vertex  5.000000e+00  8.798272e-01  1.276089e+00
     vertex  5.000000e+00  9.145043e-01  1.251472e+00
   endloop
 endfacet
 facet normal  1.000000e+00 -0.000000e+00  0.000000e+00
   outer loop
     vertex  5.000000e+00  2.370275e+00  1.091124e+01
     vertex  5.000000e+00  9.145043e-01  1.251472e+00
     vertex  5.000000e+00  2.399876e+00  1.092176e+01
   endloop
 endfacet
 facet normal  1.000000e+00  0.000000e+00  0.000000e+00
   outer loop
     vertex  5.000000e+00  3.093715e+00  1.164463e+01
     vertex  5.000000e+00  3.083600e+00  1.161489e+01
     vertex  5.000000e+00  8.600000e+00 -2.500000e+00
   endloop
 endfacet
 facet normal  1.000000e+00  0.000000e+00  0.000000e+00
   outer loop
     vertex  5.000000e+00  2.340398e+00  1.090153e+01
     vertex  5.000000e+00  8.444877e-01  1.299746e+00
     vertex  5.000000e+00  8.798272e-01  1.276089e+00
   endloop
 endfacet
 facet normal  1.000000e+00 -0.000000e+00  0.000000e+00
   outer loop
     vertex  5.000000e+00  2.340398e+00  1.090153e+01
     vertex  5.000000e+00  8.798272e-01  1.276089e+00
     vertex  5.000000e+00  2.370275e+00  1.091124e+01
   endloop
 endfacet
 facet normal  1.000000e+00  0.000000e+00  0.000000e+00
   outer loop
     vertex  5.000000e+00  3.103014e+00  1.167464e+01
     vertex  5.000000e+00  3.093715e+00  1.164463e+01
     vertex  5.000000e+00  8.600000e+00 -2.500000e+00
   endloop
 endfacet
 facet normal  1.000000e+00 -0.000000e+00  0.000000e+00
   outer loop
     vertex  5.000000e+00  2.310266e+00  1.089265e+01
     vertex  5.000000e+00  8.444877e-01  1.299746e+00
     vertex  5.000000e+00  2.340398e+00  1.090153e+01
   endloop
 endfacet
 facet normal  1.000000e+00  0.000000e+00  0.000000e+00
   outer loop
     vertex  5.000000e+00  3.111489e+00  1.170489e+01
     vertex  5.000000e+00  3.103014e+00  1.167464e+01
     vertex  5.000000e+00  8.600000e+00 -2.500000e+00
   endloop
 endfacet
 facet normal  1.000000e+00 -0.000000e+00  0.000000e+00
   outer loop
     vertex  5.000000e+00  2.279903e+00  1.088458e+01
     vertex  5.000000e+00  8.444877e-01  1.299746e+00
     vertex  5.000000e+00  2.310266e+00  1.089265e+01
   endloop
 endfacet
 facet normal  1.000000e+00  0.000000e+00  0.000000e+00
   outer loop
     vertex  5.000000e+00  2.279903e+00  1.088458e+01
     vertex  5.000000e+00  8.085126e-01  1.322425e+00
     vertex  5.000000e+00  8.444877e-01  1.299746e+00
   endloop
 endfacet
 facet normal  1.000000e+00  0.000000e+00  0.000000e+00
   outer loop
     vertex  5.000000e+00  3.119136e+00  1.173536e+01
     vertex  5.000000e+00  3.111489e+00  1.170489e+01
     vertex  5.000000e+00  8.600000e+00 -2.500000e+00
   endloop
 endfacet
 facet normal  1.000000e+00  0.000000e+00  0.000000e+00
   outer loop
     vertex  5.000000e+00  2.249332e+00  1.087735e+01
     vertex  5.000000e+00  7.719288e-01  1.344108e+00
     vertex  5.000000e+00  8.085126e-01  1.322425e+00
   endloop
 endfacet
 facet normal  1.000000e+00 -0.000000e+00  0.000000e+00
   outer loop
     vertex  5.000000e+00  2.249332e+00  1.087735e+01
     vertex  5.000000e+00  8.085126e-01  1.322425e+00
     vertex  5.000000e+00  2.279903e+00  1.088458e+01
   endloop
 endfacet
 facet normal  1.000000e+00  0.000000e+00  0.000000e+00
   outer loop
     vertex  5.000000e+00  3.125947e+00  1.176603e+01
     vertex  5.000000e+00  3.119136e+00  1.173536e+01
     vertex  5.000000e+00  8.600000e+00 -2.500000e+00
   endloop
 endfacet
 facet normal  1.000000e+00  0.000000e+00  0.000000e+00
   outer loop
     vertex  5.000000e+00  2.218574e+00  1.087096e+01
     vertex  5.000000e+00  7.347639e-01  1.364779e+00
     vertex  5.000000e+00  7.719288e-01  1.344108e+00
   endloop
 endfacet
 facet normal  1.000000e+00 -0.000000e+00  0.000000e+00
   outer loop
     vertex  5.000000e+00  2.218574e+00  1.087096e+01
     vertex  5.000000e+00  7.719288e-01  1.344108e+00
     vertex  5.000000e+00  2.249332e+00  1.087735e+01
   endloop
 endfacet
 facet normal  1.000000e+00  0.000000e+00  0.000000e+00
   outer loop
     vertex  5.000000e+00  3.131918e+00  1.179687e+01
     vertex  5.000000e+00  3.125947e+00  1.176603e+01
     vertex  5.000000e+00  8.600000e+00 -2.500000e+00
   endloop
 endfacet
 facet normal  1.000000e+00 -0.000000e+00  0.000000e+00
   outer loop
     vertex  5.000000e+00  2.187653e+00  1.086541e+01
     vertex  5.000000e+00  7.347639e-01  1.364779e+00
     vertex  5.000000e+00  2.218574e+00  1.087096e+01
   endloop
 endfacet
 facet normal  1.000000e+00  0.000000e+00  0.000000e+00
   outer loop
     vertex  5.000000e+00  2.187653e+00  1.086541e+01
     vertex  5.000000e+00  6.970459e-01  1.384423e+00
     vertex  5.000000e+00  7.347639e-01  1.364779e+00
   endloop
 endfacet
 facet normal  1.000000e+00  0.000000e+00  0.000000e+00
   outer loop
     vertex  5.000000e+00  3.137044e+00  1.182786e+01
     vertex  5.000000e+00  3.131918e+00  1.179687e+01
     vertex  5.000000e+00  8.600000e+00 -2.500000e+00
   endloop
 endfacet
 facet normal  1.000000e+00  0.000000e+00  0.000000e+00
   outer loop
     vertex  5.000000e+00  2.156592e+00  1.086071e+01
     vertex  5.000000e+00  6.588033e-01  1.403025e+00
     vertex  5.000000e+00  6.970459e-01  1.384423e+00
   endloop
 endfacet
 facet normal  1.000000e+00 -0.000000e+00  0.000000e+00
   outer loop
     vertex  5.000000e+00  2.156592e+00  1.086071e+01
     vertex  5.000000e+00  6.970459e-01  1.384423e+00
     vertex  5.000000e+00  2.187653e+00  1.086541e+01
   endloop
 endfacet
 facet normal  1.000000e+00  0.000000e+00  0.000000e+00
   outer loop
     vertex  5.000000e+00  3.141321e+00  1.185898e+01
     vertex  5.000000e+00  3.137044e+00  1.182786e+01
     vertex  5.000000e+00  8.600000e+00 -2.500000e+00
   endloop
 endfacet
 facet normal  1.000000e+00  0.000000e+00  0.000000e+00
   outer loop
     vertex  5.000000e+00  2.125414e+00  1.085686e+01
     vertex  5.000000e+00  6.200647e-01  1.420570e+00
     vertex  5.000000e+00  6.588033e-01  1.403025e+00
   endloop
 endfacet
 facet normal  1.000000e+00 -0.000000e+00  0.000000e+00
   outer loop
     vertex  5.000000e+00  2.125414e+00  1.085686e+01
     vertex  5.000000e+00  6.588033e-01  1.403025e+00
     vertex  5.000000e+00  2.156592e+00  1.086071e+01
   endloop
 endfacet
 facet normal  1.000000e+00  0.000000e+00  0.000000e+00
   outer loop
     vertex  5.000000e+00  3.144747e+00  1.189021e+01
     vertex  5.000000e+00  3.141321e+00  1.185898e+01
     vertex  5.000000e+00  8.600000e+00 -2.500000e+00
   endloop
 endfacet
 facet normal  1.000000e+00 -0.000000e+00  0.000000e+00
   outer loop
     vertex  5.000000e+00  2.094142e+00  1.085386e+01
     vertex  5.000000e+00  6.200647e-01  1.420570e+00
     vertex  5.000000e+00  2.125414e+00  1.085686e+01
   endloop
 endfacet
 facet normal  1.000000e+00  0.000000e+00  0.000000e+00
   outer loop
     vertex  5.000000e+00  2.094142e+00  1.085386e+01
     vertex  5.000000e+00  5.808593e-01  1.437046e+00
     vertex  5.000000e+00  6.200647e-01  1.420570e+00
   endloop
 endfacet
 facet normal  1.000000e+00  0.000000e+00  0.000000e+00
   outer loop
     vertex  5.000000e+00  3.147319e+00  1.192152e+01
     vertex  5.000000e+00  3.144747e+00  1.189021e+01
     vertex  5.000000e+00  8.600000e+00 -2.500000e+00
   endloop
 endfacet
 facet normal  1.000000e+00  0.000000e+00  0.000000e+00
   outer loop
     vertex  5.000000e+00  2.062801e+00  1.085172e+01
     vertex  5.000000e+00  5.412166e-01  1.452441e+00
     vertex  5.000000e+00  5.808593e-01  1.437046e+00
   endloop
 endfacet
 facet normal  1.000000e+00 -0.000000e+00  0.000000e+00
   outer loop
     vertex  5.000000e+00  2.062801e+00  1.085172e+01
     vertex  5.000000e+00  5.808593e-01  1.437046e+00
     vertex  5.000000e+00  2.094142e+00  1.085386e+01
   endloop
 endfacet
 facet normal  1.000000e+00  0.000000e+00  0.000000e+00
   outer loop
     vertex  5.000000e+00  3.149035e+00  1.195289e+01
     vertex  5.000000e+00  3.147319e+00  1.192152e+01
     vertex  5.000000e+00  8.600000e+00 -2.500000e+00
   endloop
 endfacet
 facet normal  1.000000e+00  0.000000e+00  0.000000e+00
   outer loop
     vertex  5.000000e+00  2.031412e+00  1.085043e+01
     vertex  5.000000e+00  5.011666e-01  1.466742e+00
     vertex  5.000000e+00  5.412166e-01  1.452441e+00
   endloop
 endfacet
 facet normal  1.000000e+00 -0.000000e+00  0.000000e+00
   outer loop
     vertex  5.000000e+00  2.031412e+00  1.085043e+01
     vertex  5.000000e+00  5.412166e-01  1.452441e+00
     vertex  5.000000e+00  2.062801e+00  1.085172e+01
   endloop
 endfacet
 facet normal  1.000000e+00  0.000000e+00  0.000000e+00
   outer loop
     vertex  5.000000e+00  3.149893e+00  1.198429e+01
     vertex  5.000000e+00  3.149035e+00  1.195289e+01
     vertex  5.000000e+00  8.600000e+00 -2.500000e+00
   endloop
 endfacet
 facet normal  1.000000e+00  0.000000e+00  0.000000e+00
   outer loop
     vertex  5.000000e+00  2.000000e+00  1.085000e+01
     vertex  5.000000e+00  4.607393e-01  1.479939e+00
     vertex  5.000000e+00  5.011666e-01  1.466742e+00
   endloop
 endfacet
 facet normal  1.000000e+00  0.000000e+00  0.000000e+00
   outer loop
     vertex  5.000000e+00  2.000000e+00  1.085000e+01
     vertex  5.000000e+00  4.199652e-01  1.492022e+00
     vertex  5.000000e+00  4.607393e-01  1.479939e+00
   endloop
 endfacet
 facet normal  1.000000e+00  0.000000e+00  0.000000e+00
   outer loop
     vertex  5.000000e+00  2.000000e+00  1.085000e+01
     vertex  5.000000e+00  3.788749e-01  1.502982e+00
     vertex  5.000000e+00  4.199652e-01  1.492022e+00
   endloop
 endfacet
 facet normal  1.000000e+00  0.000000e+00  0.000000e+00
   outer loop
     vertex  5.000000e+00  2.000000e+00  1.085000e+01
     vertex  5.000000e+00  3.374994e-01  1.512810e+00
     vertex  5.000000e+00  3.788749e-01  1.502982e+00
   endloop
 endfacet
 facet normal  1.000000e+00  0.000000e+00  0.000000e+00
   outer loop
     vertex  5.000000e+00  2.000000e+00  1.085000e+01
     vertex  5.000000e+00  2.958699e-01  1.521500e+00
     vertex  5.000000e+00  3.374994e-01  1.512810e+00
   endloop
 endfacet
 facet normal  1.000000e+00  0.000000e+00  0.000000e+00
   outer loop
     vertex  5.000000e+00  2.000000e+00  1.085000e+01
     vertex  5.000000e+00  2.540177e-01  1.529044e+00
     vertex  5.000000e+00  2.958699e-01  1.521500e+00
   endloop
 endfacet
 facet normal  1.000000e+00  0.000000e+00  0.000000e+00
   outer loop
     vertex  5.000000e+00  2.000000e+00  1.085000e+01
     vertex  5.000000e+00  2.119742e-01  1.535437e+00
     vertex  5.000000e+00  2.540177e-01  1.529044e+00
   endloop
 endfacet
 facet normal  1.000000e+00  0.000000e+00  0.000000e+00
   outer loop
     vertex  5.000000e+00  2.000000e+00  1.085000e+01
     vertex  5.000000e+00  1.697711e-01  1.540674e+00
     vertex  5.000000e+00  2.119742e-01  1.535437e+00
   endloop
 endfacet
 facet normal  1.000000e+00  0.000000e+00  0.000000e+00
   outer loop
     vertex  5.000000e+00  2.000000e+00  1.085000e+01
     vertex  5.000000e+00  1.274403e-01  1.544752e+00
     vertex  5.000000e+00  1.697711e-01  1.540674e+00
   endloop
 endfacet
 facet normal  1.000000e+00  0.000000e+00  0.000000e+00
   outer loop
     vertex  5.000000e+00  2.000000e+00  1.085000e+01
     vertex  5.000000e+00  8.501354e-02  1.547667e+00
     vertex  5.000000e+00  1.274403e-01  1.544752e+00
   endloop
 endfacet
 facet normal  1.000000e+00  0.000000e+00  0.000000e+00
   outer loop
     vertex  5.000000e+00  2.000000e+00  1.085000e+01
     vertex  5.000000e+00  4.252277e-02  1.549417e+00
     vertex  5.000000e+00  8.501354e-02  1.547667e+00
   endloop
 endfacet
 facet normal  1.000000e+00  0.000000e+00  0.000000e+00
   outer loop
     vertex  5.000000e+00  2.000000e+00  1.085000e+01
     vertex  5.000000e+00  3.796405e-16  1.550000e+00
     vertex  5.000000e+00  4.252277e-02  1.549417e+00
   endloop
 endfacet
 facet normal  1.000000e+00 -0.000000e+00  0.000000e+00
   outer loop
     vertex  5.000000e+00  2.000000e+00  1.085000e+01
     vertex  5.000000e+00  5.011666e-01  1.466742e+00
     vertex  5.000000e+00  2.031412e+00  1.085043e+01
   endloop
 endfacet
 facet normal  1.000000e+00  0.000000e+00  0.000000e+00
   outer loop
     vertex  5.000000e+00  3.149893e+00  1.201571e+01
     vertex  5.000000e+00  3.149893e+00  1.198429e+01
     vertex  5.000000e+00  8.600000e+00 -2.500000e+00
   endloop
 endfacet
 facet normal  1.000000e+00  0.000000e+00  0.000000e+00
   outer loop
     vertex  5.000000e+00  3.149035e+00  1.204711e+01
     vertex  5.000000e+00  3.149893e+00  1.201571e+01
     vertex  5.000000e+00  8.600000e+00 -2.500000e+00
   endloop
 endfacet
 facet normal  1.000000e+00  0.000000e+00  0.000000e+00
   outer loop
     vertex  5.000000e+00  3.147319e+00  1.207848e+01
     vertex  5.000000e+00  3.149035e+00  1.204711e+01
     vertex  5.000000e+00  8.600000e+00 -2.500000e+00
   endloop
 endfacet
 facet normal  1.000000e+00  0.000000e+00  0.000000e+00
   outer loop
     vertex  5.000000e+00 -2.000000e+00  1.085000e+01
     vertex  5.000000e+00 -4.252277e-02  1.549417e+00
     vertex  5.000000e+00  3.796405e-16  1.550000e+00
   endloop
 endfacet
 facet normal  1.000000e+00  0.000000e+00  0.000000e+00
   outer loop
     vertex  5.000000e+00 -2.000000e+00  1.085000e+01
     vertex  5.000000e+00 -8.501354e-02  1.547667e+00
     vertex  5.000000e+00 -4.252277e-02  1.549417e+00
   endloop
 endfacet
 facet normal  1.000000e+00  0.000000e+00  0.000000e+00
   outer loop
     vertex  5.000000e+00 -2.000000e+00  1.085000e+01
     vertex  5.000000e+00 -1.274403e-01  1.544752e+00
     vertex  5.000000e+00 -8.501354e-02  1.547667e+00
   endloop
 endfacet
 facet normal  1.000000e+00  0.000000e+00  0.000000e+00
   outer loop
     vertex  5.000000e+00 -2.000000e+00  1.085000e+01
     vertex  5.000000e+00 -1.697711e-01  1.540674e+00
     vertex  5.000000e+00 -1.274403e-01  1.544752e+00
   endloop
 endfacet
 facet normal  1.000000e+00  0.000000e+00  0.000000e+00
   outer loop
     vertex  5.000000e+00 -2.000000e+00  1.085000e+01
     vertex  5.000000e+00 -2.119742e-01  1.535437e+00
     vertex  5.000000e+00 -1.697711e-01  1.540674e+00
   endloop
 endfacet
 facet normal  1.000000e+00  0.000000e+00  0.000000e+00
   outer loop
     vertex  5.000000e+00 -2.000000e+00  1.085000e+01
     vertex  5.000000e+00 -2.540177e-01  1.529044e+00
     vertex  5.000000e+00 -2.119742e-01  1.535437e+00
   endloop
 endfacet
 facet normal  1.000000e+00  0.000000e+00  0.000000e+00
   outer loop
     vertex  5.000000e+00 -2.000000e+00  1.085000e+01
     vertex  5.000000e+00 -2.958699e-01  1.521500e+00
     vertex  5.000000e+00 -2.540177e-01  1.529044e+00
   endloop
 endfacet
 facet normal  1.000000e+00  0.000000e+00  0.000000e+00
   outer loop
     vertex  5.000000e+00 -2.000000e+00  1.085000e+01
     vertex  5.000000e+00 -3.374994e-01  1.512810e+00
     vertex  5.000000e+00 -2.958699e-01  1.521500e+00
   endloop
 endfacet
 facet normal  1.000000e+00  0.000000e+00  0.000000e+00
   outer loop
     vertex  5.000000e+00 -2.000000e+00  1.085000e+01
     vertex  5.000000e+00 -3.788749e-01  1.502982e+00
     vertex  5.000000e+00 -3.374994e-01  1.512810e+00
   endloop
 endfacet
 facet normal  1.000000e+00  0.000000e+00  0.000000e+00
   outer loop
     vertex  5.000000e+00 -2.000000e+00  1.085000e+01
     vertex  5.000000e+00 -4.199652e-01  1.492022e+00
     vertex  5.000000e+00 -3.788749e-01  1.502982e+00
   endloop
 endfacet
 facet normal  1.000000e+00  0.000000e+00  0.000000e+00
   outer loop
     vertex  5.000000e+00 -2.000000e+00  1.085000e+01
     vertex  5.000000e+00 -4.607393e-01  1.479939e+00
     vertex  5.000000e+00 -4.199652e-01  1.492022e+00
   endloop
 endfacet
 facet normal  1.000000e+00  0.000000e+00  0.000000e+00
   outer loop
     vertex  5.000000e+00 -2.000000e+00  1.085000e+01
     vertex  5.000000e+00 -5.011666e-01  1.466742e+00
     vertex  5.000000e+00 -4.607393e-01  1.479939e+00
   endloop
 endfacet
 facet normal  1.000000e+00 -0.000000e+00  0.000000e+00
   outer loop
     vertex  5.000000e+00 -2.000000e+00  1.085000e+01
     vertex  5.000000e+00  3.796405e-16  1.550000e+00
     vertex  5.000000e+00  2.000000e+00  1.085000e+01
   endloop
 endfacet
 facet normal  1.000000e+00  0.000000e+00  0.000000e+00
   outer loop
     vertex  5.000000e+00 -2.031412e+00  1.085043e+01
     vertex  5.000000e+00 -5.412166e-01  1.452441e+00
     vertex  5.000000e+00 -5.011666e-01  1.466742e+00
   endloop
 endfacet
 facet normal  1.000000e+00  0.000000e+00  0.000000e+00
   outer loop
     vertex  5.000000e+00 -2.031412e+00  1.085043e+01
     vertex  5.000000e+00 -5.011666e-01  1.466742e+00
     vertex  5.000000e+00 -2.000000e+00  1.085000e+01
   endloop
 endfacet
 facet normal  1.000000e+00  0.000000e+00  0.000000e+00
   outer loop
     vertex  5.000000e+00 -2.062801e+00  1.085172e+01
     vertex  5.000000e+00 -5.808593e-01  1.437046e+00
     vertex  5.000000e+00 -5.412166e-01  1.452441e+00
   endloop
 endfacet
 facet normal  1.000000e+00  0.000000e+00  0.000000e+00
   outer loop
     vertex  5.000000e+00 -2.062801e+00  1.085172e+01
     vertex  5.000000e+00 -5.412166e-01  1.452441e+00
     vertex  5.000000e+00 -2.031412e+00  1.085043e+01
   endloop
 endfacet
 facet normal  1.000000e+00  0.000000e+00  0.000000e+00
   outer loop
     vertex  5.000000e+00 -2.094142e+00  1.085386e+01
     vertex  5.000000e+00 -6.200647e-01  1.420570e+00
     vertex  5.000000e+00 -5.808593e-01  1.437046e+00
   endloop
 endfacet
 facet normal  1.000000e+00  0.000000e+00  0.000000e+00
   outer loop
     vertex  5.000000e+00 -2.094142e+00  1.085386e+01
     vertex  5.000000e+00 -5.808593e-01  1.437046e+00
     vertex  5.000000e+00 -2.062801e+00  1.085172e+01
   endloop
 endfacet
 facet normal  1.000000e+00  0.000000e+00  0.000000e+00
   outer loop
     vertex  5.000000e+00 -2.125414e+00  1.085686e+01
     vertex  5.000000e+00 -6.588033e-01  1.403025e+00
     vertex  5.000000e+00 -6.200647e-01  1.420570e+00
   endloop
 endfacet
 facet normal  1.000000e+00  0.000000e+00  0.000000e+00
   outer loop
     vertex  5.000000e+00 -2.125414e+00  1.085686e+01
     vertex  5.000000e+00 -6.200647e-01  1.420570e+00
     vertex  5.000000e+00 -2.094142e+00  1.085386e+01
   endloop
 endfacet
 facet normal  1.000000e+00  0.000000e+00  0.000000e+00
   outer loop
     vertex  5.000000e+00 -2.156592e+00  1.086071e+01
     vertex  5.000000e+00 -6.970459e-01  1.384423e+00
     vertex  5.000000e+00 -6.588033e-01  1.403025e+00
   endloop
 endfacet
 facet normal  1.000000e+00  0.000000e+00  0.000000e+00
   outer loop
     vertex  5.000000e+00 -2.156592e+00  1.086071e+01
     vertex  5.000000e+00 -6.588033e-01  1.403025e+00
     vertex  5.000000e+00 -2.125414e+00  1.085686e+01
   endloop
 endfacet
 facet normal  1.000000e+00  0.000000e+00  0.000000e+00
   outer loop
     vertex  5.000000e+00 -2.187653e+00  1.086541e+01
     vertex  5.000000e+00 -7.347639e-01  1.364779e+00
     vertex  5.000000e+00 -6.970459e-01  1.384423e+00
   endloop
 endfacet
 facet normal  1.000000e+00  0.000000e+00  0.000000e+00
   outer loop
     vertex  5.000000e+00 -2.187653e+00  1.086541e+01
     vertex  5.000000e+00 -6.970459e-01  1.384423e+00
     vertex  5.000000e+00 -2.156592e+00  1.086071e+01
   endloop
 endfacet
 facet normal  1.000000e+00  0.000000e+00  0.000000e+00
   outer loop
     vertex  5.000000e+00 -2.218574e+00  1.087096e+01
     vertex  5.000000e+00 -7.719288e-01  1.344108e+00
     vertex  5.000000e+00 -7.347639e-01  1.364779e+00
   endloop
 endfacet
 facet normal  1.000000e+00  0.000000e+00  0.000000e+00
   outer loop
     vertex  5.000000e+00 -2.218574e+00  1.087096e+01
     vertex  5.000000e+00 -7.347639e-01  1.364779e+00
     vertex  5.000000e+00 -2.187653e+00  1.086541e+01
   endloop
 endfacet
 facet normal  1.000000e+00  0.000000e+00  0.000000e+00
   outer loop
     vertex  5.000000e+00 -2.249332e+00  1.087735e+01
     vertex  5.000000e+00 -8.085126e-01  1.322425e+00
     vertex  5.000000e+00 -7.719288e-01  1.344108e+00
   endloop
 endfacet
 facet normal  1.000000e+00  0.000000e+00  0.000000e+00
   outer loop
     vertex  5.000000e+00 -2.249332e+00  1.087735e+01
     vertex  5.000000e+00 -7.719288e-01  1.344108e+00
     vertex  5.000000e+00 -2.218574e+00  1.087096e+01
   endloop
 endfacet
 facet normal  1.000000e+00  0.000000e+00  0.000000e+00
   outer loop
     vertex  5.000000e+00 -2.279903e+00  1.088458e+01
     vertex  5.000000e+00 -8.444877e-01  1.299746e+00
     vertex  5.000000e+00 -8.085126e-01  1.322425e+00
   endloop
 endfacet
 facet normal  1.000000e+00  0.000000e+00  0.000000e+00
   outer loop
     vertex  5.000000e+00 -2.279903e+00  1.088458e+01
     vertex  5.000000e+00 -8.085126e-01  1.322425e+00
     vertex  5.000000e+00 -2.249332e+00  1.087735e+01
   endloop
 endfacet
 facet normal  1.000000e+00  0.000000e+00  0.000000e+00
   outer loop
     vertex  5.000000e+00 -2.310266e+00  1.089265e+01
     vertex  5.000000e+00 -8.444877e-01  1.299746e+00
     vertex  5.000000e+00 -2.279903e+00  1.088458e+01
   endloop
 endfacet
 facet normal  1.000000e+00  0.000000e+00  0.000000e+00
   outer loop
     vertex  5.000000e+00 -2.340398e+00  1.090153e+01
     vertex  5.000000e+00 -8.798272e-01  1.276089e+00
     vertex  5.000000e+00 -8.444877e-01  1.299746e+00
   endloop
 endfacet
 facet normal  1.000000e+00  0.000000e+00  0.000000e+00
   outer loop
     vertex  5.000000e+00 -2.340398e+00  1.090153e+01
     vertex  5.000000e+00 -8.444877e-01  1.299746e+00
     vertex  5.000000e+00 -2.310266e+00  1.089265e+01
   endloop
 endfacet
 facet normal  1.000000e+00  0.000000e+00  0.000000e+00
   outer loop
     vertex  5.000000e+00 -2.370275e+00  1.091124e+01
     vertex  5.000000e+00 -8.798272e-01  1.276089e+00
     vertex  5.000000e+00 -2.340398e+00  1.090153e+01
   endloop
 endfacet
 facet normal  1.000000e+00  0.000000e+00  0.000000e+00
   outer loop
     vertex  5.000000e+00 -2.370275e+00  1.091124e+01
     vertex  5.000000e+00 -9.145043e-01  1.251472e+00
     vertex  5.000000e+00 -8.798272e-01  1.276089e+00
   endloop
 endfacet
 facet normal  1.000000e+00  0.000000e+00  0.000000e+00
   outer loop
     vertex  5.000000e+00 -2.399876e+00  1.092176e+01
     vertex  5.000000e+00 -9.145043e-01  1.251472e+00
     vertex  5.000000e+00 -2.370275e+00  1.091124e+01
   endloop
 endfacet
 facet normal  1.000000e+00  0.000000e+00  0.000000e+00
   outer loop
     vertex  5.000000e+00 -2.399876e+00  1.092176e+01
     vertex  5.000000e+00 -9.484930e-01  1.225912e+00
     vertex  5.000000e+00 -9.145043e-01  1.251472e+00
   endloop
 endfacet
 facet normal  1.000000e+00  0.000000e+00  0.000000e+00
   outer loop
     vertex  5.000000e+00 -2.429179e+00  1.093309e+01
     vertex  5.000000e+00 -9.817678e-01  1.199430e+00
     vertex  5.000000e+00 -9.484930e-01  1.225912e+00
   endloop
 endfacet
 facet normal  1.000000e+00  0.000000e+00  0.000000e+00
   outer loop
     vertex  5.000000e+00 -2.429179e+00  1.093309e+01
     vertex  5.000000e+00 -9.484930e-01  1.225912e+00
     vertex  5.000000e+00 -2.399876e+00  1.092176e+01
   endloop
 endfacet
 facet normal  1.000000e+00  0.000000e+00  0.000000e+00
   outer loop
     vertex  5.000000e+00 -2.458161e+00  1.094521e+01
     vertex  5.000000e+00 -9.817678e-01  1.199430e+00
     vertex  5.000000e+00 -2.429179e+00  1.093309e+01
   endloop
 endfacet
 facet normal  1.000000e+00  0.000000e+00  0.000000e+00
   outer loop
     vertex  5.000000e+00 -2.458161e+00  1.094521e+01
     vertex  5.000000e+00 -1.014303e+00  1.172045e+00
     vertex  5.000000e+00 -9.817678e-01  1.199430e+00
   endloop
 endfacet
 facet normal  1.000000e+00  0.000000e+00  0.000000e+00
   outer loop
     vertex  5.000000e+00 -2.486802e+00  1.095812e+01
     vertex  5.000000e+00 -1.014303e+00  1.172045e+00
     vertex  5.000000e+00 -2.458161e+00  1.094521e+01
   endloop
 endfacet
 facet normal  1.000000e+00  0.000000e+00  0.000000e+00
   outer loop
     vertex  5.000000e+00 -2.486802e+00  1.095812e+01
     vertex  5.000000e+00 -1.046076e+00  1.143777e+00
     vertex  5.000000e+00 -1.014303e+00  1.172045e+00
   endloop
 endfacet
 facet normal  1.000000e+00  0.000000e+00  0.000000e+00
   outer loop
     vertex  5.000000e+00 -2.515079e+00  1.097180e+01
     vertex  5.000000e+00 -1.077060e+00  1.114648e+00
     vertex  5.000000e+00 -1.046076e+00  1.143777e+00
   endloop
 endfacet
 facet normal  1.000000e+00  0.000000e+00  0.000000e+00
   outer loop
     vertex  5.000000e+00 -2.515079e+00  1.097180e+01
     vertex  5.000000e+00 -1.046076e+00  1.143777e+00
     vertex  5.000000e+00 -2.486802e+00  1.095812e+01
   endloop
 endfacet
 facet normal  1.000000e+00  0.000000e+00  0.000000e+00
   outer loop
     vertex  5.000000e+00 -2.542972e+00  1.098625e+01
     vertex  5.000000e+00 -1.077060e+00  1.114648e+00
     vertex  5.000000e+00 -2.515079e+00  1.097180e+01
   endloop
 endfacet
 facet normal  1.000000e+00  0.000000e+00  0.000000e+00
   outer loop
     vertex  5.000000e+00 -2.542972e+00  1.098625e+01
     vertex  5.000000e+00 -1.107234e+00  1.084681e+00
     vertex  5.000000e+00 -1.077060e+00  1.114648e+00
   endloop
 endfacet
 facet normal  1.000000e+00  0.000000e+00  0.000000e+00
   outer loop
     vertex  5.000000e+00 -2.570460e+00  1.100146e+01
     vertex  5.000000e+00 -1.136575e+00  1.053897e+00
     vertex  5.000000e+00 -1.107234e+00  1.084681e+00
   endloop
 endfacet
 facet normal  1.000000e+00  0.000000e+00  0.000000e+00
   outer loop
     vertex  5.000000e+00 -2.570460e+00  1.100146e+01
     vertex  5.000000e+00 -1.107234e+00  1.084681e+00
     vertex  5.000000e+00 -2.542972e+00  1.098625e+01
   endloop
 endfacet
 facet normal  1.000000e+00  0.000000e+00  0.000000e+00
   outer loop
     vertex  5.000000e+00 -2.597522e+00  1.101742e+01
     vertex  5.000000e+00 -1.136575e+00  1.053897e+00
     vertex  5.000000e+00 -2.570460e+00  1.100146e+01
   endloop
 endfacet
 facet normal  1.000000e+00  0.000000e+00  0.000000e+00
   outer loop
     vertex  5.000000e+00 -2.597522e+00  1.101742e+01
     vertex  5.000000e+00 -1.165060e+00  1.022319e+00
     vertex  5.000000e+00 -1.136575e+00  1.053897e+00
   endloop
 endfacet
 facet normal  1.000000e+00  0.000000e+00  0.000000e+00
   outer loop
     vertex  5.000000e+00 -2.624138e+00  1.103411e+01
     vertex  5.000000e+00 -1.165060e+00  1.022319e+00
     vertex  5.000000e+00 -2.597522e+00  1.101742e+01
   endloop
 endfacet
 facet normal  1.000000e+00  0.000000e+00  0.000000e+00
   outer loop
     vertex  5.000000e+00 -2.624138e+00  1.103411e+01
     vertex  5.000000e+00 -1.192667e+00  9.899720e-01
     vertex  5.000000e+00 -1.165060e+00  1.022319e+00
   endloop
 endfacet
 facet normal  1.000000e+00  0.000000e+00  0.000000e+00
   outer loop
     vertex  5.000000e+00 -2.650288e+00  1.105151e+01
     vertex  5.000000e+00 -1.219377e+00  9.568796e-01
     vertex  5.000000e+00 -1.192667e+00  9.899720e-01
   endloop
 endfacet
 facet normal  1.000000e+00  0.000000e+00  0.000000e+00
   outer loop
     vertex  5.000000e+00 -2.650288e+00  1.105151e+01
     vertex  5.000000e+00 -1.192667e+00  9.899720e-01
     vertex  5.000000e+00 -2.624138e+00  1.103411e+01
   endloop
 endfacet
 facet normal  1.000000e+00  0.000000e+00  0.000000e+00
   outer loop
     vertex  5.000000e+00 -2.675953e+00  1.106963e+01
     vertex  5.000000e+00 -1.219377e+00  9.568796e-01
     vertex  5.000000e+00 -2.650288e+00  1.105151e+01
   endloop
 endfacet
 facet normal  1.000000e+00  0.000000e+00  0.000000e+00
   outer loop
     vertex  5.000000e+00 -2.675953e+00  1.106963e+01
     vertex  5.000000e+00 -1.245170e+00  9.230670e-01
     vertex  5.000000e+00 -1.219377e+00  9.568796e-01
   endloop
 endfacet
 facet normal  1.000000e+00  0.000000e+00  0.000000e+00
   outer loop
     vertex  5.000000e+00 -2.701114e+00  1.108844e+01
     vertex  5.000000e+00 -1.245170e+00  9.230670e-01
     vertex  5.000000e+00 -2.675953e+00  1.106963e+01
   endloop
 endfacet
 facet normal  1.000000e+00  0.000000e+00  0.000000e+00
   outer loop
     vertex  5.000000e+00 -2.701114e+00  1.108844e+01
     vertex  5.000000e+00 -1.270024e+00  8.885596e-01
     vertex  5.000000e+00 -1.245170e+00  9.230670e-01
   endloop
 endfacet
 facet normal  1.000000e+00  0.000000e+00  0.000000e+00
   outer loop
     vertex  5.000000e+00 -2.725751e+00  1.110793e+01
     vertex  5.000000e+00 -1.270024e+00  8.885596e-01
     vertex  5.000000e+00 -2.701114e+00  1.108844e+01
   endloop
 endfacet
 facet normal  1.000000e+00  0.000000e+00  0.000000e+00
   outer loop
     vertex  5.000000e+00 -2.725751e+00  1.110793e+01
     vertex  5.000000e+00 -1.293923e+00  8.533832e-01
     vertex  5.000000e+00 -1.270024e+00  8.885596e-01
   endloop
 endfacet
 facet normal  1.000000e+00  0.000000e+00  0.000000e+00
   outer loop
     vertex  5.000000e+00 -2.749847e+00  1.112809e+01
     vertex  5.000000e+00 -1.293923e+00  8.533832e-01
     vertex  5.000000e+00 -2.725751e+00  1.110793e+01
   endloop
 endfacet
 facet normal  1.000000e+00  0.000000e+00  0.000000e+00
   outer loop
     vertex  5.000000e+00 -2.749847e+00  1.112809e+01
     vertex  5.000000e+00 -8.600000e+00 -2.500000e+00
     vertex  5.000000e+00 -1.293923e+00  8.533832e-01
   endloop
 endfacet
 facet normal  1.000000e+00  0.000000e+00  0.000000e+00
   outer loop
     vertex  5.000000e+00 -2.773383e+00  1.114890e+01
     vertex  5.000000e+00 -8.600000e+00 -2.500000e+00
     vertex  5.000000e+00 -2.749847e+00  1.112809e+01
   endloop
 endfacet
 facet normal  1.000000e+00  0.000000e+00  0.000000e+00
   outer loop
     vertex  5.000000e+00 -2.796342e+00  1.117034e+01
     vertex  5.000000e+00 -8.600000e+00 -2.500000e+00
     vertex  5.000000e+00 -2.773383e+00  1.114890e+01
   endloop
 endfacet
 facet normal  1.000000e+00  0.000000e+00  0.000000e+00
   outer loop
     vertex  5.000000e+00 -2.818707e+00  1.119240e+01
     vertex  5.000000e+00 -8.600000e+00 -2.500000e+00
     vertex  5.000000e+00 -2.796342e+00  1.117034e+01
   endloop
 endfacet
 facet normal  1.000000e+00  0.000000e+00  0.000000e+00
   outer loop
     vertex  5.000000e+00 -2.840461e+00  1.121506e+01
     vertex  5.000000e+00 -8.600000e+00 -2.500000e+00
     vertex  5.000000e+00 -2.818707e+00  1.119240e+01
   endloop
 endfacet
 facet normal  1.000000e+00  0.000000e+00  0.000000e+00
   outer loop
     vertex  5.000000e+00 -2.861588e+00  1.123831e+01
     vertex  5.000000e+00 -8.600000e+00 -2.500000e+00
     vertex  5.000000e+00 -2.840461e+00  1.121506e+01
   endloop
 endfacet
 facet normal  1.000000e+00  0.000000e+00  0.000000e+00
   outer loop
     vertex  5.000000e+00 -2.882072e+00  1.126213e+01
     vertex  5.000000e+00 -8.600000e+00 -2.500000e+00
     vertex  5.000000e+00 -2.861588e+00  1.123831e+01
   endloop
 endfacet
 facet normal  1.000000e+00  0.000000e+00  0.000000e+00
   outer loop
     vertex  5.000000e+00 -2.901898e+00  1.128650e+01
     vertex  5.000000e+00 -8.600000e+00 -2.500000e+00
     vertex  5.000000e+00 -2.882072e+00  1.126213e+01
   endloop
 endfacet
 facet normal  1.000000e+00  0.000000e+00  0.000000e+00
   outer loop
     vertex  5.000000e+00 -2.921050e+00  1.131140e+01
     vertex  5.000000e+00 -8.600000e+00 -2.500000e+00
     vertex  5.000000e+00 -2.901898e+00  1.128650e+01
   endloop
 endfacet
 facet normal  1.000000e+00  0.000000e+00  0.000000e+00
   outer loop
     vertex  5.000000e+00 -2.939515e+00  1.133682e+01
     vertex  5.000000e+00 -8.600000e+00 -2.500000e+00
     vertex  5.000000e+00 -2.921050e+00  1.131140e+01
   endloop
 endfacet
 facet normal  1.000000e+00  0.000000e+00  0.000000e+00
   outer loop
     vertex  5.000000e+00 -2.957280e+00  1.136273e+01
     vertex  5.000000e+00 -8.600000e+00 -2.500000e+00
     vertex  5.000000e+00 -2.939515e+00  1.133682e+01
   endloop
 endfacet
 facet normal  1.000000e+00  0.000000e+00  0.000000e+00
   outer loop
     vertex  5.000000e+00 -2.974329e+00  1.138911e+01
     vertex  5.000000e+00 -8.600000e+00 -2.500000e+00
     vertex  5.000000e+00 -2.957280e+00  1.136273e+01
   endloop
 endfacet
 facet normal  1.000000e+00  0.000000e+00  0.000000e+00
   outer loop
     vertex  5.000000e+00 -2.990652e+00  1.141595e+01
     vertex  5.000000e+00 -8.600000e+00 -2.500000e+00
     vertex  5.000000e+00 -2.974329e+00  1.138911e+01
   endloop
 endfacet
 facet normal  1.000000e+00  0.000000e+00  0.000000e+00
   outer loop
     vertex  5.000000e+00 -3.006235e+00  1.144323e+01
     vertex  5.000000e+00 -8.600000e+00 -2.500000e+00
     vertex  5.000000e+00 -2.990652e+00  1.141595e+01
   endloop
 endfacet
 facet normal  1.000000e+00  0.000000e+00  0.000000e+00
   outer loop
     vertex  5.000000e+00 -3.021068e+00  1.147093e+01
     vertex  5.000000e+00 -8.600000e+00 -2.500000e+00
     vertex  5.000000e+00 -3.006235e+00  1.144323e+01
   endloop
 endfacet
 facet normal  1.000000e+00  0.000000e+00  0.000000e+00
   outer loop
     vertex  5.000000e+00 -3.035139e+00  1.149901e+01
     vertex  5.000000e+00 -8.600000e+00 -2.500000e+00
     vertex  5.000000e+00 -3.021068e+00  1.147093e+01
   endloop
 endfacet
 facet normal  1.000000e+00  0.000000e+00  0.000000e+00
   outer loop
     vertex  5.000000e+00 -3.048437e+00  1.152747e+01
     vertex  5.000000e+00 -8.600000e+00 -2.500000e+00
     vertex  5.000000e+00 -3.035139e+00  1.149901e+01
   endloop
 endfacet
 facet normal  1.000000e+00  0.000000e+00  0.000000e+00
   outer loop
     vertex  5.000000e+00 -3.060952e+00  1.155629e+01
     vertex  5.000000e+00 -8.600000e+00 -2.500000e+00
     vertex  5.000000e+00 -3.048437e+00  1.152747e+01
   endloop
 endfacet
 facet normal  1.000000e+00  0.000000e+00  0.000000e+00
   outer loop
     vertex  5.000000e+00 -3.072677e+00  1.158543e+01
     vertex  5.000000e+00 -8.600000e+00 -2.500000e+00
     vertex  5.000000e+00 -3.060952e+00  1.155629e+01
   endloop
 endfacet
 facet normal  1.000000e+00  0.000000e+00  0.000000e+00
   outer loop
     vertex  5.000000e+00 -3.083600e+00  1.161489e+01
     vertex  5.000000e+00 -8.600000e+00 -2.500000e+00
     vertex  5.000000e+00 -3.072677e+00  1.158543e+01
   endloop
 endfacet
 facet normal  1.000000e+00  0.000000e+00  0.000000e+00
   outer loop
     vertex  5.000000e+00 -3.093715e+00  1.164463e+01
     vertex  5.000000e+00 -8.600000e+00 -2.500000e+00
     vertex  5.000000e+00 -3.083600e+00  1.161489e+01
   endloop
 endfacet
 facet normal  1.000000e+00  0.000000e+00  0.000000e+00
   outer loop
     vertex  5.000000e+00 -3.103014e+00  1.167464e+01
     vertex  5.000000e+00 -8.600000e+00 -2.500000e+00
     vertex  5.000000e+00 -3.093715e+00  1.164463e+01
   endloop
 endfacet
 facet normal  1.000000e+00  0.000000e+00  0.000000e+00
   outer loop
     vertex  5.000000e+00 -3.111489e+00  1.170489e+01
     vertex  5.000000e+00 -8.600000e+00 -2.500000e+00
     vertex  5.000000e+00 -3.103014e+00  1.167464e+01
   endloop
 endfacet
 facet normal  1.000000e+00  0.000000e+00  0.000000e+00
   outer loop
     vertex  5.000000e+00 -3.119136e+00  1.173536e+01
     vertex  5.000000e+00 -8.600000e+00 -2.500000e+00
     vertex  5.000000e+00 -3.111489e+00  1.170489e+01
   endloop
 endfacet
 facet normal  1.000000e+00  0.000000e+00  0.000000e+00
   outer loop
     vertex  5.000000e+00 -3.125947e+00  1.176603e+01
     vertex  5.000000e+00 -8.600000e+00 -2.500000e+00
     vertex  5.000000e+00 -3.119136e+00  1.173536e+01
   endloop
 endfacet
 facet normal  1.000000e+00  0.000000e+00  0.000000e+00
   outer loop
     vertex  5.000000e+00 -3.131918e+00  1.179687e+01
     vertex  5.000000e+00 -8.600000e+00 -2.500000e+00
     vertex  5.000000e+00 -3.125947e+00  1.176603e+01
   endloop
 endfacet
 facet normal  1.000000e+00  0.000000e+00  0.000000e+00
   outer loop
     vertex  5.000000e+00 -3.137044e+00  1.182786e+01
     vertex  5.000000e+00 -8.600000e+00 -2.500000e+00
     vertex  5.000000e+00 -3.131918e+00  1.179687e+01
   endloop
 endfacet
 facet normal  1.000000e+00  0.000000e+00  0.000000e+00
   outer loop
     vertex  5.000000e+00 -3.141321e+00  1.185898e+01
     vertex  5.000000e+00 -8.600000e+00 -2.500000e+00
     vertex  5.000000e+00 -3.137044e+00  1.182786e+01
   endloop
 endfacet
 facet normal  1.000000e+00  0.000000e+00  0.000000e+00
   outer loop
     vertex  5.000000e+00 -3.144747e+00  1.189021e+01
     vertex  5.000000e+00 -8.600000e+00 -2.500000e+00
     vertex  5.000000e+00 -3.141321e+00  1.185898e+01
   endloop
 endfacet
 facet normal  1.000000e+00  0.000000e+00  0.000000e+00
   outer loop
     vertex  5.000000e+00 -3.147319e+00  1.192152e+01
     vertex  5.000000e+00 -8.600000e+00 -2.500000e+00
     vertex  5.000000e+00 -3.144747e+00  1.189021e+01
   endloop
 endfacet
 facet normal  1.000000e+00  0.000000e+00  0.000000e+00
   outer loop
     vertex  5.000000e+00 -3.149035e+00  1.195289e+01
     vertex  5.000000e+00 -8.600000e+00 -2.500000e+00
     vertex  5.000000e+00 -3.147319e+00  1.192152e+01
   endloop
 endfacet
 facet normal  1.000000e+00  0.000000e+00  0.000000e+00
   outer loop
     vertex  5.000000e+00  2.796342e+00  2.317034e+01
     vertex  5.000000e+00  2.796342e+00  1.282966e+01
     vertex  5.000000e+00  2.818707e+00  1.280760e+01
   endloop
 endfacet
 facet normal  1.000000e+00 -0.000000e+00  0.000000e+00
   outer loop
     vertex  5.000000e+00  2.796342e+00  2.317034e+01
     vertex  5.000000e+00  2.818707e+00  1.280760e+01
     vertex  5.000000e+00  2.818707e+00  2.319240e+01
   endloop
 endfacet
 facet normal  1.000000e+00  0.000000e+00  0.000000e+00
   outer loop
     vertex  5.000000e+00  2.840461e+00  2.321506e+01
     vertex  5.000000e+00  2.818707e+00  1.280760e+01
     vertex  5.000000e+00  2.840461e+00  1.278494e+01
   endloop
 endfacet
 facet normal  1.000000e+00  0.000000e+00  0.000000e+00
   outer loop
     vertex  5.000000e+00  2.840461e+00  2.321506e+01
     vertex  5.000000e+00  2.818707e+00  2.319240e+01
     vertex  5.000000e+00  2.818707e+00  1.280760e+01
   endloop
 endfacet
 facet normal  1.000000e+00  0.000000e+00  0.000000e+00
   outer loop
     vertex  5.000000e+00  2.773383e+00  2.314890e+01
     vertex  5.000000e+00  2.773383e+00  1.285110e+01
     vertex  5.000000e+00  2.796342e+00  1.282966e+01
   endloop
 endfacet
 facet normal  1.000000e+00 -0.000000e+00  0.000000e+00
   outer loop
     vertex  5.000000e+00  2.773383e+00  2.314890e+01
     vertex  5.000000e+00  2.796342e+00  1.282966e+01
     vertex  5.000000e+00  2.796342e+00  2.317034e+01
   endloop
 endfacet
 facet normal  1.000000e+00  0.000000e+00  0.000000e+00
   outer loop
     vertex  5.000000e+00  2.861588e+00  2.323831e+01
     vertex  5.000000e+00  2.840461e+00  1.278494e+01
     vertex  5.000000e+00  2.861588e+00  1.276169e+01
   endloop
 endfacet
 facet normal  1.000000e+00  0.000000e+00  0.000000e+00
   outer loop
     vertex  5.000000e+00  2.861588e+00  2.323831e+01
     vertex  5.000000e+00  2.840461e+00  2.321506e+01
     vertex  5.000000e+00  2.840461e+00  1.278494e+01
   endloop
 endfacet
 facet normal  1.000000e+00 -0.000000e+00  0.000000e+00
   outer loop
     vertex  5.000000e+00  2.749847e+00  2.312809e+01
     vertex  5.000000e+00  2.773383e+00  1.285110e+01
     vertex  5.000000e+00  2.773383e+00  2.314890e+01
   endloop
 endfacet
 facet normal  1.000000e+00  0.000000e+00  0.000000e+00
   outer loop
     vertex  5.000000e+00  2.749847e+00  2.312809e+01
     vertex  5.000000e+00  2.749847e+00  1.287191e+01
     vertex  5.000000e+00  2.773383e+00  1.285110e+01
   endloop
 endfacet
 facet normal  1.000000e+00  0.000000e+00  0.000000e+00
   outer loop
     vertex  5.000000e+00  2.882072e+00  2.326213e+01
     vertex  5.000000e+00  2.861588e+00  1.276169e+01
     vertex  5.000000e+00  2.882072e+00  1.273787e+01
   endloop
 endfacet
 facet normal  1.000000e+00  0.000000e+00  0.000000e+00
   outer loop
     vertex  5.000000e+00  2.882072e+00  2.326213e+01
     vertex  5.000000e+00  2.861588e+00  2.323831e+01
     vertex  5.000000e+00  2.861588e+00  1.276169e+01
   endloop
 endfacet
 facet normal  1.000000e+00  0.000000e+00  0.000000e+00
   outer loop
     vertex  5.000000e+00  2.725751e+00  2.310793e+01
     vertex  5.000000e+00  2.725751e+00  1.289207e+01
     vertex  5.000000e+00  2.749847e+00  1.287191e+01
   endloop
 endfacet
 facet normal  1.000000e+00 -0.000000e+00  0.000000e+00
   outer loop
     vertex  5.000000e+00  2.725751e+00  2.310793e+01
     vertex  5.000000e+00  2.749847e+00  1.287191e+01
     vertex  5.000000e+00  2.749847e+00  2.312809e+01
   endloop
 endfacet
 facet normal  1.000000e+00  0.000000e+00  0.000000e+00
   outer loop
     vertex  5.000000e+00  2.901898e+00  2.328650e+01
     vertex  5.000000e+00  2.901898e+00  1.271350e+01
     vertex  5.000000e+00  2.921050e+00  1.268860e+01
   endloop
 endfacet
 facet normal  1.000000e+00  0.000000e+00  0.000000e+00
   outer loop
     vertex  5.000000e+00  2.901898e+00  2.328650e+01
     vertex  5.000000e+00  2.882072e+00  1.273787e+01
     vertex  5.000000e+00  2.901898e+00  1.271350e+01
   endloop
 endfacet
 facet normal  1.000000e+00  0.000000e+00  0.000000e+00
   outer loop
     vertex  5.000000e+00  2.901898e+00  2.328650e+01
     vertex  5.000000e+00  2.882072e+00  2.326213e+01
     vertex  5.000000e+00  2.882072e+00  1.273787e+01
   endloop
 endfacet
 facet normal  1.000000e+00  0.000000e+00  0.000000e+00
   outer loop
     vertex  5.000000e+00  2.701114e+00  2.308844e+01
     vertex  5.000000e+00  2.701114e+00  1.291156e+01
     vertex  5.000000e+00  2.725751e+00  1.289207e+01
   endloop
 endfacet
 facet normal  1.000000e+00 -0.000000e+00  0.000000e+00
   outer loop
     vertex  5.000000e+00  2.701114e+00  2.308844e+01
     vertex  5.000000e+00  2.725751e+00  1.289207e+01
     vertex  5.000000e+00  2.725751e+00  2.310793e+01
   endloop
 endfacet
 facet normal  1.000000e+00  0.000000e+00  0.000000e+00
   outer loop
     vertex  5.000000e+00  2.921050e+00  2.331140e+01
     vertex  5.000000e+00  2.901898e+00  2.328650e+01
     vertex  5.000000e+00  2.921050e+00  1.268860e+01
   endloop
 endfacet
 facet normal  1.000000e+00  0.000000e+00  0.000000e+00
   outer loop
     vertex  5.000000e+00  2.675953e+00  2.306963e+01
     vertex  5.000000e+00  2.675953e+00  1.293037e+01
     vertex  5.000000e+00  2.701114e+00  1.291156e+01
   endloop
 endfacet
 facet normal  1.000000e+00 -0.000000e+00  0.000000e+00
   outer loop
     vertex  5.000000e+00  2.675953e+00  2.306963e+01
     vertex  5.000000e+00  2.701114e+00  1.291156e+01
     vertex  5.000000e+00  2.701114e+00  2.308844e+01
   endloop
 endfacet
 facet normal  1.000000e+00  0.000000e+00  0.000000e+00
   outer loop
     vertex  5.000000e+00  2.939515e+00  2.333682e+01
     vertex  5.000000e+00  2.939515e+00  1.266318e+01
     vertex  5.000000e+00  2.957280e+00  1.263727e+01
   endloop
 endfacet
 facet normal  1.000000e+00  0.000000e+00  0.000000e+00
   outer loop
     vertex  5.000000e+00  2.939515e+00  2.333682e+01
     vertex  5.000000e+00  2.921050e+00  1.268860e+01
     vertex  5.000000e+00  2.939515e+00  1.266318e+01
   endloop
 endfacet
 facet normal  1.000000e+00  0.000000e+00  0.000000e+00
   outer loop
     vertex  5.000000e+00  2.939515e+00  2.333682e+01
     vertex  5.000000e+00  2.921050e+00  2.331140e+01
     vertex  5.000000e+00  2.921050e+00  1.268860e+01
   endloop
 endfacet
 facet normal  1.000000e+00  0.000000e+00  0.000000e+00
   outer loop
     vertex  5.000000e+00  2.650288e+00  2.305151e+01
     vertex  5.000000e+00  2.650288e+00  1.294849e+01
     vertex  5.000000e+00  2.675953e+00  1.293037e+01
   endloop
 endfacet
 facet normal  1.000000e+00  0.000000e+00  0.000000e+00
   outer loop
     vertex  5.000000e+00  2.650288e+00  2.305151e+01
     vertex  5.000000e+00  2.624138e+00  1.296589e+01
     vertex  5.000000e+00  2.650288e+00  1.294849e+01
   endloop
 endfacet
 facet normal  1.000000e+00 -0.000000e+00  0.000000e+00
   outer loop
     vertex  5.000000e+00  2.650288e+00  2.305151e+01
     vertex  5.000000e+00  2.675953e+00  1.293037e+01
     vertex  5.000000e+00  2.675953e+00  2.306963e+01
   endloop
 endfacet
 facet normal  1.000000e+00  0.000000e+00  0.000000e+00
   outer loop
     vertex  5.000000e+00  2.957280e+00  2.336273e+01
     vertex  5.000000e+00  2.957280e+00  1.263727e+01
     vertex  5.000000e+00  2.974329e+00  1.261089e+01
   endloop
 endfacet
 facet normal  1.000000e+00  0.000000e+00  0.000000e+00
   outer loop
     vertex  5.000000e+00  2.957280e+00  2.336273e+01
     vertex  5.000000e+00  2.939515e+00  2.333682e+01
     vertex  5.000000e+00  2.957280e+00  1.263727e+01
   endloop
 endfacet
 facet normal  1.000000e+00 -0.000000e+00  0.000000e+00
   outer loop
     vertex  5.000000e+00  2.624138e+00  2.303411e+01
     vertex  5.000000e+00  2.624138e+00  1.296589e+01
     vertex  5.000000e+00  2.650288e+00  2.305151e+01
   endloop
 endfacet
 facet normal  1.000000e+00  0.000000e+00  0.000000e+00
   outer loop
     vertex  5.000000e+00  2.974329e+00  2.338911e+01
     vertex  5.000000e+00  2.957280e+00  2.336273e+01
     vertex  5.000000e+00  2.974329e+00  1.261089e+01
   endloop
 endfacet
 facet normal  1.000000e+00  0.000000e+00  0.000000e+00
   outer loop
     vertex  5.000000e+00  2.597522e+00  2.301742e+01
     vertex  5.000000e+00  2.597522e+00  1.298258e+01
     vertex  5.000000e+00  2.624138e+00  1.296589e+01
   endloop
 endfacet
 facet normal  1.000000e+00  0.000000e+00  0.000000e+00
   outer loop
     vertex  5.000000e+00  2.597522e+00  2.301742e+01
     vertex  5.000000e+00  2.570460e+00  1.299854e+01
     vertex  5.000000e+00  2.597522e+00  1.298258e+01
   endloop
 endfacet
 facet normal  1.000000e+00 -0.000000e+00  0.000000e+00
   outer loop
     vertex  5.000000e+00  2.597522e+00  2.301742e+01
     vertex  5.000000e+00  2.624138e+00  1.296589e+01
     vertex  5.000000e+00  2.624138e+00  2.303411e+01
   endloop
 endfacet
 facet normal  1.000000e+00  0.000000e+00  0.000000e+00
   outer loop
     vertex  5.000000e+00  2.990652e+00  2.341595e+01
     vertex  5.000000e+00  2.974329e+00  1.261089e+01
     vertex  5.000000e+00  2.990652e+00  1.258405e+01
   endloop
 endfacet
 facet normal  1.000000e+00  0.000000e+00  0.000000e+00
   outer loop
     vertex  5.000000e+00  2.990652e+00  2.341595e+01
     vertex  5.000000e+00  2.974329e+00  2.338911e+01
     vertex  5.000000e+00  2.974329e+00  1.261089e+01
   endloop
 endfacet
 facet normal  1.000000e+00 -0.000000e+00  0.000000e+00
   outer loop
     vertex  5.000000e+00  2.570460e+00  2.300146e+01
     vertex  5.000000e+00  2.570460e+00  1.299854e+01
     vertex  5.000000e+00  2.597522e+00  2.301742e+01
   endloop
 endfacet
 facet normal  1.000000e+00  0.000000e+00  0.000000e+00
   outer loop
     vertex  5.000000e+00  3.006235e+00  2.344323e+01
     vertex  5.000000e+00  2.990652e+00  1.258405e+01
     vertex  5.000000e+00  3.006235e+00  1.255677e+01
   endloop
 endfacet
 facet normal  1.000000e+00  0.000000e+00  0.000000e+00
   outer loop
     vertex  5.000000e+00  3.006235e+00  2.344323e+01
     vertex  5.000000e+00  2.990652e+00  2.341595e+01
     vertex  5.000000e+00  2.990652e+00  1.258405e+01
   endloop
 endfacet
 facet normal  1.000000e+00  0.000000e+00  0.000000e+00
   outer loop
     vertex  5.000000e+00  2.542972e+00  2.298625e+01
     vertex  5.000000e+00  2.542972e+00  1.301375e+01
     vertex  5.000000e+00  2.570460e+00  1.299854e+01
   endloop
 endfacet
 facet normal  1.000000e+00 -0.000000e+00  0.000000e+00
   outer loop
     vertex  5.000000e+00  2.542972e+00  2.298625e+01
     vertex  5.000000e+00  2.570460e+00  1.299854e+01
     vertex  5.000000e+00  2.570460e+00  2.300146e+01
   endloop
 endfacet
 facet normal  1.000000e+00  0.000000e+00  0.000000e+00
   outer loop
     vertex  5.000000e+00  3.021068e+00  2.347093e+01
     vertex  5.000000e+00  3.021068e+00  1.252907e+01
     vertex  5.000000e+00  3.035139e+00  1.250099e+01
   endloop
 endfacet
 facet normal  1.000000e+00  0.000000e+00  0.000000e+00
   outer loop
     vertex  5.000000e+00  3.021068e+00  2.347093e+01
     vertex  5.000000e+00  3.006235e+00  1.255677e+01
     vertex  5.000000e+00  3.021068e+00  1.252907e+01
   endloop
 endfacet
 facet normal  1.000000e+00  0.000000e+00  0.000000e+00
   outer loop
     vertex  5.000000e+00  3.021068e+00  2.347093e+01
     vertex  5.000000e+00  3.006235e+00  2.344323e+01
     vertex  5.000000e+00  3.006235e+00  1.255677e+01
   endloop
 endfacet
 facet normal  1.000000e+00  0.000000e+00  0.000000e+00
   outer loop
     vertex  5.000000e+00  2.515079e+00  2.297180e+01
     vertex  5.000000e+00  2.515079e+00  1.302820e+01
     vertex  5.000000e+00  2.542972e+00  1.301375e+01
   endloop
 endfacet
 facet normal  1.000000e+00 -0.000000e+00  0.000000e+00
   outer loop
     vertex  5.000000e+00  2.515079e+00  2.297180e+01
     vertex  5.000000e+00  2.542972e+00  1.301375e+01
     vertex  5.000000e+00  2.542972e+00  2.298625e+01
   endloop
 endfacet
 facet normal  1.000000e+00  0.000000e+00  0.000000e+00
   outer loop
     vertex  5.000000e+00  3.035139e+00  2.349901e+01
     vertex  5.000000e+00  3.021068e+00  2.347093e+01
     vertex  5.000000e+00  3.035139e+00  1.250099e+01
   endloop
 endfacet
 facet normal  1.000000e+00  0.000000e+00  0.000000e+00
   outer loop
     vertex  5.000000e+00  2.486802e+00  2.295812e+01
     vertex  5.000000e+00  2.486802e+00  1.304188e+01
     vertex  5.000000e+00  2.515079e+00  1.302820e+01
   endloop
 endfacet
 facet normal  1.000000e+00 -0.000000e+00  0.000000e+00
   outer loop
     vertex  5.000000e+00  2.486802e+00  2.295812e+01
     vertex  5.000000e+00  2.515079e+00  1.302820e+01
     vertex  5.000000e+00  2.515079e+00  2.297180e+01
   endloop
 endfacet
 facet normal  1.000000e+00  0.000000e+00  0.000000e+00
   outer loop
     vertex  5.000000e+00  3.048437e+00  2.352747e+01
     vertex  5.000000e+00  3.035139e+00  1.250099e+01
     vertex  5.000000e+00  3.048437e+00  1.247253e+01
   endloop
 endfacet
 facet normal  1.000000e+00  0.000000e+00  0.000000e+00
   outer loop
     vertex  5.000000e+00  3.048437e+00  2.352747e+01
     vertex  5.000000e+00  3.035139e+00  2.349901e+01
     vertex  5.000000e+00  3.035139e+00  1.250099e+01
   endloop
 endfacet
 facet normal  1.000000e+00  0.000000e+00  0.000000e+00
   outer loop
     vertex  5.000000e+00  2.458161e+00  2.294521e+01
     vertex  5.000000e+00  2.458161e+00  1.305479e+01
     vertex  5.000000e+00  2.486802e+00  1.304188e+01
   endloop
 endfacet
 facet normal  1.000000e+00 -0.000000e+00  0.000000e+00
   outer loop
     vertex  5.000000e+00  2.458161e+00  2.294521e+01
     vertex  5.000000e+00  2.486802e+00  1.304188e+01
     vertex  5.000000e+00  2.486802e+00  2.295812e+01
   endloop
 endfacet
 facet normal  1.000000e+00  0.000000e+00  0.000000e+00
   outer loop
     vertex  5.000000e+00  3.060952e+00  2.355629e+01
     vertex  5.000000e+00  3.048437e+00  2.352747e+01
     vertex  5.000000e+00  3.048437e+00  1.247253e+01
   endloop
 endfacet
 facet normal  1.000000e+00  0.000000e+00  0.000000e+00
   outer loop
     vertex  5.000000e+00  3.060952e+00  2.355629e+01
     vertex  5.000000e+00  3.048437e+00  1.247253e+01
     vertex  5.000000e+00  3.060952e+00  1.244371e+01
   endloop
 endfacet
 facet normal  1.000000e+00  0.000000e+00  0.000000e+00
   outer loop
     vertex  5.000000e+00  2.429179e+00  2.293309e+01
     vertex  5.000000e+00  2.429179e+00  1.306691e+01
     vertex  5.000000e+00  2.458161e+00  1.305479e+01
   endloop
 endfacet
 facet normal  1.000000e+00 -0.000000e+00  0.000000e+00
   outer loop
     vertex  5.000000e+00  2.429179e+00  2.293309e+01
     vertex  5.000000e+00  2.458161e+00  1.305479e+01
     vertex  5.000000e+00  2.458161e+00  2.294521e+01
   endloop
 endfacet
 facet normal  1.000000e+00  0.000000e+00  0.000000e+00
   outer loop
     vertex  5.000000e+00  3.072677e+00  2.358543e+01
     vertex  5.000000e+00  3.060952e+00  1.244371e+01
     vertex  5.000000e+00  3.072677e+00  1.241457e+01
   endloop
 endfacet
 facet normal  1.000000e+00  0.000000e+00  0.000000e+00
   outer loop
     vertex  5.000000e+00  3.072677e+00  2.358543e+01
     vertex  5.000000e+00  3.060952e+00  2.355629e+01
     vertex  5.000000e+00  3.060952e+00  1.244371e+01
   endloop
 endfacet
 facet normal  1.000000e+00  0.000000e+00  0.000000e+00
   outer loop
     vertex  5.000000e+00  2.399876e+00  2.292176e+01
     vertex  5.000000e+00  2.399876e+00  1.307824e+01
     vertex  5.000000e+00  2.429179e+00  1.306691e+01
   endloop
 endfacet
 facet normal  1.000000e+00 -0.000000e+00  0.000000e+00
   outer loop
     vertex  5.000000e+00  2.399876e+00  2.292176e+01
     vertex  5.000000e+00  2.429179e+00  1.306691e+01
     vertex  5.000000e+00  2.429179e+00  2.293309e+01
   endloop
 endfacet
 facet normal  1.000000e+00  0.000000e+00  0.000000e+00
   outer loop
     vertex  5.000000e+00  2.370275e+00  2.291124e+01
     vertex  5.000000e+00  2.370275e+00  1.308876e+01
     vertex  5.000000e+00  2.399876e+00  1.307824e+01
   endloop
 endfacet
 facet normal  1.000000e+00 -0.000000e+00  0.000000e+00
   outer loop
     vertex  5.000000e+00  2.370275e+00  2.291124e+01
     vertex  5.000000e+00  2.399876e+00  1.307824e+01
     vertex  5.000000e+00  2.399876e+00  2.292176e+01
   endloop
 endfacet
 facet normal  1.000000e+00  0.000000e+00  0.000000e+00
   outer loop
     vertex  5.000000e+00  2.340398e+00  2.290153e+01
     vertex  5.000000e+00  2.340398e+00  1.309847e+01
     vertex  5.000000e+00  2.370275e+00  1.308876e+01
   endloop
 endfacet
 facet normal  1.000000e+00 -0.000000e+00  0.000000e+00
   outer loop
     vertex  5.000000e+00  2.340398e+00  2.290153e+01
     vertex  5.000000e+00  2.370275e+00  1.308876e+01
     vertex  5.000000e+00  2.370275e+00  2.291124e+01
   endloop
 endfacet
 facet normal  1.000000e+00 -0.000000e+00  0.000000e+00
   outer loop
     vertex  5.000000e+00  2.310266e+00  2.289265e+01
     vertex  5.000000e+00  2.340398e+00  1.309847e+01
     vertex  5.000000e+00  2.340398e+00  2.290153e+01
   endloop
 endfacet
 facet normal  1.000000e+00  0.000000e+00  0.000000e+00
   outer loop
     vertex  5.000000e+00  2.310266e+00  2.289265e+01
     vertex  5.000000e+00  2.310266e+00  1.310735e+01
     vertex  5.000000e+00  2.340398e+00  1.309847e+01
   endloop
 endfacet
 facet normal  1.000000e+00  0.000000e+00  0.000000e+00
   outer loop
     vertex  5.000000e+00  2.310266e+00  2.289265e+01
     vertex  5.000000e+00  2.279903e+00  1.311542e+01
     vertex  5.000000e+00  2.310266e+00  1.310735e+01
   endloop
 endfacet
 facet normal  1.000000e+00 -0.000000e+00  0.000000e+00
   outer loop
     vertex  5.000000e+00  2.279903e+00  2.288458e+01
     vertex  5.000000e+00  2.279903e+00  1.311542e+01
     vertex  5.000000e+00  2.310266e+00  2.289265e+01
   endloop
 endfacet
 facet normal  1.000000e+00  0.000000e+00  0.000000e+00
   outer loop
     vertex  5.000000e+00  2.279903e+00  2.288458e+01
     vertex  5.000000e+00  2.249332e+00  1.312265e+01
     vertex  5.000000e+00  2.279903e+00  1.311542e+01
   endloop
 endfacet
 facet normal  1.000000e+00  0.000000e+00  0.000000e+00
   outer loop
     vertex  5.000000e+00  2.249332e+00  2.287735e+01
     vertex  5.000000e+00  2.218574e+00  1.312904e+01
     vertex  5.000000e+00  2.249332e+00  1.312265e+01
   endloop
 endfacet
 facet normal  1.000000e+00 -0.000000e+00  0.000000e+00
   outer loop
     vertex  5.000000e+00  2.249332e+00  2.287735e+01
     vertex  5.000000e+00  2.249332e+00  1.312265e+01
     vertex  5.000000e+00  2.279903e+00  2.288458e+01
   endloop
 endfacet
 facet normal  1.000000e+00  0.000000e+00  0.000000e+00
   outer loop
     vertex  5.000000e+00  2.218574e+00  2.287096e+01
     vertex  5.000000e+00  2.187653e+00  1.313459e+01
     vertex  5.000000e+00  2.218574e+00  1.312904e+01
   endloop
 endfacet
 facet normal  1.000000e+00 -0.000000e+00  0.000000e+00
   outer loop
     vertex  5.000000e+00  2.218574e+00  2.287096e+01
     vertex  5.000000e+00  2.218574e+00  1.312904e+01
     vertex  5.000000e+00  2.249332e+00  2.287735e+01
   endloop
 endfacet
 facet normal  1.000000e+00 -0.000000e+00  0.000000e+00
   outer loop
     vertex  5.000000e+00  2.187653e+00  2.286541e+01
     vertex  5.000000e+00  2.187653e+00  1.313459e+01
     vertex  5.000000e+00  2.218574e+00  2.287096e+01
   endloop
 endfacet
 facet normal  1.000000e+00 -0.000000e+00  0.000000e+00
   outer loop
     vertex  5.000000e+00  2.156592e+00  2.286071e+01
     vertex  5.000000e+00  2.187653e+00  1.313459e+01
     vertex  5.000000e+00  2.187653e+00  2.286541e+01
   endloop
 endfacet
 facet normal  1.000000e+00  0.000000e+00  0.000000e+00
   outer loop
     vertex  5.000000e+00  2.156592e+00  2.286071e+01
     vertex  5.000000e+00  2.156592e+00  1.313929e+01
     vertex  5.000000e+00  2.187653e+00  1.313459e+01
   endloop
 endfacet
 facet normal  1.000000e+00 -0.000000e+00  0.000000e+00
   outer loop
     vertex  5.000000e+00  2.125414e+00  2.285686e+01
     vertex  5.000000e+00  2.156592e+00  1.313929e+01
     vertex  5.000000e+00  2.156592e+00  2.286071e+01
   endloop
 endfacet
 facet normal  1.000000e+00  0.000000e+00  0.000000e+00
   outer loop
     vertex  5.000000e+00  2.125414e+00  2.285686e+01
     vertex  5.000000e+00  2.125414e+00  1.314314e+01
     vertex  5.000000e+00  2.156592e+00  1.313929e+01
   endloop
 endfacet
 facet normal  1.000000e+00 -0.000000e+00  0.000000e+00
   outer loop
     vertex  5.000000e+00  2.094142e+00  2.285386e+01
     vertex  5.000000e+00  2.125414e+00  1.314314e+01
     vertex  5.000000e+00  2.125414e+00  2.285686e+01
   endloop
 endfacet
 facet normal  1.000000e+00  0.000000e+00  0.000000e+00
   outer loop
     vertex  5.000000e+00  2.094142e+00  2.285386e+01
     vertex  5.000000e+00  2.094142e+00  1.314614e+01
     vertex  5.000000e+00  2.125414e+00  1.314314e+01
   endloop
 endfacet
 facet normal  1.000000e+00 -0.000000e+00  0.000000e+00
   outer loop
     vertex  5.000000e+00  2.062801e+00  2.285172e+01
     vertex  5.000000e+00  2.094142e+00  1.314614e+01
     vertex  5.000000e+00  2.094142e+00  2.285386e+01
   endloop
 endfacet
 facet normal  1.000000e+00  0.000000e+00  0.000000e+00
   outer loop
     vertex  5.000000e+00  2.062801e+00  2.285172e+01
     vertex  5.000000e+00  2.062801e+00  1.314828e+01
     vertex  5.000000e+00  2.094142e+00  1.314614e+01
   endloop
 endfacet
 facet normal  1.000000e+00 -0.000000e+00  0.000000e+00
   outer loop
     vertex  5.000000e+00  2.031412e+00  2.285043e+01
     vertex  5.000000e+00  2.062801e+00  1.314828e+01
     vertex  5.000000e+00  2.062801e+00  2.285172e+01
   endloop
 endfacet
 facet normal  1.000000e+00  0.000000e+00  0.000000e+00
   outer loop
     vertex  5.000000e+00  2.031412e+00  2.285043e+01
     vertex  5.000000e+00  2.031412e+00  1.314957e+01
     vertex  5.000000e+00  2.062801e+00  1.314828e+01
   endloop
 endfacet
 facet normal  1.000000e+00 -0.000000e+00  0.000000e+00
   outer loop
     vertex  5.000000e+00  2.000000e+00  2.285000e+01
     vertex  5.000000e+00  2.031412e+00  1.314957e+01
     vertex  5.000000e+00  2.031412e+00  2.285043e+01
   endloop
 endfacet
 facet normal  1.000000e+00  0.000000e+00  0.000000e+00
   outer loop
     vertex  5.000000e+00  2.000000e+00  2.285000e+01
     vertex  5.000000e+00  2.000000e+00  1.315000e+01
     vertex  5.000000e+00  2.031412e+00  1.314957e+01
   endloop
 endfacet
 facet normal  1.000000e+00  0.000000e+00  0.000000e+00
   outer loop
     vertex  5.000000e+00  8.600000e+00  3.050000e+01
     vertex  5.000000e+00  3.083600e+00  1.238511e+01
     vertex  5.000000e+00  3.093715e+00  1.235537e+01
   endloop
 endfacet
 facet normal  1.000000e+00  0.000000e+00  0.000000e+00
   outer loop
     vertex  5.000000e+00  8.600000e+00  3.050000e+01
     vertex  5.000000e+00  3.072677e+00  1.241457e+01
     vertex  5.000000e+00  3.083600e+00  1.238511e+01
   endloop
 endfacet
 facet normal  1.000000e+00  0.000000e+00  0.000000e+00
   outer loop
     vertex  5.000000e+00  8.600000e+00  3.050000e+01
     vertex  5.000000e+00  3.083600e+00  2.361489e+01
     vertex  5.000000e+00  3.072677e+00  2.358543e+01
   endloop
 endfacet
 facet normal  1.000000e+00  0.000000e+00  0.000000e+00
   outer loop
     vertex  5.000000e+00  8.600000e+00  3.050000e+01
     vertex  5.000000e+00  3.093715e+00  2.364463e+01
     vertex  5.000000e+00  3.083600e+00  2.361489e+01
   endloop
 endfacet
 facet normal  1.000000e+00  0.000000e+00  0.000000e+00
   outer loop
     vertex  5.000000e+00  8.600000e+00  3.050000e+01
     vertex  5.000000e+00  3.103014e+00  2.367464e+01
     vertex  5.000000e+00  3.093715e+00  2.364463e+01
   endloop
 endfacet
 facet normal  1.000000e+00  0.000000e+00  0.000000e+00
   outer loop
     vertex  5.000000e+00  8.600000e+00  3.050000e+01
     vertex  5.000000e+00  3.111489e+00  2.370489e+01
     vertex  5.000000e+00  3.103014e+00  2.367464e+01
   endloop
 endfacet
 facet normal  1.000000e+00  0.000000e+00  0.000000e+00
   outer loop
     vertex  5.000000e+00  8.600000e+00  3.050000e+01
     vertex  5.000000e+00  3.119136e+00  2.373536e+01
     vertex  5.000000e+00  3.111489e+00  2.370489e+01
   endloop
 endfacet
 facet normal  1.000000e+00  0.000000e+00  0.000000e+00
   outer loop
     vertex  5.000000e+00  8.600000e+00  3.050000e+01
     vertex  5.000000e+00  3.125947e+00  2.376603e+01
     vertex  5.000000e+00  3.119136e+00  2.373536e+01
   endloop
 endfacet
 facet normal  1.000000e+00  0.000000e+00  0.000000e+00
   outer loop
     vertex  5.000000e+00  8.600000e+00  3.050000e+01
     vertex  5.000000e+00  3.131918e+00  2.379687e+01
     vertex  5.000000e+00  3.125947e+00  2.376603e+01
   endloop
 endfacet
 facet normal  1.000000e+00  0.000000e+00  0.000000e+00
   outer loop
     vertex  5.000000e+00  8.600000e+00  3.050000e+01
     vertex  5.000000e+00  3.137044e+00  2.382786e+01
     vertex  5.000000e+00  3.131918e+00  2.379687e+01
   endloop
 endfacet
 facet normal  1.000000e+00  0.000000e+00  0.000000e+00
   outer loop
     vertex  5.000000e+00  8.600000e+00  3.050000e+01
     vertex  5.000000e+00  3.141321e+00  2.385898e+01
     vertex  5.000000e+00  3.137044e+00  2.382786e+01
   endloop
 endfacet
 facet normal  1.000000e+00  0.000000e+00  0.000000e+00
   outer loop
     vertex  5.000000e+00  8.600000e+00  3.050000e+01
     vertex  5.000000e+00  3.144747e+00  2.389021e+01
     vertex  5.000000e+00  3.141321e+00  2.385898e+01
   endloop
 endfacet
 facet normal  1.000000e+00  0.000000e+00  0.000000e+00
   outer loop
     vertex  5.000000e+00  8.600000e+00  3.050000e+01
     vertex  5.000000e+00  3.147319e+00  2.392152e+01
     vertex  5.000000e+00  3.144747e+00  2.389021e+01
   endloop
 endfacet
 facet normal  1.000000e+00  0.000000e+00  0.000000e+00
   outer loop
     vertex  5.000000e+00  8.600000e+00  3.050000e+01
     vertex  5.000000e+00  3.149035e+00  2.395289e+01
     vertex  5.000000e+00  3.147319e+00  2.392152e+01
   endloop
 endfacet
 facet normal  1.000000e+00  0.000000e+00  0.000000e+00
   outer loop
     vertex  5.000000e+00  8.600000e+00  3.050000e+01
     vertex  5.000000e+00  3.149893e+00  2.398429e+01
     vertex  5.000000e+00  3.149035e+00  2.395289e+01
   endloop
 endfacet
 facet normal  1.000000e+00  0.000000e+00  0.000000e+00
   outer loop
     vertex  5.000000e+00  8.600000e+00  3.050000e+01
     vertex  5.000000e+00  3.149893e+00  2.401571e+01
     vertex  5.000000e+00  3.149893e+00  2.398429e+01
   endloop
 endfacet
 facet normal  1.000000e+00  0.000000e+00  0.000000e+00
   outer loop
     vertex  5.000000e+00  8.600000e+00  3.050000e+01
     vertex  5.000000e+00  3.149035e+00  2.404711e+01
     vertex  5.000000e+00  3.149893e+00  2.401571e+01
   endloop
 endfacet
 facet normal  1.000000e+00  0.000000e+00  0.000000e+00
   outer loop
     vertex  5.000000e+00  8.600000e+00  3.050000e+01
     vertex  5.000000e+00  3.147319e+00  2.407848e+01
     vertex  5.000000e+00  3.149035e+00  2.404711e+01
   endloop
 endfacet
 facet normal  1.000000e+00  0.000000e+00  0.000000e+00
   outer loop
     vertex  5.000000e+00  8.600000e+00  3.050000e+01
     vertex  5.000000e+00  3.144747e+00  2.410979e+01
     vertex  5.000000e+00  3.147319e+00  2.407848e+01
   endloop
 endfacet
 facet normal  1.000000e+00  0.000000e+00  0.000000e+00
   outer loop
     vertex  5.000000e+00  8.600000e+00  3.050000e+01
     vertex  5.000000e+00  3.141321e+00  2.414102e+01
     vertex  5.000000e+00  3.144747e+00  2.410979e+01
   endloop
 endfacet
 facet normal  1.000000e+00  0.000000e+00  0.000000e+00
   outer loop
     vertex  5.000000e+00  8.600000e+00  3.050000e+01
     vertex  5.000000e+00  3.137044e+00  2.417214e+01
     vertex  5.000000e+00  3.141321e+00  2.414102e+01
   endloop
 endfacet
 facet normal  1.000000e+00  0.000000e+00  0.000000e+00
   outer loop
     vertex  5.000000e+00  8.600000e+00  3.050000e+01
     vertex  5.000000e+00  3.131918e+00  2.420313e+01
     vertex  5.000000e+00  3.137044e+00  2.417214e+01
   endloop
 endfacet
 facet normal  1.000000e+00  0.000000e+00  0.000000e+00
   outer loop
     vertex  5.000000e+00  8.600000e+00  3.050000e+01
     vertex  5.000000e+00  3.125947e+00  2.423397e+01
     vertex  5.000000e+00  3.131918e+00  2.420313e+01
   endloop
 endfacet
 facet normal  1.000000e+00  0.000000e+00  0.000000e+00
   outer loop
     vertex  5.000000e+00  8.600000e+00  3.050000e+01
     vertex  5.000000e+00  3.119136e+00  2.426464e+01
     vertex  5.000000e+00  3.125947e+00  2.423397e+01
   endloop
 endfacet
 facet normal  1.000000e+00  0.000000e+00  0.000000e+00
   outer loop
     vertex  5.000000e+00  8.600000e+00  3.050000e+01
     vertex  5.000000e+00  3.111489e+00  2.429511e+01
     vertex  5.000000e+00  3.119136e+00  2.426464e+01
   endloop
 endfacet
 facet normal  1.000000e+00  0.000000e+00  0.000000e+00
   outer loop
     vertex  5.000000e+00  8.600000e+00  3.050000e+01
     vertex  5.000000e+00  3.103014e+00  2.432536e+01
     vertex  5.000000e+00  3.111489e+00  2.429511e+01
   endloop
 endfacet
 facet normal  1.000000e+00  0.000000e+00  0.000000e+00
   outer loop
     vertex  5.000000e+00  8.600000e+00  3.050000e+01
     vertex  5.000000e+00  3.093715e+00  2.435537e+01
     vertex  5.000000e+00  3.103014e+00  2.432536e+01
   endloop
 endfacet
 facet normal  1.000000e+00  0.000000e+00  0.000000e+00
   outer loop
     vertex  5.000000e+00  8.600000e+00  3.050000e+01
     vertex  5.000000e+00  3.083600e+00  2.438511e+01
     vertex  5.000000e+00  3.093715e+00  2.435537e+01
   endloop
 endfacet
 facet normal  1.000000e+00  0.000000e+00  0.000000e+00
   outer loop
     vertex  5.000000e+00  8.600000e+00  3.050000e+01
     vertex  5.000000e+00  3.072677e+00  2.441457e+01
     vertex  5.000000e+00  3.083600e+00  2.438511e+01
   endloop
 endfacet
 facet normal  1.000000e+00  0.000000e+00  0.000000e+00
   outer loop
     vertex  5.000000e+00  8.600000e+00  3.050000e+01
     vertex  5.000000e+00  3.060952e+00  2.444371e+01
     vertex  5.000000e+00  3.072677e+00  2.441457e+01
   endloop
 endfacet
 facet normal  1.000000e+00  0.000000e+00  0.000000e+00
   outer loop
     vertex  5.000000e+00  8.600000e+00  3.050000e+01
     vertex  5.000000e+00  3.048437e+00  2.447253e+01
     vertex  5.000000e+00  3.060952e+00  2.444371e+01
   endloop
 endfacet
 facet normal  1.000000e+00  0.000000e+00  0.000000e+00
   outer loop
     vertex  5.000000e+00  8.600000e+00  3.050000e+01
     vertex  5.000000e+00  3.035139e+00  2.450099e+01
     vertex  5.000000e+00  3.048437e+00  2.447253e+01
   endloop
 endfacet
 facet normal  1.000000e+00  0.000000e+00  0.000000e+00
   outer loop
     vertex  5.000000e+00  8.600000e+00  3.050000e+01
     vertex  5.000000e+00  3.021068e+00  2.452907e+01
     vertex  5.000000e+00  3.035139e+00  2.450099e+01
   endloop
 endfacet
 facet normal  1.000000e+00  0.000000e+00  0.000000e+00
   outer loop
     vertex  5.000000e+00  8.600000e+00  3.050000e+01
     vertex  5.000000e+00  3.006235e+00  2.455677e+01
     vertex  5.000000e+00  3.021068e+00  2.452907e+01
   endloop
 endfacet
 facet normal  1.000000e+00  0.000000e+00  0.000000e+00
   outer loop
     vertex  5.000000e+00  8.600000e+00  3.050000e+01
     vertex  5.000000e+00  2.990652e+00  2.458405e+01
     vertex  5.000000e+00  3.006235e+00  2.455677e+01
   endloop
 endfacet
 facet normal  1.000000e+00  0.000000e+00  0.000000e+00
   outer loop
     vertex  5.000000e+00  8.600000e+00  3.050000e+01
     vertex  5.000000e+00  2.974329e+00  2.461089e+01
     vertex  5.000000e+00  2.990652e+00  2.458405e+01
   endloop
 endfacet
 facet normal  1.000000e+00  0.000000e+00  0.000000e+00
   outer loop
     vertex  5.000000e+00  8.600000e+00  3.050000e+01
     vertex  5.000000e+00  2.957280e+00  2.463727e+01
     vertex  5.000000e+00  2.974329e+00  2.461089e+01
   endloop
 endfacet
 facet normal  1.000000e+00  0.000000e+00  0.000000e+00
   outer loop
     vertex  5.000000e+00  8.600000e+00  3.050000e+01
     vertex  5.000000e+00  2.939515e+00  2.466318e+01
     vertex  5.000000e+00  2.957280e+00  2.463727e+01
   endloop
 endfacet
 facet normal  1.000000e+00  0.000000e+00  0.000000e+00
   outer loop
     vertex  5.000000e+00  8.600000e+00  3.050000e+01
     vertex  5.000000e+00  2.921050e+00  2.468860e+01
     vertex  5.000000e+00  2.939515e+00  2.466318e+01
   endloop
 endfacet
 facet normal  1.000000e+00  0.000000e+00  0.000000e+00
   outer loop
     vertex  5.000000e+00  8.600000e+00  3.050000e+01
     vertex  5.000000e+00  2.901898e+00  2.471350e+01
     vertex  5.000000e+00  2.921050e+00  2.468860e+01
   endloop
 endfacet
 facet normal  1.000000e+00  0.000000e+00  0.000000e+00
   outer loop
     vertex  5.000000e+00  8.600000e+00  3.050000e+01
     vertex  5.000000e+00  2.882072e+00  2.473787e+01
     vertex  5.000000e+00  2.901898e+00  2.471350e+01
   endloop
 endfacet
 facet normal  1.000000e+00  0.000000e+00  0.000000e+00
   outer loop
     vertex  5.000000e+00  8.600000e+00  3.050000e+01
     vertex  5.000000e+00  3.072677e+00  2.358543e+01
     vertex  5.000000e+00  3.072677e+00  1.241457e+01
   endloop
 endfacet
 facet normal  1.000000e+00  0.000000e+00  0.000000e+00
   outer loop
     vertex  5.000000e+00  8.600000e+00  3.050000e+01
     vertex  5.000000e+00  3.147319e+00  1.207848e+01
     vertex  5.000000e+00  8.600000e+00 -2.500000e+00
   endloop
 endfacet
 facet normal  1.000000e+00  0.000000e+00  0.000000e+00
   outer loop
     vertex  5.000000e+00  8.600000e+00  3.050000e+01
     vertex  5.000000e+00  3.144747e+00  1.210979e+01
     vertex  5.000000e+00  3.147319e+00  1.207848e+01
   endloop
 endfacet
 facet normal  1.000000e+00  0.000000e+00  0.000000e+00
   outer loop
     vertex  5.000000e+00  8.600000e+00  3.050000e+01
     vertex  5.000000e+00  3.141321e+00  1.214102e+01
     vertex  5.000000e+00  3.144747e+00  1.210979e+01
   endloop
 endfacet
 facet normal  1.000000e+00  0.000000e+00  0.000000e+00
   outer loop
     vertex  5.000000e+00  8.600000e+00  3.050000e+01
     vertex  5.000000e+00  3.137044e+00  1.217214e+01
     vertex  5.000000e+00  3.141321e+00  1.214102e+01
   endloop
 endfacet
 facet normal  1.000000e+00  0.000000e+00  0.000000e+00
   outer loop
     vertex  5.000000e+00  8.600000e+00  3.050000e+01
     vertex  5.000000e+00  3.131918e+00  1.220313e+01
     vertex  5.000000e+00  3.137044e+00  1.217214e+01
   endloop
 endfacet
 facet normal  1.000000e+00  0.000000e+00  0.000000e+00
   outer loop
     vertex  5.000000e+00  8.600000e+00  3.050000e+01
     vertex  5.000000e+00  3.125947e+00  1.223397e+01
     vertex  5.000000e+00  3.131918e+00  1.220313e+01
   endloop
 endfacet
 facet normal  1.000000e+00  0.000000e+00  0.000000e+00
   outer loop
     vertex  5.000000e+00  8.600000e+00  3.050000e+01
     vertex  5.000000e+00  3.119136e+00  1.226464e+01
     vertex  5.000000e+00  3.125947e+00  1.223397e+01
   endloop
 endfacet
 facet normal  1.000000e+00  0.000000e+00  0.000000e+00
   outer loop
     vertex  5.000000e+00  8.600000e+00  3.050000e+01
     vertex  5.000000e+00  3.111489e+00  1.229511e+01
     vertex  5.000000e+00  3.119136e+00  1.226464e+01
   endloop
 endfacet
 facet normal  1.000000e+00  0.000000e+00  0.000000e+00
   outer loop
     vertex  5.000000e+00  8.600000e+00  3.050000e+01
     vertex  5.000000e+00  3.103014e+00  1.232536e+01
     vertex  5.000000e+00  3.111489e+00  1.229511e+01
   endloop
 endfacet
 facet normal  1.000000e+00  0.000000e+00  0.000000e+00
   outer loop
     vertex  5.000000e+00  8.600000e+00  3.050000e+01
     vertex  5.000000e+00  3.093715e+00  1.235537e+01
     vertex  5.000000e+00  3.103014e+00  1.232536e+01
   endloop
 endfacet
 facet normal  1.000000e+00 -0.000000e+00  0.000000e+00
   outer loop
     vertex  5.000000e+00  2.861588e+00  2.476169e+01
     vertex  5.000000e+00  2.882072e+00  2.473787e+01
     vertex  5.000000e+00  8.600000e+00  3.050000e+01
   endloop
 endfacet
 facet normal  1.000000e+00 -0.000000e+00  0.000000e+00
   outer loop
     vertex  5.000000e+00  2.840461e+00  2.478494e+01
     vertex  5.000000e+00  2.861588e+00  2.476169e+01
     vertex  5.000000e+00  8.600000e+00  3.050000e+01
   endloop
 endfacet
 facet normal  1.000000e+00 -0.000000e+00  0.000000e+00
   outer loop
     vertex  5.000000e+00  2.818707e+00  2.480760e+01
     vertex  5.000000e+00  2.840461e+00  2.478494e+01
     vertex  5.000000e+00  8.600000e+00  3.050000e+01
   endloop
 endfacet
 facet normal  1.000000e+00 -0.000000e+00  0.000000e+00
   outer loop
     vertex  5.000000e+00  2.796342e+00  2.482966e+01
     vertex  5.000000e+00  2.818707e+00  2.480760e+01
     vertex  5.000000e+00  8.600000e+00  3.050000e+01
   endloop
 endfacet
 facet normal  1.000000e+00 -0.000000e+00  0.000000e+00
   outer loop
     vertex  5.000000e+00  2.773383e+00  2.485110e+01
     vertex  5.000000e+00  2.796342e+00  2.482966e+01
     vertex  5.000000e+00  8.600000e+00  3.050000e+01
   endloop
 endfacet
 facet normal  1.000000e+00 -0.000000e+00  0.000000e+00
   outer loop
     vertex  5.000000e+00  2.749847e+00  2.487191e+01
     vertex  5.000000e+00  2.773383e+00  2.485110e+01
     vertex  5.000000e+00  8.600000e+00  3.050000e+01
   endloop
 endfacet
 facet normal  1.000000e+00 -0.000000e+00  0.000000e+00
   outer loop
     vertex  5.000000e+00  2.725751e+00  2.489207e+01
     vertex  5.000000e+00  2.749847e+00  2.487191e+01
     vertex  5.000000e+00  8.600000e+00  3.050000e+01
   endloop
 endfacet
 facet normal  1.000000e+00 -0.000000e+00  0.000000e+00
   outer loop
     vertex  5.000000e+00  2.701114e+00  2.491156e+01
     vertex  5.000000e+00  2.725751e+00  2.489207e+01
     vertex  5.000000e+00  8.600000e+00  3.050000e+01
   endloop
 endfacet
 facet normal  1.000000e+00 -0.000000e+00  0.000000e+00
   outer loop
     vertex  5.000000e+00  2.675953e+00  2.493037e+01
     vertex  5.000000e+00  2.701114e+00  2.491156e+01
     vertex  5.000000e+00  8.600000e+00  3.050000e+01
   endloop
 endfacet
 facet normal  1.000000e+00 -0.000000e+00  0.000000e+00
   outer loop
     vertex  5.000000e+00  2.650288e+00  2.494849e+01
     vertex  5.000000e+00  2.675953e+00  2.493037e+01
     vertex  5.000000e+00  8.600000e+00  3.050000e+01
   endloop
 endfacet
 facet normal  1.000000e+00 -0.000000e+00  0.000000e+00
   outer loop
     vertex  5.000000e+00  2.624138e+00  2.496589e+01
     vertex  5.000000e+00  2.650288e+00  2.494849e+01
     vertex  5.000000e+00  8.600000e+00  3.050000e+01
   endloop
 endfacet
 facet normal  1.000000e+00 -0.000000e+00  0.000000e+00
   outer loop
     vertex  5.000000e+00  2.597522e+00  2.498258e+01
     vertex  5.000000e+00  2.624138e+00  2.496589e+01
     vertex  5.000000e+00  8.600000e+00  3.050000e+01
   endloop
 endfacet
 facet normal  1.000000e+00 -0.000000e+00  0.000000e+00
   outer loop
     vertex  5.000000e+00  2.570460e+00  2.499854e+01
     vertex  5.000000e+00  2.597522e+00  2.498258e+01
     vertex  5.000000e+00  8.600000e+00  3.050000e+01
   endloop
 endfacet
 facet normal  1.000000e+00 -0.000000e+00  0.000000e+00
   outer loop
     vertex  5.000000e+00  2.542972e+00  2.501375e+01
     vertex  5.000000e+00  2.570460e+00  2.499854e+01
     vertex  5.000000e+00  8.600000e+00  3.050000e+01
   endloop
 endfacet
 facet normal  1.000000e+00 -0.000000e+00  0.000000e+00
   outer loop
     vertex  5.000000e+00  2.515079e+00  2.502820e+01
     vertex  5.000000e+00  2.542972e+00  2.501375e+01
     vertex  5.000000e+00  8.600000e+00  3.050000e+01
   endloop
 endfacet
 facet normal  1.000000e+00 -0.000000e+00  0.000000e+00
   outer loop
     vertex  5.000000e+00  2.486802e+00  2.504188e+01
     vertex  5.000000e+00  2.515079e+00  2.502820e+01
     vertex  5.000000e+00  8.600000e+00  3.050000e+01
   endloop
 endfacet
 facet normal  1.000000e+00 -0.000000e+00  0.000000e+00
   outer loop
     vertex  5.000000e+00  2.458161e+00  2.505479e+01
     vertex  5.000000e+00  2.486802e+00  2.504188e+01
     vertex  5.000000e+00  8.600000e+00  3.050000e+01
   endloop
 endfacet
 facet normal  1.000000e+00 -0.000000e+00  0.000000e+00
   outer loop
     vertex  5.000000e+00  2.429179e+00  2.506691e+01
     vertex  5.000000e+00  2.458161e+00  2.505479e+01
     vertex  5.000000e+00  8.600000e+00  3.050000e+01
   endloop
 endfacet
 facet normal  1.000000e+00 -0.000000e+00  0.000000e+00
   outer loop
     vertex  5.000000e+00  2.399876e+00  2.507824e+01
     vertex  5.000000e+00  2.429179e+00  2.506691e+01
     vertex  5.000000e+00  8.600000e+00  3.050000e+01
   endloop
 endfacet
 facet normal  1.000000e+00 -0.000000e+00  0.000000e+00
   outer loop
     vertex  5.000000e+00  2.370275e+00  2.508876e+01
     vertex  5.000000e+00  2.399876e+00  2.507824e+01
     vertex  5.000000e+00  8.600000e+00  3.050000e+01
   endloop
 endfacet
 facet normal  1.000000e+00 -0.000000e+00  0.000000e+00
   outer loop
     vertex  5.000000e+00  2.340398e+00  2.509847e+01
     vertex  5.000000e+00  2.370275e+00  2.508876e+01
     vertex  5.000000e+00  8.600000e+00  3.050000e+01
   endloop
 endfacet
 facet normal  1.000000e+00 -0.000000e+00  0.000000e+00
   outer loop
     vertex  5.000000e+00  2.310266e+00  2.510735e+01
     vertex  5.000000e+00  2.340398e+00  2.509847e+01
     vertex  5.000000e+00  8.600000e+00  3.050000e+01
   endloop
 endfacet
 facet normal  1.000000e+00 -0.000000e+00  0.000000e+00
   outer loop
     vertex  5.000000e+00  2.279903e+00  2.511542e+01
     vertex  5.000000e+00  2.310266e+00  2.510735e+01
     vertex  5.000000e+00  8.600000e+00  3.050000e+01
   endloop
 endfacet
 facet normal  1.000000e+00 -0.000000e+00  0.000000e+00
   outer loop
     vertex  5.000000e+00  2.249332e+00  2.512265e+01
     vertex  5.000000e+00  2.279903e+00  2.511542e+01
     vertex  5.000000e+00  8.600000e+00  3.050000e+01
   endloop
 endfacet
 facet normal  1.000000e+00 -0.000000e+00  0.000000e+00
   outer loop
     vertex  5.000000e+00  2.218574e+00  2.512904e+01
     vertex  5.000000e+00  2.249332e+00  2.512265e+01
     vertex  5.000000e+00  8.600000e+00  3.050000e+01
   endloop
 endfacet
 facet normal  1.000000e+00 -0.000000e+00  0.000000e+00
   outer loop
     vertex  5.000000e+00  2.187653e+00  2.513459e+01
     vertex  5.000000e+00  2.218574e+00  2.512904e+01
     vertex  5.000000e+00  8.600000e+00  3.050000e+01
   endloop
 endfacet
 facet normal  1.000000e+00 -0.000000e+00  0.000000e+00
   outer loop
     vertex  5.000000e+00  2.156592e+00  2.513929e+01
     vertex  5.000000e+00  2.187653e+00  2.513459e+01
     vertex  5.000000e+00  8.600000e+00  3.050000e+01
   endloop
 endfacet
 facet normal  1.000000e+00 -0.000000e+00  0.000000e+00
   outer loop
     vertex  5.000000e+00  2.125414e+00  2.514314e+01
     vertex  5.000000e+00  2.156592e+00  2.513929e+01
     vertex  5.000000e+00  8.600000e+00  3.050000e+01
   endloop
 endfacet
 facet normal  1.000000e+00 -0.000000e+00  0.000000e+00
   outer loop
     vertex  5.000000e+00  2.094142e+00  2.514614e+01
     vertex  5.000000e+00  2.125414e+00  2.514314e+01
     vertex  5.000000e+00  8.600000e+00  3.050000e+01
   endloop
 endfacet
 facet normal  1.000000e+00 -0.000000e+00  0.000000e+00
   outer loop
     vertex  5.000000e+00  2.062801e+00  2.514828e+01
     vertex  5.000000e+00  2.094142e+00  2.514614e+01
     vertex  5.000000e+00  8.600000e+00  3.050000e+01
   endloop
 endfacet
 facet normal  1.000000e+00 -0.000000e+00  0.000000e+00
   outer loop
     vertex  5.000000e+00  2.031412e+00  2.514957e+01
     vertex  5.000000e+00  2.062801e+00  2.514828e+01
     vertex  5.000000e+00  8.600000e+00  3.050000e+01
   endloop
 endfacet
 facet normal  1.000000e+00 -0.000000e+00  0.000000e+00
   outer loop
     vertex  5.000000e+00  2.000000e+00  2.515000e+01
     vertex  5.000000e+00  2.031412e+00  2.514957e+01
     vertex  5.000000e+00  8.600000e+00  3.050000e+01
   endloop
 endfacet
 facet normal  1.000000e+00 -0.000000e+00  0.000000e+00
   outer loop
     vertex  5.000000e+00 -2.000000e+00  2.285000e+01
     vertex  5.000000e+00  2.000000e+00  1.315000e+01
     vertex  5.000000e+00  2.000000e+00  2.285000e+01
   endloop
 endfacet
 facet normal  1.000000e+00  0.000000e+00  0.000000e+00
   outer loop
     vertex  5.000000e+00 -2.000000e+00  2.285000e+01
     vertex  5.000000e+00 -2.000000e+00  1.315000e+01
     vertex  5.000000e+00  2.000000e+00  1.315000e+01
   endloop
 endfacet
 facet normal  1.000000e+00  0.000000e+00  0.000000e+00
   outer loop
     vertex  5.000000e+00 -2.031412e+00  2.285043e+01
     vertex  5.000000e+00 -2.000000e+00  1.315000e+01
     vertex  5.000000e+00 -2.000000e+00  2.285000e+01
   endloop
 endfacet
 facet normal  1.000000e+00  0.000000e+00  0.000000e+00
   outer loop
     vertex  5.000000e+00 -2.031412e+00  2.285043e+01
     vertex  5.000000e+00 -2.031412e+00  1.314957e+01
     vertex  5.000000e+00 -2.000000e+00  1.315000e+01
   endloop
 endfacet
 facet normal  1.000000e+00  0.000000e+00  0.000000e+00
   outer loop
     vertex  5.000000e+00 -2.062801e+00  2.285172e+01
     vertex  5.000000e+00 -2.062801e+00  1.314828e+01
     vertex  5.000000e+00 -2.031412e+00  1.314957e+01
   endloop
 endfacet
 facet normal  1.000000e+00  0.000000e+00  0.000000e+00
   outer loop
     vertex  5.000000e+00 -2.062801e+00  2.285172e+01
     vertex  5.000000e+00 -2.031412e+00  1.314957e+01
     vertex  5.000000e+00 -2.031412e+00  2.285043e+01
   endloop
 endfacet
 facet normal  1.000000e+00  0.000000e+00  0.000000e+00
   outer loop
     vertex  5.000000e+00 -2.094142e+00  2.285386e+01
     vertex  5.000000e+00 -2.062801e+00  1.314828e+01
     vertex  5.000000e+00 -2.062801e+00  2.285172e+01
   endloop
 endfacet
 facet normal  1.000000e+00  0.000000e+00  0.000000e+00
   outer loop
     vertex  5.000000e+00 -2.094142e+00  2.285386e+01
     vertex  5.000000e+00 -2.094142e+00  1.314614e+01
     vertex  5.000000e+00 -2.062801e+00  1.314828e+01
   endloop
 endfacet
 facet normal  1.000000e+00  0.000000e+00  0.000000e+00
   outer loop
     vertex  5.000000e+00 -2.125414e+00  2.285686e+01
     vertex  5.000000e+00 -2.125414e+00  1.314314e+01
     vertex  5.000000e+00 -2.094142e+00  1.314614e+01
   endloop
 endfacet
 facet normal  1.000000e+00  0.000000e+00  0.000000e+00
   outer loop
     vertex  5.000000e+00 -2.125414e+00  2.285686e+01
     vertex  5.000000e+00 -2.094142e+00  1.314614e+01
     vertex  5.000000e+00 -2.094142e+00  2.285386e+01
   endloop
 endfacet
 facet normal  1.000000e+00  0.000000e+00  0.000000e+00
   outer loop
     vertex  5.000000e+00 -2.156592e+00  2.286071e+01
     vertex  5.000000e+00 -2.125414e+00  1.314314e+01
     vertex  5.000000e+00 -2.125414e+00  2.285686e+01
   endloop
 endfacet
 facet normal  1.000000e+00  0.000000e+00  0.000000e+00
   outer loop
     vertex  5.000000e+00 -2.156592e+00  2.286071e+01
     vertex  5.000000e+00 -2.156592e+00  1.313929e+01
     vertex  5.000000e+00 -2.125414e+00  1.314314e+01
   endloop
 endfacet
 facet normal  1.000000e+00  0.000000e+00  0.000000e+00
   outer loop
     vertex  5.000000e+00 -2.187653e+00  2.286541e+01
     vertex  5.000000e+00 -2.156592e+00  1.313929e+01
     vertex  5.000000e+00 -2.156592e+00  2.286071e+01
   endloop
 endfacet
 facet normal  1.000000e+00  0.000000e+00  0.000000e+00
   outer loop
     vertex  5.000000e+00 -2.187653e+00  2.286541e+01
     vertex  5.000000e+00 -2.187653e+00  1.313459e+01
     vertex  5.000000e+00 -2.156592e+00  1.313929e+01
   endloop
 endfacet
 facet normal  1.000000e+00  0.000000e+00  0.000000e+00
   outer loop
     vertex  5.000000e+00 -2.218574e+00  2.287096e+01
     vertex  5.000000e+00 -2.187653e+00  1.313459e+01
     vertex  5.000000e+00 -2.187653e+00  2.286541e+01
   endloop
 endfacet
 facet normal  1.000000e+00  0.000000e+00  0.000000e+00
   outer loop
     vertex  5.000000e+00 -2.218574e+00  2.287096e+01
     vertex  5.000000e+00 -2.218574e+00  1.312904e+01
     vertex  5.000000e+00 -2.187653e+00  1.313459e+01
   endloop
 endfacet
 facet normal  1.000000e+00  0.000000e+00  0.000000e+00
   outer loop
     vertex  5.000000e+00 -2.249332e+00  2.287735e+01
     vertex  5.000000e+00 -2.249332e+00  1.312265e+01
     vertex  5.000000e+00 -2.218574e+00  1.312904e+01
   endloop
 endfacet
 facet normal  1.000000e+00  0.000000e+00  0.000000e+00
   outer loop
     vertex  5.000000e+00 -2.249332e+00  2.287735e+01
     vertex  5.000000e+00 -2.279903e+00  1.311542e+01
     vertex  5.000000e+00 -2.249332e+00  1.312265e+01
   endloop
 endfacet
 facet normal  1.000000e+00  0.000000e+00  0.000000e+00
   outer loop
     vertex  5.000000e+00 -2.249332e+00  2.287735e+01
     vertex  5.000000e+00 -2.218574e+00  1.312904e+01
     vertex  5.000000e+00 -2.218574e+00  2.287096e+01
   endloop
 endfacet
 facet normal  1.000000e+00  0.000000e+00  0.000000e+00
   outer loop
     vertex  5.000000e+00 -2.279903e+00  2.288458e+01
     vertex  5.000000e+00 -2.279903e+00  1.311542e+01
     vertex  5.000000e+00 -2.249332e+00  2.287735e+01
   endloop
 endfacet
 facet normal  1.000000e+00  0.000000e+00  0.000000e+00
   outer loop
     vertex  5.000000e+00 -2.310266e+00  2.289265e+01
     vertex  5.000000e+00 -2.310266e+00  1.310735e+01
     vertex  5.000000e+00 -2.279903e+00  1.311542e+01
   endloop
 endfacet
 facet normal  1.000000e+00  0.000000e+00  0.000000e+00
   outer loop
     vertex  5.000000e+00 -2.310266e+00  2.289265e+01
     vertex  5.000000e+00 -2.340398e+00  1.309847e+01
     vertex  5.000000e+00 -2.310266e+00  1.310735e+01
   endloop
 endfacet
 facet normal  1.000000e+00  0.000000e+00  0.000000e+00
   outer loop
     vertex  5.000000e+00 -2.310266e+00  2.289265e+01
     vertex  5.000000e+00 -2.279903e+00  1.311542e+01
     vertex  5.000000e+00 -2.279903e+00  2.288458e+01
   endloop
 endfacet
 facet normal  1.000000e+00  0.000000e+00  0.000000e+00
   outer loop
     vertex  5.000000e+00 -2.340398e+00  2.290153e+01
     vertex  5.000000e+00 -2.340398e+00  1.309847e+01
     vertex  5.000000e+00 -2.310266e+00  2.289265e+01
   endloop
 endfacet
 facet normal  1.000000e+00  0.000000e+00  0.000000e+00
   outer loop
     vertex  5.000000e+00 -2.340398e+00  2.290153e+01
     vertex  5.000000e+00 -2.370275e+00  1.308876e+01
     vertex  5.000000e+00 -2.340398e+00  1.309847e+01
   endloop
 endfacet
 facet normal  1.000000e+00  0.000000e+00  0.000000e+00
   outer loop
     vertex  5.000000e+00 -2.370275e+00  2.291124e+01
     vertex  5.000000e+00 -2.370275e+00  1.308876e+01
     vertex  5.000000e+00 -2.340398e+00  2.290153e+01
   endloop
 endfacet
 facet normal  1.000000e+00  0.000000e+00  0.000000e+00
   outer loop
     vertex  5.000000e+00 -2.399876e+00  2.292176e+01
     vertex  5.000000e+00 -2.399876e+00  1.307824e+01
     vertex  5.000000e+00 -2.370275e+00  1.308876e+01
   endloop
 endfacet
 facet normal  1.000000e+00  0.000000e+00  0.000000e+00
   outer loop
     vertex  5.000000e+00 -2.399876e+00  2.292176e+01
     vertex  5.000000e+00 -2.370275e+00  1.308876e+01
     vertex  5.000000e+00 -2.370275e+00  2.291124e+01
   endloop
 endfacet
 facet normal  1.000000e+00  0.000000e+00  0.000000e+00
   outer loop
     vertex  5.000000e+00 -2.429179e+00  2.293309e+01
     vertex  5.000000e+00 -2.429179e+00  1.306691e+01
     vertex  5.000000e+00 -2.399876e+00  1.307824e+01
   endloop
 endfacet
 facet normal  1.000000e+00  0.000000e+00  0.000000e+00
   outer loop
     vertex  5.000000e+00 -2.429179e+00  2.293309e+01
     vertex  5.000000e+00 -2.399876e+00  1.307824e+01
     vertex  5.000000e+00 -2.399876e+00  2.292176e+01
   endloop
 endfacet
 facet normal  1.000000e+00  0.000000e+00  0.000000e+00
   outer loop
     vertex  5.000000e+00 -2.458161e+00  2.294521e+01
     vertex  5.000000e+00 -2.429179e+00  1.306691e+01
     vertex  5.000000e+00 -2.429179e+00  2.293309e+01
   endloop
 endfacet
 facet normal  1.000000e+00  0.000000e+00  0.000000e+00
   outer loop
     vertex  5.000000e+00 -2.458161e+00  2.294521e+01
     vertex  5.000000e+00 -2.458161e+00  1.305479e+01
     vertex  5.000000e+00 -2.429179e+00  1.306691e+01
   endloop
 endfacet
 facet normal  1.000000e+00  0.000000e+00  0.000000e+00
   outer loop
     vertex  5.000000e+00 -2.486802e+00  2.295812e+01
     vertex  5.000000e+00 -2.486802e+00  1.304188e+01
     vertex  5.000000e+00 -2.458161e+00  1.305479e+01
   endloop
 endfacet
 facet normal  1.000000e+00  0.000000e+00  0.000000e+00
   outer loop
     vertex  5.000000e+00 -2.486802e+00  2.295812e+01
     vertex  5.000000e+00 -2.458161e+00  1.305479e+01
     vertex  5.000000e+00 -2.458161e+00  2.294521e+01
   endloop
 endfacet
 facet normal  1.000000e+00  0.000000e+00  0.000000e+00
   outer loop
     vertex  5.000000e+00 -2.515079e+00  2.297180e+01
     vertex  5.000000e+00 -2.515079e+00  1.302820e+01
     vertex  5.000000e+00 -2.486802e+00  1.304188e+01
   endloop
 endfacet
 facet normal  1.000000e+00  0.000000e+00  0.000000e+00
   outer loop
     vertex  5.000000e+00 -2.515079e+00  2.297180e+01
     vertex  5.000000e+00 -2.486802e+00  1.304188e+01
     vertex  5.000000e+00 -2.486802e+00  2.295812e+01
   endloop
 endfacet
 facet normal  1.000000e+00  0.000000e+00  0.000000e+00
   outer loop
     vertex  5.000000e+00 -2.542972e+00  2.298625e+01
     vertex  5.000000e+00 -2.515079e+00  1.302820e+01
     vertex  5.000000e+00 -2.515079e+00  2.297180e+01
   endloop
 endfacet
 facet normal  1.000000e+00  0.000000e+00  0.000000e+00
   outer loop
     vertex  5.000000e+00 -2.542972e+00  2.298625e+01
     vertex  5.000000e+00 -2.542972e+00  1.301375e+01
     vertex  5.000000e+00 -2.515079e+00  1.302820e+01
   endloop
 endfacet
 facet normal  1.000000e+00  0.000000e+00  0.000000e+00
   outer loop
     vertex  5.000000e+00 -2.570460e+00  2.300146e+01
     vertex  5.000000e+00 -2.570460e+00  1.299854e+01
     vertex  5.000000e+00 -2.542972e+00  1.301375e+01
   endloop
 endfacet
 facet normal  1.000000e+00  0.000000e+00  0.000000e+00
   outer loop
     vertex  5.000000e+00 -2.570460e+00  2.300146e+01
     vertex  5.000000e+00 -2.542972e+00  1.301375e+01
     vertex  5.000000e+00 -2.542972e+00  2.298625e+01
   endloop
 endfacet
 facet normal  1.000000e+00  0.000000e+00  0.000000e+00
   outer loop
     vertex  5.000000e+00 -2.597522e+00  2.301742e+01
     vertex  5.000000e+00 -2.597522e+00  1.298258e+01
     vertex  5.000000e+00 -2.570460e+00  1.299854e+01
   endloop
 endfacet
 facet normal  1.000000e+00  0.000000e+00  0.000000e+00
   outer loop
     vertex  5.000000e+00 -2.597522e+00  2.301742e+01
     vertex  5.000000e+00 -2.570460e+00  1.299854e+01
     vertex  5.000000e+00 -2.570460e+00  2.300146e+01
   endloop
 endfacet
 facet normal  1.000000e+00  0.000000e+00  0.000000e+00
   outer loop
     vertex  5.000000e+00 -2.624138e+00  2.303411e+01
     vertex  5.000000e+00 -2.624138e+00  1.296589e+01
     vertex  5.000000e+00 -2.597522e+00  1.298258e+01
   endloop
 endfacet
 facet normal  1.000000e+00  0.000000e+00  0.000000e+00
   outer loop
     vertex  5.000000e+00 -2.624138e+00  2.303411e+01
     vertex  5.000000e+00 -2.597522e+00  1.298258e+01
     vertex  5.000000e+00 -2.597522e+00  2.301742e+01
   endloop
 endfacet
 facet normal  1.000000e+00  0.000000e+00  0.000000e+00
   outer loop
     vertex  5.000000e+00 -2.650288e+00  2.305151e+01
     vertex  5.000000e+00 -2.650288e+00  1.294849e+01
     vertex  5.000000e+00 -2.624138e+00  1.296589e+01
   endloop
 endfacet
 facet normal  1.000000e+00  0.000000e+00  0.000000e+00
   outer loop
     vertex  5.000000e+00 -2.650288e+00  2.305151e+01
     vertex  5.000000e+00 -2.624138e+00  1.296589e+01
     vertex  5.000000e+00 -2.624138e+00  2.303411e+01
   endloop
 endfacet
 facet normal  1.000000e+00  0.000000e+00  0.000000e+00
   outer loop
     vertex  5.000000e+00 -2.675953e+00  2.306963e+01
     vertex  5.000000e+00 -2.650288e+00  1.294849e+01
     vertex  5.000000e+00 -2.650288e+00  2.305151e+01
   endloop
 endfacet
 facet normal  1.000000e+00  0.000000e+00  0.000000e+00
   outer loop
     vertex  5.000000e+00 -2.675953e+00  2.306963e+01
     vertex  5.000000e+00 -2.675953e+00  1.293037e+01
     vertex  5.000000e+00 -2.650288e+00  1.294849e+01
   endloop
 endfacet
 facet normal  1.000000e+00  0.000000e+00  0.000000e+00
   outer loop
     vertex  5.000000e+00 -2.701114e+00  2.308844e+01
     vertex  5.000000e+00 -2.701114e+00  1.291156e+01
     vertex  5.000000e+00 -2.675953e+00  1.293037e+01
   endloop
 endfacet
 facet normal  1.000000e+00  0.000000e+00  0.000000e+00
   outer loop
     vertex  5.000000e+00 -2.701114e+00  2.308844e+01
     vertex  5.000000e+00 -2.675953e+00  1.293037e+01
     vertex  5.000000e+00 -2.675953e+00  2.306963e+01
   endloop
 endfacet
 facet normal  1.000000e+00  0.000000e+00  0.000000e+00
   outer loop
     vertex  5.000000e+00 -2.725751e+00  2.310793e+01
     vertex  5.000000e+00 -2.725751e+00  1.289207e+01
     vertex  5.000000e+00 -2.701114e+00  1.291156e+01
   endloop
 endfacet
 facet normal  1.000000e+00  0.000000e+00  0.000000e+00
   outer loop
     vertex  5.000000e+00 -2.725751e+00  2.310793e+01
     vertex  5.000000e+00 -2.701114e+00  1.291156e+01
     vertex  5.000000e+00 -2.701114e+00  2.308844e+01
   endloop
 endfacet
 facet normal  1.000000e+00  0.000000e+00  0.000000e+00
   outer loop
     vertex  5.000000e+00 -2.749847e+00  2.312809e+01
     vertex  5.000000e+00 -2.749847e+00  1.287191e+01
     vertex  5.000000e+00 -2.725751e+00  1.289207e+01
   endloop
 endfacet
 facet normal  1.000000e+00  0.000000e+00  0.000000e+00
   outer loop
     vertex  5.000000e+00 -2.749847e+00  2.312809e+01
     vertex  5.000000e+00 -2.773383e+00  1.285110e+01
     vertex  5.000000e+00 -2.749847e+00  1.287191e+01
   endloop
 endfacet
 facet normal  1.000000e+00  0.000000e+00  0.000000e+00
   outer loop
     vertex  5.000000e+00 -2.749847e+00  2.312809e+01
     vertex  5.000000e+00 -2.725751e+00  1.289207e+01
     vertex  5.000000e+00 -2.725751e+00  2.310793e+01
   endloop
 endfacet
 facet normal  1.000000e+00  0.000000e+00  0.000000e+00
   outer loop
     vertex  5.000000e+00 -2.773383e+00  2.314890e+01
     vertex  5.000000e+00 -2.773383e+00  1.285110e+01
     vertex  5.000000e+00 -2.749847e+00  2.312809e+01
   endloop
 endfacet
 facet normal  1.000000e+00  0.000000e+00  0.000000e+00
   outer loop
     vertex  5.000000e+00 -2.796342e+00  2.317034e+01
     vertex  5.000000e+00 -2.796342e+00  1.282966e+01
     vertex  5.000000e+00 -2.773383e+00  1.285110e+01
   endloop
 endfacet
 facet normal  1.000000e+00  0.000000e+00  0.000000e+00
   outer loop
     vertex  5.000000e+00 -2.796342e+00  2.317034e+01
     vertex  5.000000e+00 -2.773383e+00  1.285110e+01
     vertex  5.000000e+00 -2.773383e+00  2.314890e+01
   endloop
 endfacet
 facet normal  1.000000e+00  0.000000e+00  0.000000e+00
   outer loop
     vertex  5.000000e+00 -2.818707e+00  2.319240e+01
     vertex  5.000000e+00 -2.796342e+00  1.282966e+01
     vertex  5.000000e+00 -2.796342e+00  2.317034e+01
   endloop
 endfacet
 facet normal  1.000000e+00  0.000000e+00  0.000000e+00
   outer loop
     vertex  5.000000e+00 -2.818707e+00  2.319240e+01
     vertex  5.000000e+00 -2.818707e+00  1.280760e+01
     vertex  5.000000e+00 -2.796342e+00  1.282966e+01
   endloop
 endfacet
 facet normal  1.000000e+00  0.000000e+00  0.000000e+00
   outer loop
     vertex  5.000000e+00 -2.840461e+00  2.321506e+01
     vertex  5.000000e+00 -2.840461e+00  1.278494e+01
     vertex  5.000000e+00 -2.818707e+00  1.280760e+01
   endloop
 endfacet
 facet normal  1.000000e+00  0.000000e+00  0.000000e+00
   outer loop
     vertex  5.000000e+00 -2.840461e+00  2.321506e+01
     vertex  5.000000e+00 -2.818707e+00  1.280760e+01
     vertex  5.000000e+00 -2.818707e+00  2.319240e+01
   endloop
 endfacet
 facet normal  1.000000e+00  0.000000e+00  0.000000e+00
   outer loop
     vertex  5.000000e+00 -2.861588e+00  2.323831e+01
     vertex  5.000000e+00 -2.861588e+00  1.276169e+01
     vertex  5.000000e+00 -2.840461e+00  1.278494e+01
   endloop
 endfacet
 facet normal  1.000000e+00  0.000000e+00  0.000000e+00
   outer loop
     vertex  5.000000e+00 -2.861588e+00  2.323831e+01
     vertex  5.000000e+00 -2.882072e+00  1.273787e+01
     vertex  5.000000e+00 -2.861588e+00  1.276169e+01
   endloop
 endfacet
 facet normal  1.000000e+00  0.000000e+00  0.000000e+00
   outer loop
     vertex  5.000000e+00 -2.861588e+00  2.323831e+01
     vertex  5.000000e+00 -2.840461e+00  1.278494e+01
     vertex  5.000000e+00 -2.840461e+00  2.321506e+01
   endloop
 endfacet
 facet normal  1.000000e+00  0.000000e+00  0.000000e+00
   outer loop
     vertex  5.000000e+00 -2.882072e+00  2.326213e+01
     vertex  5.000000e+00 -2.882072e+00  1.273787e+01
     vertex  5.000000e+00 -2.861588e+00  2.323831e+01
   endloop
 endfacet
 facet normal  1.000000e+00  0.000000e+00  0.000000e+00
   outer loop
     vertex  5.000000e+00 -2.901898e+00  2.328650e+01
     vertex  5.000000e+00 -2.882072e+00  1.273787e+01
     vertex  5.000000e+00 -2.882072e+00  2.326213e+01
   endloop
 endfacet
 facet normal  1.000000e+00  0.000000e+00  0.000000e+00
   outer loop
     vertex  5.000000e+00 -2.901898e+00  2.328650e+01
     vertex  5.000000e+00 -2.901898e+00  1.271350e+01
     vertex  5.000000e+00 -2.882072e+00  1.273787e+01
   endloop
 endfacet
 facet normal  1.000000e+00  0.000000e+00  0.000000e+00
   outer loop
     vertex  5.000000e+00 -2.921050e+00  2.331140e+01
     vertex  5.000000e+00 -2.901898e+00  1.271350e+01
     vertex  5.000000e+00 -2.901898e+00  2.328650e+01
   endloop
 endfacet
 facet normal  1.000000e+00  0.000000e+00  0.000000e+00
   outer loop
     vertex  5.000000e+00 -2.921050e+00  2.331140e+01
     vertex  5.000000e+00 -2.921050e+00  1.268860e+01
     vertex  5.000000e+00 -2.901898e+00  1.271350e+01
   endloop
 endfacet
 facet normal  1.000000e+00  0.000000e+00  0.000000e+00
   outer loop
     vertex  5.000000e+00 -2.921050e+00  2.331140e+01
     vertex  5.000000e+00 -2.939515e+00  1.266318e+01
     vertex  5.000000e+00 -2.921050e+00  1.268860e+01
   endloop
 endfacet
 facet normal  1.000000e+00  0.000000e+00  0.000000e+00
   outer loop
     vertex  5.000000e+00 -2.939515e+00  2.333682e+01
     vertex  5.000000e+00 -2.939515e+00  1.266318e+01
     vertex  5.000000e+00 -2.921050e+00  2.331140e+01
   endloop
 endfacet
 facet normal  1.000000e+00  0.000000e+00  0.000000e+00
   outer loop
     vertex  5.000000e+00 -2.957280e+00  2.336273e+01
     vertex  5.000000e+00 -2.939515e+00  1.266318e+01
     vertex  5.000000e+00 -2.939515e+00  2.333682e+01
   endloop
 endfacet
 facet normal  1.000000e+00  0.000000e+00  0.000000e+00
   outer loop
     vertex  5.000000e+00 -2.957280e+00  2.336273e+01
     vertex  5.000000e+00 -2.957280e+00  1.263727e+01
     vertex  5.000000e+00 -2.939515e+00  1.266318e+01
   endloop
 endfacet
 facet normal  1.000000e+00  0.000000e+00  0.000000e+00
   outer loop
     vertex  5.000000e+00 -2.974329e+00  2.338911e+01
     vertex  5.000000e+00 -2.957280e+00  1.263727e+01
     vertex  5.000000e+00 -2.957280e+00  2.336273e+01
   endloop
 endfacet
 facet normal  1.000000e+00  0.000000e+00  0.000000e+00
   outer loop
     vertex  5.000000e+00 -2.974329e+00  2.338911e+01
     vertex  5.000000e+00 -2.974329e+00  1.261089e+01
     vertex  5.000000e+00 -2.957280e+00  1.263727e+01
   endloop
 endfacet
 facet normal  1.000000e+00  0.000000e+00  0.000000e+00
   outer loop
     vertex  5.000000e+00 -2.974329e+00  2.338911e+01
     vertex  5.000000e+00 -2.990652e+00  1.258405e+01
     vertex  5.000000e+00 -2.974329e+00  1.261089e+01
   endloop
 endfacet
 facet normal  1.000000e+00  0.000000e+00  0.000000e+00
   outer loop
     vertex  5.000000e+00 -2.990652e+00  2.341595e+01
     vertex  5.000000e+00 -2.990652e+00  1.258405e+01
     vertex  5.000000e+00 -2.974329e+00  2.338911e+01
   endloop
 endfacet
 facet normal  1.000000e+00  0.000000e+00  0.000000e+00
   outer loop
     vertex  5.000000e+00 -2.990652e+00  2.341595e+01
     vertex  5.000000e+00 -3.006235e+00  1.255677e+01
     vertex  5.000000e+00 -2.990652e+00  1.258405e+01
   endloop
 endfacet
 facet normal  1.000000e+00  0.000000e+00  0.000000e+00
   outer loop
     vertex  5.000000e+00 -3.006235e+00  2.344323e+01
     vertex  5.000000e+00 -3.006235e+00  1.255677e+01
     vertex  5.000000e+00 -2.990652e+00  2.341595e+01
   endloop
 endfacet
 facet normal  1.000000e+00  0.000000e+00  0.000000e+00
   outer loop
     vertex  5.000000e+00 -3.021068e+00  2.347093e+01
     vertex  5.000000e+00 -3.021068e+00  1.252907e+01
     vertex  5.000000e+00 -3.006235e+00  1.255677e+01
   endloop
 endfacet
 facet normal  1.000000e+00  0.000000e+00  0.000000e+00
   outer loop
     vertex  5.000000e+00 -3.021068e+00  2.347093e+01
     vertex  5.000000e+00 -3.006235e+00  1.255677e+01
     vertex  5.000000e+00 -3.006235e+00  2.344323e+01
   endloop
 endfacet
 facet normal  1.000000e+00  0.000000e+00  0.000000e+00
   outer loop
     vertex  5.000000e+00 -3.035139e+00  2.349901e+01
     vertex  5.000000e+00 -3.021068e+00  1.252907e+01
     vertex  5.000000e+00 -3.021068e+00  2.347093e+01
   endloop
 endfacet
 facet normal  1.000000e+00  0.000000e+00  0.000000e+00
   outer loop
     vertex  5.000000e+00 -3.035139e+00  2.349901e+01
     vertex  5.000000e+00 -3.035139e+00  1.250099e+01
     vertex  5.000000e+00 -3.021068e+00  1.252907e+01
   endloop
 endfacet
 facet normal  1.000000e+00  0.000000e+00  0.000000e+00
   outer loop
     vertex  5.000000e+00 -3.048437e+00  2.352747e+01
     vertex  5.000000e+00 -3.035139e+00  1.250099e+01
     vertex  5.000000e+00 -3.035139e+00  2.349901e+01
   endloop
 endfacet
 facet normal  1.000000e+00  0.000000e+00  0.000000e+00
   outer loop
     vertex  5.000000e+00 -3.048437e+00  2.352747e+01
     vertex  5.000000e+00 -3.048437e+00  1.247253e+01
     vertex  5.000000e+00 -3.035139e+00  1.250099e+01
   endloop
 endfacet
 facet normal  1.000000e+00  0.000000e+00  0.000000e+00
   outer loop
     vertex  5.000000e+00 -3.060952e+00  2.355629e+01
     vertex  5.000000e+00 -3.048437e+00  1.247253e+01
     vertex  5.000000e+00 -3.048437e+00  2.352747e+01
   endloop
 endfacet
 facet normal  1.000000e+00  0.000000e+00  0.000000e+00
   outer loop
     vertex  5.000000e+00 -3.060952e+00  2.355629e+01
     vertex  5.000000e+00 -3.060952e+00  1.244371e+01
     vertex  5.000000e+00 -3.048437e+00  1.247253e+01
   endloop
 endfacet
 facet normal  1.000000e+00  0.000000e+00  0.000000e+00
   outer loop
     vertex  5.000000e+00 -3.072677e+00  2.358543e+01
     vertex  5.000000e+00 -3.060952e+00  1.244371e+01
     vertex  5.000000e+00 -3.060952e+00  2.355629e+01
   endloop
 endfacet
 facet normal  1.000000e+00  0.000000e+00  0.000000e+00
   outer loop
     vertex  5.000000e+00 -3.072677e+00  2.358543e+01
     vertex  5.000000e+00 -3.072677e+00  1.241457e+01
     vertex  5.000000e+00 -3.060952e+00  1.244371e+01
   endloop
 endfacet
 facet normal  1.000000e+00  0.000000e+00  0.000000e+00
   outer loop
     vertex  5.000000e+00 -2.000000e+00  2.515000e+01
     vertex  5.000000e+00  2.000000e+00  2.515000e+01
     vertex  5.000000e+00  8.600000e+00  3.050000e+01
   endloop
 endfacet
 facet normal  1.000000e+00  0.000000e+00  0.000000e+00
   outer loop
     vertex  5.000000e+00 -8.600000e+00  3.050000e+01
     vertex  5.000000e+00 -2.725751e+00  2.489207e+01
     vertex  5.000000e+00 -2.701114e+00  2.491156e+01
   endloop
 endfacet
 facet normal  1.000000e+00  0.000000e+00  0.000000e+00
   outer loop
     vertex  5.000000e+00 -8.600000e+00  3.050000e+01
     vertex  5.000000e+00 -2.749847e+00  2.487191e+01
     vertex  5.000000e+00 -2.725751e+00  2.489207e+01
   endloop
 endfacet
 facet normal  1.000000e+00  0.000000e+00  0.000000e+00
   outer loop
     vertex  5.000000e+00 -8.600000e+00  3.050000e+01
     vertex  5.000000e+00 -2.773383e+00  2.485110e+01
     vertex  5.000000e+00 -2.749847e+00  2.487191e+01
   endloop
 endfacet
 facet normal  1.000000e+00  0.000000e+00  0.000000e+00
   outer loop
     vertex  5.000000e+00 -8.600000e+00  3.050000e+01
     vertex  5.000000e+00 -2.796342e+00  2.482966e+01
     vertex  5.000000e+00 -2.773383e+00  2.485110e+01
   endloop
 endfacet
 facet normal  1.000000e+00  0.000000e+00  0.000000e+00
   outer loop
     vertex  5.000000e+00 -8.600000e+00  3.050000e+01
     vertex  5.000000e+00 -2.818707e+00  2.480760e+01
     vertex  5.000000e+00 -2.796342e+00  2.482966e+01
   endloop
 endfacet
 facet normal  1.000000e+00  0.000000e+00  0.000000e+00
   outer loop
     vertex  5.000000e+00 -8.600000e+00  3.050000e+01
     vertex  5.000000e+00 -2.840461e+00  2.478494e+01
     vertex  5.000000e+00 -2.818707e+00  2.480760e+01
   endloop
 endfacet
 facet normal  1.000000e+00  0.000000e+00  0.000000e+00
   outer loop
     vertex  5.000000e+00 -8.600000e+00  3.050000e+01
     vertex  5.000000e+00 -2.861588e+00  2.476169e+01
     vertex  5.000000e+00 -2.840461e+00  2.478494e+01
   endloop
 endfacet
 facet normal  1.000000e+00  0.000000e+00  0.000000e+00
   outer loop
     vertex  5.000000e+00 -8.600000e+00  3.050000e+01
     vertex  5.000000e+00 -2.882072e+00  2.473787e+01
     vertex  5.000000e+00 -2.861588e+00  2.476169e+01
   endloop
 endfacet
 facet normal  1.000000e+00  0.000000e+00  0.000000e+00
   outer loop
     vertex  5.000000e+00 -8.600000e+00  3.050000e+01
     vertex  5.000000e+00 -2.901898e+00  2.471350e+01
     vertex  5.000000e+00 -2.882072e+00  2.473787e+01
   endloop
 endfacet
 facet normal  1.000000e+00  0.000000e+00  0.000000e+00
   outer loop
     vertex  5.000000e+00 -8.600000e+00  3.050000e+01
     vertex  5.000000e+00 -2.921050e+00  2.468860e+01
     vertex  5.000000e+00 -2.901898e+00  2.471350e+01
   endloop
 endfacet
 facet normal  1.000000e+00  0.000000e+00  0.000000e+00
   outer loop
     vertex  5.000000e+00 -8.600000e+00  3.050000e+01
     vertex  5.000000e+00 -2.939515e+00  2.466318e+01
     vertex  5.000000e+00 -2.921050e+00  2.468860e+01
   endloop
 endfacet
 facet normal  1.000000e+00  0.000000e+00  0.000000e+00
   outer loop
     vertex  5.000000e+00 -8.600000e+00  3.050000e+01
     vertex  5.000000e+00 -2.957280e+00  2.463727e+01
     vertex  5.000000e+00 -2.939515e+00  2.466318e+01
   endloop
 endfacet
 facet normal  1.000000e+00  0.000000e+00  0.000000e+00
   outer loop
     vertex  5.000000e+00 -8.600000e+00  3.050000e+01
     vertex  5.000000e+00 -2.974329e+00  2.461089e+01
     vertex  5.000000e+00 -2.957280e+00  2.463727e+01
   endloop
 endfacet
 facet normal  1.000000e+00  0.000000e+00  0.000000e+00
   outer loop
     vertex  5.000000e+00 -8.600000e+00  3.050000e+01
     vertex  5.000000e+00 -2.990652e+00  2.458405e+01
     vertex  5.000000e+00 -2.974329e+00  2.461089e+01
   endloop
 endfacet
 facet normal  1.000000e+00  0.000000e+00  0.000000e+00
   outer loop
     vertex  5.000000e+00 -8.600000e+00  3.050000e+01
     vertex  5.000000e+00 -3.006235e+00  2.455677e+01
     vertex  5.000000e+00 -2.990652e+00  2.458405e+01
   endloop
 endfacet
 facet normal  1.000000e+00  0.000000e+00  0.000000e+00
   outer loop
     vertex  5.000000e+00 -8.600000e+00  3.050000e+01
     vertex  5.000000e+00 -3.021068e+00  2.452907e+01
     vertex  5.000000e+00 -3.006235e+00  2.455677e+01
   endloop
 endfacet
 facet normal  1.000000e+00  0.000000e+00  0.000000e+00
   outer loop
     vertex  5.000000e+00 -8.600000e+00  3.050000e+01
     vertex  5.000000e+00 -3.035139e+00  2.450099e+01
     vertex  5.000000e+00 -3.021068e+00  2.452907e+01
   endloop
 endfacet
 facet normal  1.000000e+00  0.000000e+00  0.000000e+00
   outer loop
     vertex  5.000000e+00 -8.600000e+00  3.050000e+01
     vertex  5.000000e+00 -3.048437e+00  2.447253e+01
     vertex  5.000000e+00 -3.035139e+00  2.450099e+01
   endloop
 endfacet
 facet normal  1.000000e+00  0.000000e+00  0.000000e+00
   outer loop
     vertex  5.000000e+00 -8.600000e+00  3.050000e+01
     vertex  5.000000e+00 -3.060952e+00  2.444371e+01
     vertex  5.000000e+00 -3.048437e+00  2.447253e+01
   endloop
 endfacet
 facet normal  1.000000e+00  0.000000e+00  0.000000e+00
   outer loop
     vertex  5.000000e+00 -8.600000e+00  3.050000e+01
     vertex  5.000000e+00 -3.072677e+00  2.441457e+01
     vertex  5.000000e+00 -3.060952e+00  2.444371e+01
   endloop
 endfacet
 facet normal  1.000000e+00  0.000000e+00  0.000000e+00
   outer loop
     vertex  5.000000e+00 -8.600000e+00  3.050000e+01
     vertex  5.000000e+00 -3.083600e+00  2.438511e+01
     vertex  5.000000e+00 -3.072677e+00  2.441457e+01
   endloop
 endfacet
 facet normal  1.000000e+00  0.000000e+00  0.000000e+00
   outer loop
     vertex  5.000000e+00 -8.600000e+00  3.050000e+01
     vertex  5.000000e+00 -3.093715e+00  2.435537e+01
     vertex  5.000000e+00 -3.083600e+00  2.438511e+01
   endloop
 endfacet
 facet normal  1.000000e+00  0.000000e+00  0.000000e+00
   outer loop
     vertex  5.000000e+00 -8.600000e+00  3.050000e+01
     vertex  5.000000e+00 -3.103014e+00  2.432536e+01
     vertex  5.000000e+00 -3.093715e+00  2.435537e+01
   endloop
 endfacet
 facet normal  1.000000e+00  0.000000e+00  0.000000e+00
   outer loop
     vertex  5.000000e+00 -8.600000e+00  3.050000e+01
     vertex  5.000000e+00 -3.111489e+00  2.429511e+01
     vertex  5.000000e+00 -3.103014e+00  2.432536e+01
   endloop
 endfacet
 facet normal  1.000000e+00  0.000000e+00  0.000000e+00
   outer loop
     vertex  5.000000e+00 -8.600000e+00  3.050000e+01
     vertex  5.000000e+00 -3.072677e+00  1.241457e+01
     vertex  5.000000e+00 -3.072677e+00  2.358543e+01
   endloop
 endfacet
 facet normal  1.000000e+00  0.000000e+00  0.000000e+00
   outer loop
     vertex  5.000000e+00 -8.600000e+00  3.050000e+01
     vertex  5.000000e+00 -3.119136e+00  2.426464e+01
     vertex  5.000000e+00 -3.111489e+00  2.429511e+01
   endloop
 endfacet
 facet normal  1.000000e+00  0.000000e+00  0.000000e+00
   outer loop
     vertex  5.000000e+00 -8.600000e+00  3.050000e+01
     vertex  5.000000e+00 -3.125947e+00  2.423397e+01
     vertex  5.000000e+00 -3.119136e+00  2.426464e+01
   endloop
 endfacet
 facet normal  1.000000e+00  0.000000e+00  0.000000e+00
   outer loop
     vertex  5.000000e+00 -8.600000e+00  3.050000e+01
     vertex  5.000000e+00 -3.131918e+00  2.420313e+01
     vertex  5.000000e+00 -3.125947e+00  2.423397e+01
   endloop
 endfacet
 facet normal  1.000000e+00  0.000000e+00  0.000000e+00
   outer loop
     vertex  5.000000e+00 -8.600000e+00  3.050000e+01
     vertex  5.000000e+00 -3.137044e+00  2.417214e+01
     vertex  5.000000e+00 -3.131918e+00  2.420313e+01
   endloop
 endfacet
 facet normal  1.000000e+00  0.000000e+00  0.000000e+00
   outer loop
     vertex  5.000000e+00 -8.600000e+00  3.050000e+01
     vertex  5.000000e+00 -3.141321e+00  2.414102e+01
     vertex  5.000000e+00 -3.137044e+00  2.417214e+01
   endloop
 endfacet
 facet normal  1.000000e+00  0.000000e+00  0.000000e+00
   outer loop
     vertex  5.000000e+00 -8.600000e+00  3.050000e+01
     vertex  5.000000e+00 -3.144747e+00  2.410979e+01
     vertex  5.000000e+00 -3.141321e+00  2.414102e+01
   endloop
 endfacet
 facet normal  1.000000e+00  0.000000e+00  0.000000e+00
   outer loop
     vertex  5.000000e+00 -8.600000e+00  3.050000e+01
     vertex  5.000000e+00 -3.147319e+00  2.407848e+01
     vertex  5.000000e+00 -3.144747e+00  2.410979e+01
   endloop
 endfacet
 facet normal  1.000000e+00  0.000000e+00  0.000000e+00
   outer loop
     vertex  5.000000e+00 -8.600000e+00  3.050000e+01
     vertex  5.000000e+00 -3.149035e+00  2.404711e+01
     vertex  5.000000e+00 -3.147319e+00  2.407848e+01
   endloop
 endfacet
 facet normal  1.000000e+00 -0.000000e+00  0.000000e+00
   outer loop
     vertex  5.000000e+00 -8.600000e+00  3.050000e+01
     vertex  5.000000e+00 -2.000000e+00  2.515000e+01
     vertex  5.000000e+00  8.600000e+00  3.050000e+01
   endloop
 endfacet
 facet normal  1.000000e+00  0.000000e+00  0.000000e+00
   outer loop
     vertex  5.000000e+00 -8.600000e+00  3.050000e+01
     vertex  5.000000e+00 -3.149893e+00  2.401571e+01
     vertex  5.000000e+00 -3.149035e+00  2.404711e+01
   endloop
 endfacet
 facet normal  1.000000e+00  0.000000e+00  0.000000e+00
   outer loop
     vertex  5.000000e+00 -8.600000e+00  3.050000e+01
     vertex  5.000000e+00 -3.149893e+00  2.398429e+01
     vertex  5.000000e+00 -3.149893e+00  2.401571e+01
   endloop
 endfacet
 facet normal  1.000000e+00  0.000000e+00  0.000000e+00
   outer loop
     vertex  5.000000e+00 -8.600000e+00  3.050000e+01
     vertex  5.000000e+00 -3.149035e+00  2.395289e+01
     vertex  5.000000e+00 -3.149893e+00  2.398429e+01
   endloop
 endfacet
 facet normal  1.000000e+00  0.000000e+00  0.000000e+00
   outer loop
     vertex  5.000000e+00 -8.600000e+00  3.050000e+01
     vertex  5.000000e+00 -3.147319e+00  2.392152e+01
     vertex  5.000000e+00 -3.149035e+00  2.395289e+01
   endloop
 endfacet
 facet normal  1.000000e+00  0.000000e+00  0.000000e+00
   outer loop
     vertex  5.000000e+00 -8.600000e+00  3.050000e+01
     vertex  5.000000e+00 -3.144747e+00  2.389021e+01
     vertex  5.000000e+00 -3.147319e+00  2.392152e+01
   endloop
 endfacet
 facet normal  1.000000e+00  0.000000e+00  0.000000e+00
   outer loop
     vertex  5.000000e+00 -8.600000e+00  3.050000e+01
     vertex  5.000000e+00 -3.141321e+00  2.385898e+01
     vertex  5.000000e+00 -3.144747e+00  2.389021e+01
   endloop
 endfacet
 facet normal  1.000000e+00  0.000000e+00  0.000000e+00
   outer loop
     vertex  5.000000e+00 -8.600000e+00  3.050000e+01
     vertex  5.000000e+00 -3.137044e+00  2.382786e+01
     vertex  5.000000e+00 -3.141321e+00  2.385898e+01
   endloop
 endfacet
 facet normal  1.000000e+00  0.000000e+00  0.000000e+00
   outer loop
     vertex  5.000000e+00 -8.600000e+00  3.050000e+01
     vertex  5.000000e+00 -3.131918e+00  2.379687e+01
     vertex  5.000000e+00 -3.137044e+00  2.382786e+01
   endloop
 endfacet
 facet normal  1.000000e+00  0.000000e+00  0.000000e+00
   outer loop
     vertex  5.000000e+00 -8.600000e+00  3.050000e+01
     vertex  5.000000e+00 -3.125947e+00  2.376603e+01
     vertex  5.000000e+00 -3.131918e+00  2.379687e+01
   endloop
 endfacet
 facet normal  1.000000e+00  0.000000e+00  0.000000e+00
   outer loop
     vertex  5.000000e+00 -8.600000e+00  3.050000e+01
     vertex  5.000000e+00 -3.119136e+00  2.373536e+01
     vertex  5.000000e+00 -3.125947e+00  2.376603e+01
   endloop
 endfacet
 facet normal  1.000000e+00  0.000000e+00  0.000000e+00
   outer loop
     vertex  5.000000e+00 -8.600000e+00  3.050000e+01
     vertex  5.000000e+00 -3.111489e+00  2.370489e+01
     vertex  5.000000e+00 -3.119136e+00  2.373536e+01
   endloop
 endfacet
 facet normal  1.000000e+00  0.000000e+00  0.000000e+00
   outer loop
     vertex  5.000000e+00 -8.600000e+00  3.050000e+01
     vertex  5.000000e+00 -3.103014e+00  2.367464e+01
     vertex  5.000000e+00 -3.111489e+00  2.370489e+01
   endloop
 endfacet
 facet normal  1.000000e+00  0.000000e+00  0.000000e+00
   outer loop
     vertex  5.000000e+00 -8.600000e+00  3.050000e+01
     vertex  5.000000e+00 -3.093715e+00  2.364463e+01
     vertex  5.000000e+00 -3.103014e+00  2.367464e+01
   endloop
 endfacet
 facet normal  1.000000e+00  0.000000e+00  0.000000e+00
   outer loop
     vertex  5.000000e+00 -8.600000e+00  3.050000e+01
     vertex  5.000000e+00 -3.083600e+00  2.361489e+01
     vertex  5.000000e+00 -3.093715e+00  2.364463e+01
   endloop
 endfacet
 facet normal  1.000000e+00  0.000000e+00  0.000000e+00
   outer loop
     vertex  5.000000e+00 -8.600000e+00  3.050000e+01
     vertex  5.000000e+00 -3.072677e+00  2.358543e+01
     vertex  5.000000e+00 -3.083600e+00  2.361489e+01
   endloop
 endfacet
 facet normal  1.000000e+00  0.000000e+00  0.000000e+00
   outer loop
     vertex  5.000000e+00 -8.600000e+00  3.050000e+01
     vertex  5.000000e+00 -2.031412e+00  2.514957e+01
     vertex  5.000000e+00 -2.000000e+00  2.515000e+01
   endloop
 endfacet
 facet normal  1.000000e+00  0.000000e+00  0.000000e+00
   outer loop
     vertex  5.000000e+00 -8.600000e+00  3.050000e+01
     vertex  5.000000e+00 -2.062801e+00  2.514828e+01
     vertex  5.000000e+00 -2.031412e+00  2.514957e+01
   endloop
 endfacet
 facet normal  1.000000e+00  0.000000e+00  0.000000e+00
   outer loop
     vertex  5.000000e+00 -8.600000e+00  3.050000e+01
     vertex  5.000000e+00 -2.094142e+00  2.514614e+01
     vertex  5.000000e+00 -2.062801e+00  2.514828e+01
   endloop
 endfacet
 facet normal  1.000000e+00  0.000000e+00  0.000000e+00
   outer loop
     vertex  5.000000e+00 -8.600000e+00  3.050000e+01
     vertex  5.000000e+00 -2.125414e+00  2.514314e+01
     vertex  5.000000e+00 -2.094142e+00  2.514614e+01
   endloop
 endfacet
 facet normal  1.000000e+00  0.000000e+00  0.000000e+00
   outer loop
     vertex  5.000000e+00 -8.600000e+00  3.050000e+01
     vertex  5.000000e+00 -2.156592e+00  2.513929e+01
     vertex  5.000000e+00 -2.125414e+00  2.514314e+01
   endloop
 endfacet
 facet normal  1.000000e+00  0.000000e+00  0.000000e+00
   outer loop
     vertex  5.000000e+00 -8.600000e+00  3.050000e+01
     vertex  5.000000e+00 -2.187653e+00  2.513459e+01
     vertex  5.000000e+00 -2.156592e+00  2.513929e+01
   endloop
 endfacet
 facet normal  1.000000e+00  0.000000e+00  0.000000e+00
   outer loop
     vertex  5.000000e+00 -8.600000e+00  3.050000e+01
     vertex  5.000000e+00 -2.218574e+00  2.512904e+01
     vertex  5.000000e+00 -2.187653e+00  2.513459e+01
   endloop
 endfacet
 facet normal  1.000000e+00  0.000000e+00  0.000000e+00
   outer loop
     vertex  5.000000e+00 -8.600000e+00  3.050000e+01
     vertex  5.000000e+00 -2.249332e+00  2.512265e+01
     vertex  5.000000e+00 -2.218574e+00  2.512904e+01
   endloop
 endfacet
 facet normal  1.000000e+00  0.000000e+00  0.000000e+00
   outer loop
     vertex  5.000000e+00 -8.600000e+00  3.050000e+01
     vertex  5.000000e+00 -2.279903e+00  2.511542e+01
     vertex  5.000000e+00 -2.249332e+00  2.512265e+01
   endloop
 endfacet
 facet normal  1.000000e+00  0.000000e+00  0.000000e+00
   outer loop
     vertex  5.000000e+00 -8.600000e+00  3.050000e+01
     vertex  5.000000e+00 -2.310266e+00  2.510735e+01
     vertex  5.000000e+00 -2.279903e+00  2.511542e+01
   endloop
 endfacet
 facet normal  1.000000e+00  0.000000e+00  0.000000e+00
   outer loop
     vertex  5.000000e+00 -8.600000e+00  3.050000e+01
     vertex  5.000000e+00 -2.340398e+00  2.509847e+01
     vertex  5.000000e+00 -2.310266e+00  2.510735e+01
   endloop
 endfacet
 facet normal  1.000000e+00  0.000000e+00  0.000000e+00
   outer loop
     vertex  5.000000e+00 -8.600000e+00  3.050000e+01
     vertex  5.000000e+00 -2.370275e+00  2.508876e+01
     vertex  5.000000e+00 -2.340398e+00  2.509847e+01
   endloop
 endfacet
 facet normal  1.000000e+00  0.000000e+00  0.000000e+00
   outer loop
     vertex  5.000000e+00 -8.600000e+00  3.050000e+01
     vertex  5.000000e+00 -2.399876e+00  2.507824e+01
     vertex  5.000000e+00 -2.370275e+00  2.508876e+01
   endloop
 endfacet
 facet normal  1.000000e+00  0.000000e+00  0.000000e+00
   outer loop
     vertex  5.000000e+00 -8.600000e+00  3.050000e+01
     vertex  5.000000e+00 -2.429179e+00  2.506691e+01
     vertex  5.000000e+00 -2.399876e+00  2.507824e+01
   endloop
 endfacet
 facet normal  1.000000e+00  0.000000e+00  0.000000e+00
   outer loop
     vertex  5.000000e+00 -8.600000e+00  3.050000e+01
     vertex  5.000000e+00 -3.083600e+00  1.238511e+01
     vertex  5.000000e+00 -3.072677e+00  1.241457e+01
   endloop
 endfacet
 facet normal  1.000000e+00  0.000000e+00  0.000000e+00
   outer loop
     vertex  5.000000e+00 -8.600000e+00  3.050000e+01
     vertex  5.000000e+00 -2.458161e+00  2.505479e+01
     vertex  5.000000e+00 -2.429179e+00  2.506691e+01
   endloop
 endfacet
 facet normal  1.000000e+00  0.000000e+00  0.000000e+00
   outer loop
     vertex  5.000000e+00 -8.600000e+00  3.050000e+01
     vertex  5.000000e+00 -3.093715e+00  1.235537e+01
     vertex  5.000000e+00 -3.083600e+00  1.238511e+01
   endloop
 endfacet
 facet normal  1.000000e+00  0.000000e+00  0.000000e+00
   outer loop
     vertex  5.000000e+00 -8.600000e+00  3.050000e+01
     vertex  5.000000e+00 -2.486802e+00  2.504188e+01
     vertex  5.000000e+00 -2.458161e+00  2.505479e+01
   endloop
 endfacet
 facet normal  1.000000e+00  0.000000e+00  0.000000e+00
   outer loop
     vertex  5.000000e+00 -8.600000e+00  3.050000e+01
     vertex  5.000000e+00 -3.103014e+00  1.232536e+01
     vertex  5.000000e+00 -3.093715e+00  1.235537e+01
   endloop
 endfacet
 facet normal  1.000000e+00  0.000000e+00  0.000000e+00
   outer loop
     vertex  5.000000e+00 -8.600000e+00  3.050000e+01
     vertex  5.000000e+00 -2.515079e+00  2.502820e+01
     vertex  5.000000e+00 -2.486802e+00  2.504188e+01
   endloop
 endfacet
 facet normal  1.000000e+00  0.000000e+00  0.000000e+00
   outer loop
     vertex  5.000000e+00 -8.600000e+00  3.050000e+01
     vertex  5.000000e+00 -3.111489e+00  1.229511e+01
     vertex  5.000000e+00 -3.103014e+00  1.232536e+01
   endloop
 endfacet
 facet normal  1.000000e+00  0.000000e+00  0.000000e+00
   outer loop
     vertex  5.000000e+00 -8.600000e+00  3.050000e+01
     vertex  5.000000e+00 -2.542972e+00  2.501375e+01
     vertex  5.000000e+00 -2.515079e+00  2.502820e+01
   endloop
 endfacet
 facet normal  1.000000e+00  0.000000e+00  0.000000e+00
   outer loop
     vertex  5.000000e+00 -8.600000e+00  3.050000e+01
     vertex  5.000000e+00 -3.119136e+00  1.226464e+01
     vertex  5.000000e+00 -3.111489e+00  1.229511e+01
   endloop
 endfacet
 facet normal  1.000000e+00  0.000000e+00  0.000000e+00
   outer loop
     vertex  5.000000e+00 -8.600000e+00  3.050000e+01
     vertex  5.000000e+00 -2.570460e+00  2.499854e+01
     vertex  5.000000e+00 -2.542972e+00  2.501375e+01
   endloop
 endfacet
 facet normal  1.000000e+00  0.000000e+00  0.000000e+00
   outer loop
     vertex  5.000000e+00 -8.600000e+00  3.050000e+01
     vertex  5.000000e+00 -3.125947e+00  1.223397e+01
     vertex  5.000000e+00 -3.119136e+00  1.226464e+01
   endloop
 endfacet
 facet normal  1.000000e+00  0.000000e+00  0.000000e+00
   outer loop
     vertex  5.000000e+00 -8.600000e+00  3.050000e+01
     vertex  5.000000e+00 -2.597522e+00  2.498258e+01
     vertex  5.000000e+00 -2.570460e+00  2.499854e+01
   endloop
 endfacet
 facet normal  1.000000e+00  0.000000e+00  0.000000e+00
   outer loop
     vertex  5.000000e+00 -8.600000e+00  3.050000e+01
     vertex  5.000000e+00 -2.624138e+00  2.496589e+01
     vertex  5.000000e+00 -2.597522e+00  2.498258e+01
   endloop
 endfacet
 facet normal  1.000000e+00  0.000000e+00  0.000000e+00
   outer loop
     vertex  5.000000e+00 -8.600000e+00  3.050000e+01
     vertex  5.000000e+00 -2.650288e+00  2.494849e+01
     vertex  5.000000e+00 -2.624138e+00  2.496589e+01
   endloop
 endfacet
 facet normal  1.000000e+00  0.000000e+00  0.000000e+00
   outer loop
     vertex  5.000000e+00 -8.600000e+00  3.050000e+01
     vertex  5.000000e+00 -2.675953e+00  2.493037e+01
     vertex  5.000000e+00 -2.650288e+00  2.494849e+01
   endloop
 endfacet
 facet normal  1.000000e+00  0.000000e+00  0.000000e+00
   outer loop
     vertex  5.000000e+00 -8.600000e+00  3.050000e+01
     vertex  5.000000e+00 -2.701114e+00  2.491156e+01
     vertex  5.000000e+00 -2.675953e+00  2.493037e+01
   endloop
 endfacet
 facet normal  1.000000e+00  0.000000e+00  0.000000e+00
   outer loop
     vertex  5.000000e+00 -8.600000e+00  3.050000e+01
     vertex  5.000000e+00 -8.600000e+00 -2.500000e+00
     vertex  5.000000e+00 -3.149893e+00  1.198429e+01
   endloop
 endfacet
 facet normal  1.000000e+00  0.000000e+00  0.000000e+00
   outer loop
     vertex  5.000000e+00 -3.149893e+00  1.198429e+01
     vertex  5.000000e+00 -8.600000e+00 -2.500000e+00
     vertex  5.000000e+00 -3.149035e+00  1.195289e+01
   endloop
 endfacet
 facet normal  1.000000e+00  0.000000e+00  0.000000e+00
   outer loop
     vertex  5.000000e+00 -8.600000e+00  3.050000e+01
     vertex  5.000000e+00 -3.149893e+00  1.198429e+01
     vertex  5.000000e+00 -3.149893e+00  1.201571e+01
   endloop
 endfacet
 facet normal  1.000000e+00  0.000000e+00  0.000000e+00
   outer loop
     vertex  5.000000e+00 -8.600000e+00  3.050000e+01
     vertex  5.000000e+00 -3.149893e+00  1.201571e+01
     vertex  5.000000e+00 -3.149035e+00  1.204711e+01
   endloop
 endfacet
 facet normal  1.000000e+00  0.000000e+00  0.000000e+00
   outer loop
     vertex  5.000000e+00 -8.600000e+00  3.050000e+01
     vertex  5.000000e+00 -3.149035e+00  1.204711e+01
     vertex  5.000000e+00 -3.147319e+00  1.207848e+01
   endloop
 endfacet
 facet normal  1.000000e+00  0.000000e+00  0.000000e+00
   outer loop
     vertex  5.000000e+00 -8.600000e+00  3.050000e+01
     vertex  5.000000e+00 -3.147319e+00  1.207848e+01
     vertex  5.000000e+00 -3.144747e+00  1.210979e+01
   endloop
 endfacet
 facet normal  1.000000e+00  0.000000e+00  0.000000e+00
   outer loop
     vertex  5.000000e+00 -8.600000e+00  3.050000e+01
     vertex  5.000000e+00 -3.144747e+00  1.210979e+01
     vertex  5.000000e+00 -3.141321e+00  1.214102e+01
   endloop
 endfacet
 facet normal  1.000000e+00  0.000000e+00  0.000000e+00
   outer loop
     vertex  5.000000e+00 -8.600000e+00  3.050000e+01
     vertex  5.000000e+00 -3.141321e+00  1.214102e+01
     vertex  5.000000e+00 -3.137044e+00  1.217214e+01
   endloop
 endfacet
 facet normal  1.000000e+00  0.000000e+00  0.000000e+00
   outer loop
     vertex  5.000000e+00 -8.600000e+00  3.050000e+01
     vertex  5.000000e+00 -3.137044e+00  1.217214e+01
     vertex  5.000000e+00 -3.131918e+00  1.220313e+01
   endloop
 endfacet
 facet normal  1.000000e+00  0.000000e+00  0.000000e+00
   outer loop
     vertex  5.000000e+00 -8.600000e+00  3.050000e+01
     vertex  5.000000e+00 -3.131918e+00  1.220313e+01
     vertex  5.000000e+00 -3.125947e+00  1.223397e+01
   endloop
 endfacet
 facet normal  1.000000e+00  0.000000e+00  0.000000e+00
   outer loop
     vertex  5.000000e+00 -8.600000e+00 -2.500000e+00
     vertex  5.000000e+00  8.600000e+00 -2.500000e+00
     vertex  5.000000e+00 -2.126339e-02 -1.549854e+00
   endloop
 endfacet
 facet normal  1.000000e+00 -0.000000e+00  0.000000e+00
   outer loop
     vertex  5.000000e+00 -2.126339e-02 -1.549854e+00
     vertex  5.000000e+00  8.600000e+00 -2.500000e+00
     vertex  5.000000e+00  2.126339e-02 -1.549854e+00
   endloop
 endfacet
endsolid
