solid 
 facet normal  0.000000e+00 -1.371831e-02  9.999059e-01
   outer loop
     vertex  3.800000e+00 -3.429256e-01  1.249530e+01
     vertex  3.800000e+00  3.061617e-15  1.250000e+01
     vertex -3.800000e+00  3.061617e-15  1.250000e+01
   endloop
 endfacet
 facet normal  0.000000e+00 -1.371831e-02  9.999059e-01
   outer loop
     vertex  3.800000e+00 -3.429256e-01  1.249530e+01
     vertex -3.800000e+00  3.061617e-15  1.250000e+01
     vertex -3.800000e+00 -3.429256e-01  1.249530e+01
   endloop
 endfacet
 facet normal  0.000000e+00 -4.114462e-02  9.991532e-01
   outer loop
     vertex  3.800000e+00 -6.855931e-01  1.248118e+01
     vertex -3.800000e+00 -3.429256e-01  1.249530e+01
     vertex -3.800000e+00 -6.855931e-01  1.248118e+01
   endloop
 endfacet
 facet normal  0.000000e+00 -4.114462e-02  9.991532e-01
   outer loop
     vertex  3.800000e+00 -6.855931e-01  1.248118e+01
     vertex  3.800000e+00 -3.429256e-01  1.249530e+01
     vertex -3.800000e+00 -3.429256e-01  1.249530e+01
   endloop
 endfacet
 facet normal  0.000000e+00 -6.853995e-02  9.976484e-01
   outer loop
     vertex  3.800000e+00 -1.027744e+00  1.245768e+01
     vertex -3.800000e+00 -6.855931e-01  1.248118e+01
     vertex -3.800000e+00 -1.027744e+00  1.245768e+01
   endloop
 endfacet
 facet normal  0.000000e+00 -6.853995e-02  9.976484e-01
   outer loop
     vertex  3.800000e+00 -1.027744e+00  1.245768e+01
     vertex  3.800000e+00 -6.855931e-01  1.248118e+01
     vertex -3.800000e+00 -6.855931e-01  1.248118e+01
   endloop
 endfacet
 facet normal  0.000000e+00 -9.588368e-02  9.953925e-01
   outer loop
     vertex  3.800000e+00 -1.369122e+00  1.242479e+01
     vertex -3.800000e+00 -1.027744e+00  1.245768e+01
     vertex -3.800000e+00 -1.369122e+00  1.242479e+01
   endloop
 endfacet
 facet normal  0.000000e+00 -9.588368e-02  9.953925e-01
   outer loop
     vertex  3.800000e+00 -1.369122e+00  1.242479e+01
     vertex  3.800000e+00 -1.027744e+00  1.245768e+01
     vertex -3.800000e+00 -1.027744e+00  1.245768e+01
   endloop
 endfacet
 facet normal  0.000000e+00 -1.231552e-01  9.923874e-01
   outer loop
     vertex  3.800000e+00 -1.709469e+00  1.238256e+01
     vertex -3.800000e+00 -1.369122e+00  1.242479e+01
     vertex -3.800000e+00 -1.709469e+00  1.238256e+01
   endloop
 endfacet
 facet normal  0.000000e+00 -1.503341e-01  9.886353e-01
   outer loop
     vertex  3.800000e+00 -1.709469e+00  1.238256e+01
     vertex -3.800000e+00 -1.709469e+00  1.238256e+01
     vertex -3.800000e+00 -2.048529e+00  1.233100e+01
   endloop
 endfacet
 facet normal  0.000000e+00 -1.231552e-01  9.923874e-01
   outer loop
     vertex  3.800000e+00 -1.709469e+00  1.238256e+01
     vertex  3.800000e+00 -1.369122e+00  1.242479e+01
     vertex -3.800000e+00 -1.369122e+00  1.242479e+01
   endloop
 endfacet
 facet normal  0.000000e+00 -1.773998e-01  9.841389e-01
   outer loop
     vertex  3.800000e+00 -2.048529e+00  1.233100e+01
     vertex -3.800000e+00 -2.048529e+00  1.233100e+01
     vertex -3.800000e+00 -2.386048e+00  1.227016e+01
   endloop
 endfacet
 facet normal  0.000000e+00 -1.503341e-01  9.886353e-01
   outer loop
     vertex  3.800000e+00 -2.048529e+00  1.233100e+01
     vertex  3.800000e+00 -1.709469e+00  1.238256e+01
     vertex -3.800000e+00 -2.048529e+00  1.233100e+01
   endloop
 endfacet
 facet normal  0.000000e+00 -1.773998e-01  9.841389e-01
   outer loop
     vertex  3.800000e+00 -2.386048e+00  1.227016e+01
     vertex  3.800000e+00 -2.048529e+00  1.233100e+01
     vertex -3.800000e+00 -2.386048e+00  1.227016e+01
   endloop
 endfacet
 facet normal  0.000000e+00 -2.043319e-01  9.789017e-01
   outer loop
     vertex  3.800000e+00 -2.721770e+00  1.220008e+01
     vertex -3.800000e+00 -2.386048e+00  1.227016e+01
     vertex -3.800000e+00 -2.721770e+00  1.220008e+01
   endloop
 endfacet
 facet normal  0.000000e+00 -2.043319e-01  9.789017e-01
   outer loop
     vertex  3.800000e+00 -2.721770e+00  1.220008e+01
     vertex  3.800000e+00 -2.386048e+00  1.227016e+01
     vertex -3.800000e+00 -2.386048e+00  1.227016e+01
   endloop
 endfacet
 facet normal  0.000000e+00 -2.311102e-01  9.729276e-01
   outer loop
     vertex  3.800000e+00 -3.055443e+00  1.212082e+01
     vertex -3.800000e+00 -2.721770e+00  1.220008e+01
     vertex -3.800000e+00 -3.055443e+00  1.212082e+01
   endloop
 endfacet
 facet normal  0.000000e+00 -2.311102e-01  9.729276e-01
   outer loop
     vertex  3.800000e+00 -3.055443e+00  1.212082e+01
     vertex  3.800000e+00 -2.721770e+00  1.220008e+01
     vertex -3.800000e+00 -2.721770e+00  1.220008e+01
   endloop
 endfacet
 facet normal  0.000000e+00 -2.577146e-01  9.662211e-01
   outer loop
     vertex  3.800000e+00 -3.386816e+00  1.203243e+01
     vertex  3.800000e+00 -3.055443e+00  1.212082e+01
     vertex -3.800000e+00 -3.055443e+00  1.212082e+01
   endloop
 endfacet
 facet normal  0.000000e+00 -2.577146e-01  9.662211e-01
   outer loop
     vertex  3.800000e+00 -3.386816e+00  1.203243e+01
     vertex -3.800000e+00 -3.055443e+00  1.212082e+01
     vertex -3.800000e+00 -3.386816e+00  1.203243e+01
   endloop
 endfacet
 facet normal  0.000000e+00 -2.841250e-01  9.587873e-01
   outer loop
     vertex  3.800000e+00 -3.715640e+00  1.193499e+01
     vertex  3.800000e+00 -3.386816e+00  1.203243e+01
     vertex -3.800000e+00 -3.386816e+00  1.203243e+01
   endloop
 endfacet
 facet normal  0.000000e+00 -2.841250e-01  9.587873e-01
   outer loop
     vertex  3.800000e+00 -3.715640e+00  1.193499e+01
     vertex -3.800000e+00 -3.386816e+00  1.203243e+01
     vertex -3.800000e+00 -3.715640e+00  1.193499e+01
   endloop
 endfacet
 facet normal  0.000000e+00 -3.103214e-01  9.506317e-01
   outer loop
     vertex  3.800000e+00 -4.041666e+00  1.182856e+01
     vertex  3.800000e+00 -3.715640e+00  1.193499e+01
     vertex -3.800000e+00 -3.715640e+00  1.193499e+01
   endloop
 endfacet
 facet normal  0.000000e+00 -3.103214e-01  9.506317e-01
   outer loop
     vertex  3.800000e+00 -4.041666e+00  1.182856e+01
     vertex -3.800000e+00 -3.715640e+00  1.193499e+01
     vertex -3.800000e+00 -4.041666e+00  1.182856e+01
   endloop
 endfacet
 facet normal  0.000000e+00 -3.362843e-01  9.417605e-01
   outer loop
     vertex  3.800000e+00 -4.364650e+00  1.171323e+01
     vertex  3.800000e+00 -4.041666e+00  1.182856e+01
     vertex -3.800000e+00 -4.041666e+00  1.182856e+01
   endloop
 endfacet
 facet normal  0.000000e+00 -3.362843e-01  9.417605e-01
   outer loop
     vertex  3.800000e+00 -4.364650e+00  1.171323e+01
     vertex -3.800000e+00 -4.041666e+00  1.182856e+01
     vertex -3.800000e+00 -4.364650e+00  1.171323e+01
   endloop
 endfacet
 facet normal  0.000000e+00 -3.619940e-01  9.321804e-01
   outer loop
     vertex  3.800000e+00 -4.684349e+00  1.158908e+01
     vertex  3.800000e+00 -4.364650e+00  1.171323e+01
     vertex -3.800000e+00 -4.364650e+00  1.171323e+01
   endloop
 endfacet
 facet normal  0.000000e+00 -3.619940e-01  9.321804e-01
   outer loop
     vertex  3.800000e+00 -4.684349e+00  1.158908e+01
     vertex -3.800000e+00 -4.364650e+00  1.171323e+01
     vertex -3.800000e+00 -4.684349e+00  1.158908e+01
   endloop
 endfacet
 facet normal  0.000000e+00 -3.874313e-01  9.218986e-01
   outer loop
     vertex  3.800000e+00 -5.000521e+00  1.145621e+01
     vertex  3.800000e+00 -4.684349e+00  1.158908e+01
     vertex -3.800000e+00 -4.684349e+00  1.158908e+01
   endloop
 endfacet
 facet normal  0.000000e+00 -3.874313e-01  9.218986e-01
   outer loop
     vertex  3.800000e+00 -5.000521e+00  1.145621e+01
     vertex -3.800000e+00 -4.684349e+00  1.158908e+01
     vertex -3.800000e+00 -5.000521e+00  1.145621e+01
   endloop
 endfacet
 facet normal  0.000000e+00 -4.125769e-01  9.109228e-01
   outer loop
     vertex  3.800000e+00 -5.312930e+00  1.131472e+01
     vertex  3.800000e+00 -5.000521e+00  1.145621e+01
     vertex -3.800000e+00 -5.000521e+00  1.145621e+01
   endloop
 endfacet
 facet normal  0.000000e+00 -4.125769e-01  9.109228e-01
   outer loop
     vertex  3.800000e+00 -5.312930e+00  1.131472e+01
     vertex -3.800000e+00 -5.000521e+00  1.145621e+01
     vertex -3.800000e+00 -5.312930e+00  1.131472e+01
   endloop
 endfacet
 facet normal  0.000000e+00 -4.374119e-01  8.992613e-01
   outer loop
     vertex  3.800000e+00 -5.621338e+00  1.116470e+01
     vertex  3.800000e+00 -5.312930e+00  1.131472e+01
     vertex -3.800000e+00 -5.312930e+00  1.131472e+01
   endloop
 endfacet
 facet normal  0.000000e+00 -4.374119e-01  8.992613e-01
   outer loop
     vertex  3.800000e+00 -5.621338e+00  1.116470e+01
     vertex -3.800000e+00 -5.312930e+00  1.131472e+01
     vertex -3.800000e+00 -5.621338e+00  1.116470e+01
   endloop
 endfacet
 facet normal  0.000000e+00 -4.619176e-01  8.869228e-01
   outer loop
     vertex  3.800000e+00 -5.925515e+00  1.100628e+01
     vertex  3.800000e+00 -5.621338e+00  1.116470e+01
     vertex -3.800000e+00 -5.621338e+00  1.116470e+01
   endloop
 endfacet
 facet normal  0.000000e+00 -4.619176e-01  8.869228e-01
   outer loop
     vertex  3.800000e+00 -5.925515e+00  1.100628e+01
     vertex -3.800000e+00 -5.621338e+00  1.116470e+01
     vertex -3.800000e+00 -5.925515e+00  1.100628e+01
   endloop
 endfacet
 facet normal  0.000000e+00 -4.860756e-01  8.739167e-01
   outer loop
     vertex  3.800000e+00 -5.925515e+00  1.100628e+01
     vertex -3.800000e+00 -5.925515e+00  1.100628e+01
     vertex -3.800000e+00 -6.225232e+00  1.083958e+01
   endloop
 endfacet
 facet normal  0.000000e+00 -4.860756e-01  8.739167e-01
   outer loop
     vertex  3.800000e+00 -6.225232e+00  1.083958e+01
     vertex  3.800000e+00 -5.925515e+00  1.100628e+01
     vertex -3.800000e+00 -6.225232e+00  1.083958e+01
   endloop
 endfacet
 facet normal  0.000000e+00 -5.098678e-01  8.602528e-01
   outer loop
     vertex  3.800000e+00 -6.520263e+00  1.066472e+01
     vertex  3.800000e+00 -6.225232e+00  1.083958e+01
     vertex -3.800000e+00 -6.225232e+00  1.083958e+01
   endloop
 endfacet
 facet normal  0.000000e+00 -5.098678e-01  8.602528e-01
   outer loop
     vertex  3.800000e+00 -6.520263e+00  1.066472e+01
     vertex -3.800000e+00 -6.225232e+00  1.083958e+01
     vertex -3.800000e+00 -6.520263e+00  1.066472e+01
   endloop
 endfacet
 facet normal  0.000000e+00 -5.332761e-01  8.459413e-01
   outer loop
     vertex  3.800000e+00 -6.810385e+00  1.048183e+01
     vertex  3.800000e+00 -6.520263e+00  1.066472e+01
     vertex -3.800000e+00 -6.520263e+00  1.066472e+01
   endloop
 endfacet
 facet normal  0.000000e+00 -5.332761e-01  8.459413e-01
   outer loop
     vertex  3.800000e+00 -6.810385e+00  1.048183e+01
     vertex -3.800000e+00 -6.520263e+00  1.066472e+01
     vertex -3.800000e+00 -6.810385e+00  1.048183e+01
   endloop
 endfacet
 facet normal  0.000000e+00 -5.562829e-01  8.309929e-01
   outer loop
     vertex  3.800000e+00 -7.095380e+00  1.029104e+01
     vertex -3.800000e+00 -6.810385e+00  1.048183e+01
     vertex -3.800000e+00 -7.095380e+00  1.029104e+01
   endloop
 endfacet
 facet normal  0.000000e+00 -5.562829e-01  8.309929e-01
   outer loop
     vertex  3.800000e+00 -7.095380e+00  1.029104e+01
     vertex  3.800000e+00 -6.810385e+00  1.048183e+01
     vertex -3.800000e+00 -6.810385e+00  1.048183e+01
   endloop
 endfacet
 facet normal  0.000000e+00 -5.788711e-01  8.154191e-01
   outer loop
     vertex  3.800000e+00 -7.095380e+00  1.029104e+01
     vertex -3.800000e+00 -7.095380e+00  1.029104e+01
     vertex -3.800000e+00 -7.375035e+00  1.009252e+01
   endloop
 endfacet
 facet normal  0.000000e+00 -5.788711e-01  8.154191e-01
   outer loop
     vertex  3.800000e+00 -7.375035e+00  1.009252e+01
     vertex  3.800000e+00 -7.095380e+00  1.029104e+01
     vertex -3.800000e+00 -7.375035e+00  1.009252e+01
   endloop
 endfacet
 facet normal  0.000000e+00 -6.010234e-01  7.992314e-01
   outer loop
     vertex  3.800000e+00 -7.649137e+00  9.886389e+00
     vertex  3.800000e+00 -7.375035e+00  1.009252e+01
     vertex -3.800000e+00 -7.375035e+00  1.009252e+01
   endloop
 endfacet
 facet normal  0.000000e+00 -6.010234e-01  7.992314e-01
   outer loop
     vertex  3.800000e+00 -7.649137e+00  9.886389e+00
     vertex -3.800000e+00 -7.375035e+00  1.009252e+01
     vertex -3.800000e+00 -7.649137e+00  9.886389e+00
   endloop
 endfacet
 facet normal  0.000000e+00 -6.227234e-01  7.824421e-01
   outer loop
     vertex  3.800000e+00 -7.649137e+00  9.886389e+00
     vertex -3.800000e+00 -7.649137e+00  9.886389e+00
     vertex -3.800000e+00 -7.917482e+00  9.672822e+00
   endloop
 endfacet
 facet normal  0.000000e+00 -6.227234e-01  7.824421e-01
   outer loop
     vertex  3.800000e+00 -7.917482e+00  9.672822e+00
     vertex  3.800000e+00 -7.649137e+00  9.886389e+00
     vertex -3.800000e+00 -7.917482e+00  9.672822e+00
   endloop
 endfacet
 facet normal  0.000000e+00 -6.439545e-01  7.650637e-01
   outer loop
     vertex  3.800000e+00 -8.179867e+00  9.451972e+00
     vertex -3.800000e+00 -7.917482e+00  9.672822e+00
     vertex -3.800000e+00 -8.179867e+00  9.451972e+00
   endloop
 endfacet
 facet normal  0.000000e+00 -6.647010e-01  7.471095e-01
   outer loop
     vertex  3.800000e+00 -8.179867e+00  9.451972e+00
     vertex -3.800000e+00 -8.179867e+00  9.451972e+00
     vertex -3.800000e+00 -8.436094e+00  9.224008e+00
   endloop
 endfacet
 facet normal  0.000000e+00 -6.439545e-01  7.650637e-01
   outer loop
     vertex  3.800000e+00 -8.179867e+00  9.451972e+00
     vertex  3.800000e+00 -7.917482e+00  9.672822e+00
     vertex -3.800000e+00 -7.917482e+00  9.672822e+00
   endloop
 endfacet
 facet normal  0.000000e+00 -6.849470e-01  7.285929e-01
   outer loop
     vertex  3.800000e+00 -8.436094e+00  9.224008e+00
     vertex -3.800000e+00 -8.436094e+00  9.224008e+00
     vertex -3.800000e+00 -8.685970e+00  8.989100e+00
   endloop
 endfacet
 facet normal  0.000000e+00 -6.647010e-01  7.471095e-01
   outer loop
     vertex  3.800000e+00 -8.436094e+00  9.224008e+00
     vertex  3.800000e+00 -8.179867e+00  9.451972e+00
     vertex -3.800000e+00 -8.436094e+00  9.224008e+00
   endloop
 endfacet
 facet normal  0.000000e+00 -6.849470e-01  7.285929e-01
   outer loop
     vertex  3.800000e+00 -8.685970e+00  8.989100e+00
     vertex  3.800000e+00 -8.436094e+00  9.224008e+00
     vertex -3.800000e+00 -8.685970e+00  8.989100e+00
   endloop
 endfacet
 facet normal  0.000000e+00 -7.046775e-01  7.095278e-01
   outer loop
     vertex  3.800000e+00 -8.929309e+00  8.747425e+00
     vertex -3.800000e+00 -8.685970e+00  8.989100e+00
     vertex -3.800000e+00 -8.929309e+00  8.747425e+00
   endloop
 endfacet
 facet normal  0.000000e+00 -7.238775e-01  6.899286e-01
   outer loop
     vertex  3.800000e+00 -8.929309e+00  8.747425e+00
     vertex -3.800000e+00 -8.929309e+00  8.747425e+00
     vertex -3.800000e+00 -9.165925e+00  8.499166e+00
   endloop
 endfacet
 facet normal  0.000000e+00 -7.046775e-01  7.095278e-01
   outer loop
     vertex  3.800000e+00 -8.929309e+00  8.747425e+00
     vertex  3.800000e+00 -8.685970e+00  8.989100e+00
     vertex -3.800000e+00 -8.685970e+00  8.989100e+00
   endloop
 endfacet
 facet normal  0.000000e+00 -7.238775e-01  6.899286e-01
   outer loop
     vertex  3.800000e+00 -9.165925e+00  8.499166e+00
     vertex  3.800000e+00 -8.929309e+00  8.747425e+00
     vertex -3.800000e+00 -9.165925e+00  8.499166e+00
   endloop
 endfacet
 facet normal  0.000000e+00 -7.425325e-01  6.698100e-01
   outer loop
     vertex  3.800000e+00 -9.395642e+00  8.244508e+00
     vertex -3.800000e+00 -9.165925e+00  8.499166e+00
     vertex -3.800000e+00 -9.395642e+00  8.244508e+00
   endloop
 endfacet
 facet normal  0.000000e+00 -7.606287e-01  6.491872e-01
   outer loop
     vertex  3.800000e+00 -9.395642e+00  8.244508e+00
     vertex -3.800000e+00 -9.395642e+00  8.244508e+00
     vertex -3.800000e+00 -9.618286e+00  7.983645e+00
   endloop
 endfacet
 facet normal  0.000000e+00 -7.425325e-01  6.698100e-01
   outer loop
     vertex  3.800000e+00 -9.395642e+00  8.244508e+00
     vertex  3.800000e+00 -9.165925e+00  8.499166e+00
     vertex -3.800000e+00 -9.165925e+00  8.499166e+00
   endloop
 endfacet
 facet normal  0.000000e+00 -7.606287e-01  6.491872e-01
   outer loop
     vertex  3.800000e+00 -9.618286e+00  7.983645e+00
     vertex  3.800000e+00 -9.395642e+00  8.244508e+00
     vertex -3.800000e+00 -9.618286e+00  7.983645e+00
   endloop
 endfacet
 facet normal  0.000000e+00 -7.781522e-01  6.280757e-01
   outer loop
     vertex  3.800000e+00 -9.833689e+00  7.716771e+00
     vertex -3.800000e+00 -9.618286e+00  7.983645e+00
     vertex -3.800000e+00 -9.833689e+00  7.716771e+00
   endloop
 endfacet
 facet normal  0.000000e+00 -7.781522e-01  6.280757e-01
   outer loop
     vertex  3.800000e+00 -9.833689e+00  7.716771e+00
     vertex  3.800000e+00 -9.618286e+00  7.983645e+00
     vertex -3.800000e+00 -9.618286e+00  7.983645e+00
   endloop
 endfacet
 facet normal  0.000000e+00 -7.950900e-01  6.064915e-01
   outer loop
     vertex  3.800000e+00 -1.004169e+01  7.444089e+00
     vertex -3.800000e+00 -9.833689e+00  7.716771e+00
     vertex -3.800000e+00 -1.004169e+01  7.444089e+00
   endloop
 endfacet
 facet normal  0.000000e+00 -8.114292e-01  5.844507e-01
   outer loop
     vertex  3.800000e+00 -1.004169e+01  7.444089e+00
     vertex -3.800000e+00 -1.004169e+01  7.444089e+00
     vertex -3.800000e+00 -1.024213e+01  7.165803e+00
   endloop
 endfacet
 facet normal  0.000000e+00 -7.950900e-01  6.064915e-01
   outer loop
     vertex  3.800000e+00 -1.004169e+01  7.444089e+00
     vertex  3.800000e+00 -9.833689e+00  7.716771e+00
     vertex -3.800000e+00 -9.833689e+00  7.716771e+00
   endloop
 endfacet
 facet normal  0.000000e+00 -8.271577e-01  5.619699e-01
   outer loop
     vertex  3.800000e+00 -1.024213e+01  7.165803e+00
     vertex -3.800000e+00 -1.024213e+01  7.165803e+00
     vertex -3.800000e+00 -1.043486e+01  6.882123e+00
   endloop
 endfacet
 facet normal  0.000000e+00 -8.114292e-01  5.844507e-01
   outer loop
     vertex  3.800000e+00 -1.024213e+01  7.165803e+00
     vertex  3.800000e+00 -1.004169e+01  7.444089e+00
     vertex -3.800000e+00 -1.024213e+01  7.165803e+00
   endloop
 endfacet
 facet normal  0.000000e+00 -8.271577e-01  5.619699e-01
   outer loop
     vertex  3.800000e+00 -1.043486e+01  6.882123e+00
     vertex  3.800000e+00 -1.024213e+01  7.165803e+00
     vertex -3.800000e+00 -1.043486e+01  6.882123e+00
   endloop
 endfacet
 facet normal  0.000000e+00 -8.422635e-01  5.390661e-01
   outer loop
     vertex  3.800000e+00 -1.061974e+01  6.593262e+00
     vertex  3.800000e+00 -1.043486e+01  6.882123e+00
     vertex -3.800000e+00 -1.043486e+01  6.882123e+00
   endloop
 endfacet
 facet normal  0.000000e+00 -8.422635e-01  5.390661e-01
   outer loop
     vertex  3.800000e+00 -1.061974e+01  6.593262e+00
     vertex -3.800000e+00 -1.043486e+01  6.882123e+00
     vertex -3.800000e+00 -1.061974e+01  6.593262e+00
   endloop
 endfacet
 facet normal  0.000000e+00 -8.567352e-01  5.157565e-01
   outer loop
     vertex  3.800000e+00 -1.061974e+01  6.593262e+00
     vertex -3.800000e+00 -1.061974e+01  6.593262e+00
     vertex -3.800000e+00 -1.079662e+01  6.299438e+00
   endloop
 endfacet
 facet normal  0.000000e+00 -8.567352e-01  5.157565e-01
   outer loop
     vertex  3.800000e+00 -1.079662e+01  6.299438e+00
     vertex  3.800000e+00 -1.061974e+01  6.593262e+00
     vertex -3.800000e+00 -1.079662e+01  6.299438e+00
   endloop
 endfacet
 facet normal  0.000000e+00 -8.705620e-01  4.920587e-01
   outer loop
     vertex  3.800000e+00 -1.096538e+01  6.000872e+00
     vertex  3.800000e+00 -1.079662e+01  6.299438e+00
     vertex -3.800000e+00 -1.079662e+01  6.299438e+00
   endloop
 endfacet
 facet normal  0.000000e+00 -8.705620e-01  4.920587e-01
   outer loop
     vertex  3.800000e+00 -1.096538e+01  6.000872e+00
     vertex -3.800000e+00 -1.079662e+01  6.299438e+00
     vertex -3.800000e+00 -1.096538e+01  6.000872e+00
   endloop
 endfacet
 facet normal  0.000000e+00 -8.837335e-01  4.679904e-01
   outer loop
     vertex  3.800000e+00 -1.112588e+01  5.697788e+00
     vertex  3.800000e+00 -1.096538e+01  6.000872e+00
     vertex -3.800000e+00 -1.096538e+01  6.000872e+00
   endloop
 endfacet
 facet normal  0.000000e+00 -8.837335e-01  4.679904e-01
   outer loop
     vertex  3.800000e+00 -1.112588e+01  5.697788e+00
     vertex -3.800000e+00 -1.096538e+01  6.000872e+00
     vertex -3.800000e+00 -1.112588e+01  5.697788e+00
   endloop
 endfacet
 facet normal  0.000000e+00 -8.962398e-01  4.435699e-01
   outer loop
     vertex  3.800000e+00 -1.112588e+01  5.697788e+00
     vertex -3.800000e+00 -1.112588e+01  5.697788e+00
     vertex -3.800000e+00 -1.127801e+01  5.390416e+00
   endloop
 endfacet
 facet normal  0.000000e+00 -8.962398e-01  4.435699e-01
   outer loop
     vertex  3.800000e+00 -1.127801e+01  5.390416e+00
     vertex  3.800000e+00 -1.112588e+01  5.697788e+00
     vertex -3.800000e+00 -1.127801e+01  5.390416e+00
   endloop
 endfacet
 facet normal  0.000000e+00 -9.080714e-01  4.188155e-01
   outer loop
     vertex  3.800000e+00 -1.127801e+01  5.390416e+00
     vertex -3.800000e+00 -1.127801e+01  5.390416e+00
     vertex -3.800000e+00 -1.142164e+01  5.078986e+00
   endloop
 endfacet
 facet normal  0.000000e+00 -9.080714e-01  4.188155e-01
   outer loop
     vertex  3.800000e+00 -1.142164e+01  5.078986e+00
     vertex  3.800000e+00 -1.127801e+01  5.390416e+00
     vertex -3.800000e+00 -1.142164e+01  5.078986e+00
   endloop
 endfacet
 facet normal  0.000000e+00 -9.192194e-01  3.937458e-01
   outer loop
     vertex  3.800000e+00 -1.155668e+01  4.763732e+00
     vertex  3.800000e+00 -1.142164e+01  5.078986e+00
     vertex -3.800000e+00 -1.142164e+01  5.078986e+00
   endloop
 endfacet
 facet normal  0.000000e+00 -9.192194e-01  3.937458e-01
   outer loop
     vertex  3.800000e+00 -1.155668e+01  4.763732e+00
     vertex -3.800000e+00 -1.142164e+01  5.078986e+00
     vertex -3.800000e+00 -1.155668e+01  4.763732e+00
   endloop
 endfacet
 facet normal  0.000000e+00 -9.296754e-01  3.683796e-01
   outer loop
     vertex  3.800000e+00 -1.168302e+01  4.444893e+00
     vertex  3.800000e+00 -1.155668e+01  4.763732e+00
     vertex -3.800000e+00 -1.155668e+01  4.763732e+00
   endloop
 endfacet
 facet normal  0.000000e+00 -9.296754e-01  3.683796e-01
   outer loop
     vertex  3.800000e+00 -1.168302e+01  4.444893e+00
     vertex -3.800000e+00 -1.155668e+01  4.763732e+00
     vertex -3.800000e+00 -1.168302e+01  4.444893e+00
   endloop
 endfacet
 facet normal  0.000000e+00 -9.394317e-01  3.427362e-01
   outer loop
     vertex  3.800000e+00 -1.180056e+01  4.122707e+00
     vertex  3.800000e+00 -1.168302e+01  4.444893e+00
     vertex -3.800000e+00 -1.168302e+01  4.444893e+00
   endloop
 endfacet
 facet normal  0.000000e+00 -9.394317e-01  3.427362e-01
   outer loop
     vertex  3.800000e+00 -1.180056e+01  4.122707e+00
     vertex -3.800000e+00 -1.168302e+01  4.444893e+00
     vertex -3.800000e+00 -1.180056e+01  4.122707e+00
   endloop
 endfacet
 facet normal  0.000000e+00 -9.484807e-01  3.168348e-01
   outer loop
     vertex  3.800000e+00 -1.190922e+01  3.797418e+00
     vertex  3.800000e+00 -1.180056e+01  4.122707e+00
     vertex -3.800000e+00 -1.180056e+01  4.122707e+00
   endloop
 endfacet
 facet normal  0.000000e+00 -9.484807e-01  3.168348e-01
   outer loop
     vertex  3.800000e+00 -1.190922e+01  3.797418e+00
     vertex -3.800000e+00 -1.180056e+01  4.122707e+00
     vertex -3.800000e+00 -1.190922e+01  3.797418e+00
   endloop
 endfacet
 facet normal  0.000000e+00 -9.568158e-01  2.906949e-01
   outer loop
     vertex  3.800000e+00 -1.190922e+01  3.797418e+00
     vertex -3.800000e+00 -1.190922e+01  3.797418e+00
     vertex -3.800000e+00 -1.200892e+01  3.469271e+00
   endloop
 endfacet
 facet normal  0.000000e+00 -9.568158e-01  2.906949e-01
   outer loop
     vertex  3.800000e+00 -1.200892e+01  3.469271e+00
     vertex  3.800000e+00 -1.190922e+01  3.797418e+00
     vertex -3.800000e+00 -1.200892e+01  3.469271e+00
   endloop
 endfacet
 facet normal  0.000000e+00 -9.644306e-01  2.643362e-01
   outer loop
     vertex  3.800000e+00 -1.209958e+01  3.138512e+00
     vertex  3.800000e+00 -1.200892e+01  3.469271e+00
     vertex -3.800000e+00 -1.200892e+01  3.469271e+00
   endloop
 endfacet
 facet normal  0.000000e+00 -9.644306e-01  2.643362e-01
   outer loop
     vertex  3.800000e+00 -1.209958e+01  3.138512e+00
     vertex -3.800000e+00 -1.200892e+01  3.469271e+00
     vertex -3.800000e+00 -1.209958e+01  3.138512e+00
   endloop
 endfacet
 facet normal  0.000000e+00 -9.713194e-01  2.377784e-01
   outer loop
     vertex  3.800000e+00 -1.218112e+01  2.805390e+00
     vertex  3.800000e+00 -1.209958e+01  3.138512e+00
     vertex -3.800000e+00 -1.209958e+01  3.138512e+00
   endloop
 endfacet
 facet normal  0.000000e+00 -9.713194e-01  2.377784e-01
   outer loop
     vertex  3.800000e+00 -1.218112e+01  2.805390e+00
     vertex -3.800000e+00 -1.209958e+01  3.138512e+00
     vertex -3.800000e+00 -1.218112e+01  2.805390e+00
   endloop
 endfacet
 facet normal  0.000000e+00 -9.774771e-01  2.110417e-01
   outer loop
     vertex  3.800000e+00 -1.225350e+01  2.470156e+00
     vertex  3.800000e+00 -1.218112e+01  2.805390e+00
     vertex -3.800000e+00 -1.218112e+01  2.805390e+00
   endloop
 endfacet
 facet normal  0.000000e+00 -9.774771e-01  2.110417e-01
   outer loop
     vertex  3.800000e+00 -1.225350e+01  2.470156e+00
     vertex -3.800000e+00 -1.218112e+01  2.805390e+00
     vertex -3.800000e+00 -1.225350e+01  2.470156e+00
   endloop
 endfacet
 facet normal  0.000000e+00 -9.828989e-01  1.841461e-01
   outer loop
     vertex  3.800000e+00 -1.231666e+01  2.133064e+00
     vertex  3.800000e+00 -1.225350e+01  2.470156e+00
     vertex -3.800000e+00 -1.225350e+01  2.470156e+00
   endloop
 endfacet
 facet normal  0.000000e+00 -9.828989e-01  1.841461e-01
   outer loop
     vertex  3.800000e+00 -1.231666e+01  2.133064e+00
     vertex -3.800000e+00 -1.225350e+01  2.470156e+00
     vertex -3.800000e+00 -1.231666e+01  2.133064e+00
   endloop
 endfacet
 facet normal  0.000000e+00 -9.875808e-01  1.571119e-01
   outer loop
     vertex  3.800000e+00 -1.237054e+01  1.794365e+00
     vertex  3.800000e+00 -1.231666e+01  2.133064e+00
     vertex -3.800000e+00 -1.231666e+01  2.133064e+00
   endloop
 endfacet
 facet normal  0.000000e+00 -9.875808e-01  1.571119e-01
   outer loop
     vertex  3.800000e+00 -1.237054e+01  1.794365e+00
     vertex -3.800000e+00 -1.231666e+01  2.133064e+00
     vertex -3.800000e+00 -1.237054e+01  1.794365e+00
   endloop
 endfacet
 facet normal  0.000000e+00 -9.915193e-01  1.299594e-01
   outer loop
     vertex  3.800000e+00 -1.241511e+01  1.454316e+00
     vertex  3.800000e+00 -1.237054e+01  1.794365e+00
     vertex -3.800000e+00 -1.237054e+01  1.794365e+00
   endloop
 endfacet
 facet normal  0.000000e+00 -9.915193e-01  1.299594e-01
   outer loop
     vertex  3.800000e+00 -1.241511e+01  1.454316e+00
     vertex -3.800000e+00 -1.237054e+01  1.794365e+00
     vertex -3.800000e+00 -1.241511e+01  1.454316e+00
   endloop
 endfacet
 facet normal  0.000000e+00 -9.947114e-01  1.027091e-01
   outer loop
     vertex  3.800000e+00 -1.245034e+01  1.113171e+00
     vertex  3.800000e+00 -1.241511e+01  1.454316e+00
     vertex -3.800000e+00 -1.241511e+01  1.454316e+00
   endloop
 endfacet
 facet normal  0.000000e+00 -9.947114e-01  1.027091e-01
   outer loop
     vertex  3.800000e+00 -1.245034e+01  1.113171e+00
     vertex -3.800000e+00 -1.241511e+01  1.454316e+00
     vertex -3.800000e+00 -1.245034e+01  1.113171e+00
   endloop
 endfacet
 facet normal  0.000000e+00 -9.971548e-01  7.538152e-02
   outer loop
     vertex  3.800000e+00 -1.247619e+01  7.711893e-01
     vertex  3.800000e+00 -1.245034e+01  1.113171e+00
     vertex -3.800000e+00 -1.245034e+01  1.113171e+00
   endloop
 endfacet
 facet normal  0.000000e+00 -9.971548e-01  7.538152e-02
   outer loop
     vertex  3.800000e+00 -1.247619e+01  7.711893e-01
     vertex -3.800000e+00 -1.245034e+01  1.113171e+00
     vertex -3.800000e+00 -1.247619e+01  7.711893e-01
   endloop
 endfacet
 facet normal  0.000000e+00 -9.988475e-01  4.799716e-02
   outer loop
     vertex  3.800000e+00 -1.249265e+01  4.286267e-01
     vertex  3.800000e+00 -1.247619e+01  7.711893e-01
     vertex -3.800000e+00 -1.247619e+01  7.711893e-01
   endloop
 endfacet
 facet normal  0.000000e+00 -9.988475e-01  4.799716e-02
   outer loop
     vertex  3.800000e+00 -1.249265e+01  4.286267e-01
     vertex -3.800000e+00 -1.247619e+01  7.711893e-01
     vertex -3.800000e+00 -1.249265e+01  4.286267e-01
   endloop
 endfacet
 facet normal  0.000000e+00 -9.997883e-01  2.057667e-02
   outer loop
     vertex  3.800000e+00 -1.249971e+01  8.574149e-02
     vertex -3.800000e+00 -1.249265e+01  4.286267e-01
     vertex -3.800000e+00 -1.249971e+01  8.574149e-02
   endloop
 endfacet
 facet normal  0.000000e+00 -9.997883e-01  2.057667e-02
   outer loop
     vertex  3.800000e+00 -1.249971e+01  8.574149e-02
     vertex  3.800000e+00 -1.249265e+01  4.286267e-01
     vertex -3.800000e+00 -1.249265e+01  4.286267e-01
   endloop
 endfacet
 facet normal -0.000000e+00 -9.999765e-01 -6.859319e-03
   outer loop
     vertex  3.800000e+00 -1.249735e+01 -2.572083e-01
     vertex -3.800000e+00 -1.249971e+01  8.574149e-02
     vertex -3.800000e+00 -1.249735e+01 -2.572083e-01
   endloop
 endfacet
 facet normal  0.000000e+00 -9.999765e-01 -6.859319e-03
   outer loop
     vertex  3.800000e+00 -1.249735e+01 -2.572083e-01
     vertex  3.800000e+00 -1.249971e+01  8.574149e-02
     vertex -3.800000e+00 -1.249971e+01  8.574149e-02
   endloop
 endfacet
 facet normal -0.000000e+00 -9.994119e-01 -3.429014e-02
   outer loop
     vertex  3.800000e+00 -1.248559e+01 -5.999645e-01
     vertex -3.800000e+00 -1.249735e+01 -2.572083e-01
     vertex -3.800000e+00 -1.248559e+01 -5.999645e-01
   endloop
 endfacet
 facet normal  0.000000e+00 -9.994119e-01 -3.429014e-02
   outer loop
     vertex  3.800000e+00 -1.248559e+01 -5.999645e-01
     vertex  3.800000e+00 -1.249735e+01 -2.572083e-01
     vertex -3.800000e+00 -1.249735e+01 -2.572083e-01
   endloop
 endfacet
 facet normal -0.000000e+00 -9.980950e-01 -6.169515e-02
   outer loop
     vertex  3.800000e+00 -1.246443e+01 -9.422691e-01
     vertex -3.800000e+00 -1.248559e+01 -5.999645e-01
     vertex -3.800000e+00 -1.246443e+01 -9.422691e-01
   endloop
 endfacet
 facet normal  0.000000e+00 -9.980950e-01 -6.169515e-02
   outer loop
     vertex  3.800000e+00 -1.246443e+01 -9.422691e-01
     vertex  3.800000e+00 -1.248559e+01 -5.999645e-01
     vertex -3.800000e+00 -1.248559e+01 -5.999645e-01
   endloop
 endfacet
 facet normal  0.000000e+00 -9.960268e-01 -8.905371e-02
   outer loop
     vertex  3.800000e+00 -1.243389e+01 -1.283864e+00
     vertex  3.800000e+00 -1.246443e+01 -9.422691e-01
     vertex -3.800000e+00 -1.246443e+01 -9.422691e-01
   endloop
 endfacet
 facet normal -0.000000e+00 -9.960268e-01 -8.905371e-02
   outer loop
     vertex  3.800000e+00 -1.243389e+01 -1.283864e+00
     vertex -3.800000e+00 -1.246443e+01 -9.422691e-01
     vertex -3.800000e+00 -1.243389e+01 -1.283864e+00
   endloop
 endfacet
 facet normal  0.000000e+00 -9.932088e-01 -1.163452e-01
   outer loop
     vertex  3.800000e+00 -1.239399e+01 -1.624493e+00
     vertex  3.800000e+00 -1.243389e+01 -1.283864e+00
     vertex -3.800000e+00 -1.243389e+01 -1.283864e+00
   endloop
 endfacet
 facet normal -0.000000e+00 -9.932088e-01 -1.163452e-01
   outer loop
     vertex  3.800000e+00 -1.239399e+01 -1.624493e+00
     vertex -3.800000e+00 -1.243389e+01 -1.283864e+00
     vertex -3.800000e+00 -1.239399e+01 -1.624493e+00
   endloop
 endfacet
 facet normal  0.000000e+00 -9.896432e-01 -1.435492e-01
   outer loop
     vertex  3.800000e+00 -1.234476e+01 -1.963899e+00
     vertex  3.800000e+00 -1.239399e+01 -1.624493e+00
     vertex -3.800000e+00 -1.239399e+01 -1.624493e+00
   endloop
 endfacet
 facet normal -0.000000e+00 -9.896432e-01 -1.435492e-01
   outer loop
     vertex  3.800000e+00 -1.234476e+01 -1.963899e+00
     vertex -3.800000e+00 -1.239399e+01 -1.624493e+00
     vertex -3.800000e+00 -1.234476e+01 -1.963899e+00
   endloop
 endfacet
 facet normal  0.000000e+00 -9.853326e-01 -1.706451e-01
   outer loop
     vertex  3.800000e+00 -1.228624e+01 -2.301827e+00
     vertex  3.800000e+00 -1.234476e+01 -1.963899e+00
     vertex -3.800000e+00 -1.234476e+01 -1.963899e+00
   endloop
 endfacet
 facet normal -0.000000e+00 -9.853326e-01 -1.706451e-01
   outer loop
     vertex  3.800000e+00 -1.228624e+01 -2.301827e+00
     vertex -3.800000e+00 -1.234476e+01 -1.963899e+00
     vertex -3.800000e+00 -1.228624e+01 -2.301827e+00
   endloop
 endfacet
 facet normal  0.000000e+00 -9.802802e-01 -1.976125e-01
   outer loop
     vertex  3.800000e+00 -1.221846e+01 -2.638021e+00
     vertex  3.800000e+00 -1.228624e+01 -2.301827e+00
     vertex -3.800000e+00 -1.228624e+01 -2.301827e+00
   endloop
 endfacet
 facet normal -0.000000e+00 -9.802802e-01 -1.976125e-01
   outer loop
     vertex  3.800000e+00 -1.221846e+01 -2.638021e+00
     vertex -3.800000e+00 -1.228624e+01 -2.301827e+00
     vertex -3.800000e+00 -1.221846e+01 -2.638021e+00
   endloop
 endfacet
 facet normal  0.000000e+00 -9.744899e-01 -2.244312e-01
   outer loop
     vertex  3.800000e+00 -1.214149e+01 -2.972230e+00
     vertex  3.800000e+00 -1.221846e+01 -2.638021e+00
     vertex -3.800000e+00 -1.221846e+01 -2.638021e+00
   endloop
 endfacet
 facet normal -0.000000e+00 -9.744899e-01 -2.244312e-01
   outer loop
     vertex  3.800000e+00 -1.214149e+01 -2.972230e+00
     vertex -3.800000e+00 -1.221846e+01 -2.638021e+00
     vertex -3.800000e+00 -1.214149e+01 -2.972230e+00
   endloop
 endfacet
 facet normal  0.000000e+00 -9.679661e-01 -2.510809e-01
   outer loop
     vertex  3.800000e+00 -1.205538e+01 -3.304202e+00
     vertex  3.800000e+00 -1.214149e+01 -2.972230e+00
     vertex -3.800000e+00 -1.214149e+01 -2.972230e+00
   endloop
 endfacet
 facet normal -0.000000e+00 -9.679661e-01 -2.510809e-01
   outer loop
     vertex  3.800000e+00 -1.205538e+01 -3.304202e+00
     vertex -3.800000e+00 -1.214149e+01 -2.972230e+00
     vertex -3.800000e+00 -1.205538e+01 -3.304202e+00
   endloop
 endfacet
 facet normal  0.000000e+00 -9.607136e-01 -2.775416e-01
   outer loop
     vertex  3.800000e+00 -1.196020e+01 -3.633686e+00
     vertex  3.800000e+00 -1.205538e+01 -3.304202e+00
     vertex -3.800000e+00 -1.205538e+01 -3.304202e+00
   endloop
 endfacet
 facet normal -0.000000e+00 -9.607136e-01 -2.775416e-01
   outer loop
     vertex  3.800000e+00 -1.196020e+01 -3.633686e+00
     vertex -3.800000e+00 -1.205538e+01 -3.304202e+00
     vertex -3.800000e+00 -1.196020e+01 -3.633686e+00
   endloop
 endfacet
 facet normal  0.000000e+00 -9.527379e-01 -3.037934e-01
   outer loop
     vertex  3.800000e+00 -1.185601e+01 -3.960435e+00
     vertex  3.800000e+00 -1.196020e+01 -3.633686e+00
     vertex -3.800000e+00 -1.196020e+01 -3.633686e+00
   endloop
 endfacet
 facet normal -0.000000e+00 -9.527379e-01 -3.037934e-01
   outer loop
     vertex  3.800000e+00 -1.185601e+01 -3.960435e+00
     vertex -3.800000e+00 -1.196020e+01 -3.633686e+00
     vertex -3.800000e+00 -1.185601e+01 -3.960435e+00
   endloop
 endfacet
 facet normal -0.000000e+00 -9.440450e-01 -3.298166e-01
   outer loop
     vertex  3.800000e+00 -1.185601e+01 -3.960435e+00
     vertex -3.800000e+00 -1.185601e+01 -3.960435e+00
     vertex -3.800000e+00 -1.174290e+01 -4.284203e+00
   endloop
 endfacet
 facet normal -0.000000e+00 -9.440450e-01 -3.298166e-01
   outer loop
     vertex  3.800000e+00 -1.174290e+01 -4.284203e+00
     vertex  3.800000e+00 -1.185601e+01 -3.960435e+00
     vertex -3.800000e+00 -1.174290e+01 -4.284203e+00
   endloop
 endfacet
 facet normal  0.000000e+00 -9.346415e-01 -3.555914e-01
   outer loop
     vertex  3.800000e+00 -1.162094e+01 -4.604746e+00
     vertex  3.800000e+00 -1.174290e+01 -4.284203e+00
     vertex -3.800000e+00 -1.174290e+01 -4.284203e+00
   endloop
 endfacet
 facet normal -0.000000e+00 -9.346415e-01 -3.555914e-01
   outer loop
     vertex  3.800000e+00 -1.162094e+01 -4.604746e+00
     vertex -3.800000e+00 -1.174290e+01 -4.284203e+00
     vertex -3.800000e+00 -1.162094e+01 -4.604746e+00
   endloop
 endfacet
 facet normal -0.000000e+00 -9.137314e-01 -4.063188e-01
   outer loop
     vertex  3.800000e+00 -1.149024e+01 -4.921822e+00
     vertex -3.800000e+00 -1.149024e+01 -4.921822e+00
     vertex -3.800000e+00 -1.135089e+01 -5.235193e+00
   endloop
 endfacet
 facet normal  0.000000e+00 -9.245344e-01 -3.810986e-01
   outer loop
     vertex  3.800000e+00 -1.149024e+01 -4.921822e+00
     vertex  3.800000e+00 -1.162094e+01 -4.604746e+00
     vertex -3.800000e+00 -1.162094e+01 -4.604746e+00
   endloop
 endfacet
 facet normal -0.000000e+00 -9.245344e-01 -3.810986e-01
   outer loop
     vertex  3.800000e+00 -1.149024e+01 -4.921822e+00
     vertex -3.800000e+00 -1.162094e+01 -4.604746e+00
     vertex -3.800000e+00 -1.149024e+01 -4.921822e+00
   endloop
 endfacet
 facet normal -0.000000e+00 -9.137314e-01 -4.063188e-01
   outer loop
     vertex  3.800000e+00 -1.135089e+01 -5.235193e+00
     vertex  3.800000e+00 -1.149024e+01 -4.921822e+00
     vertex -3.800000e+00 -1.135089e+01 -5.235193e+00
   endloop
 endfacet
 facet normal -0.000000e+00 -9.022405e-01 -4.312333e-01
   outer loop
     vertex  3.800000e+00 -1.120300e+01 -5.544624e+00
     vertex -3.800000e+00 -1.135089e+01 -5.235193e+00
     vertex -3.800000e+00 -1.120300e+01 -5.544624e+00
   endloop
 endfacet
 facet normal -0.000000e+00 -8.900704e-01 -4.558231e-01
   outer loop
     vertex  3.800000e+00 -1.120300e+01 -5.544624e+00
     vertex -3.800000e+00 -1.120300e+01 -5.544624e+00
     vertex -3.800000e+00 -1.104667e+01 -5.849880e+00
   endloop
 endfacet
 facet normal  0.000000e+00 -9.022405e-01 -4.312333e-01
   outer loop
     vertex  3.800000e+00 -1.120300e+01 -5.544624e+00
     vertex  3.800000e+00 -1.135089e+01 -5.235193e+00
     vertex -3.800000e+00 -1.135089e+01 -5.235193e+00
   endloop
 endfacet
 facet normal -0.000000e+00 -8.900704e-01 -4.558231e-01
   outer loop
     vertex  3.800000e+00 -1.104667e+01 -5.849880e+00
     vertex  3.800000e+00 -1.120300e+01 -5.544624e+00
     vertex -3.800000e+00 -1.104667e+01 -5.849880e+00
   endloop
 endfacet
 facet normal -0.000000e+00 -8.772303e-01 -4.800697e-01
   outer loop
     vertex  3.800000e+00 -1.088203e+01 -6.150733e+00
     vertex -3.800000e+00 -1.104667e+01 -5.849880e+00
     vertex -3.800000e+00 -1.088203e+01 -6.150733e+00
   endloop
 endfacet
 facet normal  0.000000e+00 -8.772303e-01 -4.800697e-01
   outer loop
     vertex  3.800000e+00 -1.088203e+01 -6.150733e+00
     vertex  3.800000e+00 -1.104667e+01 -5.849880e+00
     vertex -3.800000e+00 -1.104667e+01 -5.849880e+00
   endloop
 endfacet
 facet normal -0.000000e+00 -8.637299e-01 -5.039550e-01
   outer loop
     vertex  3.800000e+00 -1.070919e+01 -6.446956e+00
     vertex -3.800000e+00 -1.088203e+01 -6.150733e+00
     vertex -3.800000e+00 -1.070919e+01 -6.446956e+00
   endloop
 endfacet
 facet normal -0.000000e+00 -8.495793e-01 -5.274609e-01
   outer loop
     vertex  3.800000e+00 -1.070919e+01 -6.446956e+00
     vertex -3.800000e+00 -1.070919e+01 -6.446956e+00
     vertex -3.800000e+00 -1.052829e+01 -6.738326e+00
   endloop
 endfacet
 facet normal  0.000000e+00 -8.637299e-01 -5.039550e-01
   outer loop
     vertex  3.800000e+00 -1.070919e+01 -6.446956e+00
     vertex  3.800000e+00 -1.088203e+01 -6.150733e+00
     vertex -3.800000e+00 -1.088203e+01 -6.150733e+00
   endloop
 endfacet
 facet normal -0.000000e+00 -8.495793e-01 -5.274609e-01
   outer loop
     vertex  3.800000e+00 -1.052829e+01 -6.738326e+00
     vertex  3.800000e+00 -1.070919e+01 -6.446956e+00
     vertex -3.800000e+00 -1.052829e+01 -6.738326e+00
   endloop
 endfacet
 facet normal -0.000000e+00 -8.347891e-01 -5.505698e-01
   outer loop
     vertex  3.800000e+00 -1.033947e+01 -7.024624e+00
     vertex -3.800000e+00 -1.052829e+01 -6.738326e+00
     vertex -3.800000e+00 -1.033947e+01 -7.024624e+00
   endloop
 endfacet
 facet normal  0.000000e+00 -8.347891e-01 -5.505698e-01
   outer loop
     vertex  3.800000e+00 -1.033947e+01 -7.024624e+00
     vertex  3.800000e+00 -1.052829e+01 -6.738326e+00
     vertex -3.800000e+00 -1.052829e+01 -6.738326e+00
   endloop
 endfacet
 facet normal -0.000000e+00 -8.193706e-01 -5.732642e-01
   outer loop
     vertex  3.800000e+00 -1.014287e+01 -7.305633e+00
     vertex -3.800000e+00 -1.033947e+01 -7.024624e+00
     vertex -3.800000e+00 -1.014287e+01 -7.305633e+00
   endloop
 endfacet
 facet normal  0.000000e+00 -8.193706e-01 -5.732642e-01
   outer loop
     vertex  3.800000e+00 -1.014287e+01 -7.305633e+00
     vertex  3.800000e+00 -1.033947e+01 -7.024624e+00
     vertex -3.800000e+00 -1.033947e+01 -7.024624e+00
   endloop
 endfacet
 facet normal -0.000000e+00 -8.033352e-01 -5.955271e-01
   outer loop
     vertex  3.800000e+00 -9.938625e+00 -7.581144e+00
     vertex -3.800000e+00 -1.014287e+01 -7.305633e+00
     vertex -3.800000e+00 -9.938625e+00 -7.581144e+00
   endloop
 endfacet
 facet normal -0.000000e+00 -7.866951e-01 -6.173417e-01
   outer loop
     vertex  3.800000e+00 -9.938625e+00 -7.581144e+00
     vertex -3.800000e+00 -9.938625e+00 -7.581144e+00
     vertex -3.800000e+00 -9.726903e+00 -7.850947e+00
   endloop
 endfacet
 facet normal  0.000000e+00 -8.033352e-01 -5.955271e-01
   outer loop
     vertex  3.800000e+00 -9.938625e+00 -7.581144e+00
     vertex  3.800000e+00 -1.014287e+01 -7.305633e+00
     vertex -3.800000e+00 -1.014287e+01 -7.305633e+00
   endloop
 endfacet
 facet normal -0.000000e+00 -7.866951e-01 -6.173417e-01
   outer loop
     vertex  3.800000e+00 -9.726903e+00 -7.850947e+00
     vertex  3.800000e+00 -9.938625e+00 -7.581144e+00
     vertex -3.800000e+00 -9.726903e+00 -7.850947e+00
   endloop
 endfacet
 facet normal -0.000000e+00 -7.694628e-01 -6.386916e-01
   outer loop
     vertex  3.800000e+00 -9.507858e+00 -8.114840e+00
     vertex -3.800000e+00 -9.726903e+00 -7.850947e+00
     vertex -3.800000e+00 -9.507858e+00 -8.114840e+00
   endloop
 endfacet
 facet normal -0.000000e+00 -7.516513e-01 -6.595607e-01
   outer loop
     vertex  3.800000e+00 -9.507858e+00 -8.114840e+00
     vertex -3.800000e+00 -9.507858e+00 -8.114840e+00
     vertex -3.800000e+00 -9.281657e+00 -8.372625e+00
   endloop
 endfacet
 facet normal  0.000000e+00 -7.694628e-01 -6.386916e-01
   outer loop
     vertex  3.800000e+00 -9.507858e+00 -8.114840e+00
     vertex  3.800000e+00 -9.726903e+00 -7.850947e+00
     vertex -3.800000e+00 -9.726903e+00 -7.850947e+00
   endloop
 endfacet
 facet normal -0.000000e+00 -7.332740e-01 -6.799333e-01
   outer loop
     vertex  3.800000e+00 -9.281657e+00 -8.372625e+00
     vertex -3.800000e+00 -9.281657e+00 -8.372625e+00
     vertex -3.800000e+00 -9.048468e+00 -8.624107e+00
   endloop
 endfacet
 facet normal -0.000000e+00 -7.516513e-01 -6.595607e-01
   outer loop
     vertex  3.800000e+00 -9.281657e+00 -8.372625e+00
     vertex  3.800000e+00 -9.507858e+00 -8.114840e+00
     vertex -3.800000e+00 -9.281657e+00 -8.372625e+00
   endloop
 endfacet
 facet normal -0.000000e+00 -7.332740e-01 -6.799333e-01
   outer loop
     vertex  3.800000e+00 -9.048468e+00 -8.624107e+00
     vertex  3.800000e+00 -9.281657e+00 -8.372625e+00
     vertex -3.800000e+00 -9.048468e+00 -8.624107e+00
   endloop
 endfacet
 facet normal -0.000000e+00 -7.143447e-01 -6.997940e-01
   outer loop
     vertex  3.800000e+00 -8.808468e+00 -8.869097e+00
     vertex -3.800000e+00 -9.048468e+00 -8.624107e+00
     vertex -3.800000e+00 -8.808468e+00 -8.869097e+00
   endloop
 endfacet
 facet normal  0.000000e+00 -7.143447e-01 -6.997940e-01
   outer loop
     vertex  3.800000e+00 -8.808468e+00 -8.869097e+00
     vertex  3.800000e+00 -9.048468e+00 -8.624107e+00
     vertex -3.800000e+00 -9.048468e+00 -8.624107e+00
   endloop
 endfacet
 facet normal  0.000000e+00 -6.948776e-01 -7.191280e-01
   outer loop
     vertex  3.800000e+00 -8.561838e+00 -9.107411e+00
     vertex  3.800000e+00 -8.808468e+00 -8.869097e+00
     vertex -3.800000e+00 -8.808468e+00 -8.869097e+00
   endloop
 endfacet
 facet normal -0.000000e+00 -6.948776e-01 -7.191280e-01
   outer loop
     vertex  3.800000e+00 -8.561838e+00 -9.107411e+00
     vertex -3.800000e+00 -8.808468e+00 -8.869097e+00
     vertex -3.800000e+00 -8.561838e+00 -9.107411e+00
   endloop
 endfacet
 facet normal  0.000000e+00 -6.748875e-01 -7.379206e-01
   outer loop
     vertex  3.800000e+00 -8.308762e+00 -9.338869e+00
     vertex  3.800000e+00 -8.561838e+00 -9.107411e+00
     vertex -3.800000e+00 -8.561838e+00 -9.107411e+00
   endloop
 endfacet
 facet normal -0.000000e+00 -6.748875e-01 -7.379206e-01
   outer loop
     vertex  3.800000e+00 -8.308762e+00 -9.338869e+00
     vertex -3.800000e+00 -8.561838e+00 -9.107411e+00
     vertex -3.800000e+00 -8.308762e+00 -9.338869e+00
   endloop
 endfacet
 facet normal  0.000000e+00 -6.543893e-01 -7.561578e-01
   outer loop
     vertex  3.800000e+00 -8.049432e+00 -9.563297e+00
     vertex  3.800000e+00 -8.308762e+00 -9.338869e+00
     vertex -3.800000e+00 -8.308762e+00 -9.338869e+00
   endloop
 endfacet
 facet normal -0.000000e+00 -6.543893e-01 -7.561578e-01
   outer loop
     vertex  3.800000e+00 -8.049432e+00 -9.563297e+00
     vertex -3.800000e+00 -8.308762e+00 -9.338869e+00
     vertex -3.800000e+00 -8.049432e+00 -9.563297e+00
   endloop
 endfacet
 facet normal -0.000000e+00 -6.333986e-01 -7.738257e-01
   outer loop
     vertex  3.800000e+00 -7.784042e+00 -9.780526e+00
     vertex -3.800000e+00 -8.049432e+00 -9.563297e+00
     vertex -3.800000e+00 -7.784042e+00 -9.780526e+00
   endloop
 endfacet
 facet normal -0.000000e+00 -6.119310e-01 -7.909112e-01
   outer loop
     vertex  3.800000e+00 -7.784042e+00 -9.780526e+00
     vertex -3.800000e+00 -7.784042e+00 -9.780526e+00
     vertex -3.800000e+00 -7.512793e+00 -9.990392e+00
   endloop
 endfacet
 facet normal  0.000000e+00 -6.333986e-01 -7.738257e-01
   outer loop
     vertex  3.800000e+00 -7.784042e+00 -9.780526e+00
     vertex  3.800000e+00 -8.049432e+00 -9.563297e+00
     vertex -3.800000e+00 -8.049432e+00 -9.563297e+00
   endloop
 endfacet
 facet normal -0.000000e+00 -5.900028e-01 -8.074012e-01
   outer loop
     vertex  3.800000e+00 -7.512793e+00 -9.990392e+00
     vertex -3.800000e+00 -7.512793e+00 -9.990392e+00
     vertex -3.800000e+00 -7.235888e+00 -1.019274e+01
   endloop
 endfacet
 facet normal -0.000000e+00 -6.119310e-01 -7.909112e-01
   outer loop
     vertex  3.800000e+00 -7.512793e+00 -9.990392e+00
     vertex  3.800000e+00 -7.784042e+00 -9.780526e+00
     vertex -3.800000e+00 -7.512793e+00 -9.990392e+00
   endloop
 endfacet
 facet normal -0.000000e+00 -5.900028e-01 -8.074012e-01
   outer loop
     vertex  3.800000e+00 -7.235888e+00 -1.019274e+01
     vertex  3.800000e+00 -7.512793e+00 -9.990392e+00
     vertex -3.800000e+00 -7.235888e+00 -1.019274e+01
   endloop
 endfacet
 facet normal -0.000000e+00 -5.676304e-01 -8.232835e-01
   outer loop
     vertex  3.800000e+00 -6.953537e+00 -1.038741e+01
     vertex -3.800000e+00 -7.235888e+00 -1.019274e+01
     vertex -3.800000e+00 -6.953537e+00 -1.038741e+01
   endloop
 endfacet
 facet normal -0.000000e+00 -5.448308e-01 -8.385460e-01
   outer loop
     vertex  3.800000e+00 -6.953537e+00 -1.038741e+01
     vertex -3.800000e+00 -6.953537e+00 -1.038741e+01
     vertex -3.800000e+00 -6.665951e+00 -1.057427e+01
   endloop
 endfacet
 facet normal  0.000000e+00 -5.676304e-01 -8.232835e-01
   outer loop
     vertex  3.800000e+00 -6.953537e+00 -1.038741e+01
     vertex  3.800000e+00 -7.235888e+00 -1.019274e+01
     vertex -3.800000e+00 -7.235888e+00 -1.019274e+01
   endloop
 endfacet
 facet normal -0.000000e+00 -5.448308e-01 -8.385460e-01
   outer loop
     vertex  3.800000e+00 -6.665951e+00 -1.057427e+01
     vertex  3.800000e+00 -6.953537e+00 -1.038741e+01
     vertex -3.800000e+00 -6.665951e+00 -1.057427e+01
   endloop
 endfacet
 facet normal -0.000000e+00 -5.216210e-01 -8.531773e-01
   outer loop
     vertex  3.800000e+00 -6.373347e+00 -1.075316e+01
     vertex -3.800000e+00 -6.665951e+00 -1.057427e+01
     vertex -3.800000e+00 -6.373347e+00 -1.075316e+01
   endloop
 endfacet
 facet normal  0.000000e+00 -5.216210e-01 -8.531773e-01
   outer loop
     vertex  3.800000e+00 -6.373347e+00 -1.075316e+01
     vertex  3.800000e+00 -6.665951e+00 -1.057427e+01
     vertex -3.800000e+00 -6.665951e+00 -1.057427e+01
   endloop
 endfacet
 facet normal -0.000000e+00 -4.980186e-01 -8.671664e-01
   outer loop
     vertex  3.800000e+00 -6.075945e+00 -1.092396e+01
     vertex -3.800000e+00 -6.373347e+00 -1.075316e+01
     vertex -3.800000e+00 -6.075945e+00 -1.092396e+01
   endloop
 endfacet
 facet normal  0.000000e+00 -4.980186e-01 -8.671664e-01
   outer loop
     vertex  3.800000e+00 -6.075945e+00 -1.092396e+01
     vertex  3.800000e+00 -6.373347e+00 -1.075316e+01
     vertex -3.800000e+00 -6.373347e+00 -1.075316e+01
   endloop
 endfacet
 facet normal -0.000000e+00 -4.740412e-01 -8.805026e-01
   outer loop
     vertex  3.800000e+00 -5.773970e+00 -1.108654e+01
     vertex -3.800000e+00 -6.075945e+00 -1.092396e+01
     vertex -3.800000e+00 -5.773970e+00 -1.108654e+01
   endloop
 endfacet
 facet normal  0.000000e+00 -4.740412e-01 -8.805026e-01
   outer loop
     vertex  3.800000e+00 -5.773970e+00 -1.108654e+01
     vertex  3.800000e+00 -6.075945e+00 -1.092396e+01
     vertex -3.800000e+00 -6.075945e+00 -1.092396e+01
   endloop
 endfacet
 facet normal -0.000000e+00 -4.497071e-01 -8.931761e-01
   outer loop
     vertex  3.800000e+00 -5.467648e+00 -1.124077e+01
     vertex -3.800000e+00 -5.773970e+00 -1.108654e+01
     vertex -3.800000e+00 -5.467648e+00 -1.124077e+01
   endloop
 endfacet
 facet normal  0.000000e+00 -4.497071e-01 -8.931761e-01
   outer loop
     vertex  3.800000e+00 -5.467648e+00 -1.124077e+01
     vertex  3.800000e+00 -5.773970e+00 -1.108654e+01
     vertex -3.800000e+00 -5.773970e+00 -1.108654e+01
   endloop
 endfacet
 facet normal -0.000000e+00 -4.250344e-01 -9.051772e-01
   outer loop
     vertex  3.800000e+00 -5.157211e+00 -1.138653e+01
     vertex -3.800000e+00 -5.467648e+00 -1.124077e+01
     vertex -3.800000e+00 -5.157211e+00 -1.138653e+01
   endloop
 endfacet
 facet normal  0.000000e+00 -4.250344e-01 -9.051772e-01
   outer loop
     vertex  3.800000e+00 -5.157211e+00 -1.138653e+01
     vertex  3.800000e+00 -5.467648e+00 -1.124077e+01
     vertex -3.800000e+00 -5.467648e+00 -1.124077e+01
   endloop
 endfacet
 facet normal -0.000000e+00 -4.000417e-01 -9.164969e-01
   outer loop
     vertex  3.800000e+00 -4.842891e+00 -1.152373e+01
     vertex -3.800000e+00 -5.157211e+00 -1.138653e+01
     vertex -3.800000e+00 -4.842891e+00 -1.152373e+01
   endloop
 endfacet
 facet normal  0.000000e+00 -4.000417e-01 -9.164969e-01
   outer loop
     vertex  3.800000e+00 -4.842891e+00 -1.152373e+01
     vertex  3.800000e+00 -5.157211e+00 -1.138653e+01
     vertex -3.800000e+00 -5.157211e+00 -1.138653e+01
   endloop
 endfacet
 facet normal -0.000000e+00 -3.747479e-01 -9.271267e-01
   outer loop
     vertex  3.800000e+00 -4.524925e+00 -1.165226e+01
     vertex -3.800000e+00 -4.842891e+00 -1.152373e+01
     vertex -3.800000e+00 -4.524925e+00 -1.165226e+01
   endloop
 endfacet
 facet normal  0.000000e+00 -3.747479e-01 -9.271267e-01
   outer loop
     vertex  3.800000e+00 -4.524925e+00 -1.165226e+01
     vertex  3.800000e+00 -4.842891e+00 -1.152373e+01
     vertex -3.800000e+00 -4.842891e+00 -1.152373e+01
   endloop
 endfacet
 facet normal -0.000000e+00 -3.491720e-01 -9.370586e-01
   outer loop
     vertex  3.800000e+00 -4.203554e+00 -1.177201e+01
     vertex -3.800000e+00 -4.524925e+00 -1.165226e+01
     vertex -3.800000e+00 -4.203554e+00 -1.177201e+01
   endloop
 endfacet
 facet normal  0.000000e+00 -3.491720e-01 -9.370586e-01
   outer loop
     vertex  3.800000e+00 -4.203554e+00 -1.177201e+01
     vertex  3.800000e+00 -4.524925e+00 -1.165226e+01
     vertex -3.800000e+00 -4.524925e+00 -1.165226e+01
   endloop
 endfacet
 facet normal -0.000000e+00 -3.233333e-01 -9.462851e-01
   outer loop
     vertex  3.800000e+00 -3.879018e+00 -1.188290e+01
     vertex -3.800000e+00 -4.203554e+00 -1.177201e+01
     vertex -3.800000e+00 -3.879018e+00 -1.188290e+01
   endloop
 endfacet
 facet normal  0.000000e+00 -3.233333e-01 -9.462851e-01
   outer loop
     vertex  3.800000e+00 -3.879018e+00 -1.188290e+01
     vertex  3.800000e+00 -4.203554e+00 -1.177201e+01
     vertex -3.800000e+00 -4.203554e+00 -1.177201e+01
   endloop
 endfacet
 facet normal -0.000000e+00 -2.972512e-01 -9.547993e-01
   outer loop
     vertex  3.800000e+00 -3.551562e+00 -1.198484e+01
     vertex -3.800000e+00 -3.879018e+00 -1.188290e+01
     vertex -3.800000e+00 -3.551562e+00 -1.198484e+01
   endloop
 endfacet
 facet normal  0.000000e+00 -2.972512e-01 -9.547993e-01
   outer loop
     vertex  3.800000e+00 -3.551562e+00 -1.198484e+01
     vertex  3.800000e+00 -3.879018e+00 -1.188290e+01
     vertex -3.800000e+00 -3.879018e+00 -1.188290e+01
   endloop
 endfacet
 facet normal -0.000000e+00 -2.709453e-01 -9.625948e-01
   outer loop
     vertex  3.800000e+00 -3.221433e+00 -1.207776e+01
     vertex -3.800000e+00 -3.551562e+00 -1.198484e+01
     vertex -3.800000e+00 -3.221433e+00 -1.207776e+01
   endloop
 endfacet
 facet normal  0.000000e+00 -2.709453e-01 -9.625948e-01
   outer loop
     vertex  3.800000e+00 -3.221433e+00 -1.207776e+01
     vertex  3.800000e+00 -3.551562e+00 -1.198484e+01
     vertex -3.800000e+00 -3.551562e+00 -1.198484e+01
   endloop
 endfacet
 facet normal -0.000000e+00 -2.444354e-01 -9.696656e-01
   outer loop
     vertex  3.800000e+00 -2.888878e+00 -1.216159e+01
     vertex -3.800000e+00 -3.221433e+00 -1.207776e+01
     vertex -3.800000e+00 -2.888878e+00 -1.216159e+01
   endloop
 endfacet
 facet normal  0.000000e+00 -2.444354e-01 -9.696656e-01
   outer loop
     vertex  3.800000e+00 -2.888878e+00 -1.216159e+01
     vertex  3.800000e+00 -3.221433e+00 -1.207776e+01
     vertex -3.800000e+00 -3.221433e+00 -1.207776e+01
   endloop
 endfacet
 facet normal -0.000000e+00 -2.177416e-01 -9.760065e-01
   outer loop
     vertex  3.800000e+00 -2.554149e+00 -1.223627e+01
     vertex -3.800000e+00 -2.888878e+00 -1.216159e+01
     vertex -3.800000e+00 -2.554149e+00 -1.223627e+01
   endloop
 endfacet
 facet normal  0.000000e+00 -2.177416e-01 -9.760065e-01
   outer loop
     vertex  3.800000e+00 -2.554149e+00 -1.223627e+01
     vertex  3.800000e+00 -2.888878e+00 -1.216159e+01
     vertex -3.800000e+00 -2.888878e+00 -1.216159e+01
   endloop
 endfacet
 facet normal -0.000000e+00 -1.908838e-01 -9.816126e-01
   outer loop
     vertex  3.800000e+00 -2.217497e+00 -1.230174e+01
     vertex -3.800000e+00 -2.554149e+00 -1.223627e+01
     vertex -3.800000e+00 -2.217497e+00 -1.230174e+01
   endloop
 endfacet
 facet normal  0.000000e+00 -1.908838e-01 -9.816126e-01
   outer loop
     vertex  3.800000e+00 -2.217497e+00 -1.230174e+01
     vertex  3.800000e+00 -2.554149e+00 -1.223627e+01
     vertex -3.800000e+00 -2.554149e+00 -1.223627e+01
   endloop
 endfacet
 facet normal -0.000000e+00 -1.638824e-01 -9.864799e-01
   outer loop
     vertex  3.800000e+00 -1.879176e+00 -1.235794e+01
     vertex -3.800000e+00 -2.217497e+00 -1.230174e+01
     vertex -3.800000e+00 -1.879176e+00 -1.235794e+01
   endloop
 endfacet
 facet normal  0.000000e+00 -1.638824e-01 -9.864799e-01
   outer loop
     vertex  3.800000e+00 -1.879176e+00 -1.235794e+01
     vertex  3.800000e+00 -2.217497e+00 -1.230174e+01
     vertex -3.800000e+00 -2.217497e+00 -1.230174e+01
   endloop
 endfacet
 facet normal -0.000000e+00 -1.367575e-01 -9.906046e-01
   outer loop
     vertex  3.800000e+00 -1.539441e+00 -1.240484e+01
     vertex -3.800000e+00 -1.879176e+00 -1.235794e+01
     vertex -3.800000e+00 -1.539441e+00 -1.240484e+01
   endloop
 endfacet
 facet normal  0.000000e+00 -1.367575e-01 -9.906046e-01
   outer loop
     vertex  3.800000e+00 -1.539441e+00 -1.240484e+01
     vertex  3.800000e+00 -1.879176e+00 -1.235794e+01
     vertex -3.800000e+00 -1.879176e+00 -1.235794e+01
   endloop
 endfacet
 facet normal  0.000000e+00 -1.095298e-01 -9.939835e-01
   outer loop
     vertex  3.800000e+00 -1.198546e+00 -1.244241e+01
     vertex  3.800000e+00 -1.539441e+00 -1.240484e+01
     vertex -3.800000e+00 -1.539441e+00 -1.240484e+01
   endloop
 endfacet
 facet normal -0.000000e+00 -1.095298e-01 -9.939835e-01
   outer loop
     vertex  3.800000e+00 -1.198546e+00 -1.244241e+01
     vertex -3.800000e+00 -1.539441e+00 -1.240484e+01
     vertex -3.800000e+00 -1.198546e+00 -1.244241e+01
   endloop
 endfacet
 facet normal  0.000000e+00 -8.221955e-02 -9.966142e-01
   outer loop
     vertex  3.800000e+00 -8.567494e-01 -1.247060e+01
     vertex  3.800000e+00 -1.198546e+00 -1.244241e+01
     vertex -3.800000e+00 -1.198546e+00 -1.244241e+01
   endloop
 endfacet
 facet normal -0.000000e+00 -8.221955e-02 -9.966142e-01
   outer loop
     vertex  3.800000e+00 -8.567494e-01 -1.247060e+01
     vertex -3.800000e+00 -1.198546e+00 -1.244241e+01
     vertex -3.800000e+00 -8.567494e-01 -1.247060e+01
   endloop
 endfacet
 facet normal  0.000000e+00 -5.484744e-02 -9.984947e-01
   outer loop
     vertex  3.800000e+00 -5.143077e-01 -1.248942e+01
     vertex  3.800000e+00 -8.567494e-01 -1.247060e+01
     vertex -3.800000e+00 -8.567494e-01 -1.247060e+01
   endloop
 endfacet
 facet normal -0.000000e+00 -5.484744e-02 -9.984947e-01
   outer loop
     vertex  3.800000e+00 -5.143077e-01 -1.248942e+01
     vertex -3.800000e+00 -8.567494e-01 -1.247060e+01
     vertex -3.800000e+00 -5.143077e-01 -1.248942e+01
   endloop
 endfacet
 facet normal  0.000000e+00 -2.743405e-02 -9.996236e-01
   outer loop
     vertex  3.800000e+00 -1.714789e-01 -1.249882e+01
     vertex  3.800000e+00 -5.143077e-01 -1.248942e+01
     vertex -3.800000e+00 -5.143077e-01 -1.248942e+01
   endloop
 endfacet
 facet normal -0.000000e+00 -2.743405e-02 -9.996236e-01
   outer loop
     vertex  3.800000e+00 -1.714789e-01 -1.249882e+01
     vertex -3.800000e+00 -5.143077e-01 -1.248942e+01
     vertex -3.800000e+00 -1.714789e-01 -1.249882e+01
   endloop
 endfacet
 facet normal  0.000000e+00  5.179519e-15 -1.000000e+00
   outer loop
     vertex  3.800000e+00  1.714789e-01 -1.249882e+01
     vertex  3.800000e+00 -1.714789e-01 -1.249882e+01
     vertex -3.800000e+00 -1.714789e-01 -1.249882e+01
   endloop
 endfacet
 facet normal  0.000000e+00  5.179519e-15 -1.000000e+00
   outer loop
     vertex  3.800000e+00  1.714789e-01 -1.249882e+01
     vertex -3.800000e+00 -1.714789e-01 -1.249882e+01
     vertex -3.800000e+00  1.714789e-01 -1.249882e+01
   endloop
 endfacet
 facet normal  0.000000e+00  2.743405e-02 -9.996236e-01
   outer loop
     vertex  3.800000e+00  5.143077e-01 -1.248942e+01
     vertex  3.800000e+00  1.714789e-01 -1.249882e+01
     vertex -3.800000e+00  1.714789e-01 -1.249882e+01
   endloop
 endfacet
 facet normal  0.000000e+00  2.743405e-02 -9.996236e-01
   outer loop
     vertex  3.800000e+00  5.143077e-01 -1.248942e+01
     vertex -3.800000e+00  1.714789e-01 -1.249882e+01
     vertex -3.800000e+00  5.143077e-01 -1.248942e+01
   endloop
 endfacet
 facet normal  0.000000e+00  5.484744e-02 -9.984947e-01
   outer loop
     vertex  3.800000e+00  8.567494e-01 -1.247060e+01
     vertex  3.800000e+00  5.143077e-01 -1.248942e+01
     vertex -3.800000e+00  5.143077e-01 -1.248942e+01
   endloop
 endfacet
 facet normal  0.000000e+00  5.484744e-02 -9.984947e-01
   outer loop
     vertex  3.800000e+00  8.567494e-01 -1.247060e+01
     vertex -3.800000e+00  5.143077e-01 -1.248942e+01
     vertex -3.800000e+00  8.567494e-01 -1.247060e+01
   endloop
 endfacet
 facet normal  0.000000e+00  8.221955e-02 -9.966142e-01
   outer loop
     vertex  3.800000e+00  1.198546e+00 -1.244241e+01
     vertex  3.800000e+00  8.567494e-01 -1.247060e+01
     vertex -3.800000e+00  8.567494e-01 -1.247060e+01
   endloop
 endfacet
 facet normal  0.000000e+00  8.221955e-02 -9.966142e-01
   outer loop
     vertex  3.800000e+00  1.198546e+00 -1.244241e+01
     vertex -3.800000e+00  8.567494e-01 -1.247060e+01
     vertex -3.800000e+00  1.198546e+00 -1.244241e+01
   endloop
 endfacet
 facet normal  0.000000e+00  1.095298e-01 -9.939835e-01
   outer loop
     vertex  3.800000e+00  1.539441e+00 -1.240484e+01
     vertex  3.800000e+00  1.198546e+00 -1.244241e+01
     vertex -3.800000e+00  1.198546e+00 -1.244241e+01
   endloop
 endfacet
 facet normal  0.000000e+00  1.095298e-01 -9.939835e-01
   outer loop
     vertex  3.800000e+00  1.539441e+00 -1.240484e+01
     vertex -3.800000e+00  1.198546e+00 -1.244241e+01
     vertex -3.800000e+00  1.539441e+00 -1.240484e+01
   endloop
 endfacet
 facet normal  0.000000e+00  1.367575e-01 -9.906046e-01
   outer loop
     vertex  3.800000e+00  1.879176e+00 -1.235794e+01
     vertex  3.800000e+00  1.539441e+00 -1.240484e+01
     vertex -3.800000e+00  1.539441e+00 -1.240484e+01
   endloop
 endfacet
 facet normal  0.000000e+00  1.367575e-01 -9.906046e-01
   outer loop
     vertex  3.800000e+00  1.879176e+00 -1.235794e+01
     vertex -3.800000e+00  1.539441e+00 -1.240484e+01
     vertex -3.800000e+00  1.879176e+00 -1.235794e+01
   endloop
 endfacet
 facet normal  0.000000e+00  1.638824e-01 -9.864799e-01
   outer loop
     vertex  3.800000e+00  2.217497e+00 -1.230174e+01
     vertex  3.800000e+00  1.879176e+00 -1.235794e+01
     vertex -3.800000e+00  1.879176e+00 -1.235794e+01
   endloop
 endfacet
 facet normal  0.000000e+00  1.638824e-01 -9.864799e-01
   outer loop
     vertex  3.800000e+00  2.217497e+00 -1.230174e+01
     vertex -3.800000e+00  1.879176e+00 -1.235794e+01
     vertex -3.800000e+00  2.217497e+00 -1.230174e+01
   endloop
 endfacet
 facet normal  0.000000e+00  1.908838e-01 -9.816126e-01
   outer loop
     vertex  3.800000e+00  2.554149e+00 -1.223627e+01
     vertex  3.800000e+00  2.217497e+00 -1.230174e+01
     vertex -3.800000e+00  2.217497e+00 -1.230174e+01
   endloop
 endfacet
 facet normal  0.000000e+00  1.908838e-01 -9.816126e-01
   outer loop
     vertex  3.800000e+00  2.554149e+00 -1.223627e+01
     vertex -3.800000e+00  2.217497e+00 -1.230174e+01
     vertex -3.800000e+00  2.554149e+00 -1.223627e+01
   endloop
 endfacet
 facet normal  0.000000e+00  2.177416e-01 -9.760065e-01
   outer loop
     vertex  3.800000e+00  2.888878e+00 -1.216159e+01
     vertex -3.800000e+00  2.554149e+00 -1.223627e+01
     vertex -3.800000e+00  2.888878e+00 -1.216159e+01
   endloop
 endfacet
 facet normal  0.000000e+00  2.177416e-01 -9.760065e-01
   outer loop
     vertex  3.800000e+00  2.888878e+00 -1.216159e+01
     vertex  3.800000e+00  2.554149e+00 -1.223627e+01
     vertex -3.800000e+00  2.554149e+00 -1.223627e+01
   endloop
 endfacet
 facet normal  0.000000e+00  2.444354e-01 -9.696656e-01
   outer loop
     vertex  3.800000e+00  3.221433e+00 -1.207776e+01
     vertex -3.800000e+00  2.888878e+00 -1.216159e+01
     vertex -3.800000e+00  3.221433e+00 -1.207776e+01
   endloop
 endfacet
 facet normal  0.000000e+00  2.444354e-01 -9.696656e-01
   outer loop
     vertex  3.800000e+00  3.221433e+00 -1.207776e+01
     vertex  3.800000e+00  2.888878e+00 -1.216159e+01
     vertex -3.800000e+00  2.888878e+00 -1.216159e+01
   endloop
 endfacet
 facet normal  0.000000e+00  2.709453e-01 -9.625948e-01
   outer loop
     vertex  3.800000e+00  3.551562e+00 -1.198484e+01
     vertex  3.800000e+00  3.221433e+00 -1.207776e+01
     vertex -3.800000e+00  3.221433e+00 -1.207776e+01
   endloop
 endfacet
 facet normal  0.000000e+00  2.709453e-01 -9.625948e-01
   outer loop
     vertex  3.800000e+00  3.551562e+00 -1.198484e+01
     vertex -3.800000e+00  3.221433e+00 -1.207776e+01
     vertex -3.800000e+00  3.551562e+00 -1.198484e+01
   endloop
 endfacet
 facet normal  0.000000e+00  2.972512e-01 -9.547993e-01
   outer loop
     vertex  3.800000e+00  3.879018e+00 -1.188290e+01
     vertex -3.800000e+00  3.551562e+00 -1.198484e+01
     vertex -3.800000e+00  3.879018e+00 -1.188290e+01
   endloop
 endfacet
 facet normal  0.000000e+00  2.972512e-01 -9.547993e-01
   outer loop
     vertex  3.800000e+00  3.879018e+00 -1.188290e+01
     vertex  3.800000e+00  3.551562e+00 -1.198484e+01
     vertex -3.800000e+00  3.551562e+00 -1.198484e+01
   endloop
 endfacet
 facet normal  0.000000e+00  3.233333e-01 -9.462851e-01
   outer loop
     vertex  3.800000e+00  4.203554e+00 -1.177201e+01
     vertex -3.800000e+00  3.879018e+00 -1.188290e+01
     vertex -3.800000e+00  4.203554e+00 -1.177201e+01
   endloop
 endfacet
 facet normal  0.000000e+00  3.233333e-01 -9.462851e-01
   outer loop
     vertex  3.800000e+00  4.203554e+00 -1.177201e+01
     vertex  3.800000e+00  3.879018e+00 -1.188290e+01
     vertex -3.800000e+00  3.879018e+00 -1.188290e+01
   endloop
 endfacet
 facet normal  0.000000e+00  3.491720e-01 -9.370586e-01
   outer loop
     vertex  3.800000e+00  4.524925e+00 -1.165226e+01
     vertex -3.800000e+00  4.203554e+00 -1.177201e+01
     vertex -3.800000e+00  4.524925e+00 -1.165226e+01
   endloop
 endfacet
 facet normal  0.000000e+00  3.491720e-01 -9.370586e-01
   outer loop
     vertex  3.800000e+00  4.524925e+00 -1.165226e+01
     vertex  3.800000e+00  4.203554e+00 -1.177201e+01
     vertex -3.800000e+00  4.203554e+00 -1.177201e+01
   endloop
 endfacet
 facet normal  0.000000e+00  3.747479e-01 -9.271267e-01
   outer loop
     vertex  3.800000e+00  4.842891e+00 -1.152373e+01
     vertex -3.800000e+00  4.524925e+00 -1.165226e+01
     vertex -3.800000e+00  4.842891e+00 -1.152373e+01
   endloop
 endfacet
 facet normal  0.000000e+00  3.747479e-01 -9.271267e-01
   outer loop
     vertex  3.800000e+00  4.842891e+00 -1.152373e+01
     vertex  3.800000e+00  4.524925e+00 -1.165226e+01
     vertex -3.800000e+00  4.524925e+00 -1.165226e+01
   endloop
 endfacet
 facet normal  0.000000e+00  4.000417e-01 -9.164969e-01
   outer loop
     vertex  3.800000e+00  5.157211e+00 -1.138653e+01
     vertex -3.800000e+00  4.842891e+00 -1.152373e+01
     vertex -3.800000e+00  5.157211e+00 -1.138653e+01
   endloop
 endfacet
 facet normal  0.000000e+00  4.000417e-01 -9.164969e-01
   outer loop
     vertex  3.800000e+00  5.157211e+00 -1.138653e+01
     vertex  3.800000e+00  4.842891e+00 -1.152373e+01
     vertex -3.800000e+00  4.842891e+00 -1.152373e+01
   endloop
 endfacet
 facet normal  0.000000e+00  4.250344e-01 -9.051772e-01
   outer loop
     vertex  3.800000e+00  5.467648e+00 -1.124077e+01
     vertex -3.800000e+00  5.157211e+00 -1.138653e+01
     vertex -3.800000e+00  5.467648e+00 -1.124077e+01
   endloop
 endfacet
 facet normal  0.000000e+00  4.250344e-01 -9.051772e-01
   outer loop
     vertex  3.800000e+00  5.467648e+00 -1.124077e+01
     vertex  3.800000e+00  5.157211e+00 -1.138653e+01
     vertex -3.800000e+00  5.157211e+00 -1.138653e+01
   endloop
 endfacet
 facet normal  0.000000e+00  4.497071e-01 -8.931761e-01
   outer loop
     vertex  3.800000e+00  5.773970e+00 -1.108654e+01
     vertex -3.800000e+00  5.467648e+00 -1.124077e+01
     vertex -3.800000e+00  5.773970e+00 -1.108654e+01
   endloop
 endfacet
 facet normal  0.000000e+00  4.497071e-01 -8.931761e-01
   outer loop
     vertex  3.800000e+00  5.773970e+00 -1.108654e+01
     vertex  3.800000e+00  5.467648e+00 -1.124077e+01
     vertex -3.800000e+00  5.467648e+00 -1.124077e+01
   endloop
 endfacet
 facet normal  0.000000e+00  4.740412e-01 -8.805026e-01
   outer loop
     vertex  3.800000e+00  6.075945e+00 -1.092396e+01
     vertex -3.800000e+00  5.773970e+00 -1.108654e+01
     vertex -3.800000e+00  6.075945e+00 -1.092396e+01
   endloop
 endfacet
 facet normal  0.000000e+00  4.740412e-01 -8.805026e-01
   outer loop
     vertex  3.800000e+00  6.075945e+00 -1.092396e+01
     vertex  3.800000e+00  5.773970e+00 -1.108654e+01
     vertex -3.800000e+00  5.773970e+00 -1.108654e+01
   endloop
 endfacet
 facet normal  0.000000e+00  4.980186e-01 -8.671664e-01
   outer loop
     vertex  3.800000e+00  6.373347e+00 -1.075316e+01
     vertex -3.800000e+00  6.075945e+00 -1.092396e+01
     vertex -3.800000e+00  6.373347e+00 -1.075316e+01
   endloop
 endfacet
 facet normal  0.000000e+00  4.980186e-01 -8.671664e-01
   outer loop
     vertex  3.800000e+00  6.373347e+00 -1.075316e+01
     vertex  3.800000e+00  6.075945e+00 -1.092396e+01
     vertex -3.800000e+00  6.075945e+00 -1.092396e+01
   endloop
 endfacet
 facet normal  0.000000e+00  5.216210e-01 -8.531773e-01
   outer loop
     vertex  3.800000e+00  6.665951e+00 -1.057427e+01
     vertex -3.800000e+00  6.373347e+00 -1.075316e+01
     vertex -3.800000e+00  6.665951e+00 -1.057427e+01
   endloop
 endfacet
 facet normal  0.000000e+00  5.216210e-01 -8.531773e-01
   outer loop
     vertex  3.800000e+00  6.665951e+00 -1.057427e+01
     vertex  3.800000e+00  6.373347e+00 -1.075316e+01
     vertex -3.800000e+00  6.373347e+00 -1.075316e+01
   endloop
 endfacet
 facet normal  0.000000e+00  5.448308e-01 -8.385460e-01
   outer loop
     vertex  3.800000e+00  6.953537e+00 -1.038741e+01
     vertex -3.800000e+00  6.665951e+00 -1.057427e+01
     vertex -3.800000e+00  6.953537e+00 -1.038741e+01
   endloop
 endfacet
 facet normal  0.000000e+00  5.448308e-01 -8.385460e-01
   outer loop
     vertex  3.800000e+00  6.953537e+00 -1.038741e+01
     vertex  3.800000e+00  6.665951e+00 -1.057427e+01
     vertex -3.800000e+00  6.665951e+00 -1.057427e+01
   endloop
 endfacet
 facet normal  0.000000e+00  5.676304e-01 -8.232835e-01
   outer loop
     vertex  3.800000e+00  7.235888e+00 -1.019274e+01
     vertex  3.800000e+00  6.953537e+00 -1.038741e+01
     vertex -3.800000e+00  6.953537e+00 -1.038741e+01
   endloop
 endfacet
 facet normal  0.000000e+00  5.676304e-01 -8.232835e-01
   outer loop
     vertex  3.800000e+00  7.235888e+00 -1.019274e+01
     vertex -3.800000e+00  6.953537e+00 -1.038741e+01
     vertex -3.800000e+00  7.235888e+00 -1.019274e+01
   endloop
 endfacet
 facet normal  0.000000e+00  5.900028e-01 -8.074012e-01
   outer loop
     vertex  3.800000e+00  7.512793e+00 -9.990392e+00
     vertex  3.800000e+00  7.235888e+00 -1.019274e+01
     vertex -3.800000e+00  7.235888e+00 -1.019274e+01
   endloop
 endfacet
 facet normal  0.000000e+00  5.900028e-01 -8.074012e-01
   outer loop
     vertex  3.800000e+00  7.512793e+00 -9.990392e+00
     vertex -3.800000e+00  7.235888e+00 -1.019274e+01
     vertex -3.800000e+00  7.512793e+00 -9.990392e+00
   endloop
 endfacet
 facet normal  0.000000e+00  6.119310e-01 -7.909112e-01
   outer loop
     vertex  3.800000e+00  7.784042e+00 -9.780526e+00
     vertex  3.800000e+00  7.512793e+00 -9.990392e+00
     vertex -3.800000e+00  7.512793e+00 -9.990392e+00
   endloop
 endfacet
 facet normal  0.000000e+00  6.119310e-01 -7.909112e-01
   outer loop
     vertex  3.800000e+00  7.784042e+00 -9.780526e+00
     vertex -3.800000e+00  7.512793e+00 -9.990392e+00
     vertex -3.800000e+00  7.784042e+00 -9.780526e+00
   endloop
 endfacet
 facet normal  0.000000e+00  6.333986e-01 -7.738257e-01
   outer loop
     vertex  3.800000e+00  8.049432e+00 -9.563297e+00
     vertex  3.800000e+00  7.784042e+00 -9.780526e+00
     vertex -3.800000e+00  7.784042e+00 -9.780526e+00
   endloop
 endfacet
 facet normal  0.000000e+00  6.333986e-01 -7.738257e-01
   outer loop
     vertex  3.800000e+00  8.049432e+00 -9.563297e+00
     vertex -3.800000e+00  7.784042e+00 -9.780526e+00
     vertex -3.800000e+00  8.049432e+00 -9.563297e+00
   endloop
 endfacet
 facet normal  0.000000e+00  6.543893e-01 -7.561578e-01
   outer loop
     vertex  3.800000e+00  8.308762e+00 -9.338869e+00
     vertex  3.800000e+00  8.049432e+00 -9.563297e+00
     vertex -3.800000e+00  8.049432e+00 -9.563297e+00
   endloop
 endfacet
 facet normal  0.000000e+00  6.543893e-01 -7.561578e-01
   outer loop
     vertex  3.800000e+00  8.308762e+00 -9.338869e+00
     vertex -3.800000e+00  8.049432e+00 -9.563297e+00
     vertex -3.800000e+00  8.308762e+00 -9.338869e+00
   endloop
 endfacet
 facet normal  0.000000e+00  6.748875e-01 -7.379206e-01
   outer loop
     vertex  3.800000e+00  8.561838e+00 -9.107411e+00
     vertex  3.800000e+00  8.308762e+00 -9.338869e+00
     vertex -3.800000e+00  8.308762e+00 -9.338869e+00
   endloop
 endfacet
 facet normal  0.000000e+00  6.748875e-01 -7.379206e-01
   outer loop
     vertex  3.800000e+00  8.561838e+00 -9.107411e+00
     vertex -3.800000e+00  8.308762e+00 -9.338869e+00
     vertex -3.800000e+00  8.561838e+00 -9.107411e+00
   endloop
 endfacet
 facet normal  0.000000e+00  6.948776e-01 -7.191280e-01
   outer loop
     vertex  3.800000e+00  8.808468e+00 -8.869097e+00
     vertex  3.800000e+00  8.561838e+00 -9.107411e+00
     vertex -3.800000e+00  8.561838e+00 -9.107411e+00
   endloop
 endfacet
 facet normal  0.000000e+00  6.948776e-01 -7.191280e-01
   outer loop
     vertex  3.800000e+00  8.808468e+00 -8.869097e+00
     vertex -3.800000e+00  8.561838e+00 -9.107411e+00
     vertex -3.800000e+00  8.808468e+00 -8.869097e+00
   endloop
 endfacet
 facet normal  0.000000e+00  7.143447e-01 -6.997940e-01
   outer loop
     vertex  3.800000e+00  9.048468e+00 -8.624107e+00
     vertex  3.800000e+00  8.808468e+00 -8.869097e+00
     vertex -3.800000e+00  8.808468e+00 -8.869097e+00
   endloop
 endfacet
 facet normal  0.000000e+00  7.143447e-01 -6.997940e-01
   outer loop
     vertex  3.800000e+00  9.048468e+00 -8.624107e+00
     vertex -3.800000e+00  8.808468e+00 -8.869097e+00
     vertex -3.800000e+00  9.048468e+00 -8.624107e+00
   endloop
 endfacet
 facet normal  0.000000e+00  7.332740e-01 -6.799333e-01
   outer loop
     vertex  3.800000e+00  9.281657e+00 -8.372625e+00
     vertex  3.800000e+00  9.048468e+00 -8.624107e+00
     vertex -3.800000e+00  9.048468e+00 -8.624107e+00
   endloop
 endfacet
 facet normal  0.000000e+00  7.332740e-01 -6.799333e-01
   outer loop
     vertex  3.800000e+00  9.281657e+00 -8.372625e+00
     vertex -3.800000e+00  9.048468e+00 -8.624107e+00
     vertex -3.800000e+00  9.281657e+00 -8.372625e+00
   endloop
 endfacet
 facet normal  0.000000e+00  7.516513e-01 -6.595607e-01
   outer loop
     vertex  3.800000e+00  9.507858e+00 -8.114840e+00
     vertex  3.800000e+00  9.281657e+00 -8.372625e+00
     vertex -3.800000e+00  9.281657e+00 -8.372625e+00
   endloop
 endfacet
 facet normal  0.000000e+00  7.516513e-01 -6.595607e-01
   outer loop
     vertex  3.800000e+00  9.507858e+00 -8.114840e+00
     vertex -3.800000e+00  9.281657e+00 -8.372625e+00
     vertex -3.800000e+00  9.507858e+00 -8.114840e+00
   endloop
 endfacet
 facet normal  0.000000e+00  7.694628e-01 -6.386916e-01
   outer loop
     vertex  3.800000e+00  9.726903e+00 -7.850947e+00
     vertex  3.800000e+00  9.507858e+00 -8.114840e+00
     vertex -3.800000e+00  9.507858e+00 -8.114840e+00
   endloop
 endfacet
 facet normal  0.000000e+00  7.694628e-01 -6.386916e-01
   outer loop
     vertex  3.800000e+00  9.726903e+00 -7.850947e+00
     vertex -3.800000e+00  9.507858e+00 -8.114840e+00
     vertex -3.800000e+00  9.726903e+00 -7.850947e+00
   endloop
 endfacet
 facet normal  0.000000e+00  7.866951e-01 -6.173417e-01
   outer loop
     vertex  3.800000e+00  9.938625e+00 -7.581144e+00
     vertex  3.800000e+00  9.726903e+00 -7.850947e+00
     vertex -3.800000e+00  9.726903e+00 -7.850947e+00
   endloop
 endfacet
 facet normal  0.000000e+00  7.866951e-01 -6.173417e-01
   outer loop
     vertex  3.800000e+00  9.938625e+00 -7.581144e+00
     vertex -3.800000e+00  9.726903e+00 -7.850947e+00
     vertex -3.800000e+00  9.938625e+00 -7.581144e+00
   endloop
 endfacet
 facet normal  0.000000e+00  8.033352e-01 -5.955271e-01
   outer loop
     vertex  3.800000e+00  1.014287e+01 -7.305633e+00
     vertex  3.800000e+00  9.938625e+00 -7.581144e+00
     vertex -3.800000e+00  9.938625e+00 -7.581144e+00
   endloop
 endfacet
 facet normal  0.000000e+00  8.033352e-01 -5.955271e-01
   outer loop
     vertex  3.800000e+00  1.014287e+01 -7.305633e+00
     vertex -3.800000e+00  9.938625e+00 -7.581144e+00
     vertex -3.800000e+00  1.014287e+01 -7.305633e+00
   endloop
 endfacet
 facet normal  0.000000e+00  8.193706e-01 -5.732642e-01
   outer loop
     vertex  3.800000e+00  1.033947e+01 -7.024624e+00
     vertex  3.800000e+00  1.014287e+01 -7.305633e+00
     vertex -3.800000e+00  1.014287e+01 -7.305633e+00
   endloop
 endfacet
 facet normal  0.000000e+00  8.193706e-01 -5.732642e-01
   outer loop
     vertex  3.800000e+00  1.033947e+01 -7.024624e+00
     vertex -3.800000e+00  1.014287e+01 -7.305633e+00
     vertex -3.800000e+00  1.033947e+01 -7.024624e+00
   endloop
 endfacet
 facet normal  0.000000e+00  8.347891e-01 -5.505698e-01
   outer loop
     vertex  3.800000e+00  1.052829e+01 -6.738326e+00
     vertex  3.800000e+00  1.033947e+01 -7.024624e+00
     vertex -3.800000e+00  1.033947e+01 -7.024624e+00
   endloop
 endfacet
 facet normal  0.000000e+00  8.347891e-01 -5.505698e-01
   outer loop
     vertex  3.800000e+00  1.052829e+01 -6.738326e+00
     vertex -3.800000e+00  1.033947e+01 -7.024624e+00
     vertex -3.800000e+00  1.052829e+01 -6.738326e+00
   endloop
 endfacet
 facet normal  0.000000e+00  8.495793e-01 -5.274609e-01
   outer loop
     vertex  3.800000e+00  1.070919e+01 -6.446956e+00
     vertex  3.800000e+00  1.052829e+01 -6.738326e+00
     vertex -3.800000e+00  1.052829e+01 -6.738326e+00
   endloop
 endfacet
 facet normal  0.000000e+00  8.495793e-01 -5.274609e-01
   outer loop
     vertex  3.800000e+00  1.070919e+01 -6.446956e+00
     vertex -3.800000e+00  1.052829e+01 -6.738326e+00
     vertex -3.800000e+00  1.070919e+01 -6.446956e+00
   endloop
 endfacet
 facet normal  0.000000e+00  8.637299e-01 -5.039550e-01
   outer loop
     vertex  3.800000e+00  1.088203e+01 -6.150733e+00
     vertex  3.800000e+00  1.070919e+01 -6.446956e+00
     vertex -3.800000e+00  1.070919e+01 -6.446956e+00
   endloop
 endfacet
 facet normal  0.000000e+00  8.637299e-01 -5.039550e-01
   outer loop
     vertex  3.800000e+00  1.088203e+01 -6.150733e+00
     vertex -3.800000e+00  1.070919e+01 -6.446956e+00
     vertex -3.800000e+00  1.088203e+01 -6.150733e+00
   endloop
 endfacet
 facet normal  0.000000e+00  8.772303e-01 -4.800697e-01
   outer loop
     vertex  3.800000e+00  1.104667e+01 -5.849880e+00
     vertex  3.800000e+00  1.088203e+01 -6.150733e+00
     vertex -3.800000e+00  1.088203e+01 -6.150733e+00
   endloop
 endfacet
 facet normal  0.000000e+00  8.772303e-01 -4.800697e-01
   outer loop
     vertex  3.800000e+00  1.104667e+01 -5.849880e+00
     vertex -3.800000e+00  1.088203e+01 -6.150733e+00
     vertex -3.800000e+00  1.104667e+01 -5.849880e+00
   endloop
 endfacet
 facet normal  0.000000e+00  8.900704e-01 -4.558231e-01
   outer loop
     vertex  3.800000e+00  1.120300e+01 -5.544624e+00
     vertex  3.800000e+00  1.104667e+01 -5.849880e+00
     vertex -3.800000e+00  1.104667e+01 -5.849880e+00
   endloop
 endfacet
 facet normal  0.000000e+00  8.900704e-01 -4.558231e-01
   outer loop
     vertex  3.800000e+00  1.120300e+01 -5.544624e+00
     vertex -3.800000e+00  1.104667e+01 -5.849880e+00
     vertex -3.800000e+00  1.120300e+01 -5.544624e+00
   endloop
 endfacet
 facet normal  0.000000e+00  9.022405e-01 -4.312333e-01
   outer loop
     vertex  3.800000e+00  1.135089e+01 -5.235193e+00
     vertex  3.800000e+00  1.120300e+01 -5.544624e+00
     vertex -3.800000e+00  1.120300e+01 -5.544624e+00
   endloop
 endfacet
 facet normal  0.000000e+00  9.022405e-01 -4.312333e-01
   outer loop
     vertex  3.800000e+00  1.135089e+01 -5.235193e+00
     vertex -3.800000e+00  1.120300e+01 -5.544624e+00
     vertex -3.800000e+00  1.135089e+01 -5.235193e+00
   endloop
 endfacet
 facet normal  0.000000e+00  9.137314e-01 -4.063188e-01
   outer loop
     vertex  3.800000e+00  1.149024e+01 -4.921822e+00
     vertex  3.800000e+00  1.135089e+01 -5.235193e+00
     vertex -3.800000e+00  1.135089e+01 -5.235193e+00
   endloop
 endfacet
 facet normal  0.000000e+00  9.137314e-01 -4.063188e-01
   outer loop
     vertex  3.800000e+00  1.149024e+01 -4.921822e+00
     vertex -3.800000e+00  1.135089e+01 -5.235193e+00
     vertex -3.800000e+00  1.149024e+01 -4.921822e+00
   endloop
 endfacet
 facet normal  0.000000e+00  9.245344e-01 -3.810986e-01
   outer loop
     vertex  3.800000e+00  1.162094e+01 -4.604746e+00
     vertex -3.800000e+00  1.149024e+01 -4.921822e+00
     vertex -3.800000e+00  1.162094e+01 -4.604746e+00
   endloop
 endfacet
 facet normal  0.000000e+00  9.245344e-01 -3.810986e-01
   outer loop
     vertex  3.800000e+00  1.162094e+01 -4.604746e+00
     vertex  3.800000e+00  1.149024e+01 -4.921822e+00
     vertex -3.800000e+00  1.149024e+01 -4.921822e+00
   endloop
 endfacet
 facet normal  0.000000e+00  9.346415e-01 -3.555914e-01
   outer loop
     vertex  3.800000e+00  1.174290e+01 -4.284203e+00
     vertex -3.800000e+00  1.162094e+01 -4.604746e+00
     vertex -3.800000e+00  1.174290e+01 -4.284203e+00
   endloop
 endfacet
 facet normal  0.000000e+00  9.346415e-01 -3.555914e-01
   outer loop
     vertex  3.800000e+00  1.174290e+01 -4.284203e+00
     vertex  3.800000e+00  1.162094e+01 -4.604746e+00
     vertex -3.800000e+00  1.162094e+01 -4.604746e+00
   endloop
 endfacet
 facet normal  0.000000e+00  9.440450e-01 -3.298166e-01
   outer loop
     vertex  3.800000e+00  1.185601e+01 -3.960435e+00
     vertex -3.800000e+00  1.174290e+01 -4.284203e+00
     vertex -3.800000e+00  1.185601e+01 -3.960435e+00
   endloop
 endfacet
 facet normal  0.000000e+00  9.440450e-01 -3.298166e-01
   outer loop
     vertex  3.800000e+00  1.185601e+01 -3.960435e+00
     vertex  3.800000e+00  1.174290e+01 -4.284203e+00
     vertex -3.800000e+00  1.174290e+01 -4.284203e+00
   endloop
 endfacet
 facet normal  0.000000e+00  9.527379e-01 -3.037934e-01
   outer loop
     vertex  3.800000e+00  1.196020e+01 -3.633686e+00
     vertex -3.800000e+00  1.185601e+01 -3.960435e+00
     vertex -3.800000e+00  1.196020e+01 -3.633686e+00
   endloop
 endfacet
 facet normal  0.000000e+00  9.527379e-01 -3.037934e-01
   outer loop
     vertex  3.800000e+00  1.196020e+01 -3.633686e+00
     vertex  3.800000e+00  1.185601e+01 -3.960435e+00
     vertex -3.800000e+00  1.185601e+01 -3.960435e+00
   endloop
 endfacet
 facet normal  0.000000e+00  9.607136e-01 -2.775416e-01
   outer loop
     vertex  3.800000e+00  1.205538e+01 -3.304202e+00
     vertex  3.800000e+00  1.196020e+01 -3.633686e+00
     vertex -3.800000e+00  1.196020e+01 -3.633686e+00
   endloop
 endfacet
 facet normal  0.000000e+00  9.607136e-01 -2.775416e-01
   outer loop
     vertex  3.800000e+00  1.205538e+01 -3.304202e+00
     vertex -3.800000e+00  1.196020e+01 -3.633686e+00
     vertex -3.800000e+00  1.205538e+01 -3.304202e+00
   endloop
 endfacet
 facet normal  0.000000e+00  9.679661e-01 -2.510809e-01
   outer loop
     vertex  3.800000e+00  1.214149e+01 -2.972230e+00
     vertex  3.800000e+00  1.205538e+01 -3.304202e+00
     vertex -3.800000e+00  1.205538e+01 -3.304202e+00
   endloop
 endfacet
 facet normal  0.000000e+00  9.679661e-01 -2.510809e-01
   outer loop
     vertex  3.800000e+00  1.214149e+01 -2.972230e+00
     vertex -3.800000e+00  1.205538e+01 -3.304202e+00
     vertex -3.800000e+00  1.214149e+01 -2.972230e+00
   endloop
 endfacet
 facet normal  0.000000e+00  9.744899e-01 -2.244312e-01
   outer loop
     vertex  3.800000e+00  1.221846e+01 -2.638021e+00
     vertex  3.800000e+00  1.214149e+01 -2.972230e+00
     vertex -3.800000e+00  1.214149e+01 -2.972230e+00
   endloop
 endfacet
 facet normal  0.000000e+00  9.744899e-01 -2.244312e-01
   outer loop
     vertex  3.800000e+00  1.221846e+01 -2.638021e+00
     vertex -3.800000e+00  1.214149e+01 -2.972230e+00
     vertex -3.800000e+00  1.221846e+01 -2.638021e+00
   endloop
 endfacet
 facet normal  0.000000e+00  9.802802e-01 -1.976125e-01
   outer loop
     vertex  3.800000e+00  1.228624e+01 -2.301827e+00
     vertex  3.800000e+00  1.221846e+01 -2.638021e+00
     vertex -3.800000e+00  1.221846e+01 -2.638021e+00
   endloop
 endfacet
 facet normal  0.000000e+00  9.802802e-01 -1.976125e-01
   outer loop
     vertex  3.800000e+00  1.228624e+01 -2.301827e+00
     vertex -3.800000e+00  1.221846e+01 -2.638021e+00
     vertex -3.800000e+00  1.228624e+01 -2.301827e+00
   endloop
 endfacet
 facet normal  0.000000e+00  9.853326e-01 -1.706451e-01
   outer loop
     vertex  3.800000e+00  1.234476e+01 -1.963899e+00
     vertex  3.800000e+00  1.228624e+01 -2.301827e+00
     vertex -3.800000e+00  1.228624e+01 -2.301827e+00
   endloop
 endfacet
 facet normal  0.000000e+00  9.853326e-01 -1.706451e-01
   outer loop
     vertex  3.800000e+00  1.234476e+01 -1.963899e+00
     vertex -3.800000e+00  1.228624e+01 -2.301827e+00
     vertex -3.800000e+00  1.234476e+01 -1.963899e+00
   endloop
 endfacet
 facet normal  0.000000e+00  9.896432e-01 -1.435492e-01
   outer loop
     vertex  3.800000e+00  1.239399e+01 -1.624493e+00
     vertex  3.800000e+00  1.234476e+01 -1.963899e+00
     vertex -3.800000e+00  1.234476e+01 -1.963899e+00
   endloop
 endfacet
 facet normal  0.000000e+00  9.896432e-01 -1.435492e-01
   outer loop
     vertex  3.800000e+00  1.239399e+01 -1.624493e+00
     vertex -3.800000e+00  1.234476e+01 -1.963899e+00
     vertex -3.800000e+00  1.239399e+01 -1.624493e+00
   endloop
 endfacet
 facet normal  0.000000e+00  9.932088e-01 -1.163452e-01
   outer loop
     vertex  3.800000e+00  1.243389e+01 -1.283864e+00
     vertex  3.800000e+00  1.239399e+01 -1.624493e+00
     vertex -3.800000e+00  1.239399e+01 -1.624493e+00
   endloop
 endfacet
 facet normal  0.000000e+00  9.932088e-01 -1.163452e-01
   outer loop
     vertex  3.800000e+00  1.243389e+01 -1.283864e+00
     vertex -3.800000e+00  1.239399e+01 -1.624493e+00
     vertex -3.800000e+00  1.243389e+01 -1.283864e+00
   endloop
 endfacet
 facet normal  0.000000e+00  9.960268e-01 -8.905371e-02
   outer loop
     vertex  3.800000e+00  1.246443e+01 -9.422691e-01
     vertex  3.800000e+00  1.243389e+01 -1.283864e+00
     vertex -3.800000e+00  1.243389e+01 -1.283864e+00
   endloop
 endfacet
 facet normal  0.000000e+00  9.960268e-01 -8.905371e-02
   outer loop
     vertex  3.800000e+00  1.246443e+01 -9.422691e-01
     vertex -3.800000e+00  1.243389e+01 -1.283864e+00
     vertex -3.800000e+00  1.246443e+01 -9.422691e-01
   endloop
 endfacet
 facet normal  0.000000e+00  9.980950e-01 -6.169515e-02
   outer loop
     vertex  3.800000e+00  1.248559e+01 -5.999645e-01
     vertex  3.800000e+00  1.246443e+01 -9.422691e-01
     vertex -3.800000e+00  1.246443e+01 -9.422691e-01
   endloop
 endfacet
 facet normal  0.000000e+00  9.980950e-01 -6.169515e-02
   outer loop
     vertex  3.800000e+00  1.248559e+01 -5.999645e-01
     vertex -3.800000e+00  1.246443e+01 -9.422691e-01
     vertex -3.800000e+00  1.248559e+01 -5.999645e-01
   endloop
 endfacet
 facet normal  0.000000e+00  9.994119e-01 -3.429014e-02
   outer loop
     vertex  3.800000e+00  1.249735e+01 -2.572083e-01
     vertex  3.800000e+00  1.248559e+01 -5.999645e-01
     vertex -3.800000e+00  1.248559e+01 -5.999645e-01
   endloop
 endfacet
 facet normal  0.000000e+00  9.994119e-01 -3.429014e-02
   outer loop
     vertex  3.800000e+00  1.249735e+01 -2.572083e-01
     vertex -3.800000e+00  1.248559e+01 -5.999645e-01
     vertex -3.800000e+00  1.249735e+01 -2.572083e-01
   endloop
 endfacet
 facet normal  0.000000e+00  9.999765e-01 -6.859319e-03
   outer loop
     vertex  3.800000e+00  1.249971e+01  8.574149e-02
     vertex  3.800000e+00  1.249735e+01 -2.572083e-01
     vertex -3.800000e+00  1.249735e+01 -2.572083e-01
   endloop
 endfacet
 facet normal  0.000000e+00  9.999765e-01 -6.859319e-03
   outer loop
     vertex  3.800000e+00  1.249971e+01  8.574149e-02
     vertex -3.800000e+00  1.249735e+01 -2.572083e-01
     vertex -3.800000e+00  1.249971e+01  8.574149e-02
   endloop
 endfacet
 facet normal  0.000000e+00  9.997883e-01  2.057667e-02
   outer loop
     vertex  3.800000e+00  1.249265e+01  4.286267e-01
     vertex  3.800000e+00  1.249971e+01  8.574149e-02
     vertex -3.800000e+00  1.249971e+01  8.574149e-02
   endloop
 endfacet
 facet normal  0.000000e+00  9.997883e-01  2.057667e-02
   outer loop
     vertex  3.800000e+00  1.249265e+01  4.286267e-01
     vertex -3.800000e+00  1.249971e+01  8.574149e-02
     vertex -3.800000e+00  1.249265e+01  4.286267e-01
   endloop
 endfacet
 facet normal  0.000000e+00  9.988475e-01  4.799716e-02
   outer loop
     vertex  3.800000e+00  1.247619e+01  7.711893e-01
     vertex -3.800000e+00  1.249265e+01  4.286267e-01
     vertex -3.800000e+00  1.247619e+01  7.711893e-01
   endloop
 endfacet
 facet normal  0.000000e+00  9.988475e-01  4.799716e-02
   outer loop
     vertex  3.800000e+00  1.247619e+01  7.711893e-01
     vertex  3.800000e+00  1.249265e+01  4.286267e-01
     vertex -3.800000e+00  1.249265e+01  4.286267e-01
   endloop
 endfacet
 facet normal  0.000000e+00  9.971548e-01  7.538152e-02
   outer loop
     vertex  3.800000e+00  1.245034e+01  1.113171e+00
     vertex -3.800000e+00  1.247619e+01  7.711893e-01
     vertex -3.800000e+00  1.245034e+01  1.113171e+00
   endloop
 endfacet
 facet normal  0.000000e+00  9.971548e-01  7.538152e-02
   outer loop
     vertex  3.800000e+00  1.245034e+01  1.113171e+00
     vertex  3.800000e+00  1.247619e+01  7.711893e-01
     vertex -3.800000e+00  1.247619e+01  7.711893e-01
   endloop
 endfacet
 facet normal  0.000000e+00  9.947114e-01  1.027091e-01
   outer loop
     vertex  3.800000e+00  1.241511e+01  1.454316e+00
     vertex -3.800000e+00  1.245034e+01  1.113171e+00
     vertex -3.800000e+00  1.241511e+01  1.454316e+00
   endloop
 endfacet
 facet normal  0.000000e+00  9.947114e-01  1.027091e-01
   outer loop
     vertex  3.800000e+00  1.241511e+01  1.454316e+00
     vertex  3.800000e+00  1.245034e+01  1.113171e+00
     vertex -3.800000e+00  1.245034e+01  1.113171e+00
   endloop
 endfacet
 facet normal  0.000000e+00  9.915193e-01  1.299594e-01
   outer loop
     vertex  3.800000e+00  1.237054e+01  1.794365e+00
     vertex -3.800000e+00  1.241511e+01  1.454316e+00
     vertex -3.800000e+00  1.237054e+01  1.794365e+00
   endloop
 endfacet
 facet normal  0.000000e+00  9.915193e-01  1.299594e-01
   outer loop
     vertex  3.800000e+00  1.237054e+01  1.794365e+00
     vertex  3.800000e+00  1.241511e+01  1.454316e+00
     vertex -3.800000e+00  1.241511e+01  1.454316e+00
   endloop
 endfacet
 facet normal  0.000000e+00  9.875808e-01  1.571119e-01
   outer loop
     vertex  3.800000e+00  1.231666e+01  2.133064e+00
     vertex -3.800000e+00  1.237054e+01  1.794365e+00
     vertex -3.800000e+00  1.231666e+01  2.133064e+00
   endloop
 endfacet
 facet normal  0.000000e+00  9.875808e-01  1.571119e-01
   outer loop
     vertex  3.800000e+00  1.231666e+01  2.133064e+00
     vertex  3.800000e+00  1.237054e+01  1.794365e+00
     vertex -3.800000e+00  1.237054e+01  1.794365e+00
   endloop
 endfacet
 facet normal  0.000000e+00  9.828989e-01  1.841461e-01
   outer loop
     vertex  3.800000e+00  1.225350e+01  2.470156e+00
     vertex -3.800000e+00  1.231666e+01  2.133064e+00
     vertex -3.800000e+00  1.225350e+01  2.470156e+00
   endloop
 endfacet
 facet normal  0.000000e+00  9.828989e-01  1.841461e-01
   outer loop
     vertex  3.800000e+00  1.225350e+01  2.470156e+00
     vertex  3.800000e+00  1.231666e+01  2.133064e+00
     vertex -3.800000e+00  1.231666e+01  2.133064e+00
   endloop
 endfacet
 facet normal  0.000000e+00  9.774771e-01  2.110417e-01
   outer loop
     vertex  3.800000e+00  1.218112e+01  2.805390e+00
     vertex -3.800000e+00  1.225350e+01  2.470156e+00
     vertex -3.800000e+00  1.218112e+01  2.805390e+00
   endloop
 endfacet
 facet normal  0.000000e+00  9.774771e-01  2.110417e-01
   outer loop
     vertex  3.800000e+00  1.218112e+01  2.805390e+00
     vertex  3.800000e+00  1.225350e+01  2.470156e+00
     vertex -3.800000e+00  1.225350e+01  2.470156e+00
   endloop
 endfacet
 facet normal  0.000000e+00  9.713194e-01  2.377784e-01
   outer loop
     vertex  3.800000e+00  1.209958e+01  3.138512e+00
     vertex -3.800000e+00  1.218112e+01  2.805390e+00
     vertex -3.800000e+00  1.209958e+01  3.138512e+00
   endloop
 endfacet
 facet normal  0.000000e+00  9.713194e-01  2.377784e-01
   outer loop
     vertex  3.800000e+00  1.209958e+01  3.138512e+00
     vertex  3.800000e+00  1.218112e+01  2.805390e+00
     vertex -3.800000e+00  1.218112e+01  2.805390e+00
   endloop
 endfacet
 facet normal  0.000000e+00  9.644306e-01  2.643362e-01
   outer loop
     vertex  3.800000e+00  1.200892e+01  3.469271e+00
     vertex -3.800000e+00  1.209958e+01  3.138512e+00
     vertex -3.800000e+00  1.200892e+01  3.469271e+00
   endloop
 endfacet
 facet normal  0.000000e+00  9.644306e-01  2.643362e-01
   outer loop
     vertex  3.800000e+00  1.200892e+01  3.469271e+00
     vertex  3.800000e+00  1.209958e+01  3.138512e+00
     vertex -3.800000e+00  1.209958e+01  3.138512e+00
   endloop
 endfacet
 facet normal  0.000000e+00  9.568158e-01  2.906949e-01
   outer loop
     vertex  3.800000e+00  1.190922e+01  3.797418e+00
     vertex -3.800000e+00  1.200892e+01  3.469271e+00
     vertex -3.800000e+00  1.190922e+01  3.797418e+00
   endloop
 endfacet
 facet normal  0.000000e+00  9.568158e-01  2.906949e-01
   outer loop
     vertex  3.800000e+00  1.190922e+01  3.797418e+00
     vertex  3.800000e+00  1.200892e+01  3.469271e+00
     vertex -3.800000e+00  1.200892e+01  3.469271e+00
   endloop
 endfacet
 facet normal  0.000000e+00  9.484807e-01  3.168348e-01
   outer loop
     vertex  3.800000e+00  1.180056e+01  4.122707e+00
     vertex -3.800000e+00  1.190922e+01  3.797418e+00
     vertex -3.800000e+00  1.180056e+01  4.122707e+00
   endloop
 endfacet
 facet normal  0.000000e+00  9.484807e-01  3.168348e-01
   outer loop
     vertex  3.800000e+00  1.180056e+01  4.122707e+00
     vertex  3.800000e+00  1.190922e+01  3.797418e+00
     vertex -3.800000e+00  1.190922e+01  3.797418e+00
   endloop
 endfacet
 facet normal  0.000000e+00  9.394317e-01  3.427362e-01
   outer loop
     vertex  3.800000e+00  1.168302e+01  4.444893e+00
     vertex -3.800000e+00  1.180056e+01  4.122707e+00
     vertex -3.800000e+00  1.168302e+01  4.444893e+00
   endloop
 endfacet
 facet normal  0.000000e+00  9.394317e-01  3.427362e-01
   outer loop
     vertex  3.800000e+00  1.168302e+01  4.444893e+00
     vertex  3.800000e+00  1.180056e+01  4.122707e+00
     vertex -3.800000e+00  1.180056e+01  4.122707e+00
   endloop
 endfacet
 facet normal  0.000000e+00  9.296754e-01  3.683796e-01
   outer loop
     vertex  3.800000e+00  1.155668e+01  4.763732e+00
     vertex -3.800000e+00  1.168302e+01  4.444893e+00
     vertex -3.800000e+00  1.155668e+01  4.763732e+00
   endloop
 endfacet
 facet normal  0.000000e+00  9.296754e-01  3.683796e-01
   outer loop
     vertex  3.800000e+00  1.155668e+01  4.763732e+00
     vertex  3.800000e+00  1.168302e+01  4.444893e+00
     vertex -3.800000e+00  1.168302e+01  4.444893e+00
   endloop
 endfacet
 facet normal  0.000000e+00  9.192194e-01  3.937458e-01
   outer loop
     vertex  3.800000e+00  1.142164e+01  5.078986e+00
     vertex  3.800000e+00  1.155668e+01  4.763732e+00
     vertex -3.800000e+00  1.155668e+01  4.763732e+00
   endloop
 endfacet
 facet normal  0.000000e+00  9.192194e-01  3.937458e-01
   outer loop
     vertex  3.800000e+00  1.142164e+01  5.078986e+00
     vertex -3.800000e+00  1.155668e+01  4.763732e+00
     vertex -3.800000e+00  1.142164e+01  5.078986e+00
   endloop
 endfacet
 facet normal  0.000000e+00  9.080714e-01  4.188155e-01
   outer loop
     vertex  3.800000e+00  1.127801e+01  5.390416e+00
     vertex  3.800000e+00  1.142164e+01  5.078986e+00
     vertex -3.800000e+00  1.142164e+01  5.078986e+00
   endloop
 endfacet
 facet normal  0.000000e+00  9.080714e-01  4.188155e-01
   outer loop
     vertex  3.800000e+00  1.127801e+01  5.390416e+00
     vertex -3.800000e+00  1.142164e+01  5.078986e+00
     vertex -3.800000e+00  1.127801e+01  5.390416e+00
   endloop
 endfacet
 facet normal  0.000000e+00  8.962398e-01  4.435699e-01
   outer loop
     vertex  3.800000e+00  1.112588e+01  5.697788e+00
     vertex  3.800000e+00  1.127801e+01  5.390416e+00
     vertex -3.800000e+00  1.127801e+01  5.390416e+00
   endloop
 endfacet
 facet normal  0.000000e+00  8.962398e-01  4.435699e-01
   outer loop
     vertex  3.800000e+00  1.112588e+01  5.697788e+00
     vertex -3.800000e+00  1.127801e+01  5.390416e+00
     vertex -3.800000e+00  1.112588e+01  5.697788e+00
   endloop
 endfacet
 facet normal  0.000000e+00  8.837335e-01  4.679904e-01
   outer loop
     vertex  3.800000e+00  1.096538e+01  6.000872e+00
     vertex  3.800000e+00  1.112588e+01  5.697788e+00
     vertex -3.800000e+00  1.112588e+01  5.697788e+00
   endloop
 endfacet
 facet normal  0.000000e+00  8.837335e-01  4.679904e-01
   outer loop
     vertex  3.800000e+00  1.096538e+01  6.000872e+00
     vertex -3.800000e+00  1.112588e+01  5.697788e+00
     vertex -3.800000e+00  1.096538e+01  6.000872e+00
   endloop
 endfacet
 facet normal  0.000000e+00  8.705620e-01  4.920587e-01
   outer loop
     vertex  3.800000e+00  1.079662e+01  6.299438e+00
     vertex -3.800000e+00  1.096538e+01  6.000872e+00
     vertex -3.800000e+00  1.079662e+01  6.299438e+00
   endloop
 endfacet
 facet normal  0.000000e+00  8.705620e-01  4.920587e-01
   outer loop
     vertex  3.800000e+00  1.079662e+01  6.299438e+00
     vertex  3.800000e+00  1.096538e+01  6.000872e+00
     vertex -3.800000e+00  1.096538e+01  6.000872e+00
   endloop
 endfacet
 facet normal  0.000000e+00  8.567352e-01  5.157565e-01
   outer loop
     vertex  3.800000e+00  1.061974e+01  6.593262e+00
     vertex  3.800000e+00  1.079662e+01  6.299438e+00
     vertex -3.800000e+00  1.079662e+01  6.299438e+00
   endloop
 endfacet
 facet normal  0.000000e+00  8.567352e-01  5.157565e-01
   outer loop
     vertex  3.800000e+00  1.061974e+01  6.593262e+00
     vertex -3.800000e+00  1.079662e+01  6.299438e+00
     vertex -3.800000e+00  1.061974e+01  6.593262e+00
   endloop
 endfacet
 facet normal  0.000000e+00  8.422635e-01  5.390661e-01
   outer loop
     vertex  3.800000e+00  1.043486e+01  6.882123e+00
     vertex -3.800000e+00  1.061974e+01  6.593262e+00
     vertex -3.800000e+00  1.043486e+01  6.882123e+00
   endloop
 endfacet
 facet normal  0.000000e+00  8.422635e-01  5.390661e-01
   outer loop
     vertex  3.800000e+00  1.043486e+01  6.882123e+00
     vertex  3.800000e+00  1.061974e+01  6.593262e+00
     vertex -3.800000e+00  1.061974e+01  6.593262e+00
   endloop
 endfacet
 facet normal  0.000000e+00  8.271577e-01  5.619699e-01
   outer loop
     vertex  3.800000e+00  1.024213e+01  7.165803e+00
     vertex -3.800000e+00  1.043486e+01  6.882123e+00
     vertex -3.800000e+00  1.024213e+01  7.165803e+00
   endloop
 endfacet
 facet normal  0.000000e+00  8.271577e-01  5.619699e-01
   outer loop
     vertex  3.800000e+00  1.024213e+01  7.165803e+00
     vertex  3.800000e+00  1.043486e+01  6.882123e+00
     vertex -3.800000e+00  1.043486e+01  6.882123e+00
   endloop
 endfacet
 facet normal  0.000000e+00  8.114292e-01  5.844507e-01
   outer loop
     vertex  3.800000e+00  1.004169e+01  7.444089e+00
     vertex -3.800000e+00  1.024213e+01  7.165803e+00
     vertex -3.800000e+00  1.004169e+01  7.444089e+00
   endloop
 endfacet
 facet normal  0.000000e+00  8.114292e-01  5.844507e-01
   outer loop
     vertex  3.800000e+00  1.004169e+01  7.444089e+00
     vertex  3.800000e+00  1.024213e+01  7.165803e+00
     vertex -3.800000e+00  1.024213e+01  7.165803e+00
   endloop
 endfacet
 facet normal  0.000000e+00  7.950900e-01  6.064915e-01
   outer loop
     vertex  3.800000e+00  9.833689e+00  7.716771e+00
     vertex -3.800000e+00  1.004169e+01  7.444089e+00
     vertex -3.800000e+00  9.833689e+00  7.716771e+00
   endloop
 endfacet
 facet normal  0.000000e+00  7.950900e-01  6.064915e-01
   outer loop
     vertex  3.800000e+00  9.833689e+00  7.716771e+00
     vertex  3.800000e+00  1.004169e+01  7.444089e+00
     vertex -3.800000e+00  1.004169e+01  7.444089e+00
   endloop
 endfacet
 facet normal  0.000000e+00  7.781522e-01  6.280757e-01
   outer loop
     vertex  3.800000e+00  9.618286e+00  7.983645e+00
     vertex -3.800000e+00  9.833689e+00  7.716771e+00
     vertex -3.800000e+00  9.618286e+00  7.983645e+00
   endloop
 endfacet
 facet normal  0.000000e+00  7.781522e-01  6.280757e-01
   outer loop
     vertex  3.800000e+00  9.618286e+00  7.983645e+00
     vertex  3.800000e+00  9.833689e+00  7.716771e+00
     vertex -3.800000e+00  9.833689e+00  7.716771e+00
   endloop
 endfacet
 facet normal  0.000000e+00  7.606287e-01  6.491872e-01
   outer loop
     vertex  3.800000e+00  9.395642e+00  8.244508e+00
     vertex -3.800000e+00  9.618286e+00  7.983645e+00
     vertex -3.800000e+00  9.395642e+00  8.244508e+00
   endloop
 endfacet
 facet normal  0.000000e+00  7.606287e-01  6.491872e-01
   outer loop
     vertex  3.800000e+00  9.395642e+00  8.244508e+00
     vertex  3.800000e+00  9.618286e+00  7.983645e+00
     vertex -3.800000e+00  9.618286e+00  7.983645e+00
   endloop
 endfacet
 facet normal  0.000000e+00  7.425325e-01  6.698100e-01
   outer loop
     vertex  3.800000e+00  9.165925e+00  8.499166e+00
     vertex -3.800000e+00  9.395642e+00  8.244508e+00
     vertex -3.800000e+00  9.165925e+00  8.499166e+00
   endloop
 endfacet
 facet normal  0.000000e+00  7.425325e-01  6.698100e-01
   outer loop
     vertex  3.800000e+00  9.165925e+00  8.499166e+00
     vertex  3.800000e+00  9.395642e+00  8.244508e+00
     vertex -3.800000e+00  9.395642e+00  8.244508e+00
   endloop
 endfacet
 facet normal  0.000000e+00  7.238775e-01  6.899286e-01
   outer loop
     vertex  3.800000e+00  8.929309e+00  8.747425e+00
     vertex -3.800000e+00  9.165925e+00  8.499166e+00
     vertex -3.800000e+00  8.929309e+00  8.747425e+00
   endloop
 endfacet
 facet normal  0.000000e+00  7.238775e-01  6.899286e-01
   outer loop
     vertex  3.800000e+00  8.929309e+00  8.747425e+00
     vertex  3.800000e+00  9.165925e+00  8.499166e+00
     vertex -3.800000e+00  9.165925e+00  8.499166e+00
   endloop
 endfacet
 facet normal  0.000000e+00  7.046775e-01  7.095278e-01
   outer loop
     vertex  3.800000e+00  8.685970e+00  8.989100e+00
     vertex -3.800000e+00  8.929309e+00  8.747425e+00
     vertex -3.800000e+00  8.685970e+00  8.989100e+00
   endloop
 endfacet
 facet normal  0.000000e+00  7.046775e-01  7.095278e-01
   outer loop
     vertex  3.800000e+00  8.685970e+00  8.989100e+00
     vertex  3.800000e+00  8.929309e+00  8.747425e+00
     vertex -3.800000e+00  8.929309e+00  8.747425e+00
   endloop
 endfacet
 facet normal  0.000000e+00  6.849470e-01  7.285929e-01
   outer loop
     vertex  3.800000e+00  8.436094e+00  9.224008e+00
     vertex -3.800000e+00  8.685970e+00  8.989100e+00
     vertex -3.800000e+00  8.436094e+00  9.224008e+00
   endloop
 endfacet
 facet normal  0.000000e+00  6.849470e-01  7.285929e-01
   outer loop
     vertex  3.800000e+00  8.436094e+00  9.224008e+00
     vertex  3.800000e+00  8.685970e+00  8.989100e+00
     vertex -3.800000e+00  8.685970e+00  8.989100e+00
   endloop
 endfacet
 facet normal  0.000000e+00  6.647010e-01  7.471095e-01
   outer loop
     vertex  3.800000e+00  8.179867e+00  9.451972e+00
     vertex -3.800000e+00  8.436094e+00  9.224008e+00
     vertex -3.800000e+00  8.179867e+00  9.451972e+00
   endloop
 endfacet
 facet normal  0.000000e+00  6.647010e-01  7.471095e-01
   outer loop
     vertex  3.800000e+00  8.179867e+00  9.451972e+00
     vertex  3.800000e+00  8.436094e+00  9.224008e+00
     vertex -3.800000e+00  8.436094e+00  9.224008e+00
   endloop
 endfacet
 facet normal  0.000000e+00  6.439545e-01  7.650637e-01
   outer loop
     vertex  3.800000e+00  7.917482e+00  9.672822e+00
     vertex -3.800000e+00  8.179867e+00  9.451972e+00
     vertex -3.800000e+00  7.917482e+00  9.672822e+00
   endloop
 endfacet
 facet normal  0.000000e+00  6.439545e-01  7.650637e-01
   outer loop
     vertex  3.800000e+00  7.917482e+00  9.672822e+00
     vertex  3.800000e+00  8.179867e+00  9.451972e+00
     vertex -3.800000e+00  8.179867e+00  9.451972e+00
   endloop
 endfacet
 facet normal  0.000000e+00  6.227234e-01  7.824421e-01
   outer loop
     vertex  3.800000e+00  7.649137e+00  9.886389e+00
     vertex -3.800000e+00  7.917482e+00  9.672822e+00
     vertex -3.800000e+00  7.649137e+00  9.886389e+00
   endloop
 endfacet
 facet normal  0.000000e+00  6.227234e-01  7.824421e-01
   outer loop
     vertex  3.800000e+00  7.649137e+00  9.886389e+00
     vertex  3.800000e+00  7.917482e+00  9.672822e+00
     vertex -3.800000e+00  7.917482e+00  9.672822e+00
   endloop
 endfacet
 facet normal  0.000000e+00  6.010234e-01  7.992314e-01
   outer loop
     vertex  3.800000e+00  7.375035e+00  1.009252e+01
     vertex -3.800000e+00  7.649137e+00  9.886389e+00
     vertex -3.800000e+00  7.375035e+00  1.009252e+01
   endloop
 endfacet
 facet normal  0.000000e+00  6.010234e-01  7.992314e-01
   outer loop
     vertex  3.800000e+00  7.375035e+00  1.009252e+01
     vertex  3.800000e+00  7.649137e+00  9.886389e+00
     vertex -3.800000e+00  7.649137e+00  9.886389e+00
   endloop
 endfacet
 facet normal  0.000000e+00  5.788711e-01  8.154191e-01
   outer loop
     vertex  3.800000e+00  7.095380e+00  1.029104e+01
     vertex -3.800000e+00  7.375035e+00  1.009252e+01
     vertex -3.800000e+00  7.095380e+00  1.029104e+01
   endloop
 endfacet
 facet normal  0.000000e+00  5.788711e-01  8.154191e-01
   outer loop
     vertex  3.800000e+00  7.095380e+00  1.029104e+01
     vertex  3.800000e+00  7.375035e+00  1.009252e+01
     vertex -3.800000e+00  7.375035e+00  1.009252e+01
   endloop
 endfacet
 facet normal  0.000000e+00  5.562829e-01  8.309929e-01
   outer loop
     vertex  3.800000e+00  6.810385e+00  1.048183e+01
     vertex -3.800000e+00  7.095380e+00  1.029104e+01
     vertex -3.800000e+00  6.810385e+00  1.048183e+01
   endloop
 endfacet
 facet normal  0.000000e+00  5.562829e-01  8.309929e-01
   outer loop
     vertex  3.800000e+00  6.810385e+00  1.048183e+01
     vertex  3.800000e+00  7.095380e+00  1.029104e+01
     vertex -3.800000e+00  7.095380e+00  1.029104e+01
   endloop
 endfacet
 facet normal  0.000000e+00  5.332761e-01  8.459413e-01
   outer loop
     vertex  3.800000e+00  6.520263e+00  1.066472e+01
     vertex -3.800000e+00  6.810385e+00  1.048183e+01
     vertex -3.800000e+00  6.520263e+00  1.066472e+01
   endloop
 endfacet
 facet normal  0.000000e+00  5.332761e-01  8.459413e-01
   outer loop
     vertex  3.800000e+00  6.520263e+00  1.066472e+01
     vertex  3.800000e+00  6.810385e+00  1.048183e+01
     vertex -3.800000e+00  6.810385e+00  1.048183e+01
   endloop
 endfacet
 facet normal  0.000000e+00  5.098678e-01  8.602528e-01
   outer loop
     vertex  3.800000e+00  6.225232e+00  1.083958e+01
     vertex -3.800000e+00  6.520263e+00  1.066472e+01
     vertex -3.800000e+00  6.225232e+00  1.083958e+01
   endloop
 endfacet
 facet normal  0.000000e+00  5.098678e-01  8.602528e-01
   outer loop
     vertex  3.800000e+00  6.225232e+00  1.083958e+01
     vertex  3.800000e+00  6.520263e+00  1.066472e+01
     vertex -3.800000e+00  6.520263e+00  1.066472e+01
   endloop
 endfacet
 facet normal  0.000000e+00  4.860756e-01  8.739167e-01
   outer loop
     vertex  3.800000e+00  5.925515e+00  1.100628e+01
     vertex -3.800000e+00  6.225232e+00  1.083958e+01
     vertex -3.800000e+00  5.925515e+00  1.100628e+01
   endloop
 endfacet
 facet normal  0.000000e+00  4.860756e-01  8.739167e-01
   outer loop
     vertex  3.800000e+00  5.925515e+00  1.100628e+01
     vertex  3.800000e+00  6.225232e+00  1.083958e+01
     vertex -3.800000e+00  6.225232e+00  1.083958e+01
   endloop
 endfacet
 facet normal  0.000000e+00  4.619176e-01  8.869228e-01
   outer loop
     vertex  3.800000e+00  5.621338e+00  1.116470e+01
     vertex  3.800000e+00  5.925515e+00  1.100628e+01
     vertex -3.800000e+00  5.925515e+00  1.100628e+01
   endloop
 endfacet
 facet normal  0.000000e+00  4.619176e-01  8.869228e-01
   outer loop
     vertex  3.800000e+00  5.621338e+00  1.116470e+01
     vertex -3.800000e+00  5.925515e+00  1.100628e+01
     vertex -3.800000e+00  5.621338e+00  1.116470e+01
   endloop
 endfacet
 facet normal  0.000000e+00  4.374119e-01  8.992613e-01
   outer loop
     vertex  3.800000e+00  5.312930e+00  1.131472e+01
     vertex  3.800000e+00  5.621338e+00  1.116470e+01
     vertex -3.800000e+00  5.621338e+00  1.116470e+01
   endloop
 endfacet
 facet normal  0.000000e+00  4.374119e-01  8.992613e-01
   outer loop
     vertex  3.800000e+00  5.312930e+00  1.131472e+01
     vertex -3.800000e+00  5.621338e+00  1.116470e+01
     vertex -3.800000e+00  5.312930e+00  1.131472e+01
   endloop
 endfacet
 facet normal  0.000000e+00  4.125769e-01  9.109228e-01
   outer loop
     vertex  3.800000e+00  5.000521e+00  1.145621e+01
     vertex  3.800000e+00  5.312930e+00  1.131472e+01
     vertex -3.800000e+00  5.312930e+00  1.131472e+01
   endloop
 endfacet
 facet normal  0.000000e+00  4.125769e-01  9.109228e-01
   outer loop
     vertex  3.800000e+00  5.000521e+00  1.145621e+01
     vertex -3.800000e+00  5.312930e+00  1.131472e+01
     vertex -3.800000e+00  5.000521e+00  1.145621e+01
   endloop
 endfacet
 facet normal  0.000000e+00  3.874313e-01  9.218986e-01
   outer loop
     vertex  3.800000e+00  4.684349e+00  1.158908e+01
     vertex  3.800000e+00  5.000521e+00  1.145621e+01
     vertex -3.800000e+00  5.000521e+00  1.145621e+01
   endloop
 endfacet
 facet normal  0.000000e+00  3.874313e-01  9.218986e-01
   outer loop
     vertex  3.800000e+00  4.684349e+00  1.158908e+01
     vertex -3.800000e+00  5.000521e+00  1.145621e+01
     vertex -3.800000e+00  4.684349e+00  1.158908e+01
   endloop
 endfacet
 facet normal  0.000000e+00  3.619940e-01  9.321804e-01
   outer loop
     vertex  3.800000e+00  4.364650e+00  1.171323e+01
     vertex  3.800000e+00  4.684349e+00  1.158908e+01
     vertex -3.800000e+00  4.684349e+00  1.158908e+01
   endloop
 endfacet
 facet normal  0.000000e+00  3.619940e-01  9.321804e-01
   outer loop
     vertex  3.800000e+00  4.364650e+00  1.171323e+01
     vertex -3.800000e+00  4.684349e+00  1.158908e+01
     vertex -3.800000e+00  4.364650e+00  1.171323e+01
   endloop
 endfacet
 facet normal  0.000000e+00  3.362843e-01  9.417605e-01
   outer loop
     vertex  3.800000e+00  4.041666e+00  1.182856e+01
     vertex  3.800000e+00  4.364650e+00  1.171323e+01
     vertex -3.800000e+00  4.364650e+00  1.171323e+01
   endloop
 endfacet
 facet normal  0.000000e+00  3.362843e-01  9.417605e-01
   outer loop
     vertex  3.800000e+00  4.041666e+00  1.182856e+01
     vertex -3.800000e+00  4.364650e+00  1.171323e+01
     vertex -3.800000e+00  4.041666e+00  1.182856e+01
   endloop
 endfacet
 facet normal  0.000000e+00  3.103214e-01  9.506317e-01
   outer loop
     vertex  3.800000e+00  3.715640e+00  1.193499e+01
     vertex  3.800000e+00  4.041666e+00  1.182856e+01
     vertex -3.800000e+00  4.041666e+00  1.182856e+01
   endloop
 endfacet
 facet normal  0.000000e+00  3.103214e-01  9.506317e-01
   outer loop
     vertex  3.800000e+00  3.715640e+00  1.193499e+01
     vertex -3.800000e+00  4.041666e+00  1.182856e+01
     vertex -3.800000e+00  3.715640e+00  1.193499e+01
   endloop
 endfacet
 facet normal  0.000000e+00  2.841250e-01  9.587873e-01
   outer loop
     vertex  3.800000e+00  3.386816e+00  1.203243e+01
     vertex  3.800000e+00  3.715640e+00  1.193499e+01
     vertex -3.800000e+00  3.715640e+00  1.193499e+01
   endloop
 endfacet
 facet normal  0.000000e+00  2.841250e-01  9.587873e-01
   outer loop
     vertex  3.800000e+00  3.386816e+00  1.203243e+01
     vertex -3.800000e+00  3.715640e+00  1.193499e+01
     vertex -3.800000e+00  3.386816e+00  1.203243e+01
   endloop
 endfacet
 facet normal  0.000000e+00  2.577146e-01  9.662211e-01
   outer loop
     vertex  3.800000e+00  3.055443e+00  1.212082e+01
     vertex  3.800000e+00  3.386816e+00  1.203243e+01
     vertex -3.800000e+00  3.386816e+00  1.203243e+01
   endloop
 endfacet
 facet normal  0.000000e+00  2.577146e-01  9.662211e-01
   outer loop
     vertex  3.800000e+00  3.055443e+00  1.212082e+01
     vertex -3.800000e+00  3.386816e+00  1.203243e+01
     vertex -3.800000e+00  3.055443e+00  1.212082e+01
   endloop
 endfacet
 facet normal  0.000000e+00  2.311102e-01  9.729276e-01
   outer loop
     vertex  3.800000e+00  2.721770e+00  1.220008e+01
     vertex  3.800000e+00  3.055443e+00  1.212082e+01
     vertex -3.800000e+00  3.055443e+00  1.212082e+01
   endloop
 endfacet
 facet normal  0.000000e+00  2.311102e-01  9.729276e-01
   outer loop
     vertex  3.800000e+00  2.721770e+00  1.220008e+01
     vertex -3.800000e+00  3.055443e+00  1.212082e+01
     vertex -3.800000e+00  2.721770e+00  1.220008e+01
   endloop
 endfacet
 facet normal  0.000000e+00  2.043319e-01  9.789017e-01
   outer loop
     vertex  3.800000e+00  2.386048e+00  1.227016e+01
     vertex  3.800000e+00  2.721770e+00  1.220008e+01
     vertex -3.800000e+00  2.721770e+00  1.220008e+01
   endloop
 endfacet
 facet normal  0.000000e+00  2.043319e-01  9.789017e-01
   outer loop
     vertex  3.800000e+00  2.386048e+00  1.227016e+01
     vertex -3.800000e+00  2.721770e+00  1.220008e+01
     vertex -3.800000e+00  2.386048e+00  1.227016e+01
   endloop
 endfacet
 facet normal  0.000000e+00  1.773998e-01  9.841389e-01
   outer loop
     vertex  3.800000e+00  2.048529e+00  1.233100e+01
     vertex  3.800000e+00  2.386048e+00  1.227016e+01
     vertex -3.800000e+00  2.386048e+00  1.227016e+01
   endloop
 endfacet
 facet normal  0.000000e+00  1.773998e-01  9.841389e-01
   outer loop
     vertex  3.800000e+00  2.048529e+00  1.233100e+01
     vertex -3.800000e+00  2.386048e+00  1.227016e+01
     vertex -3.800000e+00  2.048529e+00  1.233100e+01
   endloop
 endfacet
 facet normal  0.000000e+00  1.503341e-01  9.886353e-01
   outer loop
     vertex  3.800000e+00  1.709469e+00  1.238256e+01
     vertex  3.800000e+00  2.048529e+00  1.233100e+01
     vertex -3.800000e+00  2.048529e+00  1.233100e+01
   endloop
 endfacet
 facet normal  0.000000e+00  1.503341e-01  9.886353e-01
   outer loop
     vertex  3.800000e+00  1.709469e+00  1.238256e+01
     vertex -3.800000e+00  2.048529e+00  1.233100e+01
     vertex -3.800000e+00  1.709469e+00  1.238256e+01
   endloop
 endfacet
 facet normal  0.000000e+00  1.231552e-01  9.923874e-01
   outer loop
     vertex  3.800000e+00  1.369122e+00  1.242479e+01
     vertex  3.800000e+00  1.709469e+00  1.238256e+01
     vertex -3.800000e+00  1.709469e+00  1.238256e+01
   endloop
 endfacet
 facet normal  0.000000e+00  1.231552e-01  9.923874e-01
   outer loop
     vertex  3.800000e+00  1.369122e+00  1.242479e+01
     vertex -3.800000e+00  1.709469e+00  1.238256e+01
     vertex -3.800000e+00  1.369122e+00  1.242479e+01
   endloop
 endfacet
 facet normal  0.000000e+00  9.588368e-02  9.953925e-01
   outer loop
     vertex  3.800000e+00  1.027744e+00  1.245768e+01
     vertex -3.800000e+00  1.369122e+00  1.242479e+01
     vertex -3.800000e+00  1.027744e+00  1.245768e+01
   endloop
 endfacet
 facet normal  0.000000e+00  9.588368e-02  9.953925e-01
   outer loop
     vertex  3.800000e+00  1.027744e+00  1.245768e+01
     vertex  3.800000e+00  1.369122e+00  1.242479e+01
     vertex -3.800000e+00  1.369122e+00  1.242479e+01
   endloop
 endfacet
 facet normal  0.000000e+00  6.853995e-02  9.976484e-01
   outer loop
     vertex  3.800000e+00  6.855931e-01  1.248118e+01
     vertex -3.800000e+00  1.027744e+00  1.245768e+01
     vertex -3.800000e+00  6.855931e-01  1.248118e+01
   endloop
 endfacet
 facet normal  0.000000e+00  6.853995e-02  9.976484e-01
   outer loop
     vertex  3.800000e+00  6.855931e-01  1.248118e+01
     vertex  3.800000e+00  1.027744e+00  1.245768e+01
     vertex -3.800000e+00  1.027744e+00  1.245768e+01
   endloop
 endfacet
 facet normal  0.000000e+00  4.114462e-02  9.991532e-01
   outer loop
     vertex  3.800000e+00  3.429256e-01  1.249530e+01
     vertex -3.800000e+00  6.855931e-01  1.248118e+01
     vertex -3.800000e+00  3.429256e-01  1.249530e+01
   endloop
 endfacet
 facet normal  0.000000e+00  4.114462e-02  9.991532e-01
   outer loop
     vertex  3.800000e+00  3.429256e-01  1.249530e+01
     vertex  3.800000e+00  6.855931e-01  1.248118e+01
     vertex -3.800000e+00  6.855931e-01  1.248118e+01
   endloop
 endfacet
 facet normal  0.000000e+00  1.371831e-02  9.999059e-01
   outer loop
     vertex  3.800000e+00  3.061617e-15  1.250000e+01
     vertex  3.800000e+00  3.429256e-01  1.249530e+01
     vertex -3.800000e+00  3.429256e-01  1.249530e+01
   endloop
 endfacet
 facet normal  0.000000e+00  1.371831e-02  9.999059e-01
   outer loop
     vertex  3.800000e+00  3.061617e-15  1.250000e+01
     vertex -3.800000e+00  3.429256e-01  1.249530e+01
     vertex -3.800000e+00  3.061617e-15  1.250000e+01
   endloop
 endfacet
 facet normal  1.000000e+00  0.000000e+00  0.000000e+00
   outer loop
     vertex  3.800000e+00  6.958690e+00 -7.006587e+00
     vertex  3.800000e+00  8.561838e+00 -9.107411e+00
     vertex  3.800000e+00  8.808468e+00 -8.869097e+00
   endloop
 endfacet
 facet normal  1.000000e+00  0.000000e+00  0.000000e+00
   outer loop
     vertex  3.800000e+00  7.148290e+00 -6.813045e+00
     vertex  3.800000e+00  6.958690e+00 -7.006587e+00
     vertex  3.800000e+00  8.808468e+00 -8.869097e+00
   endloop
 endfacet
 facet normal  1.000000e+00  0.000000e+00  0.000000e+00
   outer loop
     vertex  3.800000e+00  7.148290e+00 -6.813045e+00
     vertex  3.800000e+00  8.808468e+00 -8.869097e+00
     vertex  3.800000e+00  9.048468e+00 -8.624107e+00
   endloop
 endfacet
 facet normal  1.000000e+00 -0.000000e+00  0.000000e+00
   outer loop
     vertex  3.800000e+00  6.763852e+00 -7.194855e+00
     vertex  3.800000e+00  8.561838e+00 -9.107411e+00
     vertex  3.800000e+00  6.958690e+00 -7.006587e+00
   endloop
 endfacet
 facet normal  1.000000e+00  0.000000e+00  0.000000e+00
   outer loop
     vertex  3.800000e+00  7.332509e+00 -6.614374e+00
     vertex  3.800000e+00  9.048468e+00 -8.624107e+00
     vertex  3.800000e+00  9.281657e+00 -8.372625e+00
   endloop
 endfacet
 facet normal  1.000000e+00  0.000000e+00  0.000000e+00
   outer loop
     vertex  3.800000e+00  7.332509e+00 -6.614374e+00
     vertex  3.800000e+00  7.148290e+00 -6.813045e+00
     vertex  3.800000e+00  9.048468e+00 -8.624107e+00
   endloop
 endfacet
 facet normal  1.000000e+00  0.000000e+00  0.000000e+00
   outer loop
     vertex  3.800000e+00  6.563922e+00 -7.377706e+00
     vertex  3.800000e+00  8.308762e+00 -9.338869e+00
     vertex  3.800000e+00  8.561838e+00 -9.107411e+00
   endloop
 endfacet
 facet normal  1.000000e+00 -0.000000e+00  0.000000e+00
   outer loop
     vertex  3.800000e+00  6.563922e+00 -7.377706e+00
     vertex  3.800000e+00  8.561838e+00 -9.107411e+00
     vertex  3.800000e+00  6.763852e+00 -7.194855e+00
   endloop
 endfacet
 facet normal  1.000000e+00  0.000000e+00  0.000000e+00
   outer loop
     vertex  3.800000e+00  7.511208e+00 -6.410724e+00
     vertex  3.800000e+00  9.281657e+00 -8.372625e+00
     vertex  3.800000e+00  9.507858e+00 -8.114840e+00
   endloop
 endfacet
 facet normal  1.000000e+00  0.000000e+00  0.000000e+00
   outer loop
     vertex  3.800000e+00  7.511208e+00 -6.410724e+00
     vertex  3.800000e+00  9.507858e+00 -8.114840e+00
     vertex  3.800000e+00  9.726903e+00 -7.850947e+00
   endloop
 endfacet
 facet normal  1.000000e+00  0.000000e+00  0.000000e+00
   outer loop
     vertex  3.800000e+00  7.511208e+00 -6.410724e+00
     vertex  3.800000e+00  7.332509e+00 -6.614374e+00
     vertex  3.800000e+00  9.281657e+00 -8.372625e+00
   endloop
 endfacet
 facet normal  1.000000e+00 -0.000000e+00  0.000000e+00
   outer loop
     vertex  3.800000e+00  6.359051e+00 -7.555005e+00
     vertex  3.800000e+00  8.308762e+00 -9.338869e+00
     vertex  3.800000e+00  6.563922e+00 -7.377706e+00
   endloop
 endfacet
 facet normal  1.000000e+00  0.000000e+00  0.000000e+00
   outer loop
     vertex  3.800000e+00  6.359051e+00 -7.555005e+00
     vertex  3.800000e+00  7.784042e+00 -9.780526e+00
     vertex  3.800000e+00  8.049432e+00 -9.563297e+00
   endloop
 endfacet
 facet normal  1.000000e+00  0.000000e+00  0.000000e+00
   outer loop
     vertex  3.800000e+00  6.359051e+00 -7.555005e+00
     vertex  3.800000e+00  8.049432e+00 -9.563297e+00
     vertex  3.800000e+00  8.308762e+00 -9.338869e+00
   endloop
 endfacet
 facet normal  1.000000e+00  0.000000e+00  0.000000e+00
   outer loop
     vertex  3.800000e+00  7.684253e+00 -6.202248e+00
     vertex  3.800000e+00  9.726903e+00 -7.850947e+00
     vertex  3.800000e+00  9.938625e+00 -7.581144e+00
   endloop
 endfacet
 facet normal  1.000000e+00  0.000000e+00  0.000000e+00
   outer loop
     vertex  3.800000e+00  7.684253e+00 -6.202248e+00
     vertex  3.800000e+00  7.511208e+00 -6.410724e+00
     vertex  3.800000e+00  9.726903e+00 -7.850947e+00
   endloop
 endfacet
 facet normal  1.000000e+00 -0.000000e+00  0.000000e+00
   outer loop
     vertex  3.800000e+00  6.149393e+00 -7.726615e+00
     vertex  3.800000e+00  7.784042e+00 -9.780526e+00
     vertex  3.800000e+00  6.359051e+00 -7.555005e+00
   endloop
 endfacet
 facet normal  1.000000e+00  0.000000e+00  0.000000e+00
   outer loop
     vertex  3.800000e+00  7.851514e+00 -5.989103e+00
     vertex  3.800000e+00  7.684253e+00 -6.202248e+00
     vertex  3.800000e+00  9.938625e+00 -7.581144e+00
   endloop
 endfacet
 facet normal  1.000000e+00  0.000000e+00  0.000000e+00
   outer loop
     vertex  3.800000e+00  5.935106e+00 -7.892410e+00
     vertex  3.800000e+00  7.512793e+00 -9.990392e+00
     vertex  3.800000e+00  7.784042e+00 -9.780526e+00
   endloop
 endfacet
 facet normal  1.000000e+00 -0.000000e+00  0.000000e+00
   outer loop
     vertex  3.800000e+00  5.935106e+00 -7.892410e+00
     vertex  3.800000e+00  7.784042e+00 -9.780526e+00
     vertex  3.800000e+00  6.149393e+00 -7.726615e+00
   endloop
 endfacet
 facet normal  1.000000e+00  0.000000e+00  0.000000e+00
   outer loop
     vertex  3.800000e+00  8.012864e+00 -5.771450e+00
     vertex  3.800000e+00  9.938625e+00 -7.581144e+00
     vertex  3.800000e+00  1.014287e+01 -7.305633e+00
   endloop
 endfacet
 facet normal  1.000000e+00  0.000000e+00  0.000000e+00
   outer loop
     vertex  3.800000e+00  8.012864e+00 -5.771450e+00
     vertex  3.800000e+00  7.851514e+00 -5.989103e+00
     vertex  3.800000e+00  9.938625e+00 -7.581144e+00
   endloop
 endfacet
 facet normal  1.000000e+00 -0.000000e+00  0.000000e+00
   outer loop
     vertex  3.800000e+00  5.716352e+00 -8.052263e+00
     vertex  3.800000e+00  7.512793e+00 -9.990392e+00
     vertex  3.800000e+00  5.935106e+00 -7.892410e+00
   endloop
 endfacet
 facet normal  1.000000e+00  0.000000e+00  0.000000e+00
   outer loop
     vertex  3.800000e+00  5.716352e+00 -8.052263e+00
     vertex  3.800000e+00  7.235888e+00 -1.019274e+01
     vertex  3.800000e+00  7.512793e+00 -9.990392e+00
   endloop
 endfacet
 facet normal  1.000000e+00  0.000000e+00  0.000000e+00
   outer loop
     vertex  3.800000e+00  8.168182e+00 -5.549453e+00
     vertex  3.800000e+00  1.014287e+01 -7.305633e+00
     vertex  3.800000e+00  1.033947e+01 -7.024624e+00
   endloop
 endfacet
 facet normal  1.000000e+00  0.000000e+00  0.000000e+00
   outer loop
     vertex  3.800000e+00  8.168182e+00 -5.549453e+00
     vertex  3.800000e+00  1.033947e+01 -7.024624e+00
     vertex  3.800000e+00  1.052829e+01 -6.738326e+00
   endloop
 endfacet
 facet normal  1.000000e+00  0.000000e+00  0.000000e+00
   outer loop
     vertex  3.800000e+00  8.168182e+00 -5.549453e+00
     vertex  3.800000e+00  8.012864e+00 -5.771450e+00
     vertex  3.800000e+00  1.014287e+01 -7.305633e+00
   endloop
 endfacet
 facet normal  1.000000e+00 -0.000000e+00  0.000000e+00
   outer loop
     vertex  3.800000e+00  5.493294e+00 -8.206055e+00
     vertex  3.800000e+00  7.235888e+00 -1.019274e+01
     vertex  3.800000e+00  5.716352e+00 -8.052263e+00
   endloop
 endfacet
 facet normal  1.000000e+00  0.000000e+00  0.000000e+00
   outer loop
     vertex  3.800000e+00  5.493294e+00 -8.206055e+00
     vertex  3.800000e+00  6.953537e+00 -1.038741e+01
     vertex  3.800000e+00  7.235888e+00 -1.019274e+01
   endloop
 endfacet
 facet normal  1.000000e+00  0.000000e+00  0.000000e+00
   outer loop
     vertex  3.800000e+00  8.317352e+00 -5.323278e+00
     vertex  3.800000e+00  8.168182e+00 -5.549453e+00
     vertex  3.800000e+00  1.052829e+01 -6.738326e+00
   endloop
 endfacet
 facet normal  1.000000e+00 -0.000000e+00  0.000000e+00
   outer loop
     vertex  3.800000e+00  5.266101e+00 -8.353670e+00
     vertex  3.800000e+00  6.953537e+00 -1.038741e+01
     vertex  3.800000e+00  5.493294e+00 -8.206055e+00
   endloop
 endfacet
 facet normal  1.000000e+00  0.000000e+00  0.000000e+00
   outer loop
     vertex  3.800000e+00  5.266101e+00 -8.353670e+00
     vertex  3.800000e+00  6.665951e+00 -1.057427e+01
     vertex  3.800000e+00  6.953537e+00 -1.038741e+01
   endloop
 endfacet
 facet normal  1.000000e+00  0.000000e+00  0.000000e+00
   outer loop
     vertex  3.800000e+00  8.460260e+00 -5.093096e+00
     vertex  3.800000e+00  1.052829e+01 -6.738326e+00
     vertex  3.800000e+00  1.070919e+01 -6.446956e+00
   endloop
 endfacet
 facet normal  1.000000e+00  0.000000e+00  0.000000e+00
   outer loop
     vertex  3.800000e+00  8.460260e+00 -5.093096e+00
     vertex  3.800000e+00  8.317352e+00 -5.323278e+00
     vertex  3.800000e+00  1.052829e+01 -6.738326e+00
   endloop
 endfacet
 facet normal  1.000000e+00 -0.000000e+00  0.000000e+00
   outer loop
     vertex  3.800000e+00  5.034944e+00 -8.494996e+00
     vertex  3.800000e+00  6.665951e+00 -1.057427e+01
     vertex  3.800000e+00  5.266101e+00 -8.353670e+00
   endloop
 endfacet
 facet normal  1.000000e+00  0.000000e+00  0.000000e+00
   outer loop
     vertex  3.800000e+00  5.034944e+00 -8.494996e+00
     vertex  3.800000e+00  6.373347e+00 -1.075316e+01
     vertex  3.800000e+00  6.665951e+00 -1.057427e+01
   endloop
 endfacet
 facet normal  1.000000e+00  0.000000e+00  0.000000e+00
   outer loop
     vertex  3.800000e+00  8.596800e+00 -4.859079e+00
     vertex  3.800000e+00  1.070919e+01 -6.446956e+00
     vertex  3.800000e+00  1.088203e+01 -6.150733e+00
   endloop
 endfacet
 facet normal  1.000000e+00  0.000000e+00  0.000000e+00
   outer loop
     vertex  3.800000e+00  8.596800e+00 -4.859079e+00
     vertex  3.800000e+00  8.460260e+00 -5.093096e+00
     vertex  3.800000e+00  1.070919e+01 -6.446956e+00
   endloop
 endfacet
 facet normal  1.000000e+00 -0.000000e+00  0.000000e+00
   outer loop
     vertex  3.800000e+00  4.799997e+00 -8.629928e+00
     vertex  3.800000e+00  6.373347e+00 -1.075316e+01
     vertex  3.800000e+00  5.034944e+00 -8.494996e+00
   endloop
 endfacet
 facet normal  1.000000e+00  0.000000e+00  0.000000e+00
   outer loop
     vertex  3.800000e+00  4.799997e+00 -8.629928e+00
     vertex  3.800000e+00  6.075945e+00 -1.092396e+01
     vertex  3.800000e+00  6.373347e+00 -1.075316e+01
   endloop
 endfacet
 facet normal  1.000000e+00  0.000000e+00  0.000000e+00
   outer loop
     vertex  3.800000e+00  8.726869e+00 -4.621406e+00
     vertex  3.800000e+00  1.088203e+01 -6.150733e+00
     vertex  3.800000e+00  1.104667e+01 -5.849880e+00
   endloop
 endfacet
 facet normal  1.000000e+00  0.000000e+00  0.000000e+00
   outer loop
     vertex  3.800000e+00  8.726869e+00 -4.621406e+00
     vertex  3.800000e+00  8.596800e+00 -4.859079e+00
     vertex  3.800000e+00  1.088203e+01 -6.150733e+00
   endloop
 endfacet
 facet normal  1.000000e+00  0.000000e+00  0.000000e+00
   outer loop
     vertex  3.800000e+00  4.561436e+00 -8.758363e+00
     vertex  3.800000e+00  5.773970e+00 -1.108654e+01
     vertex  3.800000e+00  6.075945e+00 -1.092396e+01
   endloop
 endfacet
 facet normal  1.000000e+00 -0.000000e+00  0.000000e+00
   outer loop
     vertex  3.800000e+00  4.561436e+00 -8.758363e+00
     vertex  3.800000e+00  6.075945e+00 -1.092396e+01
     vertex  3.800000e+00  4.799997e+00 -8.629928e+00
   endloop
 endfacet
 facet normal  1.000000e+00  0.000000e+00  0.000000e+00
   outer loop
     vertex  3.800000e+00  8.850368e+00 -4.380253e+00
     vertex  3.800000e+00  1.104667e+01 -5.849880e+00
     vertex  3.800000e+00  1.120300e+01 -5.544624e+00
   endloop
 endfacet
 facet normal  1.000000e+00  0.000000e+00  0.000000e+00
   outer loop
     vertex  3.800000e+00  8.850368e+00 -4.380253e+00
     vertex  3.800000e+00  8.726869e+00 -4.621406e+00
     vertex  3.800000e+00  1.104667e+01 -5.849880e+00
   endloop
 endfacet
 facet normal  1.000000e+00  0.000000e+00  0.000000e+00
   outer loop
     vertex  3.800000e+00  4.319442e+00 -8.880205e+00
     vertex  3.800000e+00  5.157211e+00 -1.138653e+01
     vertex  3.800000e+00  5.467648e+00 -1.124077e+01
   endloop
 endfacet
 facet normal  1.000000e+00  0.000000e+00  0.000000e+00
   outer loop
     vertex  3.800000e+00  4.319442e+00 -8.880205e+00
     vertex  3.800000e+00  5.467648e+00 -1.124077e+01
     vertex  3.800000e+00  5.773970e+00 -1.108654e+01
   endloop
 endfacet
 facet normal  1.000000e+00 -0.000000e+00  0.000000e+00
   outer loop
     vertex  3.800000e+00  4.319442e+00 -8.880205e+00
     vertex  3.800000e+00  5.773970e+00 -1.108654e+01
     vertex  3.800000e+00  4.561436e+00 -8.758363e+00
   endloop
 endfacet
 facet normal  1.000000e+00  0.000000e+00  0.000000e+00
   outer loop
     vertex  3.800000e+00  8.967205e+00 -4.135803e+00
     vertex  3.800000e+00  1.120300e+01 -5.544624e+00
     vertex  3.800000e+00  1.135089e+01 -5.235193e+00
   endloop
 endfacet
 facet normal  1.000000e+00  0.000000e+00  0.000000e+00
   outer loop
     vertex  3.800000e+00  8.967205e+00 -4.135803e+00
     vertex  3.800000e+00  1.135089e+01 -5.235193e+00
     vertex  3.800000e+00  1.149024e+01 -4.921822e+00
   endloop
 endfacet
 facet normal  1.000000e+00  0.000000e+00  0.000000e+00
   outer loop
     vertex  3.800000e+00  8.967205e+00 -4.135803e+00
     vertex  3.800000e+00  8.850368e+00 -4.380253e+00
     vertex  3.800000e+00  1.120300e+01 -5.544624e+00
   endloop
 endfacet
 facet normal  1.000000e+00 -0.000000e+00  0.000000e+00
   outer loop
     vertex  3.800000e+00  4.074196e+00 -8.995363e+00
     vertex  3.800000e+00  5.157211e+00 -1.138653e+01
     vertex  3.800000e+00  4.319442e+00 -8.880205e+00
   endloop
 endfacet
 facet normal  1.000000e+00  0.000000e+00  0.000000e+00
   outer loop
     vertex  3.800000e+00  9.077291e+00 -3.888239e+00
     vertex  3.800000e+00  8.967205e+00 -4.135803e+00
     vertex  3.800000e+00  1.149024e+01 -4.921822e+00
   endloop
 endfacet
 facet normal  1.000000e+00  0.000000e+00  0.000000e+00
   outer loop
     vertex  3.800000e+00  3.825884e+00 -9.103749e+00
     vertex  3.800000e+00  4.842891e+00 -1.152373e+01
     vertex  3.800000e+00  5.157211e+00 -1.138653e+01
   endloop
 endfacet
 facet normal  1.000000e+00 -0.000000e+00  0.000000e+00
   outer loop
     vertex  3.800000e+00  3.825884e+00 -9.103749e+00
     vertex  3.800000e+00  5.157211e+00 -1.138653e+01
     vertex  3.800000e+00  4.074196e+00 -8.995363e+00
   endloop
 endfacet
 facet normal  1.000000e+00  0.000000e+00  0.000000e+00
   outer loop
     vertex  3.800000e+00  9.180545e+00 -3.637749e+00
     vertex  3.800000e+00  9.077291e+00 -3.888239e+00
     vertex  3.800000e+00  1.149024e+01 -4.921822e+00
   endloop
 endfacet
 facet normal  1.000000e+00  0.000000e+00  0.000000e+00
   outer loop
     vertex  3.800000e+00  9.180545e+00 -3.637749e+00
     vertex  3.800000e+00  1.149024e+01 -4.921822e+00
     vertex  3.800000e+00  1.162094e+01 -4.604746e+00
   endloop
 endfacet
 facet normal  1.000000e+00  0.000000e+00  0.000000e+00
   outer loop
     vertex  3.800000e+00  3.574691e+00 -9.205282e+00
     vertex  3.800000e+00  4.203554e+00 -1.177201e+01
     vertex  3.800000e+00  4.524925e+00 -1.165226e+01
   endloop
 endfacet
 facet normal  1.000000e+00  0.000000e+00  0.000000e+00
   outer loop
     vertex  3.800000e+00  3.574691e+00 -9.205282e+00
     vertex  3.800000e+00  4.524925e+00 -1.165226e+01
     vertex  3.800000e+00  4.842891e+00 -1.152373e+01
   endloop
 endfacet
 facet normal  1.000000e+00 -0.000000e+00  0.000000e+00
   outer loop
     vertex  3.800000e+00  3.574691e+00 -9.205282e+00
     vertex  3.800000e+00  4.842891e+00 -1.152373e+01
     vertex  3.800000e+00  3.825884e+00 -9.103749e+00
   endloop
 endfacet
 facet normal  1.000000e+00  0.000000e+00  0.000000e+00
   outer loop
     vertex  3.800000e+00  9.276888e+00 -3.384520e+00
     vertex  3.800000e+00  9.180545e+00 -3.637749e+00
     vertex  3.800000e+00  1.162094e+01 -4.604746e+00
   endloop
 endfacet
 facet normal  1.000000e+00  0.000000e+00  0.000000e+00
   outer loop
     vertex  3.800000e+00  9.276888e+00 -3.384520e+00
     vertex  3.800000e+00  1.162094e+01 -4.604746e+00
     vertex  3.800000e+00  1.174290e+01 -4.284203e+00
   endloop
 endfacet
 facet normal  1.000000e+00  0.000000e+00  0.000000e+00
   outer loop
     vertex  3.800000e+00  9.276888e+00 -3.384520e+00
     vertex  3.800000e+00  1.174290e+01 -4.284203e+00
     vertex  3.800000e+00  1.185601e+01 -3.960435e+00
   endloop
 endfacet
 facet normal  1.000000e+00 -0.000000e+00  0.000000e+00
   outer loop
     vertex  3.800000e+00  3.320808e+00 -9.299885e+00
     vertex  3.800000e+00  4.203554e+00 -1.177201e+01
     vertex  3.800000e+00  3.574691e+00 -9.205282e+00
   endloop
 endfacet
 facet normal  1.000000e+00  0.000000e+00  0.000000e+00
   outer loop
     vertex  3.800000e+00  9.366247e+00 -3.128744e+00
     vertex  3.800000e+00  1.185601e+01 -3.960435e+00
     vertex  3.800000e+00  1.196020e+01 -3.633686e+00
   endloop
 endfacet
 facet normal  1.000000e+00  0.000000e+00  0.000000e+00
   outer loop
     vertex  3.800000e+00  9.366247e+00 -3.128744e+00
     vertex  3.800000e+00  9.276888e+00 -3.384520e+00
     vertex  3.800000e+00  1.185601e+01 -3.960435e+00
   endloop
 endfacet
 facet normal  1.000000e+00  0.000000e+00  0.000000e+00
   outer loop
     vertex  3.800000e+00  3.064424e+00 -9.387488e+00
     vertex  3.800000e+00  3.879018e+00 -1.188290e+01
     vertex  3.800000e+00  4.203554e+00 -1.177201e+01
   endloop
 endfacet
 facet normal  1.000000e+00 -0.000000e+00  0.000000e+00
   outer loop
     vertex  3.800000e+00  3.064424e+00 -9.387488e+00
     vertex  3.800000e+00  4.203554e+00 -1.177201e+01
     vertex  3.800000e+00  3.320808e+00 -9.299885e+00
   endloop
 endfacet
 facet normal  1.000000e+00  0.000000e+00  0.000000e+00
   outer loop
     vertex  3.800000e+00  9.448556e+00 -2.870612e+00
     vertex  3.800000e+00  9.366247e+00 -3.128744e+00
     vertex  3.800000e+00  1.196020e+01 -3.633686e+00
   endloop
 endfacet
 facet normal  1.000000e+00  0.000000e+00  0.000000e+00
   outer loop
     vertex  3.800000e+00  2.805734e+00 -9.468024e+00
     vertex  3.800000e+00  3.551562e+00 -1.198484e+01
     vertex  3.800000e+00  3.879018e+00 -1.188290e+01
   endloop
 endfacet
 facet normal  1.000000e+00 -0.000000e+00  0.000000e+00
   outer loop
     vertex  3.800000e+00  2.805734e+00 -9.468024e+00
     vertex  3.800000e+00  3.879018e+00 -1.188290e+01
     vertex  3.800000e+00  3.064424e+00 -9.387488e+00
   endloop
 endfacet
 facet normal  1.000000e+00  0.000000e+00  0.000000e+00
   outer loop
     vertex  3.800000e+00  9.523752e+00 -2.610320e+00
     vertex  3.800000e+00  9.448556e+00 -2.870612e+00
     vertex  3.800000e+00  1.196020e+01 -3.633686e+00
   endloop
 endfacet
 facet normal  1.000000e+00  0.000000e+00  0.000000e+00
   outer loop
     vertex  3.800000e+00  9.523752e+00 -2.610320e+00
     vertex  3.800000e+00  1.196020e+01 -3.633686e+00
     vertex  3.800000e+00  1.205538e+01 -3.304202e+00
   endloop
 endfacet
 facet normal  1.000000e+00  0.000000e+00  0.000000e+00
   outer loop
     vertex  3.800000e+00  2.544932e+00 -9.541433e+00
     vertex  3.800000e+00  3.221433e+00 -1.207776e+01
     vertex  3.800000e+00  3.551562e+00 -1.198484e+01
   endloop
 endfacet
 facet normal  1.000000e+00 -0.000000e+00  0.000000e+00
   outer loop
     vertex  3.800000e+00  2.544932e+00 -9.541433e+00
     vertex  3.800000e+00  3.551562e+00 -1.198484e+01
     vertex  3.800000e+00  2.805734e+00 -9.468024e+00
   endloop
 endfacet
 facet normal  1.000000e+00  0.000000e+00  0.000000e+00
   outer loop
     vertex  3.800000e+00  9.591779e+00 -2.348062e+00
     vertex  3.800000e+00  9.523752e+00 -2.610320e+00
     vertex  3.800000e+00  1.205538e+01 -3.304202e+00
   endloop
 endfacet
 facet normal  1.000000e+00  0.000000e+00  0.000000e+00
   outer loop
     vertex  3.800000e+00  9.591779e+00 -2.348062e+00
     vertex  3.800000e+00  1.205538e+01 -3.304202e+00
     vertex  3.800000e+00  1.214149e+01 -2.972230e+00
   endloop
 endfacet
 facet normal  1.000000e+00  0.000000e+00  0.000000e+00
   outer loop
     vertex  3.800000e+00  9.591779e+00 -2.348062e+00
     vertex  3.800000e+00  1.214149e+01 -2.972230e+00
     vertex  3.800000e+00  1.221846e+01 -2.638021e+00
   endloop
 endfacet
 facet normal  1.000000e+00  0.000000e+00  0.000000e+00
   outer loop
     vertex  3.800000e+00  2.282214e+00 -9.607660e+00
     vertex  3.800000e+00  2.888878e+00 -1.216159e+01
     vertex  3.800000e+00  3.221433e+00 -1.207776e+01
   endloop
 endfacet
 facet normal  1.000000e+00 -0.000000e+00  0.000000e+00
   outer loop
     vertex  3.800000e+00  2.282214e+00 -9.607660e+00
     vertex  3.800000e+00  3.221433e+00 -1.207776e+01
     vertex  3.800000e+00  2.544932e+00 -9.541433e+00
   endloop
 endfacet
 facet normal  1.000000e+00  0.000000e+00  0.000000e+00
   outer loop
     vertex  3.800000e+00  9.652586e+00 -2.084037e+00
     vertex  3.800000e+00  9.591779e+00 -2.348062e+00
     vertex  3.800000e+00  1.221846e+01 -2.638021e+00
   endloop
 endfacet
 facet normal  1.000000e+00  0.000000e+00  0.000000e+00
   outer loop
     vertex  3.800000e+00  2.017778e+00 -9.666654e+00
     vertex  3.800000e+00  2.554149e+00 -1.223627e+01
     vertex  3.800000e+00  2.888878e+00 -1.216159e+01
   endloop
 endfacet
 facet normal  1.000000e+00 -0.000000e+00  0.000000e+00
   outer loop
     vertex  3.800000e+00  2.017778e+00 -9.666654e+00
     vertex  3.800000e+00  2.888878e+00 -1.216159e+01
     vertex  3.800000e+00  2.282214e+00 -9.607660e+00
   endloop
 endfacet
 facet normal  1.000000e+00  0.000000e+00  0.000000e+00
   outer loop
     vertex  3.800000e+00  9.706126e+00 -1.818443e+00
     vertex  3.800000e+00  1.221846e+01 -2.638021e+00
     vertex  3.800000e+00  1.228624e+01 -2.301827e+00
   endloop
 endfacet
 facet normal  1.000000e+00  0.000000e+00  0.000000e+00
   outer loop
     vertex  3.800000e+00  9.706126e+00 -1.818443e+00
     vertex  3.800000e+00  9.652586e+00 -2.084037e+00
     vertex  3.800000e+00  1.221846e+01 -2.638021e+00
   endloop
 endfacet
 facet normal  1.000000e+00  0.000000e+00  0.000000e+00
   outer loop
     vertex  3.800000e+00  1.751823e+00 -9.718371e+00
     vertex  3.800000e+00  2.217497e+00 -1.230174e+01
     vertex  3.800000e+00  2.554149e+00 -1.223627e+01
   endloop
 endfacet
 facet normal  1.000000e+00 -0.000000e+00  0.000000e+00
   outer loop
     vertex  3.800000e+00  1.751823e+00 -9.718371e+00
     vertex  3.800000e+00  2.554149e+00 -1.223627e+01
     vertex  3.800000e+00  2.017778e+00 -9.666654e+00
   endloop
 endfacet
 facet normal  1.000000e+00  0.000000e+00  0.000000e+00
   outer loop
     vertex  3.800000e+00  9.752360e+00 -1.551480e+00
     vertex  3.800000e+00  9.706126e+00 -1.818443e+00
     vertex  3.800000e+00  1.228624e+01 -2.301827e+00
   endloop
 endfacet
 facet normal  1.000000e+00  0.000000e+00  0.000000e+00
   outer loop
     vertex  3.800000e+00  9.752360e+00 -1.551480e+00
     vertex  3.800000e+00  1.228624e+01 -2.301827e+00
     vertex  3.800000e+00  1.234476e+01 -1.963899e+00
   endloop
 endfacet
 facet normal  1.000000e+00  0.000000e+00  0.000000e+00
   outer loop
     vertex  3.800000e+00  9.752360e+00 -1.551480e+00
     vertex  3.800000e+00  1.234476e+01 -1.963899e+00
     vertex  3.800000e+00  1.239399e+01 -1.624493e+00
   endloop
 endfacet
 facet normal  1.000000e+00  0.000000e+00  0.000000e+00
   outer loop
     vertex  3.800000e+00  1.484549e+00 -9.762773e+00
     vertex  3.800000e+00  1.539441e+00 -1.240484e+01
     vertex  3.800000e+00  1.879176e+00 -1.235794e+01
   endloop
 endfacet
 facet normal  1.000000e+00  0.000000e+00  0.000000e+00
   outer loop
     vertex  3.800000e+00  1.484549e+00 -9.762773e+00
     vertex  3.800000e+00  1.879176e+00 -1.235794e+01
     vertex  3.800000e+00  2.217497e+00 -1.230174e+01
   endloop
 endfacet
 facet normal  1.000000e+00 -0.000000e+00  0.000000e+00
   outer loop
     vertex  3.800000e+00  1.484549e+00 -9.762773e+00
     vertex  3.800000e+00  2.217497e+00 -1.230174e+01
     vertex  3.800000e+00  1.751823e+00 -9.718371e+00
   endloop
 endfacet
 facet normal  1.000000e+00  0.000000e+00  0.000000e+00
   outer loop
     vertex  3.800000e+00  9.791253e+00 -1.283350e+00
     vertex  3.800000e+00  9.752360e+00 -1.551480e+00
     vertex  3.800000e+00  1.239399e+01 -1.624493e+00
   endloop
 endfacet
 facet normal  1.000000e+00  0.000000e+00  0.000000e+00
   outer loop
     vertex  3.800000e+00  1.216158e+00 -9.799826e+00
     vertex  3.800000e+00  1.198546e+00 -1.244241e+01
     vertex  3.800000e+00  1.539441e+00 -1.240484e+01
   endloop
 endfacet
 facet normal  1.000000e+00 -0.000000e+00  0.000000e+00
   outer loop
     vertex  3.800000e+00  1.216158e+00 -9.799826e+00
     vertex  3.800000e+00  1.539441e+00 -1.240484e+01
     vertex  3.800000e+00  1.484549e+00 -9.762773e+00
   endloop
 endfacet
 facet normal  1.000000e+00  0.000000e+00  0.000000e+00
   outer loop
     vertex  3.800000e+00  9.822775e+00 -1.014253e+00
     vertex  3.800000e+00  9.791253e+00 -1.283350e+00
     vertex  3.800000e+00  1.239399e+01 -1.624493e+00
   endloop
 endfacet
 facet normal  1.000000e+00  0.000000e+00  0.000000e+00
   outer loop
     vertex  3.800000e+00  9.822775e+00 -1.014253e+00
     vertex  3.800000e+00  1.239399e+01 -1.624493e+00
     vertex  3.800000e+00  1.243389e+01 -1.283864e+00
   endloop
 endfacet
 facet normal  1.000000e+00 -0.000000e+00  0.000000e+00
   outer loop
     vertex  3.800000e+00  9.468514e-01 -9.829501e+00
     vertex  3.800000e+00  1.198546e+00 -1.244241e+01
     vertex  3.800000e+00  1.216158e+00 -9.799826e+00
   endloop
 endfacet
 facet normal  1.000000e+00  0.000000e+00  0.000000e+00
   outer loop
     vertex  3.800000e+00  9.846903e+00 -7.443926e-01
     vertex  3.800000e+00  1.243389e+01 -1.283864e+00
     vertex  3.800000e+00  1.246443e+01 -9.422691e-01
   endloop
 endfacet
 facet normal  1.000000e+00  0.000000e+00  0.000000e+00
   outer loop
     vertex  3.800000e+00  9.846903e+00 -7.443926e-01
     vertex  3.800000e+00  9.822775e+00 -1.014253e+00
     vertex  3.800000e+00  1.243389e+01 -1.283864e+00
   endloop
 endfacet
 facet normal  1.000000e+00  0.000000e+00  0.000000e+00
   outer loop
     vertex  3.800000e+00  6.768320e-01 -9.851778e+00
     vertex  3.800000e+00  8.567494e-01 -1.247060e+01
     vertex  3.800000e+00  1.198546e+00 -1.244241e+01
   endloop
 endfacet
 facet normal  1.000000e+00 -0.000000e+00  0.000000e+00
   outer loop
     vertex  3.800000e+00  6.768320e-01 -9.851778e+00
     vertex  3.800000e+00  1.198546e+00 -1.244241e+01
     vertex  3.800000e+00  9.468514e-01 -9.829501e+00
   endloop
 endfacet
 facet normal  1.000000e+00  0.000000e+00  0.000000e+00
   outer loop
     vertex  3.800000e+00  9.863619e+00 -4.739720e-01
     vertex  3.800000e+00  9.846903e+00 -7.443926e-01
     vertex  3.800000e+00  1.246443e+01 -9.422691e-01
   endloop
 endfacet
 facet normal  1.000000e+00  0.000000e+00  0.000000e+00
   outer loop
     vertex  3.800000e+00  9.863619e+00 -4.739720e-01
     vertex  3.800000e+00  1.246443e+01 -9.422691e-01
     vertex  3.800000e+00  1.248559e+01 -5.999645e-01
   endloop
 endfacet
 facet normal  1.000000e+00 -0.000000e+00  0.000000e+00
   outer loop
     vertex  3.800000e+00  9.863619e+00 -4.739720e-01
     vertex  3.800000e+00  1.248559e+01 -5.999645e-01
     vertex  3.800000e+00  1.249735e+01 -2.572083e-01
   endloop
 endfacet
 facet normal  1.000000e+00  0.000000e+00  0.000000e+00
   outer loop
     vertex  3.800000e+00  4.063031e-01 -9.866638e+00
     vertex  3.800000e+00  5.143077e-01 -1.248942e+01
     vertex  3.800000e+00  8.567494e-01 -1.247060e+01
   endloop
 endfacet
 facet normal  1.000000e+00 -0.000000e+00  0.000000e+00
   outer loop
     vertex  3.800000e+00  4.063031e-01 -9.866638e+00
     vertex  3.800000e+00  8.567494e-01 -1.247060e+01
     vertex  3.800000e+00  6.768320e-01 -9.851778e+00
   endloop
 endfacet
 facet normal  1.000000e+00  0.000000e+00  0.000000e+00
   outer loop
     vertex  3.800000e+00  9.872909e+00 -2.031946e-01
     vertex  3.800000e+00  9.863619e+00 -4.739720e-01
     vertex  3.800000e+00  1.249735e+01 -2.572083e-01
   endloop
 endfacet
 facet normal  1.000000e+00  0.000000e+00  0.000000e+00
   outer loop
     vertex  3.800000e+00  1.354684e-01 -9.874071e+00
     vertex  3.800000e+00 -1.714789e-01 -1.249882e+01
     vertex  3.800000e+00  1.714789e-01 -1.249882e+01
   endloop
 endfacet
 facet normal  1.000000e+00  0.000000e+00  0.000000e+00
   outer loop
     vertex  3.800000e+00  1.354684e-01 -9.874071e+00
     vertex  3.800000e+00  1.714789e-01 -1.249882e+01
     vertex  3.800000e+00  5.143077e-01 -1.248942e+01
   endloop
 endfacet
 facet normal  1.000000e+00 -0.000000e+00  0.000000e+00
   outer loop
     vertex  3.800000e+00  1.354684e-01 -9.874071e+00
     vertex  3.800000e+00  5.143077e-01 -1.248942e+01
     vertex  3.800000e+00  4.063031e-01 -9.866638e+00
   endloop
 endfacet
 facet normal  1.000000e+00 -0.000000e+00  0.000000e+00
   outer loop
     vertex  3.800000e+00  9.874768e+00  6.773577e-02
     vertex  3.800000e+00  1.249735e+01 -2.572083e-01
     vertex  3.800000e+00  1.249971e+01  8.574149e-02
   endloop
 endfacet
 facet normal  1.000000e+00  0.000000e+00  0.000000e+00
   outer loop
     vertex  3.800000e+00  9.874768e+00  6.773577e-02
     vertex  3.800000e+00  9.872909e+00 -2.031946e-01
     vertex  3.800000e+00  1.249735e+01 -2.572083e-01
   endloop
 endfacet
 facet normal  1.000000e+00  0.000000e+00  0.000000e+00
   outer loop
     vertex  3.800000e+00  9.874768e+00  6.773577e-02
     vertex  3.800000e+00  1.249971e+01  8.574149e-02
     vertex  3.800000e+00  1.249265e+01  4.286267e-01
   endloop
 endfacet
 facet normal  1.000000e+00  0.000000e+00  0.000000e+00
   outer loop
     vertex  3.800000e+00 -1.354684e-01 -9.874071e+00
     vertex  3.800000e+00 -5.143077e-01 -1.248942e+01
     vertex  3.800000e+00 -1.714789e-01 -1.249882e+01
   endloop
 endfacet
 facet normal  1.000000e+00 -0.000000e+00  0.000000e+00
   outer loop
     vertex  3.800000e+00 -1.354684e-01 -9.874071e+00
     vertex  3.800000e+00 -1.714789e-01 -1.249882e+01
     vertex  3.800000e+00  1.354684e-01 -9.874071e+00
   endloop
 endfacet
 facet normal  1.000000e+00 -0.000000e+00  0.000000e+00
   outer loop
     vertex  3.800000e+00  9.869193e+00  3.386151e-01
     vertex  3.800000e+00  9.874768e+00  6.773577e-02
     vertex  3.800000e+00  1.249265e+01  4.286267e-01
   endloop
 endfacet
 facet normal  1.000000e+00  0.000000e+00  0.000000e+00
   outer loop
     vertex  3.800000e+00 -4.063031e-01 -9.866638e+00
     vertex  3.800000e+00 -5.143077e-01 -1.248942e+01
     vertex  3.800000e+00 -1.354684e-01 -9.874071e+00
   endloop
 endfacet
 facet normal  1.000000e+00 -0.000000e+00  0.000000e+00
   outer loop
     vertex  3.800000e+00  9.856189e+00  6.092396e-01
     vertex  3.800000e+00  1.249265e+01  4.286267e-01
     vertex  3.800000e+00  1.247619e+01  7.711893e-01
   endloop
 endfacet
 facet normal  1.000000e+00  0.000000e+00  0.000000e+00
   outer loop
     vertex  3.800000e+00  9.856189e+00  6.092396e-01
     vertex  3.800000e+00  9.869193e+00  3.386151e-01
     vertex  3.800000e+00  1.249265e+01  4.286267e-01
   endloop
 endfacet
 facet normal  1.000000e+00  0.000000e+00  0.000000e+00
   outer loop
     vertex  3.800000e+00 -6.768320e-01 -9.851778e+00
     vertex  3.800000e+00 -1.198546e+00 -1.244241e+01
     vertex  3.800000e+00 -8.567494e-01 -1.247060e+01
   endloop
 endfacet
 facet normal  1.000000e+00  0.000000e+00  0.000000e+00
   outer loop
     vertex  3.800000e+00 -6.768320e-01 -9.851778e+00
     vertex  3.800000e+00 -8.567494e-01 -1.247060e+01
     vertex  3.800000e+00 -5.143077e-01 -1.248942e+01
   endloop
 endfacet
 facet normal  1.000000e+00  0.000000e+00  0.000000e+00
   outer loop
     vertex  3.800000e+00 -6.768320e-01 -9.851778e+00
     vertex  3.800000e+00 -5.143077e-01 -1.248942e+01
     vertex  3.800000e+00 -4.063031e-01 -9.866638e+00
   endloop
 endfacet
 facet normal  1.000000e+00  0.000000e+00  0.000000e+00
   outer loop
     vertex  3.800000e+00  9.835765e+00  8.794054e-01
     vertex  3.800000e+00  9.856189e+00  6.092396e-01
     vertex  3.800000e+00  1.247619e+01  7.711893e-01
   endloop
 endfacet
 facet normal  1.000000e+00 -0.000000e+00  0.000000e+00
   outer loop
     vertex  3.800000e+00  9.835765e+00  8.794054e-01
     vertex  3.800000e+00  1.247619e+01  7.711893e-01
     vertex  3.800000e+00  1.245034e+01  1.113171e+00
   endloop
 endfacet
 facet normal  1.000000e+00  0.000000e+00  0.000000e+00
   outer loop
     vertex  3.800000e+00 -9.468514e-01 -9.829501e+00
     vertex  3.800000e+00 -1.198546e+00 -1.244241e+01
     vertex  3.800000e+00 -6.768320e-01 -9.851778e+00
   endloop
 endfacet
 facet normal  1.000000e+00 -0.000000e+00  0.000000e+00
   outer loop
     vertex  3.800000e+00  9.807937e+00  1.148909e+00
     vertex  3.800000e+00  1.245034e+01  1.113171e+00
     vertex  3.800000e+00  1.241511e+01  1.454316e+00
   endloop
 endfacet
 facet normal  1.000000e+00  0.000000e+00  0.000000e+00
   outer loop
     vertex  3.800000e+00  9.807937e+00  1.148909e+00
     vertex  3.800000e+00  9.835765e+00  8.794054e-01
     vertex  3.800000e+00  1.245034e+01  1.113171e+00
   endloop
 endfacet
 facet normal  1.000000e+00  0.000000e+00  0.000000e+00
   outer loop
     vertex  3.800000e+00 -1.216158e+00 -9.799826e+00
     vertex  3.800000e+00 -1.198546e+00 -1.244241e+01
     vertex  3.800000e+00 -9.468514e-01 -9.829501e+00
   endloop
 endfacet
 facet normal  1.000000e+00  0.000000e+00  0.000000e+00
   outer loop
     vertex  3.800000e+00 -1.216158e+00 -9.799826e+00
     vertex  3.800000e+00 -1.539441e+00 -1.240484e+01
     vertex  3.800000e+00 -1.198546e+00 -1.244241e+01
   endloop
 endfacet
 facet normal  1.000000e+00 -0.000000e+00  0.000000e+00
   outer loop
     vertex  3.800000e+00  9.772726e+00  1.417548e+00
     vertex  3.800000e+00  9.807937e+00  1.148909e+00
     vertex  3.800000e+00  1.241511e+01  1.454316e+00
   endloop
 endfacet
 facet normal  1.000000e+00  0.000000e+00  0.000000e+00
   outer loop
     vertex  3.800000e+00  9.772726e+00  1.417548e+00
     vertex  3.800000e+00  1.241511e+01  1.454316e+00
     vertex  3.800000e+00  1.237054e+01  1.794365e+00
   endloop
 endfacet
 facet normal  1.000000e+00  0.000000e+00  0.000000e+00
   outer loop
     vertex  3.800000e+00 -1.484549e+00 -9.762773e+00
     vertex  3.800000e+00 -1.539441e+00 -1.240484e+01
     vertex  3.800000e+00 -1.216158e+00 -9.799826e+00
   endloop
 endfacet
 facet normal  1.000000e+00  0.000000e+00  0.000000e+00
   outer loop
     vertex  3.800000e+00 -1.484549e+00 -9.762773e+00
     vertex  3.800000e+00 -1.879176e+00 -1.235794e+01
     vertex  3.800000e+00 -1.539441e+00 -1.240484e+01
   endloop
 endfacet
 facet normal  1.000000e+00 -0.000000e+00  0.000000e+00
   outer loop
     vertex  3.800000e+00  9.730159e+00  1.685120e+00
     vertex  3.800000e+00  9.772726e+00  1.417548e+00
     vertex  3.800000e+00  1.237054e+01  1.794365e+00
   endloop
 endfacet
 facet normal  1.000000e+00  0.000000e+00  0.000000e+00
   outer loop
     vertex  3.800000e+00  9.730159e+00  1.685120e+00
     vertex  3.800000e+00  1.237054e+01  1.794365e+00
     vertex  3.800000e+00  1.231666e+01  2.133064e+00
   endloop
 endfacet
 facet normal  1.000000e+00  0.000000e+00  0.000000e+00
   outer loop
     vertex  3.800000e+00 -1.751823e+00 -9.718371e+00
     vertex  3.800000e+00 -2.217497e+00 -1.230174e+01
     vertex  3.800000e+00 -1.879176e+00 -1.235794e+01
   endloop
 endfacet
 facet normal  1.000000e+00  0.000000e+00  0.000000e+00
   outer loop
     vertex  3.800000e+00 -1.751823e+00 -9.718371e+00
     vertex  3.800000e+00 -1.879176e+00 -1.235794e+01
     vertex  3.800000e+00 -1.484549e+00 -9.762773e+00
   endloop
 endfacet
 facet normal  1.000000e+00 -0.000000e+00  0.000000e+00
   outer loop
     vertex  3.800000e+00  9.680267e+00  1.951424e+00
     vertex  3.800000e+00  9.730159e+00  1.685120e+00
     vertex  3.800000e+00  1.231666e+01  2.133064e+00
   endloop
 endfacet
 facet normal  1.000000e+00  0.000000e+00  0.000000e+00
   outer loop
     vertex  3.800000e+00  9.680267e+00  1.951424e+00
     vertex  3.800000e+00  1.231666e+01  2.133064e+00
     vertex  3.800000e+00  1.225350e+01  2.470156e+00
   endloop
 endfacet
 facet normal  1.000000e+00  0.000000e+00  0.000000e+00
   outer loop
     vertex  3.800000e+00 -2.017778e+00 -9.666654e+00
     vertex  3.800000e+00 -2.554149e+00 -1.223627e+01
     vertex  3.800000e+00 -2.217497e+00 -1.230174e+01
   endloop
 endfacet
 facet normal  1.000000e+00  0.000000e+00  0.000000e+00
   outer loop
     vertex  3.800000e+00 -2.017778e+00 -9.666654e+00
     vertex  3.800000e+00 -2.217497e+00 -1.230174e+01
     vertex  3.800000e+00 -1.751823e+00 -9.718371e+00
   endloop
 endfacet
 facet normal  1.000000e+00 -0.000000e+00  0.000000e+00
   outer loop
     vertex  3.800000e+00  9.623088e+00  2.216258e+00
     vertex  3.800000e+00  9.680267e+00  1.951424e+00
     vertex  3.800000e+00  1.225350e+01  2.470156e+00
   endloop
 endfacet
 facet normal  1.000000e+00  0.000000e+00  0.000000e+00
   outer loop
     vertex  3.800000e+00  9.623088e+00  2.216258e+00
     vertex  3.800000e+00  1.225350e+01  2.470156e+00
     vertex  3.800000e+00  1.218112e+01  2.805390e+00
   endloop
 endfacet
 facet normal  1.000000e+00  0.000000e+00  0.000000e+00
   outer loop
     vertex  3.800000e+00 -2.282214e+00 -9.607660e+00
     vertex  3.800000e+00 -2.888878e+00 -1.216159e+01
     vertex  3.800000e+00 -2.554149e+00 -1.223627e+01
   endloop
 endfacet
 facet normal  1.000000e+00  0.000000e+00  0.000000e+00
   outer loop
     vertex  3.800000e+00 -2.282214e+00 -9.607660e+00
     vertex  3.800000e+00 -2.554149e+00 -1.223627e+01
     vertex  3.800000e+00 -2.017778e+00 -9.666654e+00
   endloop
 endfacet
 facet normal  1.000000e+00 -0.000000e+00  0.000000e+00
   outer loop
     vertex  3.800000e+00  9.558665e+00  2.479424e+00
     vertex  3.800000e+00  9.623088e+00  2.216258e+00
     vertex  3.800000e+00  1.218112e+01  2.805390e+00
   endloop
 endfacet
 facet normal  1.000000e+00  0.000000e+00  0.000000e+00
   outer loop
     vertex  3.800000e+00  9.558665e+00  2.479424e+00
     vertex  3.800000e+00  1.218112e+01  2.805390e+00
     vertex  3.800000e+00  1.209958e+01  3.138512e+00
   endloop
 endfacet
 facet normal  1.000000e+00  0.000000e+00  0.000000e+00
   outer loop
     vertex  3.800000e+00 -2.544932e+00 -9.541433e+00
     vertex  3.800000e+00 -3.551562e+00 -1.198484e+01
     vertex  3.800000e+00 -3.221433e+00 -1.207776e+01
   endloop
 endfacet
 facet normal  1.000000e+00  0.000000e+00  0.000000e+00
   outer loop
     vertex  3.800000e+00 -2.544932e+00 -9.541433e+00
     vertex  3.800000e+00 -3.221433e+00 -1.207776e+01
     vertex  3.800000e+00 -2.888878e+00 -1.216159e+01
   endloop
 endfacet
 facet normal  1.000000e+00  0.000000e+00  0.000000e+00
   outer loop
     vertex  3.800000e+00 -2.544932e+00 -9.541433e+00
     vertex  3.800000e+00 -2.888878e+00 -1.216159e+01
     vertex  3.800000e+00 -2.282214e+00 -9.607660e+00
   endloop
 endfacet
 facet normal  1.000000e+00  0.000000e+00  0.000000e+00
   outer loop
     vertex  3.800000e+00  9.487047e+00  2.740724e+00
     vertex  3.800000e+00  1.209958e+01  3.138512e+00
     vertex  3.800000e+00  1.200892e+01  3.469271e+00
   endloop
 endfacet
 facet normal  1.000000e+00 -0.000000e+00  0.000000e+00
   outer loop
     vertex  3.800000e+00  9.487047e+00  2.740724e+00
     vertex  3.800000e+00  9.558665e+00  2.479424e+00
     vertex  3.800000e+00  1.209958e+01  3.138512e+00
   endloop
 endfacet
 facet normal  1.000000e+00  0.000000e+00  0.000000e+00
   outer loop
     vertex  3.800000e+00 -2.805734e+00 -9.468024e+00
     vertex  3.800000e+00 -3.551562e+00 -1.198484e+01
     vertex  3.800000e+00 -2.544932e+00 -9.541433e+00
   endloop
 endfacet
 facet normal  1.000000e+00 -0.000000e+00  0.000000e+00
   outer loop
     vertex  3.800000e+00  9.408287e+00  2.999960e+00
     vertex  3.800000e+00  9.487047e+00  2.740724e+00
     vertex  3.800000e+00  1.200892e+01  3.469271e+00
   endloop
 endfacet
 facet normal  1.000000e+00  0.000000e+00  0.000000e+00
   outer loop
     vertex  3.800000e+00  9.408287e+00  2.999960e+00
     vertex  3.800000e+00  1.200892e+01  3.469271e+00
     vertex  3.800000e+00  1.190922e+01  3.797418e+00
   endloop
 endfacet
 facet normal  1.000000e+00  0.000000e+00  0.000000e+00
   outer loop
     vertex  3.800000e+00 -3.064424e+00 -9.387488e+00
     vertex  3.800000e+00 -3.879018e+00 -1.188290e+01
     vertex  3.800000e+00 -3.551562e+00 -1.198484e+01
   endloop
 endfacet
 facet normal  1.000000e+00  0.000000e+00  0.000000e+00
   outer loop
     vertex  3.800000e+00 -3.064424e+00 -9.387488e+00
     vertex  3.800000e+00 -3.551562e+00 -1.198484e+01
     vertex  3.800000e+00 -2.805734e+00 -9.468024e+00
   endloop
 endfacet
 facet normal  1.000000e+00  0.000000e+00  0.000000e+00
   outer loop
     vertex  3.800000e+00  9.322445e+00  3.256939e+00
     vertex  3.800000e+00  1.190922e+01  3.797418e+00
     vertex  3.800000e+00  1.180056e+01  4.122707e+00
   endloop
 endfacet
 facet normal  1.000000e+00 -0.000000e+00  0.000000e+00
   outer loop
     vertex  3.800000e+00  9.322445e+00  3.256939e+00
     vertex  3.800000e+00  9.408287e+00  2.999960e+00
     vertex  3.800000e+00  1.190922e+01  3.797418e+00
   endloop
 endfacet
 facet normal  1.000000e+00  0.000000e+00  0.000000e+00
   outer loop
     vertex  3.800000e+00 -3.320808e+00 -9.299885e+00
     vertex  3.800000e+00 -4.524925e+00 -1.165226e+01
     vertex  3.800000e+00 -4.203554e+00 -1.177201e+01
   endloop
 endfacet
 facet normal  1.000000e+00  0.000000e+00  0.000000e+00
   outer loop
     vertex  3.800000e+00 -3.320808e+00 -9.299885e+00
     vertex  3.800000e+00 -4.203554e+00 -1.177201e+01
     vertex  3.800000e+00 -3.879018e+00 -1.188290e+01
   endloop
 endfacet
 facet normal  1.000000e+00  0.000000e+00  0.000000e+00
   outer loop
     vertex  3.800000e+00 -3.320808e+00 -9.299885e+00
     vertex  3.800000e+00 -3.879018e+00 -1.188290e+01
     vertex  3.800000e+00 -3.064424e+00 -9.387488e+00
   endloop
 endfacet
 facet normal  1.000000e+00  0.000000e+00  0.000000e+00
   outer loop
     vertex  3.800000e+00  9.229585e+00  3.511465e+00
     vertex  3.800000e+00  1.180056e+01  4.122707e+00
     vertex  3.800000e+00  1.168302e+01  4.444893e+00
   endloop
 endfacet
 facet normal  1.000000e+00 -0.000000e+00  0.000000e+00
   outer loop
     vertex  3.800000e+00  9.229585e+00  3.511465e+00
     vertex  3.800000e+00  9.322445e+00  3.256939e+00
     vertex  3.800000e+00  1.180056e+01  4.122707e+00
   endloop
 endfacet
 facet normal  1.000000e+00  0.000000e+00  0.000000e+00
   outer loop
     vertex  3.800000e+00 -3.574691e+00 -9.205282e+00
     vertex  3.800000e+00 -4.524925e+00 -1.165226e+01
     vertex  3.800000e+00 -3.320808e+00 -9.299885e+00
   endloop
 endfacet
 facet normal  1.000000e+00 -0.000000e+00  0.000000e+00
   outer loop
     vertex  3.800000e+00  9.129777e+00  3.763348e+00
     vertex  3.800000e+00  9.229585e+00  3.511465e+00
     vertex  3.800000e+00  1.168302e+01  4.444893e+00
   endloop
 endfacet
 facet normal  1.000000e+00  0.000000e+00  0.000000e+00
   outer loop
     vertex  3.800000e+00  9.129777e+00  3.763348e+00
     vertex  3.800000e+00  1.168302e+01  4.444893e+00
     vertex  3.800000e+00  1.155668e+01  4.763732e+00
   endloop
 endfacet
 facet normal  1.000000e+00  0.000000e+00  0.000000e+00
   outer loop
     vertex  3.800000e+00 -3.825884e+00 -9.103749e+00
     vertex  3.800000e+00 -4.842891e+00 -1.152373e+01
     vertex  3.800000e+00 -4.524925e+00 -1.165226e+01
   endloop
 endfacet
 facet normal  1.000000e+00  0.000000e+00  0.000000e+00
   outer loop
     vertex  3.800000e+00 -3.825884e+00 -9.103749e+00
     vertex  3.800000e+00 -4.524925e+00 -1.165226e+01
     vertex  3.800000e+00 -3.574691e+00 -9.205282e+00
   endloop
 endfacet
 facet normal  1.000000e+00  0.000000e+00  0.000000e+00
   outer loop
     vertex  3.800000e+00 -3.825884e+00 -9.103749e+00
     vertex  3.800000e+00 -5.157211e+00 -1.138653e+01
     vertex  3.800000e+00 -4.842891e+00 -1.152373e+01
   endloop
 endfacet
 facet normal  1.000000e+00  0.000000e+00  0.000000e+00
   outer loop
     vertex  3.800000e+00  9.023097e+00  4.012399e+00
     vertex  3.800000e+00  1.155668e+01  4.763732e+00
     vertex  3.800000e+00  1.142164e+01  5.078986e+00
   endloop
 endfacet
 facet normal  1.000000e+00 -0.000000e+00  0.000000e+00
   outer loop
     vertex  3.800000e+00  9.023097e+00  4.012399e+00
     vertex  3.800000e+00  9.129777e+00  3.763348e+00
     vertex  3.800000e+00  1.155668e+01  4.763732e+00
   endloop
 endfacet
 facet normal  1.000000e+00  0.000000e+00  0.000000e+00
   outer loop
     vertex  3.800000e+00 -4.074196e+00 -8.995363e+00
     vertex  3.800000e+00 -5.157211e+00 -1.138653e+01
     vertex  3.800000e+00 -3.825884e+00 -9.103749e+00
   endloop
 endfacet
 facet normal  1.000000e+00 -0.000000e+00  0.000000e+00
   outer loop
     vertex  3.800000e+00  8.909625e+00  4.258428e+00
     vertex  3.800000e+00  9.023097e+00  4.012399e+00
     vertex  3.800000e+00  1.142164e+01  5.078986e+00
   endloop
 endfacet
 facet normal  1.000000e+00  0.000000e+00  0.000000e+00
   outer loop
     vertex  3.800000e+00  8.909625e+00  4.258428e+00
     vertex  3.800000e+00  1.142164e+01  5.078986e+00
     vertex  3.800000e+00  1.127801e+01  5.390416e+00
   endloop
 endfacet
 facet normal  1.000000e+00  0.000000e+00  0.000000e+00
   outer loop
     vertex  3.800000e+00 -4.319442e+00 -8.880205e+00
     vertex  3.800000e+00 -5.157211e+00 -1.138653e+01
     vertex  3.800000e+00 -4.074196e+00 -8.995363e+00
   endloop
 endfacet
 facet normal  1.000000e+00  0.000000e+00  0.000000e+00
   outer loop
     vertex  3.800000e+00 -4.319442e+00 -8.880205e+00
     vertex  3.800000e+00 -5.467648e+00 -1.124077e+01
     vertex  3.800000e+00 -5.157211e+00 -1.138653e+01
   endloop
 endfacet
 facet normal  1.000000e+00 -0.000000e+00  0.000000e+00
   outer loop
     vertex  3.800000e+00  8.789445e+00  4.501253e+00
     vertex  3.800000e+00  8.909625e+00  4.258428e+00
     vertex  3.800000e+00  1.127801e+01  5.390416e+00
   endloop
 endfacet
 facet normal  1.000000e+00  0.000000e+00  0.000000e+00
   outer loop
     vertex  3.800000e+00  8.789445e+00  4.501253e+00
     vertex  3.800000e+00  1.127801e+01  5.390416e+00
     vertex  3.800000e+00  1.112588e+01  5.697788e+00
   endloop
 endfacet
 facet normal  1.000000e+00  0.000000e+00  0.000000e+00
   outer loop
     vertex  3.800000e+00 -4.561436e+00 -8.758363e+00
     vertex  3.800000e+00 -5.467648e+00 -1.124077e+01
     vertex  3.800000e+00 -4.319442e+00 -8.880205e+00
   endloop
 endfacet
 facet normal  1.000000e+00  0.000000e+00  0.000000e+00
   outer loop
     vertex  3.800000e+00 -4.561436e+00 -8.758363e+00
     vertex  3.800000e+00 -5.773970e+00 -1.108654e+01
     vertex  3.800000e+00 -5.467648e+00 -1.124077e+01
   endloop
 endfacet
 facet normal  1.000000e+00 -0.000000e+00  0.000000e+00
   outer loop
     vertex  3.800000e+00  8.662650e+00  4.740689e+00
     vertex  3.800000e+00  8.789445e+00  4.501253e+00
     vertex  3.800000e+00  1.112588e+01  5.697788e+00
   endloop
 endfacet
 facet normal  1.000000e+00  0.000000e+00  0.000000e+00
   outer loop
     vertex  3.800000e+00  8.662650e+00  4.740689e+00
     vertex  3.800000e+00  1.112588e+01  5.697788e+00
     vertex  3.800000e+00  1.096538e+01  6.000872e+00
   endloop
 endfacet
 facet normal  1.000000e+00  0.000000e+00  0.000000e+00
   outer loop
     vertex  3.800000e+00 -4.799997e+00 -8.629928e+00
     vertex  3.800000e+00 -5.773970e+00 -1.108654e+01
     vertex  3.800000e+00 -4.561436e+00 -8.758363e+00
   endloop
 endfacet
 facet normal  1.000000e+00  0.000000e+00  0.000000e+00
   outer loop
     vertex  3.800000e+00 -4.799997e+00 -8.629928e+00
     vertex  3.800000e+00 -6.373347e+00 -1.075316e+01
     vertex  3.800000e+00 -6.075945e+00 -1.092396e+01
   endloop
 endfacet
 facet normal  1.000000e+00  0.000000e+00  0.000000e+00
   outer loop
     vertex  3.800000e+00 -4.799997e+00 -8.629928e+00
     vertex  3.800000e+00 -6.075945e+00 -1.092396e+01
     vertex  3.800000e+00 -5.773970e+00 -1.108654e+01
   endloop
 endfacet
 facet normal  1.000000e+00 -0.000000e+00  0.000000e+00
   outer loop
     vertex  3.800000e+00  8.529333e+00  4.976556e+00
     vertex  3.800000e+00  8.662650e+00  4.740689e+00
     vertex  3.800000e+00  1.096538e+01  6.000872e+00
   endloop
 endfacet
 facet normal  1.000000e+00  0.000000e+00  0.000000e+00
   outer loop
     vertex  3.800000e+00  8.529333e+00  4.976556e+00
     vertex  3.800000e+00  1.096538e+01  6.000872e+00
     vertex  3.800000e+00  1.079662e+01  6.299438e+00
   endloop
 endfacet
 facet normal  1.000000e+00  0.000000e+00  0.000000e+00
   outer loop
     vertex  3.800000e+00 -5.034944e+00 -8.494996e+00
     vertex  3.800000e+00 -6.373347e+00 -1.075316e+01
     vertex  3.800000e+00 -4.799997e+00 -8.629928e+00
   endloop
 endfacet
 facet normal  1.000000e+00  0.000000e+00  0.000000e+00
   outer loop
     vertex  3.800000e+00 -5.034944e+00 -8.494996e+00
     vertex  3.800000e+00 -6.665951e+00 -1.057427e+01
     vertex  3.800000e+00 -6.373347e+00 -1.075316e+01
   endloop
 endfacet
 facet normal  1.000000e+00 -0.000000e+00  0.000000e+00
   outer loop
     vertex  3.800000e+00  8.389595e+00  5.208677e+00
     vertex  3.800000e+00  8.529333e+00  4.976556e+00
     vertex  3.800000e+00  1.079662e+01  6.299438e+00
   endloop
 endfacet
 facet normal  1.000000e+00  0.000000e+00  0.000000e+00
   outer loop
     vertex  3.800000e+00  8.389595e+00  5.208677e+00
     vertex  3.800000e+00  1.079662e+01  6.299438e+00
     vertex  3.800000e+00  1.061974e+01  6.593262e+00
   endloop
 endfacet
 facet normal  1.000000e+00  0.000000e+00  0.000000e+00
   outer loop
     vertex  3.800000e+00 -5.266101e+00 -8.353670e+00
     vertex  3.800000e+00 -6.665951e+00 -1.057427e+01
     vertex  3.800000e+00 -5.034944e+00 -8.494996e+00
   endloop
 endfacet
 facet normal  1.000000e+00  0.000000e+00  0.000000e+00
   outer loop
     vertex  3.800000e+00 -5.266101e+00 -8.353670e+00
     vertex  3.800000e+00 -6.953537e+00 -1.038741e+01
     vertex  3.800000e+00 -6.665951e+00 -1.057427e+01
   endloop
 endfacet
 facet normal  1.000000e+00 -0.000000e+00  0.000000e+00
   outer loop
     vertex  3.800000e+00  8.243543e+00  5.436877e+00
     vertex  3.800000e+00  8.389595e+00  5.208677e+00
     vertex  3.800000e+00  1.061974e+01  6.593262e+00
   endloop
 endfacet
 facet normal  1.000000e+00  0.000000e+00  0.000000e+00
   outer loop
     vertex  3.800000e+00  8.243543e+00  5.436877e+00
     vertex  3.800000e+00  1.061974e+01  6.593262e+00
     vertex  3.800000e+00  1.043486e+01  6.882123e+00
   endloop
 endfacet
 facet normal  1.000000e+00  0.000000e+00  0.000000e+00
   outer loop
     vertex  3.800000e+00 -5.493294e+00 -8.206055e+00
     vertex  3.800000e+00 -6.953537e+00 -1.038741e+01
     vertex  3.800000e+00 -5.266101e+00 -8.353670e+00
   endloop
 endfacet
 facet normal  1.000000e+00 -0.000000e+00  0.000000e+00
   outer loop
     vertex  3.800000e+00  8.091284e+00  5.660984e+00
     vertex  3.800000e+00  8.243543e+00  5.436877e+00
     vertex  3.800000e+00  1.043486e+01  6.882123e+00
   endloop
 endfacet
 facet normal  1.000000e+00  0.000000e+00  0.000000e+00
   outer loop
     vertex  3.800000e+00  8.091284e+00  5.660984e+00
     vertex  3.800000e+00  1.043486e+01  6.882123e+00
     vertex  3.800000e+00  1.024213e+01  7.165803e+00
   endloop
 endfacet
 facet normal  1.000000e+00  0.000000e+00  0.000000e+00
   outer loop
     vertex  3.800000e+00 -5.716352e+00 -8.052263e+00
     vertex  3.800000e+00 -6.953537e+00 -1.038741e+01
     vertex  3.800000e+00 -5.493294e+00 -8.206055e+00
   endloop
 endfacet
 facet normal  1.000000e+00  0.000000e+00  0.000000e+00
   outer loop
     vertex  3.800000e+00 -5.716352e+00 -8.052263e+00
     vertex  3.800000e+00 -7.235888e+00 -1.019274e+01
     vertex  3.800000e+00 -6.953537e+00 -1.038741e+01
   endloop
 endfacet
 facet normal  1.000000e+00 -0.000000e+00  0.000000e+00
   outer loop
     vertex  3.800000e+00  7.932935e+00  5.880830e+00
     vertex  3.800000e+00  8.091284e+00  5.660984e+00
     vertex  3.800000e+00  1.024213e+01  7.165803e+00
   endloop
 endfacet
 facet normal  1.000000e+00  0.000000e+00  0.000000e+00
   outer loop
     vertex  3.800000e+00  7.932935e+00  5.880830e+00
     vertex  3.800000e+00  1.024213e+01  7.165803e+00
     vertex  3.800000e+00  1.004169e+01  7.444089e+00
   endloop
 endfacet
 facet normal  1.000000e+00  0.000000e+00  0.000000e+00
   outer loop
     vertex  3.800000e+00 -5.935106e+00 -7.892410e+00
     vertex  3.800000e+00 -7.235888e+00 -1.019274e+01
     vertex  3.800000e+00 -5.716352e+00 -8.052263e+00
   endloop
 endfacet
 facet normal  1.000000e+00  0.000000e+00  0.000000e+00
   outer loop
     vertex  3.800000e+00 -5.935106e+00 -7.892410e+00
     vertex  3.800000e+00 -7.512793e+00 -9.990392e+00
     vertex  3.800000e+00 -7.235888e+00 -1.019274e+01
   endloop
 endfacet
 facet normal  1.000000e+00 -0.000000e+00  0.000000e+00
   outer loop
     vertex  3.800000e+00  7.768614e+00  6.096249e+00
     vertex  3.800000e+00  7.932935e+00  5.880830e+00
     vertex  3.800000e+00  1.004169e+01  7.444089e+00
   endloop
 endfacet
 facet normal  1.000000e+00  0.000000e+00  0.000000e+00
   outer loop
     vertex  3.800000e+00  7.768614e+00  6.096249e+00
     vertex  3.800000e+00  1.004169e+01  7.444089e+00
     vertex  3.800000e+00  9.833689e+00  7.716771e+00
   endloop
 endfacet
 facet normal  1.000000e+00  0.000000e+00  0.000000e+00
   outer loop
     vertex  3.800000e+00 -6.149393e+00 -7.726615e+00
     vertex  3.800000e+00 -7.512793e+00 -9.990392e+00
     vertex  3.800000e+00 -5.935106e+00 -7.892410e+00
   endloop
 endfacet
 facet normal  1.000000e+00  0.000000e+00  0.000000e+00
   outer loop
     vertex  3.800000e+00 -6.149393e+00 -7.726615e+00
     vertex  3.800000e+00 -7.784042e+00 -9.780526e+00
     vertex  3.800000e+00 -7.512793e+00 -9.990392e+00
   endloop
 endfacet
 facet normal  1.000000e+00 -0.000000e+00  0.000000e+00
   outer loop
     vertex  3.800000e+00  7.598446e+00  6.307079e+00
     vertex  3.800000e+00  7.768614e+00  6.096249e+00
     vertex  3.800000e+00  9.833689e+00  7.716771e+00
   endloop
 endfacet
 facet normal  1.000000e+00  0.000000e+00  0.000000e+00
   outer loop
     vertex  3.800000e+00  7.598446e+00  6.307079e+00
     vertex  3.800000e+00  9.833689e+00  7.716771e+00
     vertex  3.800000e+00  9.618286e+00  7.983645e+00
   endloop
 endfacet
 facet normal  1.000000e+00  0.000000e+00  0.000000e+00
   outer loop
     vertex  3.800000e+00 -6.359051e+00 -7.555005e+00
     vertex  3.800000e+00 -7.784042e+00 -9.780526e+00
     vertex  3.800000e+00 -6.149393e+00 -7.726615e+00
   endloop
 endfacet
 facet normal  1.000000e+00  0.000000e+00  0.000000e+00
   outer loop
     vertex  3.800000e+00 -6.359051e+00 -7.555005e+00
     vertex  3.800000e+00 -8.049432e+00 -9.563297e+00
     vertex  3.800000e+00 -7.784042e+00 -9.780526e+00
   endloop
 endfacet
 facet normal  1.000000e+00 -0.000000e+00  0.000000e+00
   outer loop
     vertex  3.800000e+00 -8.308762e+00 -9.338869e+00
     vertex  3.800000e+00 -8.049432e+00 -9.563297e+00
     vertex  3.800000e+00 -6.359051e+00 -7.555005e+00
   endloop
 endfacet
 facet normal  1.000000e+00 -0.000000e+00  0.000000e+00
   outer loop
     vertex  3.800000e+00  7.422557e+00  6.513162e+00
     vertex  3.800000e+00  7.598446e+00  6.307079e+00
     vertex  3.800000e+00  9.618286e+00  7.983645e+00
   endloop
 endfacet
 facet normal  1.000000e+00  0.000000e+00  0.000000e+00
   outer loop
     vertex  3.800000e+00  7.422557e+00  6.513162e+00
     vertex  3.800000e+00  9.618286e+00  7.983645e+00
     vertex  3.800000e+00  9.395642e+00  8.244508e+00
   endloop
 endfacet
 facet normal  1.000000e+00  0.000000e+00  0.000000e+00
   outer loop
     vertex  3.800000e+00 -6.563922e+00 -7.377706e+00
     vertex  3.800000e+00 -8.308762e+00 -9.338869e+00
     vertex  3.800000e+00 -6.359051e+00 -7.555005e+00
   endloop
 endfacet
 facet normal  1.000000e+00  0.000000e+00  0.000000e+00
   outer loop
     vertex  3.800000e+00  9.165925e+00  8.499166e+00
     vertex  3.800000e+00  7.422557e+00  6.513162e+00
     vertex  3.800000e+00  9.395642e+00  8.244508e+00
   endloop
 endfacet
 facet normal  1.000000e+00 -0.000000e+00  0.000000e+00
   outer loop
     vertex  3.800000e+00  7.241081e+00  6.714341e+00
     vertex  3.800000e+00  7.422557e+00  6.513162e+00
     vertex  3.800000e+00  9.165925e+00  8.499166e+00
   endloop
 endfacet
 facet normal  1.000000e+00  0.000000e+00  0.000000e+00
   outer loop
     vertex  3.800000e+00 -6.763852e+00 -7.194855e+00
     vertex  3.800000e+00 -8.561838e+00 -9.107411e+00
     vertex  3.800000e+00 -8.308762e+00 -9.338869e+00
   endloop
 endfacet
 facet normal  1.000000e+00  0.000000e+00  0.000000e+00
   outer loop
     vertex  3.800000e+00 -6.763852e+00 -7.194855e+00
     vertex  3.800000e+00 -8.308762e+00 -9.338869e+00
     vertex  3.800000e+00 -6.563922e+00 -7.377706e+00
   endloop
 endfacet
 facet normal  1.000000e+00 -0.000000e+00  0.000000e+00
   outer loop
     vertex  3.800000e+00  7.054154e+00  6.910466e+00
     vertex  3.800000e+00  7.241081e+00  6.714341e+00
     vertex  3.800000e+00  9.165925e+00  8.499166e+00
   endloop
 endfacet
 facet normal  1.000000e+00  0.000000e+00  0.000000e+00
   outer loop
     vertex  3.800000e+00  7.054154e+00  6.910466e+00
     vertex  3.800000e+00  9.165925e+00  8.499166e+00
     vertex  3.800000e+00  8.929309e+00  8.747425e+00
   endloop
 endfacet
 facet normal  1.000000e+00 -0.000000e+00  0.000000e+00
   outer loop
     vertex  3.800000e+00 -8.808468e+00 -8.869097e+00
     vertex  3.800000e+00 -8.561838e+00 -9.107411e+00
     vertex  3.800000e+00 -6.763852e+00 -7.194855e+00
   endloop
 endfacet
 facet normal  1.000000e+00  0.000000e+00  0.000000e+00
   outer loop
     vertex  3.800000e+00 -6.958690e+00 -7.006587e+00
     vertex  3.800000e+00 -8.808468e+00 -8.869097e+00
     vertex  3.800000e+00 -6.763852e+00 -7.194855e+00
   endloop
 endfacet
 facet normal  1.000000e+00  0.000000e+00  0.000000e+00
   outer loop
     vertex  3.800000e+00  8.685970e+00  8.989100e+00
     vertex  3.800000e+00  7.054154e+00  6.910466e+00
     vertex  3.800000e+00  8.929309e+00  8.747425e+00
   endloop
 endfacet
 facet normal  1.000000e+00  0.000000e+00  0.000000e+00
   outer loop
     vertex  3.800000e+00  8.685970e+00  8.989100e+00
     vertex  3.800000e+00  6.861917e+00  7.101389e+00
     vertex  3.800000e+00  7.054154e+00  6.910466e+00
   endloop
 endfacet
 facet normal  1.000000e+00  0.000000e+00  0.000000e+00
   outer loop
     vertex  3.800000e+00 -7.148290e+00 -6.813045e+00
     vertex  3.800000e+00 -8.808468e+00 -8.869097e+00
     vertex  3.800000e+00 -6.958690e+00 -7.006587e+00
   endloop
 endfacet
 facet normal  1.000000e+00 -0.000000e+00  0.000000e+00
   outer loop
     vertex  3.800000e+00 -9.048468e+00 -8.624107e+00
     vertex  3.800000e+00 -8.808468e+00 -8.869097e+00
     vertex  3.800000e+00 -7.148290e+00 -6.813045e+00
   endloop
 endfacet
 facet normal  1.000000e+00 -0.000000e+00  0.000000e+00
   outer loop
     vertex  3.800000e+00  6.664514e+00  7.286966e+00
     vertex  3.800000e+00  6.861917e+00  7.101389e+00
     vertex  3.800000e+00  8.685970e+00  8.989100e+00
   endloop
 endfacet
 facet normal  1.000000e+00  0.000000e+00  0.000000e+00
   outer loop
     vertex  3.800000e+00  8.436094e+00  9.224008e+00
     vertex  3.800000e+00  6.664514e+00  7.286966e+00
     vertex  3.800000e+00  8.685970e+00  8.989100e+00
   endloop
 endfacet
 facet normal  1.000000e+00  0.000000e+00  0.000000e+00
   outer loop
     vertex  3.800000e+00 -9.281657e+00 -8.372625e+00
     vertex  3.800000e+00 -7.148290e+00 -6.813045e+00
     vertex  3.800000e+00 -7.332509e+00 -6.614374e+00
   endloop
 endfacet
 facet normal  1.000000e+00 -0.000000e+00  0.000000e+00
   outer loop
     vertex  3.800000e+00 -9.281657e+00 -8.372625e+00
     vertex  3.800000e+00 -9.048468e+00 -8.624107e+00
     vertex  3.800000e+00 -7.148290e+00 -6.813045e+00
   endloop
 endfacet
 facet normal  1.000000e+00  0.000000e+00  0.000000e+00
   outer loop
     vertex  3.800000e+00  8.179867e+00  9.451972e+00
     vertex  3.800000e+00  6.664514e+00  7.286966e+00
     vertex  3.800000e+00  8.436094e+00  9.224008e+00
   endloop
 endfacet
 facet normal  1.000000e+00  0.000000e+00  0.000000e+00
   outer loop
     vertex  3.800000e+00  8.179867e+00  9.451972e+00
     vertex  3.800000e+00  6.462095e+00  7.467058e+00
     vertex  3.800000e+00  6.664514e+00  7.286966e+00
   endloop
 endfacet
 facet normal  1.000000e+00 -0.000000e+00  0.000000e+00
   outer loop
     vertex  3.800000e+00  6.254811e+00  7.641529e+00
     vertex  3.800000e+00  6.462095e+00  7.467058e+00
     vertex  3.800000e+00  8.179867e+00  9.451972e+00
   endloop
 endfacet
 facet normal  1.000000e+00  0.000000e+00  0.000000e+00
   outer loop
     vertex  3.800000e+00 -9.507858e+00 -8.114840e+00
     vertex  3.800000e+00 -7.332509e+00 -6.614374e+00
     vertex  3.800000e+00 -7.511208e+00 -6.410724e+00
   endloop
 endfacet
 facet normal  1.000000e+00 -0.000000e+00  0.000000e+00
   outer loop
     vertex  3.800000e+00 -9.507858e+00 -8.114840e+00
     vertex  3.800000e+00 -9.281657e+00 -8.372625e+00
     vertex  3.800000e+00 -7.332509e+00 -6.614374e+00
   endloop
 endfacet
 facet normal  1.000000e+00  0.000000e+00  0.000000e+00
   outer loop
     vertex  3.800000e+00 -7.684253e+00 -6.202248e+00
     vertex  3.800000e+00 -9.507858e+00 -8.114840e+00
     vertex  3.800000e+00 -7.511208e+00 -6.410724e+00
   endloop
 endfacet
 facet normal  1.000000e+00  0.000000e+00  0.000000e+00
   outer loop
     vertex  3.800000e+00  7.917482e+00  9.672822e+00
     vertex  3.800000e+00  6.254811e+00  7.641529e+00
     vertex  3.800000e+00  8.179867e+00  9.451972e+00
   endloop
 endfacet
 facet normal  1.000000e+00 -0.000000e+00  0.000000e+00
   outer loop
     vertex  3.800000e+00 -9.726903e+00 -7.850947e+00
     vertex  3.800000e+00 -9.507858e+00 -8.114840e+00
     vertex  3.800000e+00 -7.684253e+00 -6.202248e+00
   endloop
 endfacet
 facet normal  1.000000e+00  0.000000e+00  0.000000e+00
   outer loop
     vertex  3.800000e+00  7.649137e+00  9.886389e+00
     vertex  3.800000e+00  6.042819e+00  7.810248e+00
     vertex  3.800000e+00  6.254811e+00  7.641529e+00
   endloop
 endfacet
 facet normal  1.000000e+00  0.000000e+00  0.000000e+00
   outer loop
     vertex  3.800000e+00  7.649137e+00  9.886389e+00
     vertex  3.800000e+00  6.254811e+00  7.641529e+00
     vertex  3.800000e+00  7.917482e+00  9.672822e+00
   endloop
 endfacet
 facet normal  1.000000e+00  0.000000e+00  0.000000e+00
   outer loop
     vertex  3.800000e+00 -9.938625e+00 -7.581144e+00
     vertex  3.800000e+00 -7.684253e+00 -6.202248e+00
     vertex  3.800000e+00 -7.851514e+00 -5.989103e+00
   endloop
 endfacet
 facet normal  1.000000e+00 -0.000000e+00  0.000000e+00
   outer loop
     vertex  3.800000e+00 -9.938625e+00 -7.581144e+00
     vertex  3.800000e+00 -9.726903e+00 -7.850947e+00
     vertex  3.800000e+00 -7.684253e+00 -6.202248e+00
   endloop
 endfacet
 facet normal  1.000000e+00  0.000000e+00  0.000000e+00
   outer loop
     vertex  3.800000e+00  7.375035e+00  1.009252e+01
     vertex  3.800000e+00  5.826277e+00  7.973087e+00
     vertex  3.800000e+00  6.042819e+00  7.810248e+00
   endloop
 endfacet
 facet normal  1.000000e+00  0.000000e+00  0.000000e+00
   outer loop
     vertex  3.800000e+00  7.375035e+00  1.009252e+01
     vertex  3.800000e+00  6.042819e+00  7.810248e+00
     vertex  3.800000e+00  7.649137e+00  9.886389e+00
   endloop
 endfacet
 facet normal  1.000000e+00  0.000000e+00  0.000000e+00
   outer loop
     vertex  3.800000e+00 -1.014287e+01 -7.305633e+00
     vertex  3.800000e+00 -7.851514e+00 -5.989103e+00
     vertex  3.800000e+00 -8.012864e+00 -5.771450e+00
   endloop
 endfacet
 facet normal  1.000000e+00 -0.000000e+00  0.000000e+00
   outer loop
     vertex  3.800000e+00 -1.014287e+01 -7.305633e+00
     vertex  3.800000e+00 -9.938625e+00 -7.581144e+00
     vertex  3.800000e+00 -7.851514e+00 -5.989103e+00
   endloop
 endfacet
 facet normal  1.000000e+00  0.000000e+00  0.000000e+00
   outer loop
     vertex  3.800000e+00  7.095380e+00  1.029104e+01
     vertex  3.800000e+00  5.605350e+00  8.129924e+00
     vertex  3.800000e+00  5.826277e+00  7.973087e+00
   endloop
 endfacet
 facet normal  1.000000e+00  0.000000e+00  0.000000e+00
   outer loop
     vertex  3.800000e+00  7.095380e+00  1.029104e+01
     vertex  3.800000e+00  5.826277e+00  7.973087e+00
     vertex  3.800000e+00  7.375035e+00  1.009252e+01
   endloop
 endfacet
 facet normal  1.000000e+00  0.000000e+00  0.000000e+00
   outer loop
     vertex  3.800000e+00 -1.033947e+01 -7.024624e+00
     vertex  3.800000e+00 -8.012864e+00 -5.771450e+00
     vertex  3.800000e+00 -8.168182e+00 -5.549453e+00
   endloop
 endfacet
 facet normal  1.000000e+00 -0.000000e+00  0.000000e+00
   outer loop
     vertex  3.800000e+00 -1.033947e+01 -7.024624e+00
     vertex  3.800000e+00 -1.014287e+01 -7.305633e+00
     vertex  3.800000e+00 -8.012864e+00 -5.771450e+00
   endloop
 endfacet
 facet normal  1.000000e+00  0.000000e+00  0.000000e+00
   outer loop
     vertex  3.800000e+00  6.810385e+00  1.048183e+01
     vertex  3.800000e+00  5.380204e+00  8.280642e+00
     vertex  3.800000e+00  5.605350e+00  8.129924e+00
   endloop
 endfacet
 facet normal  1.000000e+00  0.000000e+00  0.000000e+00
   outer loop
     vertex  3.800000e+00  6.810385e+00  1.048183e+01
     vertex  3.800000e+00  5.151007e+00  8.425126e+00
     vertex  3.800000e+00  5.380204e+00  8.280642e+00
   endloop
 endfacet
 facet normal  1.000000e+00  0.000000e+00  0.000000e+00
   outer loop
     vertex  3.800000e+00  6.810385e+00  1.048183e+01
     vertex  3.800000e+00  5.605350e+00  8.129924e+00
     vertex  3.800000e+00  7.095380e+00  1.029104e+01
   endloop
 endfacet
 facet normal  1.000000e+00  0.000000e+00  0.000000e+00
   outer loop
     vertex  3.800000e+00 -1.052829e+01 -6.738326e+00
     vertex  3.800000e+00 -8.168182e+00 -5.549453e+00
     vertex  3.800000e+00 -8.317352e+00 -5.323278e+00
   endloop
 endfacet
 facet normal  1.000000e+00 -0.000000e+00  0.000000e+00
   outer loop
     vertex  3.800000e+00 -1.052829e+01 -6.738326e+00
     vertex  3.800000e+00 -1.033947e+01 -7.024624e+00
     vertex  3.800000e+00 -8.168182e+00 -5.549453e+00
   endloop
 endfacet
 facet normal  1.000000e+00  0.000000e+00  0.000000e+00
   outer loop
     vertex  3.800000e+00  6.520263e+00  1.066472e+01
     vertex  3.800000e+00  5.151007e+00  8.425126e+00
     vertex  3.800000e+00  6.810385e+00  1.048183e+01
   endloop
 endfacet
 facet normal  1.000000e+00  0.000000e+00  0.000000e+00
   outer loop
     vertex  3.800000e+00 -1.070919e+01 -6.446956e+00
     vertex  3.800000e+00 -8.460260e+00 -5.093096e+00
     vertex  3.800000e+00 -8.596800e+00 -4.859079e+00
   endloop
 endfacet
 facet normal  1.000000e+00  0.000000e+00  0.000000e+00
   outer loop
     vertex  3.800000e+00 -1.070919e+01 -6.446956e+00
     vertex  3.800000e+00 -8.317352e+00 -5.323278e+00
     vertex  3.800000e+00 -8.460260e+00 -5.093096e+00
   endloop
 endfacet
 facet normal  1.000000e+00 -0.000000e+00  0.000000e+00
   outer loop
     vertex  3.800000e+00 -1.070919e+01 -6.446956e+00
     vertex  3.800000e+00 -1.052829e+01 -6.738326e+00
     vertex  3.800000e+00 -8.317352e+00 -5.323278e+00
   endloop
 endfacet
 facet normal  1.000000e+00  0.000000e+00  0.000000e+00
   outer loop
     vertex  3.800000e+00  6.225232e+00  1.083958e+01
     vertex  3.800000e+00  4.917933e+00  8.563268e+00
     vertex  3.800000e+00  5.151007e+00  8.425126e+00
   endloop
 endfacet
 facet normal  1.000000e+00  0.000000e+00  0.000000e+00
   outer loop
     vertex  3.800000e+00  6.225232e+00  1.083958e+01
     vertex  3.800000e+00  4.681157e+00  8.694964e+00
     vertex  3.800000e+00  4.917933e+00  8.563268e+00
   endloop
 endfacet
 facet normal  1.000000e+00  0.000000e+00  0.000000e+00
   outer loop
     vertex  3.800000e+00  6.225232e+00  1.083958e+01
     vertex  3.800000e+00  5.151007e+00  8.425126e+00
     vertex  3.800000e+00  6.520263e+00  1.066472e+01
   endloop
 endfacet
 facet normal  1.000000e+00 -0.000000e+00  0.000000e+00
   outer loop
     vertex  3.800000e+00 -1.088203e+01 -6.150733e+00
     vertex  3.800000e+00 -1.070919e+01 -6.446956e+00
     vertex  3.800000e+00 -8.596800e+00 -4.859079e+00
   endloop
 endfacet
 facet normal  1.000000e+00  0.000000e+00  0.000000e+00
   outer loop
     vertex  3.800000e+00  5.925515e+00  1.100628e+01
     vertex  3.800000e+00  4.681157e+00  8.694964e+00
     vertex  3.800000e+00  6.225232e+00  1.083958e+01
   endloop
 endfacet
 facet normal  1.000000e+00 -0.000000e+00  0.000000e+00
   outer loop
     vertex  3.800000e+00 -1.104667e+01 -5.849880e+00
     vertex  3.800000e+00 -1.088203e+01 -6.150733e+00
     vertex  3.800000e+00 -8.596800e+00 -4.859079e+00
   endloop
 endfacet
 facet normal  1.000000e+00  0.000000e+00  0.000000e+00
   outer loop
     vertex  3.800000e+00 -1.104667e+01 -5.849880e+00
     vertex  3.800000e+00 -8.596800e+00 -4.859079e+00
     vertex  3.800000e+00 -8.726869e+00 -4.621406e+00
   endloop
 endfacet
 facet normal  1.000000e+00  0.000000e+00  0.000000e+00
   outer loop
     vertex  3.800000e+00  5.621338e+00  1.116470e+01
     vertex  3.800000e+00  4.681157e+00  8.694964e+00
     vertex  3.800000e+00  5.925515e+00  1.100628e+01
   endloop
 endfacet
 facet normal  1.000000e+00  0.000000e+00  0.000000e+00
   outer loop
     vertex  3.800000e+00  5.621338e+00  1.116470e+01
     vertex  3.800000e+00  4.440857e+00  8.820114e+00
     vertex  3.800000e+00  4.681157e+00  8.694964e+00
   endloop
 endfacet
 facet normal  1.000000e+00  0.000000e+00  0.000000e+00
   outer loop
     vertex  3.800000e+00 -1.120300e+01 -5.544624e+00
     vertex  3.800000e+00 -8.726869e+00 -4.621406e+00
     vertex  3.800000e+00 -8.850368e+00 -4.380253e+00
   endloop
 endfacet
 facet normal  1.000000e+00 -0.000000e+00  0.000000e+00
   outer loop
     vertex  3.800000e+00 -1.120300e+01 -5.544624e+00
     vertex  3.800000e+00 -1.104667e+01 -5.849880e+00
     vertex  3.800000e+00 -8.726869e+00 -4.621406e+00
   endloop
 endfacet
 facet normal  1.000000e+00  0.000000e+00  0.000000e+00
   outer loop
     vertex  3.800000e+00  5.312930e+00  1.131472e+01
     vertex  3.800000e+00  4.197214e+00  8.938625e+00
     vertex  3.800000e+00  4.440857e+00  8.820114e+00
   endloop
 endfacet
 facet normal  1.000000e+00  0.000000e+00  0.000000e+00
   outer loop
     vertex  3.800000e+00  5.312930e+00  1.131472e+01
     vertex  3.800000e+00  4.440857e+00  8.820114e+00
     vertex  3.800000e+00  5.621338e+00  1.116470e+01
   endloop
 endfacet
 facet normal  1.000000e+00  0.000000e+00  0.000000e+00
   outer loop
     vertex  3.800000e+00 -1.135089e+01 -5.235193e+00
     vertex  3.800000e+00 -8.850368e+00 -4.380253e+00
     vertex  3.800000e+00 -8.967205e+00 -4.135803e+00
   endloop
 endfacet
 facet normal  1.000000e+00 -0.000000e+00  0.000000e+00
   outer loop
     vertex  3.800000e+00 -1.135089e+01 -5.235193e+00
     vertex  3.800000e+00 -1.120300e+01 -5.544624e+00
     vertex  3.800000e+00 -8.850368e+00 -4.380253e+00
   endloop
 endfacet
 facet normal  1.000000e+00  0.000000e+00  0.000000e+00
   outer loop
     vertex  3.800000e+00  5.000521e+00  1.145621e+01
     vertex  3.800000e+00  4.197214e+00  8.938625e+00
     vertex  3.800000e+00  5.312930e+00  1.131472e+01
   endloop
 endfacet
 facet normal  1.000000e+00  0.000000e+00  0.000000e+00
   outer loop
     vertex  3.800000e+00  5.000521e+00  1.145621e+01
     vertex  3.800000e+00  3.950412e+00  9.050407e+00
     vertex  3.800000e+00  4.197214e+00  8.938625e+00
   endloop
 endfacet
 facet normal  1.000000e+00 -0.000000e+00  0.000000e+00
   outer loop
     vertex  3.800000e+00 -1.149024e+01 -4.921822e+00
     vertex  3.800000e+00 -1.135089e+01 -5.235193e+00
     vertex  3.800000e+00 -8.967205e+00 -4.135803e+00
   endloop
 endfacet
 facet normal  1.000000e+00  0.000000e+00  0.000000e+00
   outer loop
     vertex  3.800000e+00 -1.149024e+01 -4.921822e+00
     vertex  3.800000e+00 -8.967205e+00 -4.135803e+00
     vertex  3.800000e+00 -9.077291e+00 -3.888239e+00
   endloop
 endfacet
 facet normal  1.000000e+00  0.000000e+00  0.000000e+00
   outer loop
     vertex  3.800000e+00  4.684349e+00  1.158908e+01
     vertex  3.800000e+00  3.950412e+00  9.050407e+00
     vertex  3.800000e+00  5.000521e+00  1.145621e+01
   endloop
 endfacet
 facet normal  1.000000e+00  0.000000e+00  0.000000e+00
   outer loop
     vertex  3.800000e+00  4.684349e+00  1.158908e+01
     vertex  3.800000e+00  3.700636e+00  9.155377e+00
     vertex  3.800000e+00  3.950412e+00  9.050407e+00
   endloop
 endfacet
 facet normal  1.000000e+00 -0.000000e+00  0.000000e+00
   outer loop
     vertex  3.800000e+00 -1.162094e+01 -4.604746e+00
     vertex  3.800000e+00 -1.149024e+01 -4.921822e+00
     vertex  3.800000e+00 -9.077291e+00 -3.888239e+00
   endloop
 endfacet
 facet normal  1.000000e+00  0.000000e+00  0.000000e+00
   outer loop
     vertex  3.800000e+00 -1.162094e+01 -4.604746e+00
     vertex  3.800000e+00 -9.077291e+00 -3.888239e+00
     vertex  3.800000e+00 -9.180545e+00 -3.637749e+00
   endloop
 endfacet
 facet normal  1.000000e+00  0.000000e+00  0.000000e+00
   outer loop
     vertex  3.800000e+00  4.364650e+00  1.171323e+01
     vertex  3.800000e+00  3.700636e+00  9.155377e+00
     vertex  3.800000e+00  4.684349e+00  1.158908e+01
   endloop
 endfacet
 facet normal  1.000000e+00  0.000000e+00  0.000000e+00
   outer loop
     vertex  3.800000e+00  4.364650e+00  1.171323e+01
     vertex  3.800000e+00  3.448074e+00  9.253454e+00
     vertex  3.800000e+00  3.700636e+00  9.155377e+00
   endloop
 endfacet
 facet normal  1.000000e+00 -0.000000e+00  0.000000e+00
   outer loop
     vertex  3.800000e+00 -1.174290e+01 -4.284203e+00
     vertex  3.800000e+00 -1.162094e+01 -4.604746e+00
     vertex  3.800000e+00 -9.180545e+00 -3.637749e+00
   endloop
 endfacet
 facet normal  1.000000e+00  0.000000e+00  0.000000e+00
   outer loop
     vertex  3.800000e+00 -1.174290e+01 -4.284203e+00
     vertex  3.800000e+00 -9.276888e+00 -3.384520e+00
     vertex  3.800000e+00 -9.366247e+00 -3.128744e+00
   endloop
 endfacet
 facet normal  1.000000e+00  0.000000e+00  0.000000e+00
   outer loop
     vertex  3.800000e+00 -1.174290e+01 -4.284203e+00
     vertex  3.800000e+00 -9.180545e+00 -3.637749e+00
     vertex  3.800000e+00 -9.276888e+00 -3.384520e+00
   endloop
 endfacet
 facet normal  1.000000e+00  0.000000e+00  0.000000e+00
   outer loop
     vertex  3.800000e+00  4.041666e+00  1.182856e+01
     vertex  3.800000e+00  3.192916e+00  9.344566e+00
     vertex  3.800000e+00  3.448074e+00  9.253454e+00
   endloop
 endfacet
 facet normal  1.000000e+00  0.000000e+00  0.000000e+00
   outer loop
     vertex  3.800000e+00  4.041666e+00  1.182856e+01
     vertex  3.800000e+00  2.935355e+00  9.428643e+00
     vertex  3.800000e+00  3.192916e+00  9.344566e+00
   endloop
 endfacet
 facet normal  1.000000e+00  0.000000e+00  0.000000e+00
   outer loop
     vertex  3.800000e+00  4.041666e+00  1.182856e+01
     vertex  3.800000e+00  3.448074e+00  9.253454e+00
     vertex  3.800000e+00  4.364650e+00  1.171323e+01
   endloop
 endfacet
 facet normal  1.000000e+00 -0.000000e+00  0.000000e+00
   outer loop
     vertex  3.800000e+00 -1.185601e+01 -3.960435e+00
     vertex  3.800000e+00 -1.174290e+01 -4.284203e+00
     vertex  3.800000e+00 -9.366247e+00 -3.128744e+00
   endloop
 endfacet
 facet normal  1.000000e+00  0.000000e+00  0.000000e+00
   outer loop
     vertex  3.800000e+00  3.715640e+00  1.193499e+01
     vertex  3.800000e+00  2.935355e+00  9.428643e+00
     vertex  3.800000e+00  4.041666e+00  1.182856e+01
   endloop
 endfacet
 facet normal  1.000000e+00 -0.000000e+00  0.000000e+00
   outer loop
     vertex  3.800000e+00 -1.196020e+01 -3.633686e+00
     vertex  3.800000e+00 -1.185601e+01 -3.960435e+00
     vertex  3.800000e+00 -9.366247e+00 -3.128744e+00
   endloop
 endfacet
 facet normal  1.000000e+00  0.000000e+00  0.000000e+00
   outer loop
     vertex  3.800000e+00 -1.196020e+01 -3.633686e+00
     vertex  3.800000e+00 -9.366247e+00 -3.128744e+00
     vertex  3.800000e+00 -9.448556e+00 -2.870612e+00
   endloop
 endfacet
 facet normal  1.000000e+00  0.000000e+00  0.000000e+00
   outer loop
     vertex  3.800000e+00  3.386816e+00  1.203243e+01
     vertex  3.800000e+00  2.675585e+00  9.505623e+00
     vertex  3.800000e+00  2.935355e+00  9.428643e+00
   endloop
 endfacet
 facet normal  1.000000e+00  0.000000e+00  0.000000e+00
   outer loop
     vertex  3.800000e+00  3.386816e+00  1.203243e+01
     vertex  3.800000e+00  2.935355e+00  9.428643e+00
     vertex  3.800000e+00  3.715640e+00  1.193499e+01
   endloop
 endfacet
 facet normal  1.000000e+00 -0.000000e+00  0.000000e+00
   outer loop
     vertex  3.800000e+00 -1.205538e+01 -3.304202e+00
     vertex  3.800000e+00 -1.196020e+01 -3.633686e+00
     vertex  3.800000e+00 -9.448556e+00 -2.870612e+00
   endloop
 endfacet
 facet normal  1.000000e+00  0.000000e+00  0.000000e+00
   outer loop
     vertex  3.800000e+00 -1.205538e+01 -3.304202e+00
     vertex  3.800000e+00 -9.448556e+00 -2.870612e+00
     vertex  3.800000e+00 -9.523752e+00 -2.610320e+00
   endloop
 endfacet
 facet normal  1.000000e+00  0.000000e+00  0.000000e+00
   outer loop
     vertex  3.800000e+00  3.055443e+00  1.212082e+01
     vertex  3.800000e+00  2.413800e+00  9.575448e+00
     vertex  3.800000e+00  2.675585e+00  9.505623e+00
   endloop
 endfacet
 facet normal  1.000000e+00  0.000000e+00  0.000000e+00
   outer loop
     vertex  3.800000e+00  3.055443e+00  1.212082e+01
     vertex  3.800000e+00  2.675585e+00  9.505623e+00
     vertex  3.800000e+00  3.386816e+00  1.203243e+01
   endloop
 endfacet
 facet normal  1.000000e+00 -0.000000e+00  0.000000e+00
   outer loop
     vertex  3.800000e+00 -1.214149e+01 -2.972230e+00
     vertex  3.800000e+00 -1.205538e+01 -3.304202e+00
     vertex  3.800000e+00 -9.523752e+00 -2.610320e+00
   endloop
 endfacet
 facet normal  1.000000e+00  0.000000e+00  0.000000e+00
   outer loop
     vertex  3.800000e+00 -1.214149e+01 -2.972230e+00
     vertex  3.800000e+00 -9.523752e+00 -2.610320e+00
     vertex  3.800000e+00 -9.591779e+00 -2.348062e+00
   endloop
 endfacet
 facet normal  1.000000e+00  0.000000e+00  0.000000e+00
   outer loop
     vertex  3.800000e+00  2.721770e+00  1.220008e+01
     vertex  3.800000e+00  2.150198e+00  9.638064e+00
     vertex  3.800000e+00  2.413800e+00  9.575448e+00
   endloop
 endfacet
 facet normal  1.000000e+00  0.000000e+00  0.000000e+00
   outer loop
     vertex  3.800000e+00  2.721770e+00  1.220008e+01
     vertex  3.800000e+00  2.413800e+00  9.575448e+00
     vertex  3.800000e+00  3.055443e+00  1.212082e+01
   endloop
 endfacet
 facet normal  1.000000e+00  0.000000e+00  0.000000e+00
   outer loop
     vertex  3.800000e+00 -1.221846e+01 -2.638021e+00
     vertex  3.800000e+00 -9.591779e+00 -2.348062e+00
     vertex  3.800000e+00 -9.652586e+00 -2.084037e+00
   endloop
 endfacet
 facet normal  1.000000e+00 -0.000000e+00  0.000000e+00
   outer loop
     vertex  3.800000e+00 -1.221846e+01 -2.638021e+00
     vertex  3.800000e+00 -1.214149e+01 -2.972230e+00
     vertex  3.800000e+00 -9.591779e+00 -2.348062e+00
   endloop
 endfacet
 facet normal  1.000000e+00  0.000000e+00  0.000000e+00
   outer loop
     vertex  3.800000e+00  2.386048e+00  1.227016e+01
     vertex  3.800000e+00  1.884978e+00  9.693425e+00
     vertex  3.800000e+00  2.150198e+00  9.638064e+00
   endloop
 endfacet
 facet normal  1.000000e+00  0.000000e+00  0.000000e+00
   outer loop
     vertex  3.800000e+00  2.386048e+00  1.227016e+01
     vertex  3.800000e+00  2.150198e+00  9.638064e+00
     vertex  3.800000e+00  2.721770e+00  1.220008e+01
   endloop
 endfacet
 facet normal  1.000000e+00 -0.000000e+00  0.000000e+00
   outer loop
     vertex  3.800000e+00 -1.228624e+01 -2.301827e+00
     vertex  3.800000e+00 -1.221846e+01 -2.638021e+00
     vertex  3.800000e+00 -9.652586e+00 -2.084037e+00
   endloop
 endfacet
 facet normal  1.000000e+00  0.000000e+00  0.000000e+00
   outer loop
     vertex  3.800000e+00 -1.228624e+01 -2.301827e+00
     vertex  3.800000e+00 -9.706126e+00 -1.818443e+00
     vertex  3.800000e+00 -9.752360e+00 -1.551480e+00
   endloop
 endfacet
 facet normal  1.000000e+00  0.000000e+00  0.000000e+00
   outer loop
     vertex  3.800000e+00 -1.228624e+01 -2.301827e+00
     vertex  3.800000e+00 -9.652586e+00 -2.084037e+00
     vertex  3.800000e+00 -9.706126e+00 -1.818443e+00
   endloop
 endfacet
 facet normal  1.000000e+00  0.000000e+00  0.000000e+00
   outer loop
     vertex  3.800000e+00  2.048529e+00  1.233100e+01
     vertex  3.800000e+00  1.618338e+00  9.741489e+00
     vertex  3.800000e+00  1.884978e+00  9.693425e+00
   endloop
 endfacet
 facet normal  1.000000e+00  0.000000e+00  0.000000e+00
   outer loop
     vertex  3.800000e+00  2.048529e+00  1.233100e+01
     vertex  3.800000e+00  1.884978e+00  9.693425e+00
     vertex  3.800000e+00  2.386048e+00  1.227016e+01
   endloop
 endfacet
 facet normal  1.000000e+00 -0.000000e+00  0.000000e+00
   outer loop
     vertex  3.800000e+00 -1.234476e+01 -1.963899e+00
     vertex  3.800000e+00 -1.228624e+01 -2.301827e+00
     vertex  3.800000e+00 -9.752360e+00 -1.551480e+00
   endloop
 endfacet
 facet normal  1.000000e+00  0.000000e+00  0.000000e+00
   outer loop
     vertex  3.800000e+00 -1.234476e+01 -1.963899e+00
     vertex  3.800000e+00 -9.752360e+00 -1.551480e+00
     vertex  3.800000e+00 -9.791253e+00 -1.283350e+00
   endloop
 endfacet
 facet normal  1.000000e+00  0.000000e+00  0.000000e+00
   outer loop
     vertex  3.800000e+00  1.709469e+00  1.238256e+01
     vertex  3.800000e+00  1.350481e+00  9.782220e+00
     vertex  3.800000e+00  1.618338e+00  9.741489e+00
   endloop
 endfacet
 facet normal  1.000000e+00  0.000000e+00  0.000000e+00
   outer loop
     vertex  3.800000e+00  1.709469e+00  1.238256e+01
     vertex  3.800000e+00  1.618338e+00  9.741489e+00
     vertex  3.800000e+00  2.048529e+00  1.233100e+01
   endloop
 endfacet
 facet normal  1.000000e+00 -0.000000e+00  0.000000e+00
   outer loop
     vertex  3.800000e+00 -1.239399e+01 -1.624493e+00
     vertex  3.800000e+00 -1.234476e+01 -1.963899e+00
     vertex  3.800000e+00 -9.791253e+00 -1.283350e+00
   endloop
 endfacet
 facet normal  1.000000e+00  0.000000e+00  0.000000e+00
   outer loop
     vertex  3.800000e+00  1.369122e+00  1.242479e+01
     vertex  3.800000e+00  1.350481e+00  9.782220e+00
     vertex  3.800000e+00  1.709469e+00  1.238256e+01
   endloop
 endfacet
 facet normal  1.000000e+00  0.000000e+00  0.000000e+00
   outer loop
     vertex  3.800000e+00  1.369122e+00  1.242479e+01
     vertex  3.800000e+00  1.081606e+00  9.815587e+00
     vertex  3.800000e+00  1.350481e+00  9.782220e+00
   endloop
 endfacet
 facet normal  1.000000e+00  0.000000e+00  0.000000e+00
   outer loop
     vertex  3.800000e+00  1.369122e+00  1.242479e+01
     vertex  3.800000e+00  8.119181e-01  9.841566e+00
     vertex  3.800000e+00  1.081606e+00  9.815587e+00
   endloop
 endfacet
 facet normal  1.000000e+00 -0.000000e+00  0.000000e+00
   outer loop
     vertex  3.800000e+00 -1.243389e+01 -1.283864e+00
     vertex  3.800000e+00 -1.239399e+01 -1.624493e+00
     vertex  3.800000e+00 -9.791253e+00 -1.283350e+00
   endloop
 endfacet
 facet normal  1.000000e+00  0.000000e+00  0.000000e+00
   outer loop
     vertex  3.800000e+00 -1.243389e+01 -1.283864e+00
     vertex  3.800000e+00 -9.791253e+00 -1.283350e+00
     vertex  3.800000e+00 -9.822775e+00 -1.014253e+00
   endloop
 endfacet
 facet normal  1.000000e+00  0.000000e+00  0.000000e+00
   outer loop
     vertex  3.800000e+00  1.027744e+00  1.245768e+01
     vertex  3.800000e+00  8.119181e-01  9.841566e+00
     vertex  3.800000e+00  1.369122e+00  1.242479e+01
   endloop
 endfacet
 facet normal  1.000000e+00  0.000000e+00  0.000000e+00
   outer loop
     vertex  3.800000e+00 -1.246443e+01 -9.422691e-01
     vertex  3.800000e+00 -1.243389e+01 -1.283864e+00
     vertex  3.800000e+00 -9.822775e+00 -1.014253e+00
   endloop
 endfacet
 facet normal  1.000000e+00 -0.000000e+00  0.000000e+00
   outer loop
     vertex  3.800000e+00 -1.246443e+01 -9.422691e-01
     vertex  3.800000e+00 -9.822775e+00 -1.014253e+00
     vertex  3.800000e+00 -9.846903e+00 -7.443926e-01
   endloop
 endfacet
 facet normal  1.000000e+00  0.000000e+00  0.000000e+00
   outer loop
     vertex  3.800000e+00  6.855931e-01  1.248118e+01
     vertex  3.800000e+00  8.119181e-01  9.841566e+00
     vertex  3.800000e+00  1.027744e+00  1.245768e+01
   endloop
 endfacet
 facet normal  1.000000e+00  0.000000e+00  0.000000e+00
   outer loop
     vertex  3.800000e+00  6.855931e-01  1.248118e+01
     vertex  3.800000e+00  5.416185e-01  9.860136e+00
     vertex  3.800000e+00  8.119181e-01  9.841566e+00
   endloop
 endfacet
 facet normal  1.000000e+00  0.000000e+00  0.000000e+00
   outer loop
     vertex  3.800000e+00 -1.248559e+01 -5.999645e-01
     vertex  3.800000e+00 -1.246443e+01 -9.422691e-01
     vertex  3.800000e+00 -9.846903e+00 -7.443926e-01
   endloop
 endfacet
 facet normal  1.000000e+00 -0.000000e+00  0.000000e+00
   outer loop
     vertex  3.800000e+00 -1.248559e+01 -5.999645e-01
     vertex  3.800000e+00 -9.846903e+00 -7.443926e-01
     vertex  3.800000e+00 -9.863619e+00 -4.739720e-01
   endloop
 endfacet
 facet normal  1.000000e+00  0.000000e+00  0.000000e+00
   outer loop
     vertex  3.800000e+00  3.429256e-01  1.249530e+01
     vertex  3.800000e+00  2.709112e-01  9.871283e+00
     vertex  3.800000e+00  5.416185e-01  9.860136e+00
   endloop
 endfacet
 facet normal  1.000000e+00  0.000000e+00  0.000000e+00
   outer loop
     vertex  3.800000e+00  3.429256e-01  1.249530e+01
     vertex  3.800000e+00  2.418677e-15  9.875000e+00
     vertex  3.800000e+00  2.709112e-01  9.871283e+00
   endloop
 endfacet
 facet normal  1.000000e+00  0.000000e+00  0.000000e+00
   outer loop
     vertex  3.800000e+00  3.429256e-01  1.249530e+01
     vertex  3.800000e+00  5.416185e-01  9.860136e+00
     vertex  3.800000e+00  6.855931e-01  1.248118e+01
   endloop
 endfacet
 facet normal  1.000000e+00  0.000000e+00  0.000000e+00
   outer loop
     vertex  3.800000e+00 -1.249735e+01 -2.572083e-01
     vertex  3.800000e+00 -1.248559e+01 -5.999645e-01
     vertex  3.800000e+00 -9.863619e+00 -4.739720e-01
   endloop
 endfacet
 facet normal  1.000000e+00 -0.000000e+00  0.000000e+00
   outer loop
     vertex  3.800000e+00 -1.249735e+01 -2.572083e-01
     vertex  3.800000e+00 -9.863619e+00 -4.739720e-01
     vertex  3.800000e+00 -9.872909e+00 -2.031946e-01
   endloop
 endfacet
 facet normal  1.000000e+00  0.000000e+00  0.000000e+00
   outer loop
     vertex  3.800000e+00  3.061617e-15  1.250000e+01
     vertex  3.800000e+00  2.418677e-15  9.875000e+00
     vertex  3.800000e+00  3.429256e-01  1.249530e+01
   endloop
 endfacet
 facet normal  1.000000e+00  0.000000e+00  0.000000e+00
   outer loop
     vertex  3.800000e+00 -1.249971e+01  8.574149e-02
     vertex  3.800000e+00 -1.249735e+01 -2.572083e-01
     vertex  3.800000e+00 -9.872909e+00 -2.031946e-01
   endloop
 endfacet
 facet normal  1.000000e+00  0.000000e+00  0.000000e+00
   outer loop
     vertex  3.800000e+00 -1.249971e+01  8.574149e-02
     vertex  3.800000e+00 -9.872909e+00 -2.031946e-01
     vertex  3.800000e+00 -9.874768e+00  6.773577e-02
   endloop
 endfacet
 facet normal  1.000000e+00  0.000000e+00  0.000000e+00
   outer loop
     vertex  3.800000e+00 -3.429256e-01  1.249530e+01
     vertex  3.800000e+00 -2.709112e-01  9.871283e+00
     vertex  3.800000e+00  2.418677e-15  9.875000e+00
   endloop
 endfacet
 facet normal  1.000000e+00 -0.000000e+00  0.000000e+00
   outer loop
     vertex  3.800000e+00 -3.429256e-01  1.249530e+01
     vertex  3.800000e+00  2.418677e-15  9.875000e+00
     vertex  3.800000e+00  3.061617e-15  1.250000e+01
   endloop
 endfacet
 facet normal  1.000000e+00  0.000000e+00  0.000000e+00
   outer loop
     vertex  3.800000e+00 -1.249265e+01  4.286267e-01
     vertex  3.800000e+00 -9.874768e+00  6.773577e-02
     vertex  3.800000e+00 -9.869193e+00  3.386151e-01
   endloop
 endfacet
 facet normal  1.000000e+00  0.000000e+00  0.000000e+00
   outer loop
     vertex  3.800000e+00 -1.249265e+01  4.286267e-01
     vertex  3.800000e+00 -1.249971e+01  8.574149e-02
     vertex  3.800000e+00 -9.874768e+00  6.773577e-02
   endloop
 endfacet
 facet normal  1.000000e+00  0.000000e+00  0.000000e+00
   outer loop
     vertex  3.800000e+00 -6.855931e-01  1.248118e+01
     vertex  3.800000e+00 -5.416185e-01  9.860136e+00
     vertex  3.800000e+00 -2.709112e-01  9.871283e+00
   endloop
 endfacet
 facet normal  1.000000e+00  0.000000e+00  0.000000e+00
   outer loop
     vertex  3.800000e+00 -6.855931e-01  1.248118e+01
     vertex  3.800000e+00 -8.119181e-01  9.841566e+00
     vertex  3.800000e+00 -5.416185e-01  9.860136e+00
   endloop
 endfacet
 facet normal  1.000000e+00 -0.000000e+00  0.000000e+00
   outer loop
     vertex  3.800000e+00 -6.855931e-01  1.248118e+01
     vertex  3.800000e+00 -2.709112e-01  9.871283e+00
     vertex  3.800000e+00 -3.429256e-01  1.249530e+01
   endloop
 endfacet
 facet normal  1.000000e+00  0.000000e+00  0.000000e+00
   outer loop
     vertex  3.800000e+00 -1.247619e+01  7.711893e-01
     vertex  3.800000e+00 -1.249265e+01  4.286267e-01
     vertex  3.800000e+00 -9.869193e+00  3.386151e-01
   endloop
 endfacet
 facet normal  1.000000e+00  0.000000e+00  0.000000e+00
   outer loop
     vertex  3.800000e+00 -1.247619e+01  7.711893e-01
     vertex  3.800000e+00 -9.869193e+00  3.386151e-01
     vertex  3.800000e+00 -9.856189e+00  6.092396e-01
   endloop
 endfacet
 facet normal  1.000000e+00 -0.000000e+00  0.000000e+00
   outer loop
     vertex  3.800000e+00 -1.027744e+00  1.245768e+01
     vertex  3.800000e+00 -8.119181e-01  9.841566e+00
     vertex  3.800000e+00 -6.855931e-01  1.248118e+01
   endloop
 endfacet
 facet normal  1.000000e+00  0.000000e+00  0.000000e+00
   outer loop
     vertex  3.800000e+00 -1.245034e+01  1.113171e+00
     vertex  3.800000e+00 -1.247619e+01  7.711893e-01
     vertex  3.800000e+00 -9.856189e+00  6.092396e-01
   endloop
 endfacet
 facet normal  1.000000e+00  0.000000e+00  0.000000e+00
   outer loop
     vertex  3.800000e+00 -1.245034e+01  1.113171e+00
     vertex  3.800000e+00 -9.856189e+00  6.092396e-01
     vertex  3.800000e+00 -9.835765e+00  8.794054e-01
   endloop
 endfacet
 facet normal  1.000000e+00  0.000000e+00  0.000000e+00
   outer loop
     vertex  3.800000e+00 -1.369122e+00  1.242479e+01
     vertex  3.800000e+00 -1.081606e+00  9.815587e+00
     vertex  3.800000e+00 -8.119181e-01  9.841566e+00
   endloop
 endfacet
 facet normal  1.000000e+00  0.000000e+00  0.000000e+00
   outer loop
     vertex  3.800000e+00 -1.369122e+00  1.242479e+01
     vertex  3.800000e+00 -1.350481e+00  9.782220e+00
     vertex  3.800000e+00 -1.081606e+00  9.815587e+00
   endloop
 endfacet
 facet normal  1.000000e+00 -0.000000e+00  0.000000e+00
   outer loop
     vertex  3.800000e+00 -1.369122e+00  1.242479e+01
     vertex  3.800000e+00 -8.119181e-01  9.841566e+00
     vertex  3.800000e+00 -1.027744e+00  1.245768e+01
   endloop
 endfacet
 facet normal  1.000000e+00  0.000000e+00  0.000000e+00
   outer loop
     vertex  3.800000e+00 -1.241511e+01  1.454316e+00
     vertex  3.800000e+00 -1.245034e+01  1.113171e+00
     vertex  3.800000e+00 -9.835765e+00  8.794054e-01
   endloop
 endfacet
 facet normal  1.000000e+00  0.000000e+00  0.000000e+00
   outer loop
     vertex  3.800000e+00 -1.241511e+01  1.454316e+00
     vertex  3.800000e+00 -9.807937e+00  1.148909e+00
     vertex  3.800000e+00 -9.772726e+00  1.417548e+00
   endloop
 endfacet
 facet normal  1.000000e+00  0.000000e+00  0.000000e+00
   outer loop
     vertex  3.800000e+00 -1.241511e+01  1.454316e+00
     vertex  3.800000e+00 -9.835765e+00  8.794054e-01
     vertex  3.800000e+00 -9.807937e+00  1.148909e+00
   endloop
 endfacet
 facet normal  1.000000e+00 -0.000000e+00  0.000000e+00
   outer loop
     vertex  3.800000e+00 -1.709469e+00  1.238256e+01
     vertex  3.800000e+00 -1.350481e+00  9.782220e+00
     vertex  3.800000e+00 -1.369122e+00  1.242479e+01
   endloop
 endfacet
 facet normal  1.000000e+00  0.000000e+00  0.000000e+00
   outer loop
     vertex  3.800000e+00 -1.709469e+00  1.238256e+01
     vertex  3.800000e+00 -1.618338e+00  9.741489e+00
     vertex  3.800000e+00 -1.350481e+00  9.782220e+00
   endloop
 endfacet
 facet normal  1.000000e+00  0.000000e+00  0.000000e+00
   outer loop
     vertex  3.800000e+00 -1.237054e+01  1.794365e+00
     vertex  3.800000e+00 -1.241511e+01  1.454316e+00
     vertex  3.800000e+00 -9.772726e+00  1.417548e+00
   endloop
 endfacet
 facet normal  1.000000e+00  0.000000e+00  0.000000e+00
   outer loop
     vertex  3.800000e+00 -1.237054e+01  1.794365e+00
     vertex  3.800000e+00 -9.772726e+00  1.417548e+00
     vertex  3.800000e+00 -9.730159e+00  1.685120e+00
   endloop
 endfacet
 facet normal  1.000000e+00  0.000000e+00  0.000000e+00
   outer loop
     vertex  3.800000e+00 -2.048529e+00  1.233100e+01
     vertex  3.800000e+00 -1.884978e+00  9.693425e+00
     vertex  3.800000e+00 -1.618338e+00  9.741489e+00
   endloop
 endfacet
 facet normal  1.000000e+00 -0.000000e+00  0.000000e+00
   outer loop
     vertex  3.800000e+00 -2.048529e+00  1.233100e+01
     vertex  3.800000e+00 -1.618338e+00  9.741489e+00
     vertex  3.800000e+00 -1.709469e+00  1.238256e+01
   endloop
 endfacet
 facet normal  1.000000e+00  0.000000e+00  0.000000e+00
   outer loop
     vertex  3.800000e+00 -1.231666e+01  2.133064e+00
     vertex  3.800000e+00 -1.237054e+01  1.794365e+00
     vertex  3.800000e+00 -9.730159e+00  1.685120e+00
   endloop
 endfacet
 facet normal  1.000000e+00  0.000000e+00  0.000000e+00
   outer loop
     vertex  3.800000e+00 -2.386048e+00  1.227016e+01
     vertex  3.800000e+00 -2.150198e+00  9.638064e+00
     vertex  3.800000e+00 -1.884978e+00  9.693425e+00
   endloop
 endfacet
 facet normal  1.000000e+00 -0.000000e+00  0.000000e+00
   outer loop
     vertex  3.800000e+00 -2.386048e+00  1.227016e+01
     vertex  3.800000e+00 -1.884978e+00  9.693425e+00
     vertex  3.800000e+00 -2.048529e+00  1.233100e+01
   endloop
 endfacet
 facet normal  1.000000e+00  0.000000e+00  0.000000e+00
   outer loop
     vertex  3.800000e+00 -1.225350e+01  2.470156e+00
     vertex  3.800000e+00 -1.231666e+01  2.133064e+00
     vertex  3.800000e+00 -9.730159e+00  1.685120e+00
   endloop
 endfacet
 facet normal  1.000000e+00  0.000000e+00  0.000000e+00
   outer loop
     vertex  3.800000e+00 -1.225350e+01  2.470156e+00
     vertex  3.800000e+00 -9.680267e+00  1.951424e+00
     vertex  3.800000e+00 -9.623088e+00  2.216258e+00
   endloop
 endfacet
 facet normal  1.000000e+00  0.000000e+00  0.000000e+00
   outer loop
     vertex  3.800000e+00 -1.225350e+01  2.470156e+00
     vertex  3.800000e+00 -9.730159e+00  1.685120e+00
     vertex  3.800000e+00 -9.680267e+00  1.951424e+00
   endloop
 endfacet
 facet normal  1.000000e+00 -0.000000e+00  0.000000e+00
   outer loop
     vertex  3.800000e+00 -2.721770e+00  1.220008e+01
     vertex  3.800000e+00 -2.150198e+00  9.638064e+00
     vertex  3.800000e+00 -2.386048e+00  1.227016e+01
   endloop
 endfacet
 facet normal  1.000000e+00  0.000000e+00  0.000000e+00
   outer loop
     vertex  3.800000e+00 -1.218112e+01  2.805390e+00
     vertex  3.800000e+00 -1.225350e+01  2.470156e+00
     vertex  3.800000e+00 -9.623088e+00  2.216258e+00
   endloop
 endfacet
 facet normal  1.000000e+00  0.000000e+00  0.000000e+00
   outer loop
     vertex  3.800000e+00 -3.055443e+00  1.212082e+01
     vertex  3.800000e+00 -2.413800e+00  9.575448e+00
     vertex  3.800000e+00 -2.150198e+00  9.638064e+00
   endloop
 endfacet
 facet normal  1.000000e+00  0.000000e+00  0.000000e+00
   outer loop
     vertex  3.800000e+00 -3.055443e+00  1.212082e+01
     vertex  3.800000e+00 -2.675585e+00  9.505623e+00
     vertex  3.800000e+00 -2.413800e+00  9.575448e+00
   endloop
 endfacet
 facet normal  1.000000e+00 -0.000000e+00  0.000000e+00
   outer loop
     vertex  3.800000e+00 -3.055443e+00  1.212082e+01
     vertex  3.800000e+00 -2.150198e+00  9.638064e+00
     vertex  3.800000e+00 -2.721770e+00  1.220008e+01
   endloop
 endfacet
 facet normal  1.000000e+00  0.000000e+00  0.000000e+00
   outer loop
     vertex  3.800000e+00 -1.209958e+01  3.138512e+00
     vertex  3.800000e+00 -9.558665e+00  2.479424e+00
     vertex  3.800000e+00 -9.487047e+00  2.740724e+00
   endloop
 endfacet
 facet normal  1.000000e+00  0.000000e+00  0.000000e+00
   outer loop
     vertex  3.800000e+00 -1.209958e+01  3.138512e+00
     vertex  3.800000e+00 -9.623088e+00  2.216258e+00
     vertex  3.800000e+00 -9.558665e+00  2.479424e+00
   endloop
 endfacet
 facet normal  1.000000e+00  0.000000e+00  0.000000e+00
   outer loop
     vertex  3.800000e+00 -1.209958e+01  3.138512e+00
     vertex  3.800000e+00 -1.218112e+01  2.805390e+00
     vertex  3.800000e+00 -9.623088e+00  2.216258e+00
   endloop
 endfacet
 facet normal  1.000000e+00  0.000000e+00  0.000000e+00
   outer loop
     vertex  3.800000e+00 -3.386816e+00  1.203243e+01
     vertex  3.800000e+00 -2.935355e+00  9.428643e+00
     vertex  3.800000e+00 -2.675585e+00  9.505623e+00
   endloop
 endfacet
 facet normal  1.000000e+00 -0.000000e+00  0.000000e+00
   outer loop
     vertex  3.800000e+00 -3.386816e+00  1.203243e+01
     vertex  3.800000e+00 -2.675585e+00  9.505623e+00
     vertex  3.800000e+00 -3.055443e+00  1.212082e+01
   endloop
 endfacet
 facet normal  1.000000e+00  0.000000e+00  0.000000e+00
   outer loop
     vertex  3.800000e+00 -1.200892e+01  3.469271e+00
     vertex  3.800000e+00 -1.209958e+01  3.138512e+00
     vertex  3.800000e+00 -9.487047e+00  2.740724e+00
   endloop
 endfacet
 facet normal  1.000000e+00 -0.000000e+00  0.000000e+00
   outer loop
     vertex  3.800000e+00 -3.715640e+00  1.193499e+01
     vertex  3.800000e+00 -2.935355e+00  9.428643e+00
     vertex  3.800000e+00 -3.386816e+00  1.203243e+01
   endloop
 endfacet
 facet normal  1.000000e+00  0.000000e+00  0.000000e+00
   outer loop
     vertex  3.800000e+00 -1.190922e+01  3.797418e+00
     vertex  3.800000e+00 -1.200892e+01  3.469271e+00
     vertex  3.800000e+00 -9.487047e+00  2.740724e+00
   endloop
 endfacet
 facet normal  1.000000e+00  0.000000e+00  0.000000e+00
   outer loop
     vertex  3.800000e+00 -1.190922e+01  3.797418e+00
     vertex  3.800000e+00 -9.487047e+00  2.740724e+00
     vertex  3.800000e+00 -9.408287e+00  2.999960e+00
   endloop
 endfacet
 facet normal  1.000000e+00  0.000000e+00  0.000000e+00
   outer loop
     vertex  3.800000e+00 -4.041666e+00  1.182856e+01
     vertex  3.800000e+00 -3.192916e+00  9.344566e+00
     vertex  3.800000e+00 -2.935355e+00  9.428643e+00
   endloop
 endfacet
 facet normal  1.000000e+00 -0.000000e+00  0.000000e+00
   outer loop
     vertex  3.800000e+00 -4.041666e+00  1.182856e+01
     vertex  3.800000e+00 -2.935355e+00  9.428643e+00
     vertex  3.800000e+00 -3.715640e+00  1.193499e+01
   endloop
 endfacet
 facet normal  1.000000e+00  0.000000e+00  0.000000e+00
   outer loop
     vertex  3.800000e+00 -1.180056e+01  4.122707e+00
     vertex  3.800000e+00 -9.408287e+00  2.999960e+00
     vertex  3.800000e+00 -9.322445e+00  3.256939e+00
   endloop
 endfacet
 facet normal  1.000000e+00  0.000000e+00  0.000000e+00
   outer loop
     vertex  3.800000e+00 -1.180056e+01  4.122707e+00
     vertex  3.800000e+00 -1.190922e+01  3.797418e+00
     vertex  3.800000e+00 -9.408287e+00  2.999960e+00
   endloop
 endfacet
 facet normal  1.000000e+00  0.000000e+00  0.000000e+00
   outer loop
     vertex  3.800000e+00 -4.364650e+00  1.171323e+01
     vertex  3.800000e+00 -3.448074e+00  9.253454e+00
     vertex  3.800000e+00 -3.192916e+00  9.344566e+00
   endloop
 endfacet
 facet normal  1.000000e+00 -0.000000e+00  0.000000e+00
   outer loop
     vertex  3.800000e+00 -4.364650e+00  1.171323e+01
     vertex  3.800000e+00 -3.192916e+00  9.344566e+00
     vertex  3.800000e+00 -4.041666e+00  1.182856e+01
   endloop
 endfacet
 facet normal  1.000000e+00  0.000000e+00  0.000000e+00
   outer loop
     vertex  3.800000e+00 -1.168302e+01  4.444893e+00
     vertex  3.800000e+00 -1.180056e+01  4.122707e+00
     vertex  3.800000e+00 -9.322445e+00  3.256939e+00
   endloop
 endfacet
 facet normal  1.000000e+00  0.000000e+00  0.000000e+00
   outer loop
     vertex  3.800000e+00 -1.168302e+01  4.444893e+00
     vertex  3.800000e+00 -9.322445e+00  3.256939e+00
     vertex  3.800000e+00 -9.229585e+00  3.511465e+00
   endloop
 endfacet
 facet normal  1.000000e+00  0.000000e+00  0.000000e+00
   outer loop
     vertex  3.800000e+00 -4.684349e+00  1.158908e+01
     vertex  3.800000e+00 -3.700636e+00  9.155377e+00
     vertex  3.800000e+00 -3.448074e+00  9.253454e+00
   endloop
 endfacet
 facet normal  1.000000e+00 -0.000000e+00  0.000000e+00
   outer loop
     vertex  3.800000e+00 -4.684349e+00  1.158908e+01
     vertex  3.800000e+00 -3.448074e+00  9.253454e+00
     vertex  3.800000e+00 -4.364650e+00  1.171323e+01
   endloop
 endfacet
 facet normal  1.000000e+00  0.000000e+00  0.000000e+00
   outer loop
     vertex  3.800000e+00 -1.155668e+01  4.763732e+00
     vertex  3.800000e+00 -1.168302e+01  4.444893e+00
     vertex  3.800000e+00 -9.229585e+00  3.511465e+00
   endloop
 endfacet
 facet normal  1.000000e+00  0.000000e+00  0.000000e+00
   outer loop
     vertex  3.800000e+00 -1.155668e+01  4.763732e+00
     vertex  3.800000e+00 -9.229585e+00  3.511465e+00
     vertex  3.800000e+00 -9.129777e+00  3.763348e+00
   endloop
 endfacet
 facet normal  1.000000e+00  0.000000e+00  0.000000e+00
   outer loop
     vertex  3.800000e+00 -5.000521e+00  1.145621e+01
     vertex  3.800000e+00 -3.950412e+00  9.050407e+00
     vertex  3.800000e+00 -3.700636e+00  9.155377e+00
   endloop
 endfacet
 facet normal  1.000000e+00 -0.000000e+00  0.000000e+00
   outer loop
     vertex  3.800000e+00 -5.000521e+00  1.145621e+01
     vertex  3.800000e+00 -3.700636e+00  9.155377e+00
     vertex  3.800000e+00 -4.684349e+00  1.158908e+01
   endloop
 endfacet
 facet normal  1.000000e+00  0.000000e+00  0.000000e+00
   outer loop
     vertex  3.800000e+00 -1.142164e+01  5.078986e+00
     vertex  3.800000e+00 -1.155668e+01  4.763732e+00
     vertex  3.800000e+00 -9.129777e+00  3.763348e+00
   endloop
 endfacet
 facet normal  1.000000e+00  0.000000e+00  0.000000e+00
   outer loop
     vertex  3.800000e+00 -1.142164e+01  5.078986e+00
     vertex  3.800000e+00 -9.023097e+00  4.012399e+00
     vertex  3.800000e+00 -8.909625e+00  4.258428e+00
   endloop
 endfacet
 facet normal  1.000000e+00  0.000000e+00  0.000000e+00
   outer loop
     vertex  3.800000e+00 -1.142164e+01  5.078986e+00
     vertex  3.800000e+00 -9.129777e+00  3.763348e+00
     vertex  3.800000e+00 -9.023097e+00  4.012399e+00
   endloop
 endfacet
 facet normal  1.000000e+00  0.000000e+00  0.000000e+00
   outer loop
     vertex  3.800000e+00 -5.312930e+00  1.131472e+01
     vertex  3.800000e+00 -4.197214e+00  8.938625e+00
     vertex  3.800000e+00 -3.950412e+00  9.050407e+00
   endloop
 endfacet
 facet normal  1.000000e+00 -0.000000e+00  0.000000e+00
   outer loop
     vertex  3.800000e+00 -5.312930e+00  1.131472e+01
     vertex  3.800000e+00 -3.950412e+00  9.050407e+00
     vertex  3.800000e+00 -5.000521e+00  1.145621e+01
   endloop
 endfacet
 facet normal  1.000000e+00  0.000000e+00  0.000000e+00
   outer loop
     vertex  3.800000e+00 -1.127801e+01  5.390416e+00
     vertex  3.800000e+00 -1.142164e+01  5.078986e+00
     vertex  3.800000e+00 -8.909625e+00  4.258428e+00
   endloop
 endfacet
 facet normal  1.000000e+00  0.000000e+00  0.000000e+00
   outer loop
     vertex  3.800000e+00 -1.127801e+01  5.390416e+00
     vertex  3.800000e+00 -8.909625e+00  4.258428e+00
     vertex  3.800000e+00 -8.789445e+00  4.501253e+00
   endloop
 endfacet
 facet normal  1.000000e+00  0.000000e+00  0.000000e+00
   outer loop
     vertex  3.800000e+00 -5.621338e+00  1.116470e+01
     vertex  3.800000e+00 -4.440857e+00  8.820114e+00
     vertex  3.800000e+00 -4.197214e+00  8.938625e+00
   endloop
 endfacet
 facet normal  1.000000e+00 -0.000000e+00  0.000000e+00
   outer loop
     vertex  3.800000e+00 -5.621338e+00  1.116470e+01
     vertex  3.800000e+00 -4.197214e+00  8.938625e+00
     vertex  3.800000e+00 -5.312930e+00  1.131472e+01
   endloop
 endfacet
 facet normal  1.000000e+00  0.000000e+00  0.000000e+00
   outer loop
     vertex  3.800000e+00 -1.112588e+01  5.697788e+00
     vertex  3.800000e+00 -1.127801e+01  5.390416e+00
     vertex  3.800000e+00 -8.789445e+00  4.501253e+00
   endloop
 endfacet
 facet normal  1.000000e+00 -0.000000e+00  0.000000e+00
   outer loop
     vertex  3.800000e+00 -5.925515e+00  1.100628e+01
     vertex  3.800000e+00 -4.440857e+00  8.820114e+00
     vertex  3.800000e+00 -5.621338e+00  1.116470e+01
   endloop
 endfacet
 facet normal  1.000000e+00  0.000000e+00  0.000000e+00
   outer loop
     vertex  3.800000e+00 -5.925515e+00  1.100628e+01
     vertex  3.800000e+00 -4.681157e+00  8.694964e+00
     vertex  3.800000e+00 -4.440857e+00  8.820114e+00
   endloop
 endfacet
 facet normal  1.000000e+00  0.000000e+00  0.000000e+00
   outer loop
     vertex  3.800000e+00 -5.925515e+00  1.100628e+01
     vertex  3.800000e+00 -4.917933e+00  8.563268e+00
     vertex  3.800000e+00 -4.681157e+00  8.694964e+00
   endloop
 endfacet
 facet normal  1.000000e+00  0.000000e+00  0.000000e+00
   outer loop
     vertex  3.800000e+00 -1.096538e+01  6.000872e+00
     vertex  3.800000e+00 -8.789445e+00  4.501253e+00
     vertex  3.800000e+00 -8.662650e+00  4.740689e+00
   endloop
 endfacet
 facet normal  1.000000e+00  0.000000e+00  0.000000e+00
   outer loop
     vertex  3.800000e+00 -1.096538e+01  6.000872e+00
     vertex  3.800000e+00 -1.112588e+01  5.697788e+00
     vertex  3.800000e+00 -8.789445e+00  4.501253e+00
   endloop
 endfacet
 facet normal  1.000000e+00 -0.000000e+00  0.000000e+00
   outer loop
     vertex  3.800000e+00 -6.225232e+00  1.083958e+01
     vertex  3.800000e+00 -4.917933e+00  8.563268e+00
     vertex  3.800000e+00 -5.925515e+00  1.100628e+01
   endloop
 endfacet
 facet normal  1.000000e+00  0.000000e+00  0.000000e+00
   outer loop
     vertex  3.800000e+00 -6.225232e+00  1.083958e+01
     vertex  3.800000e+00 -5.151007e+00  8.425126e+00
     vertex  3.800000e+00 -4.917933e+00  8.563268e+00
   endloop
 endfacet
 facet normal  1.000000e+00  0.000000e+00  0.000000e+00
   outer loop
     vertex  3.800000e+00 -1.079662e+01  6.299438e+00
     vertex  3.800000e+00 -1.096538e+01  6.000872e+00
     vertex  3.800000e+00 -8.662650e+00  4.740689e+00
   endloop
 endfacet
 facet normal  1.000000e+00  0.000000e+00  0.000000e+00
   outer loop
     vertex  3.800000e+00 -1.079662e+01  6.299438e+00
     vertex  3.800000e+00 -8.529333e+00  4.976556e+00
     vertex  3.800000e+00 -8.389595e+00  5.208677e+00
   endloop
 endfacet
 facet normal  1.000000e+00  0.000000e+00  0.000000e+00
   outer loop
     vertex  3.800000e+00 -1.079662e+01  6.299438e+00
     vertex  3.800000e+00 -8.662650e+00  4.740689e+00
     vertex  3.800000e+00 -8.529333e+00  4.976556e+00
   endloop
 endfacet
 facet normal  1.000000e+00 -0.000000e+00  0.000000e+00
   outer loop
     vertex  3.800000e+00 -6.520263e+00  1.066472e+01
     vertex  3.800000e+00 -5.151007e+00  8.425126e+00
     vertex  3.800000e+00 -6.225232e+00  1.083958e+01
   endloop
 endfacet
 facet normal  1.000000e+00  0.000000e+00  0.000000e+00
   outer loop
     vertex  3.800000e+00 -1.061974e+01  6.593262e+00
     vertex  3.800000e+00 -1.079662e+01  6.299438e+00
     vertex  3.800000e+00 -8.389595e+00  5.208677e+00
   endloop
 endfacet
 facet normal  1.000000e+00  0.000000e+00  0.000000e+00
   outer loop
     vertex  3.800000e+00 -1.061974e+01  6.593262e+00
     vertex  3.800000e+00 -8.389595e+00  5.208677e+00
     vertex  3.800000e+00 -8.243543e+00  5.436877e+00
   endloop
 endfacet
 facet normal  1.000000e+00 -0.000000e+00  0.000000e+00
   outer loop
     vertex  3.800000e+00 -6.810385e+00  1.048183e+01
     vertex  3.800000e+00 -5.151007e+00  8.425126e+00
     vertex  3.800000e+00 -6.520263e+00  1.066472e+01
   endloop
 endfacet
 facet normal  1.000000e+00  0.000000e+00  0.000000e+00
   outer loop
     vertex  3.800000e+00 -6.810385e+00  1.048183e+01
     vertex  3.800000e+00 -5.380204e+00  8.280642e+00
     vertex  3.800000e+00 -5.151007e+00  8.425126e+00
   endloop
 endfacet
 facet normal  1.000000e+00  0.000000e+00  0.000000e+00
   outer loop
     vertex  3.800000e+00 -6.810385e+00  1.048183e+01
     vertex  3.800000e+00 -5.605350e+00  8.129924e+00
     vertex  3.800000e+00 -5.380204e+00  8.280642e+00
   endloop
 endfacet
 facet normal  1.000000e+00  0.000000e+00  0.000000e+00
   outer loop
     vertex  3.800000e+00 -1.043486e+01  6.882123e+00
     vertex  3.800000e+00 -1.061974e+01  6.593262e+00
     vertex  3.800000e+00 -8.243543e+00  5.436877e+00
   endloop
 endfacet
 facet normal  1.000000e+00 -0.000000e+00  0.000000e+00
   outer loop
     vertex  3.800000e+00 -7.095380e+00  1.029104e+01
     vertex  3.800000e+00 -5.605350e+00  8.129924e+00
     vertex  3.800000e+00 -6.810385e+00  1.048183e+01
   endloop
 endfacet
 facet normal  1.000000e+00  0.000000e+00  0.000000e+00
   outer loop
     vertex  3.800000e+00 -1.024213e+01  7.165803e+00
     vertex  3.800000e+00 -1.043486e+01  6.882123e+00
     vertex  3.800000e+00 -8.243543e+00  5.436877e+00
   endloop
 endfacet
 facet normal  1.000000e+00  0.000000e+00  0.000000e+00
   outer loop
     vertex  3.800000e+00 -1.024213e+01  7.165803e+00
     vertex  3.800000e+00 -8.091284e+00  5.660984e+00
     vertex  3.800000e+00 -7.932935e+00  5.880830e+00
   endloop
 endfacet
 facet normal  1.000000e+00  0.000000e+00  0.000000e+00
   outer loop
     vertex  3.800000e+00 -1.024213e+01  7.165803e+00
     vertex  3.800000e+00 -8.243543e+00  5.436877e+00
     vertex  3.800000e+00 -8.091284e+00  5.660984e+00
   endloop
 endfacet
 facet normal  1.000000e+00 -0.000000e+00  0.000000e+00
   outer loop
     vertex  3.800000e+00 -7.375035e+00  1.009252e+01
     vertex  3.800000e+00 -5.605350e+00  8.129924e+00
     vertex  3.800000e+00 -7.095380e+00  1.029104e+01
   endloop
 endfacet
 facet normal  1.000000e+00  0.000000e+00  0.000000e+00
   outer loop
     vertex  3.800000e+00 -7.375035e+00  1.009252e+01
     vertex  3.800000e+00 -5.826277e+00  7.973087e+00
     vertex  3.800000e+00 -5.605350e+00  8.129924e+00
   endloop
 endfacet
 facet normal  1.000000e+00  0.000000e+00  0.000000e+00
   outer loop
     vertex  3.800000e+00 -7.375035e+00  1.009252e+01
     vertex  3.800000e+00 -6.042819e+00  7.810248e+00
     vertex  3.800000e+00 -5.826277e+00  7.973087e+00
   endloop
 endfacet
 facet normal  1.000000e+00  0.000000e+00  0.000000e+00
   outer loop
     vertex  3.800000e+00 -1.004169e+01  7.444089e+00
     vertex  3.800000e+00 -1.024213e+01  7.165803e+00
     vertex  3.800000e+00 -7.932935e+00  5.880830e+00
   endloop
 endfacet
 facet normal  1.000000e+00 -0.000000e+00  0.000000e+00
   outer loop
     vertex  3.800000e+00 -7.649137e+00  9.886389e+00
     vertex  3.800000e+00 -6.042819e+00  7.810248e+00
     vertex  3.800000e+00 -7.375035e+00  1.009252e+01
   endloop
 endfacet
 facet normal  1.000000e+00  0.000000e+00  0.000000e+00
   outer loop
     vertex  3.800000e+00 -9.833689e+00  7.716771e+00
     vertex  3.800000e+00 -1.004169e+01  7.444089e+00
     vertex  3.800000e+00 -7.932935e+00  5.880830e+00
   endloop
 endfacet
 facet normal  1.000000e+00  0.000000e+00  0.000000e+00
   outer loop
     vertex  3.800000e+00 -9.833689e+00  7.716771e+00
     vertex  3.800000e+00 -7.768614e+00  6.096249e+00
     vertex  3.800000e+00 -7.598446e+00  6.307079e+00
   endloop
 endfacet
 facet normal  1.000000e+00  0.000000e+00  0.000000e+00
   outer loop
     vertex  3.800000e+00 -9.833689e+00  7.716771e+00
     vertex  3.800000e+00 -7.932935e+00  5.880830e+00
     vertex  3.800000e+00 -7.768614e+00  6.096249e+00
   endloop
 endfacet
 facet normal  1.000000e+00 -0.000000e+00  0.000000e+00
   outer loop
     vertex  3.800000e+00 -7.917482e+00  9.672822e+00
     vertex  3.800000e+00 -6.042819e+00  7.810248e+00
     vertex  3.800000e+00 -7.649137e+00  9.886389e+00
   endloop
 endfacet
 facet normal  1.000000e+00  0.000000e+00  0.000000e+00
   outer loop
     vertex  3.800000e+00 -7.917482e+00  9.672822e+00
     vertex  3.800000e+00 -6.254811e+00  7.641529e+00
     vertex  3.800000e+00 -6.042819e+00  7.810248e+00
   endloop
 endfacet
 facet normal  1.000000e+00  0.000000e+00  0.000000e+00
   outer loop
     vertex  3.800000e+00 -9.618286e+00  7.983645e+00
     vertex  3.800000e+00 -9.833689e+00  7.716771e+00
     vertex  3.800000e+00 -7.598446e+00  6.307079e+00
   endloop
 endfacet
 facet normal  1.000000e+00  0.000000e+00  0.000000e+00
   outer loop
     vertex  3.800000e+00 -9.618286e+00  7.983645e+00
     vertex  3.800000e+00 -7.598446e+00  6.307079e+00
     vertex  3.800000e+00 -7.422557e+00  6.513162e+00
   endloop
 endfacet
 facet normal  1.000000e+00 -0.000000e+00  0.000000e+00
   outer loop
     vertex  3.800000e+00 -8.179867e+00  9.451972e+00
     vertex  3.800000e+00 -6.254811e+00  7.641529e+00
     vertex  3.800000e+00 -7.917482e+00  9.672822e+00
   endloop
 endfacet
 facet normal  1.000000e+00  0.000000e+00  0.000000e+00
   outer loop
     vertex  3.800000e+00 -8.179867e+00  9.451972e+00
     vertex  3.800000e+00 -6.462095e+00  7.467058e+00
     vertex  3.800000e+00 -6.254811e+00  7.641529e+00
   endloop
 endfacet
 facet normal  1.000000e+00  0.000000e+00  0.000000e+00
   outer loop
     vertex  3.800000e+00 -9.395642e+00  8.244508e+00
     vertex  3.800000e+00 -9.618286e+00  7.983645e+00
     vertex  3.800000e+00 -7.422557e+00  6.513162e+00
   endloop
 endfacet
 facet normal  1.000000e+00  0.000000e+00  0.000000e+00
   outer loop
     vertex  3.800000e+00 -8.436094e+00  9.224008e+00
     vertex  3.800000e+00 -6.664514e+00  7.286966e+00
     vertex  3.800000e+00 -6.462095e+00  7.467058e+00
   endloop
 endfacet
 facet normal  1.000000e+00 -0.000000e+00  0.000000e+00
   outer loop
     vertex  3.800000e+00 -8.436094e+00  9.224008e+00
     vertex  3.800000e+00 -6.462095e+00  7.467058e+00
     vertex  3.800000e+00 -8.179867e+00  9.451972e+00
   endloop
 endfacet
 facet normal  1.000000e+00  0.000000e+00  0.000000e+00
   outer loop
     vertex  3.800000e+00 -9.165925e+00  8.499166e+00
     vertex  3.800000e+00 -9.395642e+00  8.244508e+00
     vertex  3.800000e+00 -7.422557e+00  6.513162e+00
   endloop
 endfacet
 facet normal  1.000000e+00  0.000000e+00  0.000000e+00
   outer loop
     vertex  3.800000e+00 -9.165925e+00  8.499166e+00
     vertex  3.800000e+00 -7.422557e+00  6.513162e+00
     vertex  3.800000e+00 -7.241081e+00  6.714341e+00
   endloop
 endfacet
 facet normal  1.000000e+00 -0.000000e+00  0.000000e+00
   outer loop
     vertex  3.800000e+00 -8.685970e+00  8.989100e+00
     vertex  3.800000e+00 -6.664514e+00  7.286966e+00
     vertex  3.800000e+00 -8.436094e+00  9.224008e+00
   endloop
 endfacet
 facet normal  1.000000e+00  0.000000e+00  0.000000e+00
   outer loop
     vertex  3.800000e+00 -8.685970e+00  8.989100e+00
     vertex  3.800000e+00 -6.861917e+00  7.101389e+00
     vertex  3.800000e+00 -6.664514e+00  7.286966e+00
   endloop
 endfacet
 facet normal  1.000000e+00  0.000000e+00  0.000000e+00
   outer loop
     vertex  3.800000e+00 -8.929309e+00  8.747425e+00
     vertex  3.800000e+00 -7.054154e+00  6.910466e+00
     vertex  3.800000e+00 -6.861917e+00  7.101389e+00
   endloop
 endfacet
 facet normal  1.000000e+00  0.000000e+00  0.000000e+00
   outer loop
     vertex  3.800000e+00 -8.929309e+00  8.747425e+00
     vertex  3.800000e+00 -7.241081e+00  6.714341e+00
     vertex  3.800000e+00 -7.054154e+00  6.910466e+00
   endloop
 endfacet
 facet normal  1.000000e+00 -0.000000e+00  0.000000e+00
   outer loop
     vertex  3.800000e+00 -8.929309e+00  8.747425e+00
     vertex  3.800000e+00 -6.861917e+00  7.101389e+00
     vertex  3.800000e+00 -8.685970e+00  8.989100e+00
   endloop
 endfacet
 facet normal  1.000000e+00  0.000000e+00  0.000000e+00
   outer loop
     vertex  3.800000e+00 -8.929309e+00  8.747425e+00
     vertex  3.800000e+00 -9.165925e+00  8.499166e+00
     vertex  3.800000e+00 -7.241081e+00  6.714341e+00
   endloop
 endfacet
 facet normal -1.000000e+00  0.000000e+00  0.000000e+00
   outer loop
     vertex -3.800000e+00  6.958690e+00 -7.006587e+00
     vertex -3.800000e+00  8.808468e+00 -8.869097e+00
     vertex -3.800000e+00  8.561838e+00 -9.107411e+00
   endloop
 endfacet
 facet normal -1.000000e+00  0.000000e+00 -0.000000e+00
   outer loop
     vertex -3.800000e+00  7.148290e+00 -6.813045e+00
     vertex -3.800000e+00  8.808468e+00 -8.869097e+00
     vertex -3.800000e+00  6.958690e+00 -7.006587e+00
   endloop
 endfacet
 facet normal -1.000000e+00  0.000000e+00  0.000000e+00
   outer loop
     vertex -3.800000e+00  7.148290e+00 -6.813045e+00
     vertex -3.800000e+00  9.048468e+00 -8.624107e+00
     vertex -3.800000e+00  8.808468e+00 -8.869097e+00
   endloop
 endfacet
 facet normal -1.000000e+00  0.000000e+00  0.000000e+00
   outer loop
     vertex -3.800000e+00  6.763852e+00 -7.194855e+00
     vertex -3.800000e+00  6.958690e+00 -7.006587e+00
     vertex -3.800000e+00  8.561838e+00 -9.107411e+00
   endloop
 endfacet
 facet normal -1.000000e+00  0.000000e+00  0.000000e+00
   outer loop
     vertex -3.800000e+00  7.332509e+00 -6.614374e+00
     vertex -3.800000e+00  9.281657e+00 -8.372625e+00
     vertex -3.800000e+00  9.048468e+00 -8.624107e+00
   endloop
 endfacet
 facet normal -1.000000e+00  0.000000e+00 -0.000000e+00
   outer loop
     vertex -3.800000e+00  7.332509e+00 -6.614374e+00
     vertex -3.800000e+00  9.048468e+00 -8.624107e+00
     vertex -3.800000e+00  7.148290e+00 -6.813045e+00
   endloop
 endfacet
 facet normal -1.000000e+00  0.000000e+00  0.000000e+00
   outer loop
     vertex -3.800000e+00  6.563922e+00 -7.377706e+00
     vertex -3.800000e+00  8.561838e+00 -9.107411e+00
     vertex -3.800000e+00  8.308762e+00 -9.338869e+00
   endloop
 endfacet
 facet normal -1.000000e+00  0.000000e+00  0.000000e+00
   outer loop
     vertex -3.800000e+00  6.563922e+00 -7.377706e+00
     vertex -3.800000e+00  6.763852e+00 -7.194855e+00
     vertex -3.800000e+00  8.561838e+00 -9.107411e+00
   endloop
 endfacet
 facet normal -1.000000e+00  0.000000e+00  0.000000e+00
   outer loop
     vertex -3.800000e+00  7.511208e+00 -6.410724e+00
     vertex -3.800000e+00  9.507858e+00 -8.114840e+00
     vertex -3.800000e+00  9.281657e+00 -8.372625e+00
   endloop
 endfacet
 facet normal -1.000000e+00  0.000000e+00  0.000000e+00
   outer loop
     vertex -3.800000e+00  7.511208e+00 -6.410724e+00
     vertex -3.800000e+00  9.726903e+00 -7.850947e+00
     vertex -3.800000e+00  9.507858e+00 -8.114840e+00
   endloop
 endfacet
 facet normal -1.000000e+00  0.000000e+00 -0.000000e+00
   outer loop
     vertex -3.800000e+00  7.511208e+00 -6.410724e+00
     vertex -3.800000e+00  9.281657e+00 -8.372625e+00
     vertex -3.800000e+00  7.332509e+00 -6.614374e+00
   endloop
 endfacet
 facet normal -1.000000e+00  0.000000e+00  0.000000e+00
   outer loop
     vertex -3.800000e+00  6.359051e+00 -7.555005e+00
     vertex -3.800000e+00  6.563922e+00 -7.377706e+00
     vertex -3.800000e+00  8.308762e+00 -9.338869e+00
   endloop
 endfacet
 facet normal -1.000000e+00  0.000000e+00  0.000000e+00
   outer loop
     vertex -3.800000e+00  6.359051e+00 -7.555005e+00
     vertex -3.800000e+00  8.049432e+00 -9.563297e+00
     vertex -3.800000e+00  7.784042e+00 -9.780526e+00
   endloop
 endfacet
 facet normal -1.000000e+00  0.000000e+00  0.000000e+00
   outer loop
     vertex -3.800000e+00  6.359051e+00 -7.555005e+00
     vertex -3.800000e+00  8.308762e+00 -9.338869e+00
     vertex -3.800000e+00  8.049432e+00 -9.563297e+00
   endloop
 endfacet
 facet normal -1.000000e+00  0.000000e+00  0.000000e+00
   outer loop
     vertex -3.800000e+00  7.684253e+00 -6.202248e+00
     vertex -3.800000e+00  9.938625e+00 -7.581144e+00
     vertex -3.800000e+00  9.726903e+00 -7.850947e+00
   endloop
 endfacet
 facet normal -1.000000e+00  0.000000e+00 -0.000000e+00
   outer loop
     vertex -3.800000e+00  7.684253e+00 -6.202248e+00
     vertex -3.800000e+00  9.726903e+00 -7.850947e+00
     vertex -3.800000e+00  7.511208e+00 -6.410724e+00
   endloop
 endfacet
 facet normal -1.000000e+00  0.000000e+00  0.000000e+00
   outer loop
     vertex -3.800000e+00  6.149393e+00 -7.726615e+00
     vertex -3.800000e+00  6.359051e+00 -7.555005e+00
     vertex -3.800000e+00  7.784042e+00 -9.780526e+00
   endloop
 endfacet
 facet normal -1.000000e+00  0.000000e+00 -0.000000e+00
   outer loop
     vertex -3.800000e+00  7.851514e+00 -5.989103e+00
     vertex -3.800000e+00  9.938625e+00 -7.581144e+00
     vertex -3.800000e+00  7.684253e+00 -6.202248e+00
   endloop
 endfacet
 facet normal -1.000000e+00  0.000000e+00  0.000000e+00
   outer loop
     vertex -3.800000e+00  5.935106e+00 -7.892410e+00
     vertex -3.800000e+00  7.784042e+00 -9.780526e+00
     vertex -3.800000e+00  7.512793e+00 -9.990392e+00
   endloop
 endfacet
 facet normal -1.000000e+00  0.000000e+00  0.000000e+00
   outer loop
     vertex -3.800000e+00  5.935106e+00 -7.892410e+00
     vertex -3.800000e+00  6.149393e+00 -7.726615e+00
     vertex -3.800000e+00  7.784042e+00 -9.780526e+00
   endloop
 endfacet
 facet normal -1.000000e+00  0.000000e+00  0.000000e+00
   outer loop
     vertex -3.800000e+00  8.012864e+00 -5.771450e+00
     vertex -3.800000e+00  1.014287e+01 -7.305633e+00
     vertex -3.800000e+00  9.938625e+00 -7.581144e+00
   endloop
 endfacet
 facet normal -1.000000e+00  0.000000e+00 -0.000000e+00
   outer loop
     vertex -3.800000e+00  8.012864e+00 -5.771450e+00
     vertex -3.800000e+00  9.938625e+00 -7.581144e+00
     vertex -3.800000e+00  7.851514e+00 -5.989103e+00
   endloop
 endfacet
 facet normal -1.000000e+00  0.000000e+00  0.000000e+00
   outer loop
     vertex -3.800000e+00  5.716352e+00 -8.052263e+00
     vertex -3.800000e+00  5.935106e+00 -7.892410e+00
     vertex -3.800000e+00  7.512793e+00 -9.990392e+00
   endloop
 endfacet
 facet normal -1.000000e+00  0.000000e+00  0.000000e+00
   outer loop
     vertex -3.800000e+00  5.716352e+00 -8.052263e+00
     vertex -3.800000e+00  7.512793e+00 -9.990392e+00
     vertex -3.800000e+00  7.235888e+00 -1.019274e+01
   endloop
 endfacet
 facet normal -1.000000e+00  0.000000e+00  0.000000e+00
   outer loop
     vertex -3.800000e+00  8.168182e+00 -5.549453e+00
     vertex -3.800000e+00  1.033947e+01 -7.024624e+00
     vertex -3.800000e+00  1.014287e+01 -7.305633e+00
   endloop
 endfacet
 facet normal -1.000000e+00  0.000000e+00  0.000000e+00
   outer loop
     vertex -3.800000e+00  8.168182e+00 -5.549453e+00
     vertex -3.800000e+00  1.052829e+01 -6.738326e+00
     vertex -3.800000e+00  1.033947e+01 -7.024624e+00
   endloop
 endfacet
 facet normal -1.000000e+00  0.000000e+00 -0.000000e+00
   outer loop
     vertex -3.800000e+00  8.168182e+00 -5.549453e+00
     vertex -3.800000e+00  1.014287e+01 -7.305633e+00
     vertex -3.800000e+00  8.012864e+00 -5.771450e+00
   endloop
 endfacet
 facet normal -1.000000e+00  0.000000e+00  0.000000e+00
   outer loop
     vertex -3.800000e+00  5.493294e+00 -8.206055e+00
     vertex -3.800000e+00  5.716352e+00 -8.052263e+00
     vertex -3.800000e+00  7.235888e+00 -1.019274e+01
   endloop
 endfacet
 facet normal -1.000000e+00  0.000000e+00  0.000000e+00
   outer loop
     vertex -3.800000e+00  5.493294e+00 -8.206055e+00
     vertex -3.800000e+00  7.235888e+00 -1.019274e+01
     vertex -3.800000e+00  6.953537e+00 -1.038741e+01
   endloop
 endfacet
 facet normal -1.000000e+00  0.000000e+00 -0.000000e+00
   outer loop
     vertex -3.800000e+00  8.317352e+00 -5.323278e+00
     vertex -3.800000e+00  1.052829e+01 -6.738326e+00
     vertex -3.800000e+00  8.168182e+00 -5.549453e+00
   endloop
 endfacet
 facet normal -1.000000e+00  0.000000e+00  0.000000e+00
   outer loop
     vertex -3.800000e+00  5.266101e+00 -8.353670e+00
     vertex -3.800000e+00  5.493294e+00 -8.206055e+00
     vertex -3.800000e+00  6.953537e+00 -1.038741e+01
   endloop
 endfacet
 facet normal -1.000000e+00  0.000000e+00  0.000000e+00
   outer loop
     vertex -3.800000e+00  5.266101e+00 -8.353670e+00
     vertex -3.800000e+00  6.953537e+00 -1.038741e+01
     vertex -3.800000e+00  6.665951e+00 -1.057427e+01
   endloop
 endfacet
 facet normal -1.000000e+00  0.000000e+00  0.000000e+00
   outer loop
     vertex -3.800000e+00  8.460260e+00 -5.093096e+00
     vertex -3.800000e+00  1.070919e+01 -6.446956e+00
     vertex -3.800000e+00  1.052829e+01 -6.738326e+00
   endloop
 endfacet
 facet normal -1.000000e+00  0.000000e+00 -0.000000e+00
   outer loop
     vertex -3.800000e+00  8.460260e+00 -5.093096e+00
     vertex -3.800000e+00  1.052829e+01 -6.738326e+00
     vertex -3.800000e+00  8.317352e+00 -5.323278e+00
   endloop
 endfacet
 facet normal -1.000000e+00  0.000000e+00  0.000000e+00
   outer loop
     vertex -3.800000e+00  5.034944e+00 -8.494996e+00
     vertex -3.800000e+00  5.266101e+00 -8.353670e+00
     vertex -3.800000e+00  6.665951e+00 -1.057427e+01
   endloop
 endfacet
 facet normal -1.000000e+00  0.000000e+00  0.000000e+00
   outer loop
     vertex -3.800000e+00  5.034944e+00 -8.494996e+00
     vertex -3.800000e+00  6.665951e+00 -1.057427e+01
     vertex -3.800000e+00  6.373347e+00 -1.075316e+01
   endloop
 endfacet
 facet normal -1.000000e+00  0.000000e+00  0.000000e+00
   outer loop
     vertex -3.800000e+00  8.596800e+00 -4.859079e+00
     vertex -3.800000e+00  1.088203e+01 -6.150733e+00
     vertex -3.800000e+00  1.070919e+01 -6.446956e+00
   endloop
 endfacet
 facet normal -1.000000e+00  0.000000e+00 -0.000000e+00
   outer loop
     vertex -3.800000e+00  8.596800e+00 -4.859079e+00
     vertex -3.800000e+00  1.070919e+01 -6.446956e+00
     vertex -3.800000e+00  8.460260e+00 -5.093096e+00
   endloop
 endfacet
 facet normal -1.000000e+00  0.000000e+00  0.000000e+00
   outer loop
     vertex -3.800000e+00  4.799997e+00 -8.629928e+00
     vertex -3.800000e+00  5.034944e+00 -8.494996e+00
     vertex -3.800000e+00  6.373347e+00 -1.075316e+01
   endloop
 endfacet
 facet normal -1.000000e+00  0.000000e+00  0.000000e+00
   outer loop
     vertex -3.800000e+00  4.799997e+00 -8.629928e+00
     vertex -3.800000e+00  6.373347e+00 -1.075316e+01
     vertex -3.800000e+00  6.075945e+00 -1.092396e+01
   endloop
 endfacet
 facet normal -1.000000e+00  0.000000e+00  0.000000e+00
   outer loop
     vertex -3.800000e+00  8.726869e+00 -4.621406e+00
     vertex -3.800000e+00  1.104667e+01 -5.849880e+00
     vertex -3.800000e+00  1.088203e+01 -6.150733e+00
   endloop
 endfacet
 facet normal -1.000000e+00  0.000000e+00 -0.000000e+00
   outer loop
     vertex -3.800000e+00  8.726869e+00 -4.621406e+00
     vertex -3.800000e+00  1.088203e+01 -6.150733e+00
     vertex -3.800000e+00  8.596800e+00 -4.859079e+00
   endloop
 endfacet
 facet normal -1.000000e+00  0.000000e+00  0.000000e+00
   outer loop
     vertex -3.800000e+00  4.561436e+00 -8.758363e+00
     vertex -3.800000e+00  6.075945e+00 -1.092396e+01
     vertex -3.800000e+00  5.773970e+00 -1.108654e+01
   endloop
 endfacet
 facet normal -1.000000e+00  0.000000e+00  0.000000e+00
   outer loop
     vertex -3.800000e+00  4.561436e+00 -8.758363e+00
     vertex -3.800000e+00  4.799997e+00 -8.629928e+00
     vertex -3.800000e+00  6.075945e+00 -1.092396e+01
   endloop
 endfacet
 facet normal -1.000000e+00  0.000000e+00  0.000000e+00
   outer loop
     vertex -3.800000e+00  8.850368e+00 -4.380253e+00
     vertex -3.800000e+00  1.120300e+01 -5.544624e+00
     vertex -3.800000e+00  1.104667e+01 -5.849880e+00
   endloop
 endfacet
 facet normal -1.000000e+00  0.000000e+00 -0.000000e+00
   outer loop
     vertex -3.800000e+00  8.850368e+00 -4.380253e+00
     vertex -3.800000e+00  1.104667e+01 -5.849880e+00
     vertex -3.800000e+00  8.726869e+00 -4.621406e+00
   endloop
 endfacet
 facet normal -1.000000e+00  0.000000e+00  0.000000e+00
   outer loop
     vertex -3.800000e+00  4.319442e+00 -8.880205e+00
     vertex -3.800000e+00  5.467648e+00 -1.124077e+01
     vertex -3.800000e+00  5.157211e+00 -1.138653e+01
   endloop
 endfacet
 facet normal -1.000000e+00  0.000000e+00  0.000000e+00
   outer loop
     vertex -3.800000e+00  4.319442e+00 -8.880205e+00
     vertex -3.800000e+00  5.773970e+00 -1.108654e+01
     vertex -3.800000e+00  5.467648e+00 -1.124077e+01
   endloop
 endfacet
 facet normal -1.000000e+00  0.000000e+00  0.000000e+00
   outer loop
     vertex -3.800000e+00  4.319442e+00 -8.880205e+00
     vertex -3.800000e+00  4.561436e+00 -8.758363e+00
     vertex -3.800000e+00  5.773970e+00 -1.108654e+01
   endloop
 endfacet
 facet normal -1.000000e+00  0.000000e+00  0.000000e+00
   outer loop
     vertex -3.800000e+00  8.967205e+00 -4.135803e+00
     vertex -3.800000e+00  1.135089e+01 -5.235193e+00
     vertex -3.800000e+00  1.120300e+01 -5.544624e+00
   endloop
 endfacet
 facet normal -1.000000e+00  0.000000e+00  0.000000e+00
   outer loop
     vertex -3.800000e+00  8.967205e+00 -4.135803e+00
     vertex -3.800000e+00  1.149024e+01 -4.921822e+00
     vertex -3.800000e+00  1.135089e+01 -5.235193e+00
   endloop
 endfacet
 facet normal -1.000000e+00  0.000000e+00 -0.000000e+00
   outer loop
     vertex -3.800000e+00  8.967205e+00 -4.135803e+00
     vertex -3.800000e+00  1.120300e+01 -5.544624e+00
     vertex -3.800000e+00  8.850368e+00 -4.380253e+00
   endloop
 endfacet
 facet normal -1.000000e+00  0.000000e+00  0.000000e+00
   outer loop
     vertex -3.800000e+00  4.074196e+00 -8.995363e+00
     vertex -3.800000e+00  4.319442e+00 -8.880205e+00
     vertex -3.800000e+00  5.157211e+00 -1.138653e+01
   endloop
 endfacet
 facet normal -1.000000e+00  0.000000e+00 -0.000000e+00
   outer loop
     vertex -3.800000e+00  9.077291e+00 -3.888239e+00
     vertex -3.800000e+00  1.149024e+01 -4.921822e+00
     vertex -3.800000e+00  8.967205e+00 -4.135803e+00
   endloop
 endfacet
 facet normal -1.000000e+00  0.000000e+00  0.000000e+00
   outer loop
     vertex -3.800000e+00  3.825884e+00 -9.103749e+00
     vertex -3.800000e+00  5.157211e+00 -1.138653e+01
     vertex -3.800000e+00  4.842891e+00 -1.152373e+01
   endloop
 endfacet
 facet normal -1.000000e+00  0.000000e+00  0.000000e+00
   outer loop
     vertex -3.800000e+00  3.825884e+00 -9.103749e+00
     vertex -3.800000e+00  4.074196e+00 -8.995363e+00
     vertex -3.800000e+00  5.157211e+00 -1.138653e+01
   endloop
 endfacet
 facet normal -1.000000e+00  0.000000e+00 -0.000000e+00
   outer loop
     vertex -3.800000e+00  9.180545e+00 -3.637749e+00
     vertex -3.800000e+00  1.149024e+01 -4.921822e+00
     vertex -3.800000e+00  9.077291e+00 -3.888239e+00
   endloop
 endfacet
 facet normal -1.000000e+00  0.000000e+00  0.000000e+00
   outer loop
     vertex -3.800000e+00  9.180545e+00 -3.637749e+00
     vertex -3.800000e+00  1.162094e+01 -4.604746e+00
     vertex -3.800000e+00  1.149024e+01 -4.921822e+00
   endloop
 endfacet
 facet normal -1.000000e+00  0.000000e+00  0.000000e+00
   outer loop
     vertex -3.800000e+00  3.574691e+00 -9.205282e+00
     vertex -3.800000e+00  4.524925e+00 -1.165226e+01
     vertex -3.800000e+00  4.203554e+00 -1.177201e+01
   endloop
 endfacet
 facet normal -1.000000e+00  0.000000e+00  0.000000e+00
   outer loop
     vertex -3.800000e+00  3.574691e+00 -9.205282e+00
     vertex -3.800000e+00  4.842891e+00 -1.152373e+01
     vertex -3.800000e+00  4.524925e+00 -1.165226e+01
   endloop
 endfacet
 facet normal -1.000000e+00  0.000000e+00  0.000000e+00
   outer loop
     vertex -3.800000e+00  3.574691e+00 -9.205282e+00
     vertex -3.800000e+00  3.825884e+00 -9.103749e+00
     vertex -3.800000e+00  4.842891e+00 -1.152373e+01
   endloop
 endfacet
 facet normal -1.000000e+00  0.000000e+00 -0.000000e+00
   outer loop
     vertex -3.800000e+00  9.276888e+00 -3.384520e+00
     vertex -3.800000e+00  1.162094e+01 -4.604746e+00
     vertex -3.800000e+00  9.180545e+00 -3.637749e+00
   endloop
 endfacet
 facet normal -1.000000e+00  0.000000e+00  0.000000e+00
   outer loop
     vertex -3.800000e+00  9.276888e+00 -3.384520e+00
     vertex -3.800000e+00  1.174290e+01 -4.284203e+00
     vertex -3.800000e+00  1.162094e+01 -4.604746e+00
   endloop
 endfacet
 facet normal -1.000000e+00  0.000000e+00  0.000000e+00
   outer loop
     vertex -3.800000e+00  9.276888e+00 -3.384520e+00
     vertex -3.800000e+00  1.185601e+01 -3.960435e+00
     vertex -3.800000e+00  1.174290e+01 -4.284203e+00
   endloop
 endfacet
 facet normal -1.000000e+00  0.000000e+00  0.000000e+00
   outer loop
     vertex -3.800000e+00  3.320808e+00 -9.299885e+00
     vertex -3.800000e+00  3.574691e+00 -9.205282e+00
     vertex -3.800000e+00  4.203554e+00 -1.177201e+01
   endloop
 endfacet
 facet normal -1.000000e+00  0.000000e+00  0.000000e+00
   outer loop
     vertex -3.800000e+00  9.366247e+00 -3.128744e+00
     vertex -3.800000e+00  1.196020e+01 -3.633686e+00
     vertex -3.800000e+00  1.185601e+01 -3.960435e+00
   endloop
 endfacet
 facet normal -1.000000e+00  0.000000e+00 -0.000000e+00
   outer loop
     vertex -3.800000e+00  9.366247e+00 -3.128744e+00
     vertex -3.800000e+00  1.185601e+01 -3.960435e+00
     vertex -3.800000e+00  9.276888e+00 -3.384520e+00
   endloop
 endfacet
 facet normal -1.000000e+00  0.000000e+00  0.000000e+00
   outer loop
     vertex -3.800000e+00  3.064424e+00 -9.387488e+00
     vertex -3.800000e+00  4.203554e+00 -1.177201e+01
     vertex -3.800000e+00  3.879018e+00 -1.188290e+01
   endloop
 endfacet
 facet normal -1.000000e+00  0.000000e+00  0.000000e+00
   outer loop
     vertex -3.800000e+00  3.064424e+00 -9.387488e+00
     vertex -3.800000e+00  3.320808e+00 -9.299885e+00
     vertex -3.800000e+00  4.203554e+00 -1.177201e+01
   endloop
 endfacet
 facet normal -1.000000e+00  0.000000e+00 -0.000000e+00
   outer loop
     vertex -3.800000e+00  9.448556e+00 -2.870612e+00
     vertex -3.800000e+00  1.196020e+01 -3.633686e+00
     vertex -3.800000e+00  9.366247e+00 -3.128744e+00
   endloop
 endfacet
 facet normal -1.000000e+00  0.000000e+00  0.000000e+00
   outer loop
     vertex -3.800000e+00  2.805734e+00 -9.468024e+00
     vertex -3.800000e+00  3.879018e+00 -1.188290e+01
     vertex -3.800000e+00  3.551562e+00 -1.198484e+01
   endloop
 endfacet
 facet normal -1.000000e+00  0.000000e+00  0.000000e+00
   outer loop
     vertex -3.800000e+00  2.805734e+00 -9.468024e+00
     vertex -3.800000e+00  3.064424e+00 -9.387488e+00
     vertex -3.800000e+00  3.879018e+00 -1.188290e+01
   endloop
 endfacet
 facet normal -1.000000e+00  0.000000e+00 -0.000000e+00
   outer loop
     vertex -3.800000e+00  9.523752e+00 -2.610320e+00
     vertex -3.800000e+00  1.196020e+01 -3.633686e+00
     vertex -3.800000e+00  9.448556e+00 -2.870612e+00
   endloop
 endfacet
 facet normal -1.000000e+00  0.000000e+00  0.000000e+00
   outer loop
     vertex -3.800000e+00  9.523752e+00 -2.610320e+00
     vertex -3.800000e+00  1.205538e+01 -3.304202e+00
     vertex -3.800000e+00  1.196020e+01 -3.633686e+00
   endloop
 endfacet
 facet normal -1.000000e+00  0.000000e+00  0.000000e+00
   outer loop
     vertex -3.800000e+00  2.544932e+00 -9.541433e+00
     vertex -3.800000e+00  3.551562e+00 -1.198484e+01
     vertex -3.800000e+00  3.221433e+00 -1.207776e+01
   endloop
 endfacet
 facet normal -1.000000e+00  0.000000e+00  0.000000e+00
   outer loop
     vertex -3.800000e+00  2.544932e+00 -9.541433e+00
     vertex -3.800000e+00  2.805734e+00 -9.468024e+00
     vertex -3.800000e+00  3.551562e+00 -1.198484e+01
   endloop
 endfacet
 facet normal -1.000000e+00  0.000000e+00 -0.000000e+00
   outer loop
     vertex -3.800000e+00  9.591779e+00 -2.348062e+00
     vertex -3.800000e+00  1.205538e+01 -3.304202e+00
     vertex -3.800000e+00  9.523752e+00 -2.610320e+00
   endloop
 endfacet
 facet normal -1.000000e+00  0.000000e+00  0.000000e+00
   outer loop
     vertex -3.800000e+00  9.591779e+00 -2.348062e+00
     vertex -3.800000e+00  1.214149e+01 -2.972230e+00
     vertex -3.800000e+00  1.205538e+01 -3.304202e+00
   endloop
 endfacet
 facet normal -1.000000e+00  0.000000e+00  0.000000e+00
   outer loop
     vertex -3.800000e+00  9.591779e+00 -2.348062e+00
     vertex -3.800000e+00  1.221846e+01 -2.638021e+00
     vertex -3.800000e+00  1.214149e+01 -2.972230e+00
   endloop
 endfacet
 facet normal -1.000000e+00  0.000000e+00  0.000000e+00
   outer loop
     vertex -3.800000e+00  2.282214e+00 -9.607660e+00
     vertex -3.800000e+00  3.221433e+00 -1.207776e+01
     vertex -3.800000e+00  2.888878e+00 -1.216159e+01
   endloop
 endfacet
 facet normal -1.000000e+00  0.000000e+00  0.000000e+00
   outer loop
     vertex -3.800000e+00  2.282214e+00 -9.607660e+00
     vertex -3.800000e+00  2.544932e+00 -9.541433e+00
     vertex -3.800000e+00  3.221433e+00 -1.207776e+01
   endloop
 endfacet
 facet normal -1.000000e+00  0.000000e+00 -0.000000e+00
   outer loop
     vertex -3.800000e+00  9.652586e+00 -2.084037e+00
     vertex -3.800000e+00  1.221846e+01 -2.638021e+00
     vertex -3.800000e+00  9.591779e+00 -2.348062e+00
   endloop
 endfacet
 facet normal -1.000000e+00  0.000000e+00  0.000000e+00
   outer loop
     vertex -3.800000e+00  2.017778e+00 -9.666654e+00
     vertex -3.800000e+00  2.888878e+00 -1.216159e+01
     vertex -3.800000e+00  2.554149e+00 -1.223627e+01
   endloop
 endfacet
 facet normal -1.000000e+00  0.000000e+00  0.000000e+00
   outer loop
     vertex -3.800000e+00  2.017778e+00 -9.666654e+00
     vertex -3.800000e+00  2.282214e+00 -9.607660e+00
     vertex -3.800000e+00  2.888878e+00 -1.216159e+01
   endloop
 endfacet
 facet normal -1.000000e+00  0.000000e+00  0.000000e+00
   outer loop
     vertex -3.800000e+00  9.706126e+00 -1.818443e+00
     vertex -3.800000e+00  1.228624e+01 -2.301827e+00
     vertex -3.800000e+00  1.221846e+01 -2.638021e+00
   endloop
 endfacet
 facet normal -1.000000e+00  0.000000e+00 -0.000000e+00
   outer loop
     vertex -3.800000e+00  9.706126e+00 -1.818443e+00
     vertex -3.800000e+00  1.221846e+01 -2.638021e+00
     vertex -3.800000e+00  9.652586e+00 -2.084037e+00
   endloop
 endfacet
 facet normal -1.000000e+00  0.000000e+00  0.000000e+00
   outer loop
     vertex -3.800000e+00  1.751823e+00 -9.718371e+00
     vertex -3.800000e+00  2.554149e+00 -1.223627e+01
     vertex -3.800000e+00  2.217497e+00 -1.230174e+01
   endloop
 endfacet
 facet normal -1.000000e+00  0.000000e+00  0.000000e+00
   outer loop
     vertex -3.800000e+00  1.751823e+00 -9.718371e+00
     vertex -3.800000e+00  2.017778e+00 -9.666654e+00
     vertex -3.800000e+00  2.554149e+00 -1.223627e+01
   endloop
 endfacet
 facet normal -1.000000e+00  0.000000e+00 -0.000000e+00
   outer loop
     vertex -3.800000e+00  9.752360e+00 -1.551480e+00
     vertex -3.800000e+00  1.228624e+01 -2.301827e+00
     vertex -3.800000e+00  9.706126e+00 -1.818443e+00
   endloop
 endfacet
 facet normal -1.000000e+00  0.000000e+00  0.000000e+00
   outer loop
     vertex -3.800000e+00  9.752360e+00 -1.551480e+00
     vertex -3.800000e+00  1.234476e+01 -1.963899e+00
     vertex -3.800000e+00  1.228624e+01 -2.301827e+00
   endloop
 endfacet
 facet normal -1.000000e+00  0.000000e+00  0.000000e+00
   outer loop
     vertex -3.800000e+00  9.752360e+00 -1.551480e+00
     vertex -3.800000e+00  1.239399e+01 -1.624493e+00
     vertex -3.800000e+00  1.234476e+01 -1.963899e+00
   endloop
 endfacet
 facet normal -1.000000e+00  0.000000e+00  0.000000e+00
   outer loop
     vertex -3.800000e+00  1.484549e+00 -9.762773e+00
     vertex -3.800000e+00  1.879176e+00 -1.235794e+01
     vertex -3.800000e+00  1.539441e+00 -1.240484e+01
   endloop
 endfacet
 facet normal -1.000000e+00  0.000000e+00  0.000000e+00
   outer loop
     vertex -3.800000e+00  1.484549e+00 -9.762773e+00
     vertex -3.800000e+00  2.217497e+00 -1.230174e+01
     vertex -3.800000e+00  1.879176e+00 -1.235794e+01
   endloop
 endfacet
 facet normal -1.000000e+00  0.000000e+00  0.000000e+00
   outer loop
     vertex -3.800000e+00  1.484549e+00 -9.762773e+00
     vertex -3.800000e+00  1.751823e+00 -9.718371e+00
     vertex -3.800000e+00  2.217497e+00 -1.230174e+01
   endloop
 endfacet
 facet normal -1.000000e+00  0.000000e+00 -0.000000e+00
   outer loop
     vertex -3.800000e+00  9.791253e+00 -1.283350e+00
     vertex -3.800000e+00  1.239399e+01 -1.624493e+00
     vertex -3.800000e+00  9.752360e+00 -1.551480e+00
   endloop
 endfacet
 facet normal -1.000000e+00  0.000000e+00 -0.000000e+00
   outer loop
     vertex -3.800000e+00  1.216158e+00 -9.799826e+00
     vertex -3.800000e+00  1.539441e+00 -1.240484e+01
     vertex -3.800000e+00  1.198546e+00 -1.244241e+01
   endloop
 endfacet
 facet normal -1.000000e+00  0.000000e+00  0.000000e+00
   outer loop
     vertex -3.800000e+00  1.216158e+00 -9.799826e+00
     vertex -3.800000e+00  1.484549e+00 -9.762773e+00
     vertex -3.800000e+00  1.539441e+00 -1.240484e+01
   endloop
 endfacet
 facet normal -1.000000e+00  0.000000e+00 -0.000000e+00
   outer loop
     vertex -3.800000e+00  9.822775e+00 -1.014253e+00
     vertex -3.800000e+00  1.239399e+01 -1.624493e+00
     vertex -3.800000e+00  9.791253e+00 -1.283350e+00
   endloop
 endfacet
 facet normal -1.000000e+00  0.000000e+00  0.000000e+00
   outer loop
     vertex -3.800000e+00  9.822775e+00 -1.014253e+00
     vertex -3.800000e+00  1.243389e+01 -1.283864e+00
     vertex -3.800000e+00  1.239399e+01 -1.624493e+00
   endloop
 endfacet
 facet normal -1.000000e+00  0.000000e+00  0.000000e+00
   outer loop
     vertex -3.800000e+00  9.468514e-01 -9.829501e+00
     vertex -3.800000e+00  1.216158e+00 -9.799826e+00
     vertex -3.800000e+00  1.198546e+00 -1.244241e+01
   endloop
 endfacet
 facet normal -1.000000e+00  0.000000e+00  0.000000e+00
   outer loop
     vertex -3.800000e+00  9.846903e+00 -7.443926e-01
     vertex -3.800000e+00  1.246443e+01 -9.422691e-01
     vertex -3.800000e+00  1.243389e+01 -1.283864e+00
   endloop
 endfacet
 facet normal -1.000000e+00  0.000000e+00 -0.000000e+00
   outer loop
     vertex -3.800000e+00  9.846903e+00 -7.443926e-01
     vertex -3.800000e+00  1.243389e+01 -1.283864e+00
     vertex -3.800000e+00  9.822775e+00 -1.014253e+00
   endloop
 endfacet
 facet normal -1.000000e+00  0.000000e+00  0.000000e+00
   outer loop
     vertex -3.800000e+00  6.768320e-01 -9.851778e+00
     vertex -3.800000e+00  1.198546e+00 -1.244241e+01
     vertex -3.800000e+00  8.567494e-01 -1.247060e+01
   endloop
 endfacet
 facet normal -1.000000e+00  0.000000e+00  0.000000e+00
   outer loop
     vertex -3.800000e+00  6.768320e-01 -9.851778e+00
     vertex -3.800000e+00  9.468514e-01 -9.829501e+00
     vertex -3.800000e+00  1.198546e+00 -1.244241e+01
   endloop
 endfacet
 facet normal -1.000000e+00  0.000000e+00 -0.000000e+00
   outer loop
     vertex -3.800000e+00  9.863619e+00 -4.739720e-01
     vertex -3.800000e+00  1.246443e+01 -9.422691e-01
     vertex -3.800000e+00  9.846903e+00 -7.443926e-01
   endloop
 endfacet
 facet normal -1.000000e+00  0.000000e+00  0.000000e+00
   outer loop
     vertex -3.800000e+00  9.863619e+00 -4.739720e-01
     vertex -3.800000e+00  1.248559e+01 -5.999645e-01
     vertex -3.800000e+00  1.246443e+01 -9.422691e-01
   endloop
 endfacet
 facet normal -1.000000e+00  0.000000e+00  0.000000e+00
   outer loop
     vertex -3.800000e+00  9.863619e+00 -4.739720e-01
     vertex -3.800000e+00  1.249735e+01 -2.572083e-01
     vertex -3.800000e+00  1.248559e+01 -5.999645e-01
   endloop
 endfacet
 facet normal -1.000000e+00  0.000000e+00  0.000000e+00
   outer loop
     vertex -3.800000e+00  4.063031e-01 -9.866638e+00
     vertex -3.800000e+00  8.567494e-01 -1.247060e+01
     vertex -3.800000e+00  5.143077e-01 -1.248942e+01
   endloop
 endfacet
 facet normal -1.000000e+00  0.000000e+00  0.000000e+00
   outer loop
     vertex -3.800000e+00  4.063031e-01 -9.866638e+00
     vertex -3.800000e+00  6.768320e-01 -9.851778e+00
     vertex -3.800000e+00  8.567494e-01 -1.247060e+01
   endloop
 endfacet
 facet normal -1.000000e+00  0.000000e+00 -0.000000e+00
   outer loop
     vertex -3.800000e+00  9.872909e+00 -2.031946e-01
     vertex -3.800000e+00  1.249735e+01 -2.572083e-01
     vertex -3.800000e+00  9.863619e+00 -4.739720e-01
   endloop
 endfacet
 facet normal -1.000000e+00  0.000000e+00 -0.000000e+00
   outer loop
     vertex -3.800000e+00  1.354684e-01 -9.874071e+00
     vertex -3.800000e+00  1.714789e-01 -1.249882e+01
     vertex -3.800000e+00 -1.714789e-01 -1.249882e+01
   endloop
 endfacet
 facet normal -1.000000e+00  0.000000e+00  0.000000e+00
   outer loop
     vertex -3.800000e+00  1.354684e-01 -9.874071e+00
     vertex -3.800000e+00  5.143077e-01 -1.248942e+01
     vertex -3.800000e+00  1.714789e-01 -1.249882e+01
   endloop
 endfacet
 facet normal -1.000000e+00  0.000000e+00  0.000000e+00
   outer loop
     vertex -3.800000e+00  1.354684e-01 -9.874071e+00
     vertex -3.800000e+00  4.063031e-01 -9.866638e+00
     vertex -3.800000e+00  5.143077e-01 -1.248942e+01
   endloop
 endfacet
 facet normal -1.000000e+00  0.000000e+00  0.000000e+00
   outer loop
     vertex -3.800000e+00  9.874768e+00  6.773577e-02
     vertex -3.800000e+00  1.249971e+01  8.574149e-02
     vertex -3.800000e+00  1.249735e+01 -2.572083e-01
   endloop
 endfacet
 facet normal -1.000000e+00  0.000000e+00 -0.000000e+00
   outer loop
     vertex -3.800000e+00  9.874768e+00  6.773577e-02
     vertex -3.800000e+00  1.249735e+01 -2.572083e-01
     vertex -3.800000e+00  9.872909e+00 -2.031946e-01
   endloop
 endfacet
 facet normal -1.000000e+00  0.000000e+00  0.000000e+00
   outer loop
     vertex -3.800000e+00  9.874768e+00  6.773577e-02
     vertex -3.800000e+00  1.249265e+01  4.286267e-01
     vertex -3.800000e+00  1.249971e+01  8.574149e-02
   endloop
 endfacet
 facet normal -1.000000e+00  0.000000e+00  0.000000e+00
   outer loop
     vertex -3.800000e+00 -1.354684e-01 -9.874071e+00
     vertex -3.800000e+00 -1.714789e-01 -1.249882e+01
     vertex -3.800000e+00 -5.143077e-01 -1.248942e+01
   endloop
 endfacet
 facet normal -1.000000e+00  0.000000e+00 -0.000000e+00
   outer loop
     vertex -3.800000e+00 -1.354684e-01 -9.874071e+00
     vertex -3.800000e+00  1.354684e-01 -9.874071e+00
     vertex -3.800000e+00 -1.714789e-01 -1.249882e+01
   endloop
 endfacet
 facet normal -1.000000e+00  0.000000e+00  0.000000e+00
   outer loop
     vertex -3.800000e+00  9.869193e+00  3.386151e-01
     vertex -3.800000e+00  1.249265e+01  4.286267e-01
     vertex -3.800000e+00  9.874768e+00  6.773577e-02
   endloop
 endfacet
 facet normal -1.000000e+00  0.000000e+00 -0.000000e+00
   outer loop
     vertex -3.800000e+00 -4.063031e-01 -9.866638e+00
     vertex -3.800000e+00 -1.354684e-01 -9.874071e+00
     vertex -3.800000e+00 -5.143077e-01 -1.248942e+01
   endloop
 endfacet
 facet normal -1.000000e+00  0.000000e+00  0.000000e+00
   outer loop
     vertex -3.800000e+00  9.856189e+00  6.092396e-01
     vertex -3.800000e+00  1.247619e+01  7.711893e-01
     vertex -3.800000e+00  1.249265e+01  4.286267e-01
   endloop
 endfacet
 facet normal -1.000000e+00  0.000000e+00  0.000000e+00
   outer loop
     vertex -3.800000e+00  9.856189e+00  6.092396e-01
     vertex -3.800000e+00  1.249265e+01  4.286267e-01
     vertex -3.800000e+00  9.869193e+00  3.386151e-01
   endloop
 endfacet
 facet normal -1.000000e+00  0.000000e+00  0.000000e+00
   outer loop
     vertex -3.800000e+00 -6.768320e-01 -9.851778e+00
     vertex -3.800000e+00 -8.567494e-01 -1.247060e+01
     vertex -3.800000e+00 -1.198546e+00 -1.244241e+01
   endloop
 endfacet
 facet normal -1.000000e+00  0.000000e+00 -0.000000e+00
   outer loop
     vertex -3.800000e+00 -6.768320e-01 -9.851778e+00
     vertex -3.800000e+00 -5.143077e-01 -1.248942e+01
     vertex -3.800000e+00 -8.567494e-01 -1.247060e+01
   endloop
 endfacet
 facet normal -1.000000e+00  0.000000e+00  0.000000e+00
   outer loop
     vertex -3.800000e+00 -6.768320e-01 -9.851778e+00
     vertex -3.800000e+00 -4.063031e-01 -9.866638e+00
     vertex -3.800000e+00 -5.143077e-01 -1.248942e+01
   endloop
 endfacet
 facet normal -1.000000e+00  0.000000e+00  0.000000e+00
   outer loop
     vertex -3.800000e+00  9.835765e+00  8.794054e-01
     vertex -3.800000e+00  1.247619e+01  7.711893e-01
     vertex -3.800000e+00  9.856189e+00  6.092396e-01
   endloop
 endfacet
 facet normal -1.000000e+00  0.000000e+00  0.000000e+00
   outer loop
     vertex -3.800000e+00  9.835765e+00  8.794054e-01
     vertex -3.800000e+00  1.245034e+01  1.113171e+00
     vertex -3.800000e+00  1.247619e+01  7.711893e-01
   endloop
 endfacet
 facet normal -1.000000e+00  0.000000e+00 -0.000000e+00
   outer loop
     vertex -3.800000e+00 -9.468514e-01 -9.829501e+00
     vertex -3.800000e+00 -6.768320e-01 -9.851778e+00
     vertex -3.800000e+00 -1.198546e+00 -1.244241e+01
   endloop
 endfacet
 facet normal -1.000000e+00  0.000000e+00  0.000000e+00
   outer loop
     vertex -3.800000e+00  9.807937e+00  1.148909e+00
     vertex -3.800000e+00  1.241511e+01  1.454316e+00
     vertex -3.800000e+00  1.245034e+01  1.113171e+00
   endloop
 endfacet
 facet normal -1.000000e+00  0.000000e+00  0.000000e+00
   outer loop
     vertex -3.800000e+00  9.807937e+00  1.148909e+00
     vertex -3.800000e+00  1.245034e+01  1.113171e+00
     vertex -3.800000e+00  9.835765e+00  8.794054e-01
   endloop
 endfacet
 facet normal -1.000000e+00  0.000000e+00  0.000000e+00
   outer loop
     vertex -3.800000e+00 -1.216158e+00 -9.799826e+00
     vertex -3.800000e+00 -9.468514e-01 -9.829501e+00
     vertex -3.800000e+00 -1.198546e+00 -1.244241e+01
   endloop
 endfacet
 facet normal -1.000000e+00  0.000000e+00 -0.000000e+00
   outer loop
     vertex -3.800000e+00 -1.216158e+00 -9.799826e+00
     vertex -3.800000e+00 -1.198546e+00 -1.244241e+01
     vertex -3.800000e+00 -1.539441e+00 -1.240484e+01
   endloop
 endfacet
 facet normal -1.000000e+00  0.000000e+00  0.000000e+00
   outer loop
     vertex -3.800000e+00  9.772726e+00  1.417548e+00
     vertex -3.800000e+00  1.241511e+01  1.454316e+00
     vertex -3.800000e+00  9.807937e+00  1.148909e+00
   endloop
 endfacet
 facet normal -1.000000e+00  0.000000e+00  0.000000e+00
   outer loop
     vertex -3.800000e+00  9.772726e+00  1.417548e+00
     vertex -3.800000e+00  1.237054e+01  1.794365e+00
     vertex -3.800000e+00  1.241511e+01  1.454316e+00
   endloop
 endfacet
 facet normal -1.000000e+00  0.000000e+00 -0.000000e+00
   outer loop
     vertex -3.800000e+00 -1.484549e+00 -9.762773e+00
     vertex -3.800000e+00 -1.216158e+00 -9.799826e+00
     vertex -3.800000e+00 -1.539441e+00 -1.240484e+01
   endloop
 endfacet
 facet normal -1.000000e+00  0.000000e+00  0.000000e+00
   outer loop
     vertex -3.800000e+00 -1.484549e+00 -9.762773e+00
     vertex -3.800000e+00 -1.539441e+00 -1.240484e+01
     vertex -3.800000e+00 -1.879176e+00 -1.235794e+01
   endloop
 endfacet
 facet normal -1.000000e+00  0.000000e+00  0.000000e+00
   outer loop
     vertex -3.800000e+00  9.730159e+00  1.685120e+00
     vertex -3.800000e+00  1.237054e+01  1.794365e+00
     vertex -3.800000e+00  9.772726e+00  1.417548e+00
   endloop
 endfacet
 facet normal -1.000000e+00  0.000000e+00  0.000000e+00
   outer loop
     vertex -3.800000e+00  9.730159e+00  1.685120e+00
     vertex -3.800000e+00  1.231666e+01  2.133064e+00
     vertex -3.800000e+00  1.237054e+01  1.794365e+00
   endloop
 endfacet
 facet normal -1.000000e+00  0.000000e+00  0.000000e+00
   outer loop
     vertex -3.800000e+00 -1.751823e+00 -9.718371e+00
     vertex -3.800000e+00 -1.879176e+00 -1.235794e+01
     vertex -3.800000e+00 -2.217497e+00 -1.230174e+01
   endloop
 endfacet
 facet normal -1.000000e+00  0.000000e+00 -0.000000e+00
   outer loop
     vertex -3.800000e+00 -1.751823e+00 -9.718371e+00
     vertex -3.800000e+00 -1.484549e+00 -9.762773e+00
     vertex -3.800000e+00 -1.879176e+00 -1.235794e+01
   endloop
 endfacet
 facet normal -1.000000e+00  0.000000e+00  0.000000e+00
   outer loop
     vertex -3.800000e+00  9.680267e+00  1.951424e+00
     vertex -3.800000e+00  1.231666e+01  2.133064e+00
     vertex -3.800000e+00  9.730159e+00  1.685120e+00
   endloop
 endfacet
 facet normal -1.000000e+00  0.000000e+00  0.000000e+00
   outer loop
     vertex -3.800000e+00  9.680267e+00  1.951424e+00
     vertex -3.800000e+00  1.225350e+01  2.470156e+00
     vertex -3.800000e+00  1.231666e+01  2.133064e+00
   endloop
 endfacet
 facet normal -1.000000e+00  0.000000e+00  0.000000e+00
   outer loop
     vertex -3.800000e+00 -2.017778e+00 -9.666654e+00
     vertex -3.800000e+00 -2.217497e+00 -1.230174e+01
     vertex -3.800000e+00 -2.554149e+00 -1.223627e+01
   endloop
 endfacet
 facet normal -1.000000e+00  0.000000e+00 -0.000000e+00
   outer loop
     vertex -3.800000e+00 -2.017778e+00 -9.666654e+00
     vertex -3.800000e+00 -1.751823e+00 -9.718371e+00
     vertex -3.800000e+00 -2.217497e+00 -1.230174e+01
   endloop
 endfacet
 facet normal -1.000000e+00  0.000000e+00  0.000000e+00
   outer loop
     vertex -3.800000e+00  9.623088e+00  2.216258e+00
     vertex -3.800000e+00  1.225350e+01  2.470156e+00
     vertex -3.800000e+00  9.680267e+00  1.951424e+00
   endloop
 endfacet
 facet normal -1.000000e+00  0.000000e+00  0.000000e+00
   outer loop
     vertex -3.800000e+00  9.623088e+00  2.216258e+00
     vertex -3.800000e+00  1.218112e+01  2.805390e+00
     vertex -3.800000e+00  1.225350e+01  2.470156e+00
   endloop
 endfacet
 facet normal -1.000000e+00  0.000000e+00  0.000000e+00
   outer loop
     vertex -3.800000e+00 -2.282214e+00 -9.607660e+00
     vertex -3.800000e+00 -2.554149e+00 -1.223627e+01
     vertex -3.800000e+00 -2.888878e+00 -1.216159e+01
   endloop
 endfacet
 facet normal -1.000000e+00  0.000000e+00 -0.000000e+00
   outer loop
     vertex -3.800000e+00 -2.282214e+00 -9.607660e+00
     vertex -3.800000e+00 -2.017778e+00 -9.666654e+00
     vertex -3.800000e+00 -2.554149e+00 -1.223627e+01
   endloop
 endfacet
 facet normal -1.000000e+00  0.000000e+00  0.000000e+00
   outer loop
     vertex -3.800000e+00  9.558665e+00  2.479424e+00
     vertex -3.800000e+00  1.218112e+01  2.805390e+00
     vertex -3.800000e+00  9.623088e+00  2.216258e+00
   endloop
 endfacet
 facet normal -1.000000e+00  0.000000e+00  0.000000e+00
   outer loop
     vertex -3.800000e+00  9.558665e+00  2.479424e+00
     vertex -3.800000e+00  1.209958e+01  3.138512e+00
     vertex -3.800000e+00  1.218112e+01  2.805390e+00
   endloop
 endfacet
 facet normal -1.000000e+00  0.000000e+00  0.000000e+00
   outer loop
     vertex -3.800000e+00 -2.544932e+00 -9.541433e+00
     vertex -3.800000e+00 -3.221433e+00 -1.207776e+01
     vertex -3.800000e+00 -3.551562e+00 -1.198484e+01
   endloop
 endfacet
 facet normal -1.000000e+00  0.000000e+00  0.000000e+00
   outer loop
     vertex -3.800000e+00 -2.544932e+00 -9.541433e+00
     vertex -3.800000e+00 -2.888878e+00 -1.216159e+01
     vertex -3.800000e+00 -3.221433e+00 -1.207776e+01
   endloop
 endfacet
 facet normal -1.000000e+00  0.000000e+00 -0.000000e+00
   outer loop
     vertex -3.800000e+00 -2.544932e+00 -9.541433e+00
     vertex -3.800000e+00 -2.282214e+00 -9.607660e+00
     vertex -3.800000e+00 -2.888878e+00 -1.216159e+01
   endloop
 endfacet
 facet normal -1.000000e+00  0.000000e+00  0.000000e+00
   outer loop
     vertex -3.800000e+00  9.487047e+00  2.740724e+00
     vertex -3.800000e+00  1.200892e+01  3.469271e+00
     vertex -3.800000e+00  1.209958e+01  3.138512e+00
   endloop
 endfacet
 facet normal -1.000000e+00  0.000000e+00  0.000000e+00
   outer loop
     vertex -3.800000e+00  9.487047e+00  2.740724e+00
     vertex -3.800000e+00  1.209958e+01  3.138512e+00
     vertex -3.800000e+00  9.558665e+00  2.479424e+00
   endloop
 endfacet
 facet normal -1.000000e+00  0.000000e+00 -0.000000e+00
   outer loop
     vertex -3.800000e+00 -2.805734e+00 -9.468024e+00
     vertex -3.800000e+00 -2.544932e+00 -9.541433e+00
     vertex -3.800000e+00 -3.551562e+00 -1.198484e+01
   endloop
 endfacet
 facet normal -1.000000e+00  0.000000e+00  0.000000e+00
   outer loop
     vertex -3.800000e+00  9.408287e+00  2.999960e+00
     vertex -3.800000e+00  1.200892e+01  3.469271e+00
     vertex -3.800000e+00  9.487047e+00  2.740724e+00
   endloop
 endfacet
 facet normal -1.000000e+00  0.000000e+00  0.000000e+00
   outer loop
     vertex -3.800000e+00  9.408287e+00  2.999960e+00
     vertex -3.800000e+00  1.190922e+01  3.797418e+00
     vertex -3.800000e+00  1.200892e+01  3.469271e+00
   endloop
 endfacet
 facet normal -1.000000e+00  0.000000e+00  0.000000e+00
   outer loop
     vertex -3.800000e+00 -3.064424e+00 -9.387488e+00
     vertex -3.800000e+00 -3.551562e+00 -1.198484e+01
     vertex -3.800000e+00 -3.879018e+00 -1.188290e+01
   endloop
 endfacet
 facet normal -1.000000e+00  0.000000e+00 -0.000000e+00
   outer loop
     vertex -3.800000e+00 -3.064424e+00 -9.387488e+00
     vertex -3.800000e+00 -2.805734e+00 -9.468024e+00
     vertex -3.800000e+00 -3.551562e+00 -1.198484e+01
   endloop
 endfacet
 facet normal -1.000000e+00  0.000000e+00  0.000000e+00
   outer loop
     vertex -3.800000e+00  9.322445e+00  3.256939e+00
     vertex -3.800000e+00  1.180056e+01  4.122707e+00
     vertex -3.800000e+00  1.190922e+01  3.797418e+00
   endloop
 endfacet
 facet normal -1.000000e+00  0.000000e+00  0.000000e+00
   outer loop
     vertex -3.800000e+00  9.322445e+00  3.256939e+00
     vertex -3.800000e+00  1.190922e+01  3.797418e+00
     vertex -3.800000e+00  9.408287e+00  2.999960e+00
   endloop
 endfacet
 facet normal -1.000000e+00  0.000000e+00  0.000000e+00
   outer loop
     vertex -3.800000e+00 -3.320808e+00 -9.299885e+00
     vertex -3.800000e+00 -4.203554e+00 -1.177201e+01
     vertex -3.800000e+00 -4.524925e+00 -1.165226e+01
   endloop
 endfacet
 facet normal -1.000000e+00  0.000000e+00  0.000000e+00
   outer loop
     vertex -3.800000e+00 -3.320808e+00 -9.299885e+00
     vertex -3.800000e+00 -3.879018e+00 -1.188290e+01
     vertex -3.800000e+00 -4.203554e+00 -1.177201e+01
   endloop
 endfacet
 facet normal -1.000000e+00  0.000000e+00 -0.000000e+00
   outer loop
     vertex -3.800000e+00 -3.320808e+00 -9.299885e+00
     vertex -3.800000e+00 -3.064424e+00 -9.387488e+00
     vertex -3.800000e+00 -3.879018e+00 -1.188290e+01
   endloop
 endfacet
 facet normal -1.000000e+00  0.000000e+00  0.000000e+00
   outer loop
     vertex -3.800000e+00  9.229585e+00  3.511465e+00
     vertex -3.800000e+00  1.168302e+01  4.444893e+00
     vertex -3.800000e+00  1.180056e+01  4.122707e+00
   endloop
 endfacet
 facet normal -1.000000e+00  0.000000e+00  0.000000e+00
   outer loop
     vertex -3.800000e+00  9.229585e+00  3.511465e+00
     vertex -3.800000e+00  1.180056e+01  4.122707e+00
     vertex -3.800000e+00  9.322445e+00  3.256939e+00
   endloop
 endfacet
 facet normal -1.000000e+00  0.000000e+00 -0.000000e+00
   outer loop
     vertex -3.800000e+00 -3.574691e+00 -9.205282e+00
     vertex -3.800000e+00 -3.320808e+00 -9.299885e+00
     vertex -3.800000e+00 -4.524925e+00 -1.165226e+01
   endloop
 endfacet
 facet normal -1.000000e+00  0.000000e+00  0.000000e+00
   outer loop
     vertex -3.800000e+00  9.129777e+00  3.763348e+00
     vertex -3.800000e+00  1.168302e+01  4.444893e+00
     vertex -3.800000e+00  9.229585e+00  3.511465e+00
   endloop
 endfacet
 facet normal -1.000000e+00  0.000000e+00  0.000000e+00
   outer loop
     vertex -3.800000e+00  9.129777e+00  3.763348e+00
     vertex -3.800000e+00  1.155668e+01  4.763732e+00
     vertex -3.800000e+00  1.168302e+01  4.444893e+00
   endloop
 endfacet
 facet normal -1.000000e+00  0.000000e+00  0.000000e+00
   outer loop
     vertex -3.800000e+00 -3.825884e+00 -9.103749e+00
     vertex -3.800000e+00 -4.524925e+00 -1.165226e+01
     vertex -3.800000e+00 -4.842891e+00 -1.152373e+01
   endloop
 endfacet
 facet normal -1.000000e+00  0.000000e+00 -0.000000e+00
   outer loop
     vertex -3.800000e+00 -3.825884e+00 -9.103749e+00
     vertex -3.800000e+00 -3.574691e+00 -9.205282e+00
     vertex -3.800000e+00 -4.524925e+00 -1.165226e+01
   endloop
 endfacet
 facet normal -1.000000e+00  0.000000e+00  0.000000e+00
   outer loop
     vertex -3.800000e+00 -3.825884e+00 -9.103749e+00
     vertex -3.800000e+00 -4.842891e+00 -1.152373e+01
     vertex -3.800000e+00 -5.157211e+00 -1.138653e+01
   endloop
 endfacet
 facet normal -1.000000e+00  0.000000e+00  0.000000e+00
   outer loop
     vertex -3.800000e+00  9.023097e+00  4.012399e+00
     vertex -3.800000e+00  1.142164e+01  5.078986e+00
     vertex -3.800000e+00  1.155668e+01  4.763732e+00
   endloop
 endfacet
 facet normal -1.000000e+00  0.000000e+00  0.000000e+00
   outer loop
     vertex -3.800000e+00  9.023097e+00  4.012399e+00
     vertex -3.800000e+00  1.155668e+01  4.763732e+00
     vertex -3.800000e+00  9.129777e+00  3.763348e+00
   endloop
 endfacet
 facet normal -1.000000e+00  0.000000e+00 -0.000000e+00
   outer loop
     vertex -3.800000e+00 -4.074196e+00 -8.995363e+00
     vertex -3.800000e+00 -3.825884e+00 -9.103749e+00
     vertex -3.800000e+00 -5.157211e+00 -1.138653e+01
   endloop
 endfacet
 facet normal -1.000000e+00  0.000000e+00  0.000000e+00
   outer loop
     vertex -3.800000e+00  8.909625e+00  4.258428e+00
     vertex -3.800000e+00  1.142164e+01  5.078986e+00
     vertex -3.800000e+00  9.023097e+00  4.012399e+00
   endloop
 endfacet
 facet normal -1.000000e+00  0.000000e+00  0.000000e+00
   outer loop
     vertex -3.800000e+00  8.909625e+00  4.258428e+00
     vertex -3.800000e+00  1.127801e+01  5.390416e+00
     vertex -3.800000e+00  1.142164e+01  5.078986e+00
   endloop
 endfacet
 facet normal -1.000000e+00  0.000000e+00 -0.000000e+00
   outer loop
     vertex -3.800000e+00 -4.319442e+00 -8.880205e+00
     vertex -3.800000e+00 -4.074196e+00 -8.995363e+00
     vertex -3.800000e+00 -5.157211e+00 -1.138653e+01
   endloop
 endfacet
 facet normal -1.000000e+00  0.000000e+00  0.000000e+00
   outer loop
     vertex -3.800000e+00 -4.319442e+00 -8.880205e+00
     vertex -3.800000e+00 -5.157211e+00 -1.138653e+01
     vertex -3.800000e+00 -5.467648e+00 -1.124077e+01
   endloop
 endfacet
 facet normal -1.000000e+00  0.000000e+00  0.000000e+00
   outer loop
     vertex -3.800000e+00  8.789445e+00  4.501253e+00
     vertex -3.800000e+00  1.127801e+01  5.390416e+00
     vertex -3.800000e+00  8.909625e+00  4.258428e+00
   endloop
 endfacet
 facet normal -1.000000e+00  0.000000e+00  0.000000e+00
   outer loop
     vertex -3.800000e+00  8.789445e+00  4.501253e+00
     vertex -3.800000e+00  1.112588e+01  5.697788e+00
     vertex -3.800000e+00  1.127801e+01  5.390416e+00
   endloop
 endfacet
 facet normal -1.000000e+00  0.000000e+00 -0.000000e+00
   outer loop
     vertex -3.800000e+00 -4.561436e+00 -8.758363e+00
     vertex -3.800000e+00 -4.319442e+00 -8.880205e+00
     vertex -3.800000e+00 -5.467648e+00 -1.124077e+01
   endloop
 endfacet
 facet normal -1.000000e+00  0.000000e+00  0.000000e+00
   outer loop
     vertex -3.800000e+00 -4.561436e+00 -8.758363e+00
     vertex -3.800000e+00 -5.467648e+00 -1.124077e+01
     vertex -3.800000e+00 -5.773970e+00 -1.108654e+01
   endloop
 endfacet
 facet normal -1.000000e+00  0.000000e+00  0.000000e+00
   outer loop
     vertex -3.800000e+00  8.662650e+00  4.740689e+00
     vertex -3.800000e+00  1.112588e+01  5.697788e+00
     vertex -3.800000e+00  8.789445e+00  4.501253e+00
   endloop
 endfacet
 facet normal -1.000000e+00  0.000000e+00  0.000000e+00
   outer loop
     vertex -3.800000e+00  8.662650e+00  4.740689e+00
     vertex -3.800000e+00  1.096538e+01  6.000872e+00
     vertex -3.800000e+00  1.112588e+01  5.697788e+00
   endloop
 endfacet
 facet normal -1.000000e+00  0.000000e+00 -0.000000e+00
   outer loop
     vertex -3.800000e+00 -4.799997e+00 -8.629928e+00
     vertex -3.800000e+00 -4.561436e+00 -8.758363e+00
     vertex -3.800000e+00 -5.773970e+00 -1.108654e+01
   endloop
 endfacet
 facet normal -1.000000e+00  0.000000e+00  0.000000e+00
   outer loop
     vertex -3.800000e+00 -4.799997e+00 -8.629928e+00
     vertex -3.800000e+00 -6.075945e+00 -1.092396e+01
     vertex -3.800000e+00 -6.373347e+00 -1.075316e+01
   endloop
 endfacet
 facet normal -1.000000e+00  0.000000e+00  0.000000e+00
   outer loop
     vertex -3.800000e+00 -4.799997e+00 -8.629928e+00
     vertex -3.800000e+00 -5.773970e+00 -1.108654e+01
     vertex -3.800000e+00 -6.075945e+00 -1.092396e+01
   endloop
 endfacet
 facet normal -1.000000e+00  0.000000e+00  0.000000e+00
   outer loop
     vertex -3.800000e+00  8.529333e+00  4.976556e+00
     vertex -3.800000e+00  1.096538e+01  6.000872e+00
     vertex -3.800000e+00  8.662650e+00  4.740689e+00
   endloop
 endfacet
 facet normal -1.000000e+00  0.000000e+00  0.000000e+00
   outer loop
     vertex -3.800000e+00  8.529333e+00  4.976556e+00
     vertex -3.800000e+00  1.079662e+01  6.299438e+00
     vertex -3.800000e+00  1.096538e+01  6.000872e+00
   endloop
 endfacet
 facet normal -1.000000e+00  0.000000e+00 -0.000000e+00
   outer loop
     vertex -3.800000e+00 -5.034944e+00 -8.494996e+00
     vertex -3.800000e+00 -4.799997e+00 -8.629928e+00
     vertex -3.800000e+00 -6.373347e+00 -1.075316e+01
   endloop
 endfacet
 facet normal -1.000000e+00  0.000000e+00  0.000000e+00
   outer loop
     vertex -3.800000e+00 -5.034944e+00 -8.494996e+00
     vertex -3.800000e+00 -6.373347e+00 -1.075316e+01
     vertex -3.800000e+00 -6.665951e+00 -1.057427e+01
   endloop
 endfacet
 facet normal -1.000000e+00  0.000000e+00  0.000000e+00
   outer loop
     vertex -3.800000e+00  8.389595e+00  5.208677e+00
     vertex -3.800000e+00  1.079662e+01  6.299438e+00
     vertex -3.800000e+00  8.529333e+00  4.976556e+00
   endloop
 endfacet
 facet normal -1.000000e+00  0.000000e+00  0.000000e+00
   outer loop
     vertex -3.800000e+00  8.389595e+00  5.208677e+00
     vertex -3.800000e+00  1.061974e+01  6.593262e+00
     vertex -3.800000e+00  1.079662e+01  6.299438e+00
   endloop
 endfacet
 facet normal -1.000000e+00  0.000000e+00 -0.000000e+00
   outer loop
     vertex -3.800000e+00 -5.266101e+00 -8.353670e+00
     vertex -3.800000e+00 -5.034944e+00 -8.494996e+00
     vertex -3.800000e+00 -6.665951e+00 -1.057427e+01
   endloop
 endfacet
 facet normal -1.000000e+00  0.000000e+00  0.000000e+00
   outer loop
     vertex -3.800000e+00 -5.266101e+00 -8.353670e+00
     vertex -3.800000e+00 -6.665951e+00 -1.057427e+01
     vertex -3.800000e+00 -6.953537e+00 -1.038741e+01
   endloop
 endfacet
 facet normal -1.000000e+00  0.000000e+00  0.000000e+00
   outer loop
     vertex -3.800000e+00  8.243543e+00  5.436877e+00
     vertex -3.800000e+00  1.061974e+01  6.593262e+00
     vertex -3.800000e+00  8.389595e+00  5.208677e+00
   endloop
 endfacet
 facet normal -1.000000e+00  0.000000e+00  0.000000e+00
   outer loop
     vertex -3.800000e+00  8.243543e+00  5.436877e+00
     vertex -3.800000e+00  1.043486e+01  6.882123e+00
     vertex -3.800000e+00  1.061974e+01  6.593262e+00
   endloop
 endfacet
 facet normal -1.000000e+00  0.000000e+00 -0.000000e+00
   outer loop
     vertex -3.800000e+00 -5.493294e+00 -8.206055e+00
     vertex -3.800000e+00 -5.266101e+00 -8.353670e+00
     vertex -3.800000e+00 -6.953537e+00 -1.038741e+01
   endloop
 endfacet
 facet normal -1.000000e+00  0.000000e+00  0.000000e+00
   outer loop
     vertex -3.800000e+00  8.091284e+00  5.660984e+00
     vertex -3.800000e+00  1.043486e+01  6.882123e+00
     vertex -3.800000e+00  8.243543e+00  5.436877e+00
   endloop
 endfacet
 facet normal -1.000000e+00  0.000000e+00  0.000000e+00
   outer loop
     vertex -3.800000e+00  8.091284e+00  5.660984e+00
     vertex -3.800000e+00  1.024213e+01  7.165803e+00
     vertex -3.800000e+00  1.043486e+01  6.882123e+00
   endloop
 endfacet
 facet normal -1.000000e+00  0.000000e+00 -0.000000e+00
   outer loop
     vertex -3.800000e+00 -5.716352e+00 -8.052263e+00
     vertex -3.800000e+00 -5.493294e+00 -8.206055e+00
     vertex -3.800000e+00 -6.953537e+00 -1.038741e+01
   endloop
 endfacet
 facet normal -1.000000e+00  0.000000e+00  0.000000e+00
   outer loop
     vertex -3.800000e+00 -5.716352e+00 -8.052263e+00
     vertex -3.800000e+00 -6.953537e+00 -1.038741e+01
     vertex -3.800000e+00 -7.235888e+00 -1.019274e+01
   endloop
 endfacet
 facet normal -1.000000e+00  0.000000e+00  0.000000e+00
   outer loop
     vertex -3.800000e+00  7.932935e+00  5.880830e+00
     vertex -3.800000e+00  1.024213e+01  7.165803e+00
     vertex -3.800000e+00  8.091284e+00  5.660984e+00
   endloop
 endfacet
 facet normal -1.000000e+00  0.000000e+00  0.000000e+00
   outer loop
     vertex -3.800000e+00  7.932935e+00  5.880830e+00
     vertex -3.800000e+00  1.004169e+01  7.444089e+00
     vertex -3.800000e+00  1.024213e+01  7.165803e+00
   endloop
 endfacet
 facet normal -1.000000e+00  0.000000e+00 -0.000000e+00
   outer loop
     vertex -3.800000e+00 -5.935106e+00 -7.892410e+00
     vertex -3.800000e+00 -5.716352e+00 -8.052263e+00
     vertex -3.800000e+00 -7.235888e+00 -1.019274e+01
   endloop
 endfacet
 facet normal -1.000000e+00  0.000000e+00  0.000000e+00
   outer loop
     vertex -3.800000e+00 -5.935106e+00 -7.892410e+00
     vertex -3.800000e+00 -7.235888e+00 -1.019274e+01
     vertex -3.800000e+00 -7.512793e+00 -9.990392e+00
   endloop
 endfacet
 facet normal -1.000000e+00  0.000000e+00  0.000000e+00
   outer loop
     vertex -3.800000e+00  7.768614e+00  6.096249e+00
     vertex -3.800000e+00  1.004169e+01  7.444089e+00
     vertex -3.800000e+00  7.932935e+00  5.880830e+00
   endloop
 endfacet
 facet normal -1.000000e+00  0.000000e+00  0.000000e+00
   outer loop
     vertex -3.800000e+00  7.768614e+00  6.096249e+00
     vertex -3.800000e+00  9.833689e+00  7.716771e+00
     vertex -3.800000e+00  1.004169e+01  7.444089e+00
   endloop
 endfacet
 facet normal -1.000000e+00  0.000000e+00 -0.000000e+00
   outer loop
     vertex -3.800000e+00 -6.149393e+00 -7.726615e+00
     vertex -3.800000e+00 -5.935106e+00 -7.892410e+00
     vertex -3.800000e+00 -7.512793e+00 -9.990392e+00
   endloop
 endfacet
 facet normal -1.000000e+00  0.000000e+00  0.000000e+00
   outer loop
     vertex -3.800000e+00 -6.149393e+00 -7.726615e+00
     vertex -3.800000e+00 -7.512793e+00 -9.990392e+00
     vertex -3.800000e+00 -7.784042e+00 -9.780526e+00
   endloop
 endfacet
 facet normal -1.000000e+00  0.000000e+00  0.000000e+00
   outer loop
     vertex -3.800000e+00  7.598446e+00  6.307079e+00
     vertex -3.800000e+00  9.833689e+00  7.716771e+00
     vertex -3.800000e+00  7.768614e+00  6.096249e+00
   endloop
 endfacet
 facet normal -1.000000e+00  0.000000e+00  0.000000e+00
   outer loop
     vertex -3.800000e+00  7.598446e+00  6.307079e+00
     vertex -3.800000e+00  9.618286e+00  7.983645e+00
     vertex -3.800000e+00  9.833689e+00  7.716771e+00
   endloop
 endfacet
 facet normal -1.000000e+00  0.000000e+00 -0.000000e+00
   outer loop
     vertex -3.800000e+00 -6.359051e+00 -7.555005e+00
     vertex -3.800000e+00 -6.149393e+00 -7.726615e+00
     vertex -3.800000e+00 -7.784042e+00 -9.780526e+00
   endloop
 endfacet
 facet normal -1.000000e+00  0.000000e+00  0.000000e+00
   outer loop
     vertex -3.800000e+00 -6.359051e+00 -7.555005e+00
     vertex -3.800000e+00 -7.784042e+00 -9.780526e+00
     vertex -3.800000e+00 -8.049432e+00 -9.563297e+00
   endloop
 endfacet
 facet normal -1.000000e+00  0.000000e+00  0.000000e+00
   outer loop
     vertex -3.800000e+00 -8.308762e+00 -9.338869e+00
     vertex -3.800000e+00 -6.359051e+00 -7.555005e+00
     vertex -3.800000e+00 -8.049432e+00 -9.563297e+00
   endloop
 endfacet
 facet normal -1.000000e+00  0.000000e+00  0.000000e+00
   outer loop
     vertex -3.800000e+00  7.422557e+00  6.513162e+00
     vertex -3.800000e+00  9.618286e+00  7.983645e+00
     vertex -3.800000e+00  7.598446e+00  6.307079e+00
   endloop
 endfacet
 facet normal -1.000000e+00  0.000000e+00  0.000000e+00
   outer loop
     vertex -3.800000e+00  7.422557e+00  6.513162e+00
     vertex -3.800000e+00  9.395642e+00  8.244508e+00
     vertex -3.800000e+00  9.618286e+00  7.983645e+00
   endloop
 endfacet
 facet normal -1.000000e+00  0.000000e+00 -0.000000e+00
   outer loop
     vertex -3.800000e+00 -6.563922e+00 -7.377706e+00
     vertex -3.800000e+00 -6.359051e+00 -7.555005e+00
     vertex -3.800000e+00 -8.308762e+00 -9.338869e+00
   endloop
 endfacet
 facet normal -1.000000e+00  0.000000e+00 -0.000000e+00
   outer loop
     vertex -3.800000e+00  9.165925e+00  8.499166e+00
     vertex -3.800000e+00  9.395642e+00  8.244508e+00
     vertex -3.800000e+00  7.422557e+00  6.513162e+00
   endloop
 endfacet
 facet normal -1.000000e+00  0.000000e+00  0.000000e+00
   outer loop
     vertex -3.800000e+00  7.241081e+00  6.714341e+00
     vertex -3.800000e+00  9.165925e+00  8.499166e+00
     vertex -3.800000e+00  7.422557e+00  6.513162e+00
   endloop
 endfacet
 facet normal -1.000000e+00  0.000000e+00  0.000000e+00
   outer loop
     vertex -3.800000e+00 -6.763852e+00 -7.194855e+00
     vertex -3.800000e+00 -8.308762e+00 -9.338869e+00
     vertex -3.800000e+00 -8.561838e+00 -9.107411e+00
   endloop
 endfacet
 facet normal -1.000000e+00  0.000000e+00 -0.000000e+00
   outer loop
     vertex -3.800000e+00 -6.763852e+00 -7.194855e+00
     vertex -3.800000e+00 -6.563922e+00 -7.377706e+00
     vertex -3.800000e+00 -8.308762e+00 -9.338869e+00
   endloop
 endfacet
 facet normal -1.000000e+00  0.000000e+00  0.000000e+00
   outer loop
     vertex -3.800000e+00  7.054154e+00  6.910466e+00
     vertex -3.800000e+00  9.165925e+00  8.499166e+00
     vertex -3.800000e+00  7.241081e+00  6.714341e+00
   endloop
 endfacet
 facet normal -1.000000e+00  0.000000e+00  0.000000e+00
   outer loop
     vertex -3.800000e+00  7.054154e+00  6.910466e+00
     vertex -3.800000e+00  8.929309e+00  8.747425e+00
     vertex -3.800000e+00  9.165925e+00  8.499166e+00
   endloop
 endfacet
 facet normal -1.000000e+00  0.000000e+00  0.000000e+00
   outer loop
     vertex -3.800000e+00 -8.808468e+00 -8.869097e+00
     vertex -3.800000e+00 -6.763852e+00 -7.194855e+00
     vertex -3.800000e+00 -8.561838e+00 -9.107411e+00
   endloop
 endfacet
 facet normal -1.000000e+00  0.000000e+00 -0.000000e+00
   outer loop
     vertex -3.800000e+00 -6.958690e+00 -7.006587e+00
     vertex -3.800000e+00 -6.763852e+00 -7.194855e+00
     vertex -3.800000e+00 -8.808468e+00 -8.869097e+00
   endloop
 endfacet
 facet normal -1.000000e+00  0.000000e+00 -0.000000e+00
   outer loop
     vertex -3.800000e+00  8.685970e+00  8.989100e+00
     vertex -3.800000e+00  8.929309e+00  8.747425e+00
     vertex -3.800000e+00  7.054154e+00  6.910466e+00
   endloop
 endfacet
 facet normal -1.000000e+00  0.000000e+00  0.000000e+00
   outer loop
     vertex -3.800000e+00  8.685970e+00  8.989100e+00
     vertex -3.800000e+00  7.054154e+00  6.910466e+00
     vertex -3.800000e+00  6.861917e+00  7.101389e+00
   endloop
 endfacet
 facet normal -1.000000e+00  0.000000e+00 -0.000000e+00
   outer loop
     vertex -3.800000e+00 -7.148290e+00 -6.813045e+00
     vertex -3.800000e+00 -6.958690e+00 -7.006587e+00
     vertex -3.800000e+00 -8.808468e+00 -8.869097e+00
   endloop
 endfacet
 facet normal -1.000000e+00  0.000000e+00  0.000000e+00
   outer loop
     vertex -3.800000e+00 -9.048468e+00 -8.624107e+00
     vertex -3.800000e+00 -7.148290e+00 -6.813045e+00
     vertex -3.800000e+00 -8.808468e+00 -8.869097e+00
   endloop
 endfacet
 facet normal -1.000000e+00  0.000000e+00  0.000000e+00
   outer loop
     vertex -3.800000e+00  6.664514e+00  7.286966e+00
     vertex -3.800000e+00  8.685970e+00  8.989100e+00
     vertex -3.800000e+00  6.861917e+00  7.101389e+00
   endloop
 endfacet
 facet normal -1.000000e+00  0.000000e+00 -0.000000e+00
   outer loop
     vertex -3.800000e+00  8.436094e+00  9.224008e+00
     vertex -3.800000e+00  8.685970e+00  8.989100e+00
     vertex -3.800000e+00  6.664514e+00  7.286966e+00
   endloop
 endfacet
 facet normal -1.000000e+00  0.000000e+00  0.000000e+00
   outer loop
     vertex -3.800000e+00 -9.281657e+00 -8.372625e+00
     vertex -3.800000e+00 -7.332509e+00 -6.614374e+00
     vertex -3.800000e+00 -7.148290e+00 -6.813045e+00
   endloop
 endfacet
 facet normal -1.000000e+00  0.000000e+00  0.000000e+00
   outer loop
     vertex -3.800000e+00 -9.281657e+00 -8.372625e+00
     vertex -3.800000e+00 -7.148290e+00 -6.813045e+00
     vertex -3.800000e+00 -9.048468e+00 -8.624107e+00
   endloop
 endfacet
 facet normal -1.000000e+00  0.000000e+00 -0.000000e+00
   outer loop
     vertex -3.800000e+00  8.179867e+00  9.451972e+00
     vertex -3.800000e+00  8.436094e+00  9.224008e+00
     vertex -3.800000e+00  6.664514e+00  7.286966e+00
   endloop
 endfacet
 facet normal -1.000000e+00  0.000000e+00  0.000000e+00
   outer loop
     vertex -3.800000e+00  8.179867e+00  9.451972e+00
     vertex -3.800000e+00  6.664514e+00  7.286966e+00
     vertex -3.800000e+00  6.462095e+00  7.467058e+00
   endloop
 endfacet
 facet normal -1.000000e+00  0.000000e+00  0.000000e+00
   outer loop
     vertex -3.800000e+00  6.254811e+00  7.641529e+00
     vertex -3.800000e+00  8.179867e+00  9.451972e+00
     vertex -3.800000e+00  6.462095e+00  7.467058e+00
   endloop
 endfacet
 facet normal -1.000000e+00  0.000000e+00  0.000000e+00
   outer loop
     vertex -3.800000e+00 -9.507858e+00 -8.114840e+00
     vertex -3.800000e+00 -7.511208e+00 -6.410724e+00
     vertex -3.800000e+00 -7.332509e+00 -6.614374e+00
   endloop
 endfacet
 facet normal -1.000000e+00  0.000000e+00  0.000000e+00
   outer loop
     vertex -3.800000e+00 -9.507858e+00 -8.114840e+00
     vertex -3.800000e+00 -7.332509e+00 -6.614374e+00
     vertex -3.800000e+00 -9.281657e+00 -8.372625e+00
   endloop
 endfacet
 facet normal -1.000000e+00  0.000000e+00 -0.000000e+00
   outer loop
     vertex -3.800000e+00 -7.684253e+00 -6.202248e+00
     vertex -3.800000e+00 -7.511208e+00 -6.410724e+00
     vertex -3.800000e+00 -9.507858e+00 -8.114840e+00
   endloop
 endfacet
 facet normal -1.000000e+00  0.000000e+00 -0.000000e+00
   outer loop
     vertex -3.800000e+00  7.917482e+00  9.672822e+00
     vertex -3.800000e+00  8.179867e+00  9.451972e+00
     vertex -3.800000e+00  6.254811e+00  7.641529e+00
   endloop
 endfacet
 facet normal -1.000000e+00  0.000000e+00  0.000000e+00
   outer loop
     vertex -3.800000e+00 -9.726903e+00 -7.850947e+00
     vertex -3.800000e+00 -7.684253e+00 -6.202248e+00
     vertex -3.800000e+00 -9.507858e+00 -8.114840e+00
   endloop
 endfacet
 facet normal -1.000000e+00  0.000000e+00  0.000000e+00
   outer loop
     vertex -3.800000e+00  7.649137e+00  9.886389e+00
     vertex -3.800000e+00  6.254811e+00  7.641529e+00
     vertex -3.800000e+00  6.042819e+00  7.810248e+00
   endloop
 endfacet
 facet normal -1.000000e+00  0.000000e+00 -0.000000e+00
   outer loop
     vertex -3.800000e+00  7.649137e+00  9.886389e+00
     vertex -3.800000e+00  7.917482e+00  9.672822e+00
     vertex -3.800000e+00  6.254811e+00  7.641529e+00
   endloop
 endfacet
 facet normal -1.000000e+00  0.000000e+00  0.000000e+00
   outer loop
     vertex -3.800000e+00 -9.938625e+00 -7.581144e+00
     vertex -3.800000e+00 -7.851514e+00 -5.989103e+00
     vertex -3.800000e+00 -7.684253e+00 -6.202248e+00
   endloop
 endfacet
 facet normal -1.000000e+00  0.000000e+00  0.000000e+00
   outer loop
     vertex -3.800000e+00 -9.938625e+00 -7.581144e+00
     vertex -3.800000e+00 -7.684253e+00 -6.202248e+00
     vertex -3.800000e+00 -9.726903e+00 -7.850947e+00
   endloop
 endfacet
 facet normal -1.000000e+00  0.000000e+00  0.000000e+00
   outer loop
     vertex -3.800000e+00  7.375035e+00  1.009252e+01
     vertex -3.800000e+00  6.042819e+00  7.810248e+00
     vertex -3.800000e+00  5.826277e+00  7.973087e+00
   endloop
 endfacet
 facet normal -1.000000e+00  0.000000e+00 -0.000000e+00
   outer loop
     vertex -3.800000e+00  7.375035e+00  1.009252e+01
     vertex -3.800000e+00  7.649137e+00  9.886389e+00
     vertex -3.800000e+00  6.042819e+00  7.810248e+00
   endloop
 endfacet
 facet normal -1.000000e+00  0.000000e+00  0.000000e+00
   outer loop
     vertex -3.800000e+00 -1.014287e+01 -7.305633e+00
     vertex -3.800000e+00 -8.012864e+00 -5.771450e+00
     vertex -3.800000e+00 -7.851514e+00 -5.989103e+00
   endloop
 endfacet
 facet normal -1.000000e+00  0.000000e+00  0.000000e+00
   outer loop
     vertex -3.800000e+00 -1.014287e+01 -7.305633e+00
     vertex -3.800000e+00 -7.851514e+00 -5.989103e+00
     vertex -3.800000e+00 -9.938625e+00 -7.581144e+00
   endloop
 endfacet
 facet normal -1.000000e+00  0.000000e+00  0.000000e+00
   outer loop
     vertex -3.800000e+00  7.095380e+00  1.029104e+01
     vertex -3.800000e+00  5.826277e+00  7.973087e+00
     vertex -3.800000e+00  5.605350e+00  8.129924e+00
   endloop
 endfacet
 facet normal -1.000000e+00  0.000000e+00 -0.000000e+00
   outer loop
     vertex -3.800000e+00  7.095380e+00  1.029104e+01
     vertex -3.800000e+00  7.375035e+00  1.009252e+01
     vertex -3.800000e+00  5.826277e+00  7.973087e+00
   endloop
 endfacet
 facet normal -1.000000e+00  0.000000e+00  0.000000e+00
   outer loop
     vertex -3.800000e+00 -1.033947e+01 -7.024624e+00
     vertex -3.800000e+00 -8.168182e+00 -5.549453e+00
     vertex -3.800000e+00 -8.012864e+00 -5.771450e+00
   endloop
 endfacet
 facet normal -1.000000e+00  0.000000e+00  0.000000e+00
   outer loop
     vertex -3.800000e+00 -1.033947e+01 -7.024624e+00
     vertex -3.800000e+00 -8.012864e+00 -5.771450e+00
     vertex -3.800000e+00 -1.014287e+01 -7.305633e+00
   endloop
 endfacet
 facet normal -1.000000e+00  0.000000e+00  0.000000e+00
   outer loop
     vertex -3.800000e+00  6.810385e+00  1.048183e+01
     vertex -3.800000e+00  5.605350e+00  8.129924e+00
     vertex -3.800000e+00  5.380204e+00  8.280642e+00
   endloop
 endfacet
 facet normal -1.000000e+00  0.000000e+00  0.000000e+00
   outer loop
     vertex -3.800000e+00  6.810385e+00  1.048183e+01
     vertex -3.800000e+00  5.380204e+00  8.280642e+00
     vertex -3.800000e+00  5.151007e+00  8.425126e+00
   endloop
 endfacet
 facet normal -1.000000e+00  0.000000e+00 -0.000000e+00
   outer loop
     vertex -3.800000e+00  6.810385e+00  1.048183e+01
     vertex -3.800000e+00  7.095380e+00  1.029104e+01
     vertex -3.800000e+00  5.605350e+00  8.129924e+00
   endloop
 endfacet
 facet normal -1.000000e+00  0.000000e+00  0.000000e+00
   outer loop
     vertex -3.800000e+00 -1.052829e+01 -6.738326e+00
     vertex -3.800000e+00 -8.317352e+00 -5.323278e+00
     vertex -3.800000e+00 -8.168182e+00 -5.549453e+00
   endloop
 endfacet
 facet normal -1.000000e+00  0.000000e+00  0.000000e+00
   outer loop
     vertex -3.800000e+00 -1.052829e+01 -6.738326e+00
     vertex -3.800000e+00 -8.168182e+00 -5.549453e+00
     vertex -3.800000e+00 -1.033947e+01 -7.024624e+00
   endloop
 endfacet
 facet normal -1.000000e+00  0.000000e+00 -0.000000e+00
   outer loop
     vertex -3.800000e+00  6.520263e+00  1.066472e+01
     vertex -3.800000e+00  6.810385e+00  1.048183e+01
     vertex -3.800000e+00  5.151007e+00  8.425126e+00
   endloop
 endfacet
 facet normal -1.000000e+00  0.000000e+00  0.000000e+00
   outer loop
     vertex -3.800000e+00 -1.070919e+01 -6.446956e+00
     vertex -3.800000e+00 -8.596800e+00 -4.859079e+00
     vertex -3.800000e+00 -8.460260e+00 -5.093096e+00
   endloop
 endfacet
 facet normal -1.000000e+00  0.000000e+00  0.000000e+00
   outer loop
     vertex -3.800000e+00 -1.070919e+01 -6.446956e+00
     vertex -3.800000e+00 -8.460260e+00 -5.093096e+00
     vertex -3.800000e+00 -8.317352e+00 -5.323278e+00
   endloop
 endfacet
 facet normal -1.000000e+00  0.000000e+00  0.000000e+00
   outer loop
     vertex -3.800000e+00 -1.070919e+01 -6.446956e+00
     vertex -3.800000e+00 -8.317352e+00 -5.323278e+00
     vertex -3.800000e+00 -1.052829e+01 -6.738326e+00
   endloop
 endfacet
 facet normal -1.000000e+00  0.000000e+00  0.000000e+00
   outer loop
     vertex -3.800000e+00  6.225232e+00  1.083958e+01
     vertex -3.800000e+00  5.151007e+00  8.425126e+00
     vertex -3.800000e+00  4.917933e+00  8.563268e+00
   endloop
 endfacet
 facet normal -1.000000e+00  0.000000e+00  0.000000e+00
   outer loop
     vertex -3.800000e+00  6.225232e+00  1.083958e+01
     vertex -3.800000e+00  4.917933e+00  8.563268e+00
     vertex -3.800000e+00  4.681157e+00  8.694964e+00
   endloop
 endfacet
 facet normal -1.000000e+00  0.000000e+00 -0.000000e+00
   outer loop
     vertex -3.800000e+00  6.225232e+00  1.083958e+01
     vertex -3.800000e+00  6.520263e+00  1.066472e+01
     vertex -3.800000e+00  5.151007e+00  8.425126e+00
   endloop
 endfacet
 facet normal -1.000000e+00  0.000000e+00  0.000000e+00
   outer loop
     vertex -3.800000e+00 -1.088203e+01 -6.150733e+00
     vertex -3.800000e+00 -8.596800e+00 -4.859079e+00
     vertex -3.800000e+00 -1.070919e+01 -6.446956e+00
   endloop
 endfacet
 facet normal -1.000000e+00  0.000000e+00 -0.000000e+00
   outer loop
     vertex -3.800000e+00  5.925515e+00  1.100628e+01
     vertex -3.800000e+00  6.225232e+00  1.083958e+01
     vertex -3.800000e+00  4.681157e+00  8.694964e+00
   endloop
 endfacet
 facet normal -1.000000e+00  0.000000e+00  0.000000e+00
   outer loop
     vertex -3.800000e+00 -1.104667e+01 -5.849880e+00
     vertex -3.800000e+00 -8.596800e+00 -4.859079e+00
     vertex -3.800000e+00 -1.088203e+01 -6.150733e+00
   endloop
 endfacet
 facet normal -1.000000e+00  0.000000e+00  0.000000e+00
   outer loop
     vertex -3.800000e+00 -1.104667e+01 -5.849880e+00
     vertex -3.800000e+00 -8.726869e+00 -4.621406e+00
     vertex -3.800000e+00 -8.596800e+00 -4.859079e+00
   endloop
 endfacet
 facet normal -1.000000e+00  0.000000e+00 -0.000000e+00
   outer loop
     vertex -3.800000e+00  5.621338e+00  1.116470e+01
     vertex -3.800000e+00  5.925515e+00  1.100628e+01
     vertex -3.800000e+00  4.681157e+00  8.694964e+00
   endloop
 endfacet
 facet normal -1.000000e+00  0.000000e+00  0.000000e+00
   outer loop
     vertex -3.800000e+00  5.621338e+00  1.116470e+01
     vertex -3.800000e+00  4.681157e+00  8.694964e+00
     vertex -3.800000e+00  4.440857e+00  8.820114e+00
   endloop
 endfacet
 facet normal -1.000000e+00  0.000000e+00  0.000000e+00
   outer loop
     vertex -3.800000e+00 -1.120300e+01 -5.544624e+00
     vertex -3.800000e+00 -8.850368e+00 -4.380253e+00
     vertex -3.800000e+00 -8.726869e+00 -4.621406e+00
   endloop
 endfacet
 facet normal -1.000000e+00  0.000000e+00  0.000000e+00
   outer loop
     vertex -3.800000e+00 -1.120300e+01 -5.544624e+00
     vertex -3.800000e+00 -8.726869e+00 -4.621406e+00
     vertex -3.800000e+00 -1.104667e+01 -5.849880e+00
   endloop
 endfacet
 facet normal -1.000000e+00  0.000000e+00  0.000000e+00
   outer loop
     vertex -3.800000e+00  5.312930e+00  1.131472e+01
     vertex -3.800000e+00  4.440857e+00  8.820114e+00
     vertex -3.800000e+00  4.197214e+00  8.938625e+00
   endloop
 endfacet
 facet normal -1.000000e+00  0.000000e+00 -0.000000e+00
   outer loop
     vertex -3.800000e+00  5.312930e+00  1.131472e+01
     vertex -3.800000e+00  5.621338e+00  1.116470e+01
     vertex -3.800000e+00  4.440857e+00  8.820114e+00
   endloop
 endfacet
 facet normal -1.000000e+00  0.000000e+00  0.000000e+00
   outer loop
     vertex -3.800000e+00 -1.135089e+01 -5.235193e+00
     vertex -3.800000e+00 -8.967205e+00 -4.135803e+00
     vertex -3.800000e+00 -8.850368e+00 -4.380253e+00
   endloop
 endfacet
 facet normal -1.000000e+00  0.000000e+00  0.000000e+00
   outer loop
     vertex -3.800000e+00 -1.135089e+01 -5.235193e+00
     vertex -3.800000e+00 -8.850368e+00 -4.380253e+00
     vertex -3.800000e+00 -1.120300e+01 -5.544624e+00
   endloop
 endfacet
 facet normal -1.000000e+00  0.000000e+00 -0.000000e+00
   outer loop
     vertex -3.800000e+00  5.000521e+00  1.145621e+01
     vertex -3.800000e+00  5.312930e+00  1.131472e+01
     vertex -3.800000e+00  4.197214e+00  8.938625e+00
   endloop
 endfacet
 facet normal -1.000000e+00  0.000000e+00  0.000000e+00
   outer loop
     vertex -3.800000e+00  5.000521e+00  1.145621e+01
     vertex -3.800000e+00  4.197214e+00  8.938625e+00
     vertex -3.800000e+00  3.950412e+00  9.050407e+00
   endloop
 endfacet
 facet normal -1.000000e+00  0.000000e+00  0.000000e+00
   outer loop
     vertex -3.800000e+00 -1.149024e+01 -4.921822e+00
     vertex -3.800000e+00 -8.967205e+00 -4.135803e+00
     vertex -3.800000e+00 -1.135089e+01 -5.235193e+00
   endloop
 endfacet
 facet normal -1.000000e+00  0.000000e+00  0.000000e+00
   outer loop
     vertex -3.800000e+00 -1.149024e+01 -4.921822e+00
     vertex -3.800000e+00 -9.077291e+00 -3.888239e+00
     vertex -3.800000e+00 -8.967205e+00 -4.135803e+00
   endloop
 endfacet
 facet normal -1.000000e+00  0.000000e+00 -0.000000e+00
   outer loop
     vertex -3.800000e+00  4.684349e+00  1.158908e+01
     vertex -3.800000e+00  5.000521e+00  1.145621e+01
     vertex -3.800000e+00  3.950412e+00  9.050407e+00
   endloop
 endfacet
 facet normal -1.000000e+00  0.000000e+00  0.000000e+00
   outer loop
     vertex -3.800000e+00  4.684349e+00  1.158908e+01
     vertex -3.800000e+00  3.950412e+00  9.050407e+00
     vertex -3.800000e+00  3.700636e+00  9.155377e+00
   endloop
 endfacet
 facet normal -1.000000e+00  0.000000e+00  0.000000e+00
   outer loop
     vertex -3.800000e+00 -1.162094e+01 -4.604746e+00
     vertex -3.800000e+00 -9.077291e+00 -3.888239e+00
     vertex -3.800000e+00 -1.149024e+01 -4.921822e+00
   endloop
 endfacet
 facet normal -1.000000e+00  0.000000e+00  0.000000e+00
   outer loop
     vertex -3.800000e+00 -1.162094e+01 -4.604746e+00
     vertex -3.800000e+00 -9.180545e+00 -3.637749e+00
     vertex -3.800000e+00 -9.077291e+00 -3.888239e+00
   endloop
 endfacet
 facet normal -1.000000e+00  0.000000e+00 -0.000000e+00
   outer loop
     vertex -3.800000e+00  4.364650e+00  1.171323e+01
     vertex -3.800000e+00  4.684349e+00  1.158908e+01
     vertex -3.800000e+00  3.700636e+00  9.155377e+00
   endloop
 endfacet
 facet normal -1.000000e+00  0.000000e+00  0.000000e+00
   outer loop
     vertex -3.800000e+00  4.364650e+00  1.171323e+01
     vertex -3.800000e+00  3.700636e+00  9.155377e+00
     vertex -3.800000e+00  3.448074e+00  9.253454e+00
   endloop
 endfacet
 facet normal -1.000000e+00  0.000000e+00  0.000000e+00
   outer loop
     vertex -3.800000e+00 -1.174290e+01 -4.284203e+00
     vertex -3.800000e+00 -9.180545e+00 -3.637749e+00
     vertex -3.800000e+00 -1.162094e+01 -4.604746e+00
   endloop
 endfacet
 facet normal -1.000000e+00  0.000000e+00  0.000000e+00
   outer loop
     vertex -3.800000e+00 -1.174290e+01 -4.284203e+00
     vertex -3.800000e+00 -9.366247e+00 -3.128744e+00
     vertex -3.800000e+00 -9.276888e+00 -3.384520e+00
   endloop
 endfacet
 facet normal -1.000000e+00  0.000000e+00  0.000000e+00
   outer loop
     vertex -3.800000e+00 -1.174290e+01 -4.284203e+00
     vertex -3.800000e+00 -9.276888e+00 -3.384520e+00
     vertex -3.800000e+00 -9.180545e+00 -3.637749e+00
   endloop
 endfacet
 facet normal -1.000000e+00  0.000000e+00  0.000000e+00
   outer loop
     vertex -3.800000e+00  4.041666e+00  1.182856e+01
     vertex -3.800000e+00  3.448074e+00  9.253454e+00
     vertex -3.800000e+00  3.192916e+00  9.344566e+00
   endloop
 endfacet
 facet normal -1.000000e+00  0.000000e+00  0.000000e+00
   outer loop
     vertex -3.800000e+00  4.041666e+00  1.182856e+01
     vertex -3.800000e+00  3.192916e+00  9.344566e+00
     vertex -3.800000e+00  2.935355e+00  9.428643e+00
   endloop
 endfacet
 facet normal -1.000000e+00  0.000000e+00 -0.000000e+00
   outer loop
     vertex -3.800000e+00  4.041666e+00  1.182856e+01
     vertex -3.800000e+00  4.364650e+00  1.171323e+01
     vertex -3.800000e+00  3.448074e+00  9.253454e+00
   endloop
 endfacet
 facet normal -1.000000e+00  0.000000e+00  0.000000e+00
   outer loop
     vertex -3.800000e+00 -1.185601e+01 -3.960435e+00
     vertex -3.800000e+00 -9.366247e+00 -3.128744e+00
     vertex -3.800000e+00 -1.174290e+01 -4.284203e+00
   endloop
 endfacet
 facet normal -1.000000e+00  0.000000e+00 -0.000000e+00
   outer loop
     vertex -3.800000e+00  3.715640e+00  1.193499e+01
     vertex -3.800000e+00  4.041666e+00  1.182856e+01
     vertex -3.800000e+00  2.935355e+00  9.428643e+00
   endloop
 endfacet
 facet normal -1.000000e+00  0.000000e+00  0.000000e+00
   outer loop
     vertex -3.800000e+00 -1.196020e+01 -3.633686e+00
     vertex -3.800000e+00 -9.366247e+00 -3.128744e+00
     vertex -3.800000e+00 -1.185601e+01 -3.960435e+00
   endloop
 endfacet
 facet normal -1.000000e+00  0.000000e+00  0.000000e+00
   outer loop
     vertex -3.800000e+00 -1.196020e+01 -3.633686e+00
     vertex -3.800000e+00 -9.448556e+00 -2.870612e+00
     vertex -3.800000e+00 -9.366247e+00 -3.128744e+00
   endloop
 endfacet
 facet normal -1.000000e+00  0.000000e+00  0.000000e+00
   outer loop
     vertex -3.800000e+00  3.386816e+00  1.203243e+01
     vertex -3.800000e+00  2.935355e+00  9.428643e+00
     vertex -3.800000e+00  2.675585e+00  9.505623e+00
   endloop
 endfacet
 facet normal -1.000000e+00  0.000000e+00 -0.000000e+00
   outer loop
     vertex -3.800000e+00  3.386816e+00  1.203243e+01
     vertex -3.800000e+00  3.715640e+00  1.193499e+01
     vertex -3.800000e+00  2.935355e+00  9.428643e+00
   endloop
 endfacet
 facet normal -1.000000e+00  0.000000e+00  0.000000e+00
   outer loop
     vertex -3.800000e+00 -1.205538e+01 -3.304202e+00
     vertex -3.800000e+00 -9.448556e+00 -2.870612e+00
     vertex -3.800000e+00 -1.196020e+01 -3.633686e+00
   endloop
 endfacet
 facet normal -1.000000e+00  0.000000e+00  0.000000e+00
   outer loop
     vertex -3.800000e+00 -1.205538e+01 -3.304202e+00
     vertex -3.800000e+00 -9.523752e+00 -2.610320e+00
     vertex -3.800000e+00 -9.448556e+00 -2.870612e+00
   endloop
 endfacet
 facet normal -1.000000e+00  0.000000e+00  0.000000e+00
   outer loop
     vertex -3.800000e+00  3.055443e+00  1.212082e+01
     vertex -3.800000e+00  2.675585e+00  9.505623e+00
     vertex -3.800000e+00  2.413800e+00  9.575448e+00
   endloop
 endfacet
 facet normal -1.000000e+00  0.000000e+00 -0.000000e+00
   outer loop
     vertex -3.800000e+00  3.055443e+00  1.212082e+01
     vertex -3.800000e+00  3.386816e+00  1.203243e+01
     vertex -3.800000e+00  2.675585e+00  9.505623e+00
   endloop
 endfacet
 facet normal -1.000000e+00  0.000000e+00  0.000000e+00
   outer loop
     vertex -3.800000e+00 -1.214149e+01 -2.972230e+00
     vertex -3.800000e+00 -9.523752e+00 -2.610320e+00
     vertex -3.800000e+00 -1.205538e+01 -3.304202e+00
   endloop
 endfacet
 facet normal -1.000000e+00  0.000000e+00  0.000000e+00
   outer loop
     vertex -3.800000e+00 -1.214149e+01 -2.972230e+00
     vertex -3.800000e+00 -9.591779e+00 -2.348062e+00
     vertex -3.800000e+00 -9.523752e+00 -2.610320e+00
   endloop
 endfacet
 facet normal -1.000000e+00  0.000000e+00  0.000000e+00
   outer loop
     vertex -3.800000e+00  2.721770e+00  1.220008e+01
     vertex -3.800000e+00  2.413800e+00  9.575448e+00
     vertex -3.800000e+00  2.150198e+00  9.638064e+00
   endloop
 endfacet
 facet normal -1.000000e+00  0.000000e+00 -0.000000e+00
   outer loop
     vertex -3.800000e+00  2.721770e+00  1.220008e+01
     vertex -3.800000e+00  3.055443e+00  1.212082e+01
     vertex -3.800000e+00  2.413800e+00  9.575448e+00
   endloop
 endfacet
 facet normal -1.000000e+00  0.000000e+00  0.000000e+00
   outer loop
     vertex -3.800000e+00 -1.221846e+01 -2.638021e+00
     vertex -3.800000e+00 -9.652586e+00 -2.084037e+00
     vertex -3.800000e+00 -9.591779e+00 -2.348062e+00
   endloop
 endfacet
 facet normal -1.000000e+00  0.000000e+00  0.000000e+00
   outer loop
     vertex -3.800000e+00 -1.221846e+01 -2.638021e+00
     vertex -3.800000e+00 -9.591779e+00 -2.348062e+00
     vertex -3.800000e+00 -1.214149e+01 -2.972230e+00
   endloop
 endfacet
 facet normal -1.000000e+00  0.000000e+00  0.000000e+00
   outer loop
     vertex -3.800000e+00  2.386048e+00  1.227016e+01
     vertex -3.800000e+00  2.150198e+00  9.638064e+00
     vertex -3.800000e+00  1.884978e+00  9.693425e+00
   endloop
 endfacet
 facet normal -1.000000e+00  0.000000e+00 -0.000000e+00
   outer loop
     vertex -3.800000e+00  2.386048e+00  1.227016e+01
     vertex -3.800000e+00  2.721770e+00  1.220008e+01
     vertex -3.800000e+00  2.150198e+00  9.638064e+00
   endloop
 endfacet
 facet normal -1.000000e+00  0.000000e+00  0.000000e+00
   outer loop
     vertex -3.800000e+00 -1.228624e+01 -2.301827e+00
     vertex -3.800000e+00 -9.652586e+00 -2.084037e+00
     vertex -3.800000e+00 -1.221846e+01 -2.638021e+00
   endloop
 endfacet
 facet normal -1.000000e+00  0.000000e+00  0.000000e+00
   outer loop
     vertex -3.800000e+00 -1.228624e+01 -2.301827e+00
     vertex -3.800000e+00 -9.752360e+00 -1.551480e+00
     vertex -3.800000e+00 -9.706126e+00 -1.818443e+00
   endloop
 endfacet
 facet normal -1.000000e+00  0.000000e+00  0.000000e+00
   outer loop
     vertex -3.800000e+00 -1.228624e+01 -2.301827e+00
     vertex -3.800000e+00 -9.706126e+00 -1.818443e+00
     vertex -3.800000e+00 -9.652586e+00 -2.084037e+00
   endloop
 endfacet
 facet normal -1.000000e+00  0.000000e+00  0.000000e+00
   outer loop
     vertex -3.800000e+00  2.048529e+00  1.233100e+01
     vertex -3.800000e+00  1.884978e+00  9.693425e+00
     vertex -3.800000e+00  1.618338e+00  9.741489e+00
   endloop
 endfacet
 facet normal -1.000000e+00  0.000000e+00 -0.000000e+00
   outer loop
     vertex -3.800000e+00  2.048529e+00  1.233100e+01
     vertex -3.800000e+00  2.386048e+00  1.227016e+01
     vertex -3.800000e+00  1.884978e+00  9.693425e+00
   endloop
 endfacet
 facet normal -1.000000e+00  0.000000e+00  0.000000e+00
   outer loop
     vertex -3.800000e+00 -1.234476e+01 -1.963899e+00
     vertex -3.800000e+00 -9.752360e+00 -1.551480e+00
     vertex -3.800000e+00 -1.228624e+01 -2.301827e+00
   endloop
 endfacet
 facet normal -1.000000e+00  0.000000e+00  0.000000e+00
   outer loop
     vertex -3.800000e+00 -1.234476e+01 -1.963899e+00
     vertex -3.800000e+00 -9.791253e+00 -1.283350e+00
     vertex -3.800000e+00 -9.752360e+00 -1.551480e+00
   endloop
 endfacet
 facet normal -1.000000e+00  0.000000e+00  0.000000e+00
   outer loop
     vertex -3.800000e+00  1.709469e+00  1.238256e+01
     vertex -3.800000e+00  1.618338e+00  9.741489e+00
     vertex -3.800000e+00  1.350481e+00  9.782220e+00
   endloop
 endfacet
 facet normal -1.000000e+00  0.000000e+00 -0.000000e+00
   outer loop
     vertex -3.800000e+00  1.709469e+00  1.238256e+01
     vertex -3.800000e+00  2.048529e+00  1.233100e+01
     vertex -3.800000e+00  1.618338e+00  9.741489e+00
   endloop
 endfacet
 facet normal -1.000000e+00  0.000000e+00  0.000000e+00
   outer loop
     vertex -3.800000e+00 -1.239399e+01 -1.624493e+00
     vertex -3.800000e+00 -9.791253e+00 -1.283350e+00
     vertex -3.800000e+00 -1.234476e+01 -1.963899e+00
   endloop
 endfacet
 facet normal -1.000000e+00  0.000000e+00 -0.000000e+00
   outer loop
     vertex -3.800000e+00  1.369122e+00  1.242479e+01
     vertex -3.800000e+00  1.709469e+00  1.238256e+01
     vertex -3.800000e+00  1.350481e+00  9.782220e+00
   endloop
 endfacet
 facet normal -1.000000e+00  0.000000e+00  0.000000e+00
   outer loop
     vertex -3.800000e+00  1.369122e+00  1.242479e+01
     vertex -3.800000e+00  1.350481e+00  9.782220e+00
     vertex -3.800000e+00  1.081606e+00  9.815587e+00
   endloop
 endfacet
 facet normal -1.000000e+00  0.000000e+00  0.000000e+00
   outer loop
     vertex -3.800000e+00  1.369122e+00  1.242479e+01
     vertex -3.800000e+00  1.081606e+00  9.815587e+00
     vertex -3.800000e+00  8.119181e-01  9.841566e+00
   endloop
 endfacet
 facet normal -1.000000e+00  0.000000e+00  0.000000e+00
   outer loop
     vertex -3.800000e+00 -1.243389e+01 -1.283864e+00
     vertex -3.800000e+00 -9.791253e+00 -1.283350e+00
     vertex -3.800000e+00 -1.239399e+01 -1.624493e+00
   endloop
 endfacet
 facet normal -1.000000e+00  0.000000e+00  0.000000e+00
   outer loop
     vertex -3.800000e+00 -1.243389e+01 -1.283864e+00
     vertex -3.800000e+00 -9.822775e+00 -1.014253e+00
     vertex -3.800000e+00 -9.791253e+00 -1.283350e+00
   endloop
 endfacet
 facet normal -1.000000e+00  0.000000e+00 -0.000000e+00
   outer loop
     vertex -3.800000e+00  1.027744e+00  1.245768e+01
     vertex -3.800000e+00  1.369122e+00  1.242479e+01
     vertex -3.800000e+00  8.119181e-01  9.841566e+00
   endloop
 endfacet
 facet normal -1.000000e+00  0.000000e+00  0.000000e+00
   outer loop
     vertex -3.800000e+00 -1.246443e+01 -9.422691e-01
     vertex -3.800000e+00 -9.822775e+00 -1.014253e+00
     vertex -3.800000e+00 -1.243389e+01 -1.283864e+00
   endloop
 endfacet
 facet normal -1.000000e+00  0.000000e+00  0.000000e+00
   outer loop
     vertex -3.800000e+00 -1.246443e+01 -9.422691e-01
     vertex -3.800000e+00 -9.846903e+00 -7.443926e-01
     vertex -3.800000e+00 -9.822775e+00 -1.014253e+00
   endloop
 endfacet
 facet normal -1.000000e+00  0.000000e+00  0.000000e+00
   outer loop
     vertex -3.800000e+00  6.855931e-01  1.248118e+01
     vertex -3.800000e+00  1.027744e+00  1.245768e+01
     vertex -3.800000e+00  8.119181e-01  9.841566e+00
   endloop
 endfacet
 facet normal -1.000000e+00  0.000000e+00 -0.000000e+00
   outer loop
     vertex -3.800000e+00  6.855931e-01  1.248118e+01
     vertex -3.800000e+00  8.119181e-01  9.841566e+00
     vertex -3.800000e+00  5.416185e-01  9.860136e+00
   endloop
 endfacet
 facet normal -1.000000e+00  0.000000e+00  0.000000e+00
   outer loop
     vertex -3.800000e+00 -1.248559e+01 -5.999645e-01
     vertex -3.800000e+00 -9.846903e+00 -7.443926e-01
     vertex -3.800000e+00 -1.246443e+01 -9.422691e-01
   endloop
 endfacet
 facet normal -1.000000e+00  0.000000e+00  0.000000e+00
   outer loop
     vertex -3.800000e+00 -1.248559e+01 -5.999645e-01
     vertex -3.800000e+00 -9.863619e+00 -4.739720e-01
     vertex -3.800000e+00 -9.846903e+00 -7.443926e-01
   endloop
 endfacet
 facet normal -1.000000e+00  0.000000e+00 -0.000000e+00
   outer loop
     vertex -3.800000e+00  3.429256e-01  1.249530e+01
     vertex -3.800000e+00  5.416185e-01  9.860136e+00
     vertex -3.800000e+00  2.709112e-01  9.871283e+00
   endloop
 endfacet
 facet normal -1.000000e+00  0.000000e+00  0.000000e+00
   outer loop
     vertex -3.800000e+00  3.429256e-01  1.249530e+01
     vertex -3.800000e+00  2.709112e-01  9.871283e+00
     vertex -3.800000e+00  2.418677e-15  9.875000e+00
   endloop
 endfacet
 facet normal -1.000000e+00  0.000000e+00  0.000000e+00
   outer loop
     vertex -3.800000e+00  3.429256e-01  1.249530e+01
     vertex -3.800000e+00  6.855931e-01  1.248118e+01
     vertex -3.800000e+00  5.416185e-01  9.860136e+00
   endloop
 endfacet
 facet normal -1.000000e+00  0.000000e+00  0.000000e+00
   outer loop
     vertex -3.800000e+00 -1.249735e+01 -2.572083e-01
     vertex -3.800000e+00 -9.863619e+00 -4.739720e-01
     vertex -3.800000e+00 -1.248559e+01 -5.999645e-01
   endloop
 endfacet
 facet normal -1.000000e+00  0.000000e+00  0.000000e+00
   outer loop
     vertex -3.800000e+00 -1.249735e+01 -2.572083e-01
     vertex -3.800000e+00 -9.872909e+00 -2.031946e-01
     vertex -3.800000e+00 -9.863619e+00 -4.739720e-01
   endloop
 endfacet
 facet normal -1.000000e+00  0.000000e+00 -0.000000e+00
   outer loop
     vertex -3.800000e+00  3.061617e-15  1.250000e+01
     vertex -3.800000e+00  3.429256e-01  1.249530e+01
     vertex -3.800000e+00  2.418677e-15  9.875000e+00
   endloop
 endfacet
 facet normal -1.000000e+00  0.000000e+00  0.000000e+00
   outer loop
     vertex -3.800000e+00 -1.249971e+01  8.574149e-02
     vertex -3.800000e+00 -9.872909e+00 -2.031946e-01
     vertex -3.800000e+00 -1.249735e+01 -2.572083e-01
   endloop
 endfacet
 facet normal -1.000000e+00  0.000000e+00  0.000000e+00
   outer loop
     vertex -3.800000e+00 -1.249971e+01  8.574149e-02
     vertex -3.800000e+00 -9.874768e+00  6.773577e-02
     vertex -3.800000e+00 -9.872909e+00 -2.031946e-01
   endloop
 endfacet
 facet normal -1.000000e+00  0.000000e+00  0.000000e+00
   outer loop
     vertex -3.800000e+00 -3.429256e-01  1.249530e+01
     vertex -3.800000e+00  2.418677e-15  9.875000e+00
     vertex -3.800000e+00 -2.709112e-01  9.871283e+00
   endloop
 endfacet
 facet normal -1.000000e+00  0.000000e+00  0.000000e+00
   outer loop
     vertex -3.800000e+00 -3.429256e-01  1.249530e+01
     vertex -3.800000e+00  3.061617e-15  1.250000e+01
     vertex -3.800000e+00  2.418677e-15  9.875000e+00
   endloop
 endfacet
 facet normal -1.000000e+00  0.000000e+00  0.000000e+00
   outer loop
     vertex -3.800000e+00 -1.249265e+01  4.286267e-01
     vertex -3.800000e+00 -9.869193e+00  3.386151e-01
     vertex -3.800000e+00 -9.874768e+00  6.773577e-02
   endloop
 endfacet
 facet normal -1.000000e+00  0.000000e+00 -0.000000e+00
   outer loop
     vertex -3.800000e+00 -1.249265e+01  4.286267e-01
     vertex -3.800000e+00 -9.874768e+00  6.773577e-02
     vertex -3.800000e+00 -1.249971e+01  8.574149e-02
   endloop
 endfacet
 facet normal -1.000000e+00  0.000000e+00  0.000000e+00
   outer loop
     vertex -3.800000e+00 -6.855931e-01  1.248118e+01
     vertex -3.800000e+00 -2.709112e-01  9.871283e+00
     vertex -3.800000e+00 -5.416185e-01  9.860136e+00
   endloop
 endfacet
 facet normal -1.000000e+00  0.000000e+00 -0.000000e+00
   outer loop
     vertex -3.800000e+00 -6.855931e-01  1.248118e+01
     vertex -3.800000e+00 -5.416185e-01  9.860136e+00
     vertex -3.800000e+00 -8.119181e-01  9.841566e+00
   endloop
 endfacet
 facet normal -1.000000e+00  0.000000e+00  0.000000e+00
   outer loop
     vertex -3.800000e+00 -6.855931e-01  1.248118e+01
     vertex -3.800000e+00 -3.429256e-01  1.249530e+01
     vertex -3.800000e+00 -2.709112e-01  9.871283e+00
   endloop
 endfacet
 facet normal -1.000000e+00  0.000000e+00 -0.000000e+00
   outer loop
     vertex -3.800000e+00 -1.247619e+01  7.711893e-01
     vertex -3.800000e+00 -9.869193e+00  3.386151e-01
     vertex -3.800000e+00 -1.249265e+01  4.286267e-01
   endloop
 endfacet
 facet normal -1.000000e+00  0.000000e+00  0.000000e+00
   outer loop
     vertex -3.800000e+00 -1.247619e+01  7.711893e-01
     vertex -3.800000e+00 -9.856189e+00  6.092396e-01
     vertex -3.800000e+00 -9.869193e+00  3.386151e-01
   endloop
 endfacet
 facet normal -1.000000e+00  0.000000e+00  0.000000e+00
   outer loop
     vertex -3.800000e+00 -1.027744e+00  1.245768e+01
     vertex -3.800000e+00 -6.855931e-01  1.248118e+01
     vertex -3.800000e+00 -8.119181e-01  9.841566e+00
   endloop
 endfacet
 facet normal -1.000000e+00  0.000000e+00 -0.000000e+00
   outer loop
     vertex -3.800000e+00 -1.245034e+01  1.113171e+00
     vertex -3.800000e+00 -9.856189e+00  6.092396e-01
     vertex -3.800000e+00 -1.247619e+01  7.711893e-01
   endloop
 endfacet
 facet normal -1.000000e+00  0.000000e+00  0.000000e+00
   outer loop
     vertex -3.800000e+00 -1.245034e+01  1.113171e+00
     vertex -3.800000e+00 -9.835765e+00  8.794054e-01
     vertex -3.800000e+00 -9.856189e+00  6.092396e-01
   endloop
 endfacet
 facet normal -1.000000e+00  0.000000e+00  0.000000e+00
   outer loop
     vertex -3.800000e+00 -1.369122e+00  1.242479e+01
     vertex -3.800000e+00 -8.119181e-01  9.841566e+00
     vertex -3.800000e+00 -1.081606e+00  9.815587e+00
   endloop
 endfacet
 facet normal -1.000000e+00  0.000000e+00  0.000000e+00
   outer loop
     vertex -3.800000e+00 -1.369122e+00  1.242479e+01
     vertex -3.800000e+00 -1.081606e+00  9.815587e+00
     vertex -3.800000e+00 -1.350481e+00  9.782220e+00
   endloop
 endfacet
 facet normal -1.000000e+00  0.000000e+00  0.000000e+00
   outer loop
     vertex -3.800000e+00 -1.369122e+00  1.242479e+01
     vertex -3.800000e+00 -1.027744e+00  1.245768e+01
     vertex -3.800000e+00 -8.119181e-01  9.841566e+00
   endloop
 endfacet
 facet normal -1.000000e+00  0.000000e+00 -0.000000e+00
   outer loop
     vertex -3.800000e+00 -1.241511e+01  1.454316e+00
     vertex -3.800000e+00 -9.835765e+00  8.794054e-01
     vertex -3.800000e+00 -1.245034e+01  1.113171e+00
   endloop
 endfacet
 facet normal -1.000000e+00  0.000000e+00  0.000000e+00
   outer loop
     vertex -3.800000e+00 -1.241511e+01  1.454316e+00
     vertex -3.800000e+00 -9.772726e+00  1.417548e+00
     vertex -3.800000e+00 -9.807937e+00  1.148909e+00
   endloop
 endfacet
 facet normal -1.000000e+00  0.000000e+00  0.000000e+00
   outer loop
     vertex -3.800000e+00 -1.241511e+01  1.454316e+00
     vertex -3.800000e+00 -9.807937e+00  1.148909e+00
     vertex -3.800000e+00 -9.835765e+00  8.794054e-01
   endloop
 endfacet
 facet normal -1.000000e+00  0.000000e+00  0.000000e+00
   outer loop
     vertex -3.800000e+00 -1.709469e+00  1.238256e+01
     vertex -3.800000e+00 -1.369122e+00  1.242479e+01
     vertex -3.800000e+00 -1.350481e+00  9.782220e+00
   endloop
 endfacet
 facet normal -1.000000e+00  0.000000e+00  0.000000e+00
   outer loop
     vertex -3.800000e+00 -1.709469e+00  1.238256e+01
     vertex -3.800000e+00 -1.350481e+00  9.782220e+00
     vertex -3.800000e+00 -1.618338e+00  9.741489e+00
   endloop
 endfacet
 facet normal -1.000000e+00  0.000000e+00 -0.000000e+00
   outer loop
     vertex -3.800000e+00 -1.237054e+01  1.794365e+00
     vertex -3.800000e+00 -9.772726e+00  1.417548e+00
     vertex -3.800000e+00 -1.241511e+01  1.454316e+00
   endloop
 endfacet
 facet normal -1.000000e+00  0.000000e+00  0.000000e+00
   outer loop
     vertex -3.800000e+00 -1.237054e+01  1.794365e+00
     vertex -3.800000e+00 -9.730159e+00  1.685120e+00
     vertex -3.800000e+00 -9.772726e+00  1.417548e+00
   endloop
 endfacet
 facet normal -1.000000e+00  0.000000e+00  0.000000e+00
   outer loop
     vertex -3.800000e+00 -2.048529e+00  1.233100e+01
     vertex -3.800000e+00 -1.618338e+00  9.741489e+00
     vertex -3.800000e+00 -1.884978e+00  9.693425e+00
   endloop
 endfacet
 facet normal -1.000000e+00  0.000000e+00  0.000000e+00
   outer loop
     vertex -3.800000e+00 -2.048529e+00  1.233100e+01
     vertex -3.800000e+00 -1.709469e+00  1.238256e+01
     vertex -3.800000e+00 -1.618338e+00  9.741489e+00
   endloop
 endfacet
 facet normal -1.000000e+00  0.000000e+00 -0.000000e+00
   outer loop
     vertex -3.800000e+00 -1.231666e+01  2.133064e+00
     vertex -3.800000e+00 -9.730159e+00  1.685120e+00
     vertex -3.800000e+00 -1.237054e+01  1.794365e+00
   endloop
 endfacet
 facet normal -1.000000e+00  0.000000e+00  0.000000e+00
   outer loop
     vertex -3.800000e+00 -2.386048e+00  1.227016e+01
     vertex -3.800000e+00 -1.884978e+00  9.693425e+00
     vertex -3.800000e+00 -2.150198e+00  9.638064e+00
   endloop
 endfacet
 facet normal -1.000000e+00  0.000000e+00  0.000000e+00
   outer loop
     vertex -3.800000e+00 -2.386048e+00  1.227016e+01
     vertex -3.800000e+00 -2.048529e+00  1.233100e+01
     vertex -3.800000e+00 -1.884978e+00  9.693425e+00
   endloop
 endfacet
 facet normal -1.000000e+00  0.000000e+00 -0.000000e+00
   outer loop
     vertex -3.800000e+00 -1.225350e+01  2.470156e+00
     vertex -3.800000e+00 -9.730159e+00  1.685120e+00
     vertex -3.800000e+00 -1.231666e+01  2.133064e+00
   endloop
 endfacet
 facet normal -1.000000e+00  0.000000e+00  0.000000e+00
   outer loop
     vertex -3.800000e+00 -1.225350e+01  2.470156e+00
     vertex -3.800000e+00 -9.623088e+00  2.216258e+00
     vertex -3.800000e+00 -9.680267e+00  1.951424e+00
   endloop
 endfacet
 facet normal -1.000000e+00  0.000000e+00  0.000000e+00
   outer loop
     vertex -3.800000e+00 -1.225350e+01  2.470156e+00
     vertex -3.800000e+00 -9.680267e+00  1.951424e+00
     vertex -3.800000e+00 -9.730159e+00  1.685120e+00
   endloop
 endfacet
 facet normal -1.000000e+00  0.000000e+00  0.000000e+00
   outer loop
     vertex -3.800000e+00 -2.721770e+00  1.220008e+01
     vertex -3.800000e+00 -2.386048e+00  1.227016e+01
     vertex -3.800000e+00 -2.150198e+00  9.638064e+00
   endloop
 endfacet
 facet normal -1.000000e+00  0.000000e+00 -0.000000e+00
   outer loop
     vertex -3.800000e+00 -1.218112e+01  2.805390e+00
     vertex -3.800000e+00 -9.623088e+00  2.216258e+00
     vertex -3.800000e+00 -1.225350e+01  2.470156e+00
   endloop
 endfacet
 facet normal -1.000000e+00  0.000000e+00  0.000000e+00
   outer loop
     vertex -3.800000e+00 -3.055443e+00  1.212082e+01
     vertex -3.800000e+00 -2.150198e+00  9.638064e+00
     vertex -3.800000e+00 -2.413800e+00  9.575448e+00
   endloop
 endfacet
 facet normal -1.000000e+00  0.000000e+00  0.000000e+00
   outer loop
     vertex -3.800000e+00 -3.055443e+00  1.212082e+01
     vertex -3.800000e+00 -2.413800e+00  9.575448e+00
     vertex -3.800000e+00 -2.675585e+00  9.505623e+00
   endloop
 endfacet
 facet normal -1.000000e+00  0.000000e+00  0.000000e+00
   outer loop
     vertex -3.800000e+00 -3.055443e+00  1.212082e+01
     vertex -3.800000e+00 -2.721770e+00  1.220008e+01
     vertex -3.800000e+00 -2.150198e+00  9.638064e+00
   endloop
 endfacet
 facet normal -1.000000e+00  0.000000e+00  0.000000e+00
   outer loop
     vertex -3.800000e+00 -1.209958e+01  3.138512e+00
     vertex -3.800000e+00 -9.487047e+00  2.740724e+00
     vertex -3.800000e+00 -9.558665e+00  2.479424e+00
   endloop
 endfacet
 facet normal -1.000000e+00  0.000000e+00  0.000000e+00
   outer loop
     vertex -3.800000e+00 -1.209958e+01  3.138512e+00
     vertex -3.800000e+00 -9.558665e+00  2.479424e+00
     vertex -3.800000e+00 -9.623088e+00  2.216258e+00
   endloop
 endfacet
 facet normal -1.000000e+00  0.000000e+00 -0.000000e+00
   outer loop
     vertex -3.800000e+00 -1.209958e+01  3.138512e+00
     vertex -3.800000e+00 -9.623088e+00  2.216258e+00
     vertex -3.800000e+00 -1.218112e+01  2.805390e+00
   endloop
 endfacet
 facet normal -1.000000e+00  0.000000e+00  0.000000e+00
   outer loop
     vertex -3.800000e+00 -3.386816e+00  1.203243e+01
     vertex -3.800000e+00 -2.675585e+00  9.505623e+00
     vertex -3.800000e+00 -2.935355e+00  9.428643e+00
   endloop
 endfacet
 facet normal -1.000000e+00  0.000000e+00  0.000000e+00
   outer loop
     vertex -3.800000e+00 -3.386816e+00  1.203243e+01
     vertex -3.800000e+00 -3.055443e+00  1.212082e+01
     vertex -3.800000e+00 -2.675585e+00  9.505623e+00
   endloop
 endfacet
 facet normal -1.000000e+00  0.000000e+00 -0.000000e+00
   outer loop
     vertex -3.800000e+00 -1.200892e+01  3.469271e+00
     vertex -3.800000e+00 -9.487047e+00  2.740724e+00
     vertex -3.800000e+00 -1.209958e+01  3.138512e+00
   endloop
 endfacet
 facet normal -1.000000e+00  0.000000e+00  0.000000e+00
   outer loop
     vertex -3.800000e+00 -3.715640e+00  1.193499e+01
     vertex -3.800000e+00 -3.386816e+00  1.203243e+01
     vertex -3.800000e+00 -2.935355e+00  9.428643e+00
   endloop
 endfacet
 facet normal -1.000000e+00  0.000000e+00 -0.000000e+00
   outer loop
     vertex -3.800000e+00 -1.190922e+01  3.797418e+00
     vertex -3.800000e+00 -9.487047e+00  2.740724e+00
     vertex -3.800000e+00 -1.200892e+01  3.469271e+00
   endloop
 endfacet
 facet normal -1.000000e+00  0.000000e+00  0.000000e+00
   outer loop
     vertex -3.800000e+00 -1.190922e+01  3.797418e+00
     vertex -3.800000e+00 -9.408287e+00  2.999960e+00
     vertex -3.800000e+00 -9.487047e+00  2.740724e+00
   endloop
 endfacet
 facet normal -1.000000e+00  0.000000e+00  0.000000e+00
   outer loop
     vertex -3.800000e+00 -4.041666e+00  1.182856e+01
     vertex -3.800000e+00 -2.935355e+00  9.428643e+00
     vertex -3.800000e+00 -3.192916e+00  9.344566e+00
   endloop
 endfacet
 facet normal -1.000000e+00  0.000000e+00  0.000000e+00
   outer loop
     vertex -3.800000e+00 -4.041666e+00  1.182856e+01
     vertex -3.800000e+00 -3.715640e+00  1.193499e+01
     vertex -3.800000e+00 -2.935355e+00  9.428643e+00
   endloop
 endfacet
 facet normal -1.000000e+00  0.000000e+00  0.000000e+00
   outer loop
     vertex -3.800000e+00 -1.180056e+01  4.122707e+00
     vertex -3.800000e+00 -9.322445e+00  3.256939e+00
     vertex -3.800000e+00 -9.408287e+00  2.999960e+00
   endloop
 endfacet
 facet normal -1.000000e+00  0.000000e+00 -0.000000e+00
   outer loop
     vertex -3.800000e+00 -1.180056e+01  4.122707e+00
     vertex -3.800000e+00 -9.408287e+00  2.999960e+00
     vertex -3.800000e+00 -1.190922e+01  3.797418e+00
   endloop
 endfacet
 facet normal -1.000000e+00  0.000000e+00  0.000000e+00
   outer loop
     vertex -3.800000e+00 -4.364650e+00  1.171323e+01
     vertex -3.800000e+00 -3.192916e+00  9.344566e+00
     vertex -3.800000e+00 -3.448074e+00  9.253454e+00
   endloop
 endfacet
 facet normal -1.000000e+00  0.000000e+00  0.000000e+00
   outer loop
     vertex -3.800000e+00 -4.364650e+00  1.171323e+01
     vertex -3.800000e+00 -4.041666e+00  1.182856e+01
     vertex -3.800000e+00 -3.192916e+00  9.344566e+00
   endloop
 endfacet
 facet normal -1.000000e+00  0.000000e+00 -0.000000e+00
   outer loop
     vertex -3.800000e+00 -1.168302e+01  4.444893e+00
     vertex -3.800000e+00 -9.322445e+00  3.256939e+00
     vertex -3.800000e+00 -1.180056e+01  4.122707e+00
   endloop
 endfacet
 facet normal -1.000000e+00  0.000000e+00  0.000000e+00
   outer loop
     vertex -3.800000e+00 -1.168302e+01  4.444893e+00
     vertex -3.800000e+00 -9.229585e+00  3.511465e+00
     vertex -3.800000e+00 -9.322445e+00  3.256939e+00
   endloop
 endfacet
 facet normal -1.000000e+00  0.000000e+00  0.000000e+00
   outer loop
     vertex -3.800000e+00 -4.684349e+00  1.158908e+01
     vertex -3.800000e+00 -3.448074e+00  9.253454e+00
     vertex -3.800000e+00 -3.700636e+00  9.155377e+00
   endloop
 endfacet
 facet normal -1.000000e+00  0.000000e+00  0.000000e+00
   outer loop
     vertex -3.800000e+00 -4.684349e+00  1.158908e+01
     vertex -3.800000e+00 -4.364650e+00  1.171323e+01
     vertex -3.800000e+00 -3.448074e+00  9.253454e+00
   endloop
 endfacet
 facet normal -1.000000e+00  0.000000e+00 -0.000000e+00
   outer loop
     vertex -3.800000e+00 -1.155668e+01  4.763732e+00
     vertex -3.800000e+00 -9.229585e+00  3.511465e+00
     vertex -3.800000e+00 -1.168302e+01  4.444893e+00
   endloop
 endfacet
 facet normal -1.000000e+00  0.000000e+00  0.000000e+00
   outer loop
     vertex -3.800000e+00 -1.155668e+01  4.763732e+00
     vertex -3.800000e+00 -9.129777e+00  3.763348e+00
     vertex -3.800000e+00 -9.229585e+00  3.511465e+00
   endloop
 endfacet
 facet normal -1.000000e+00  0.000000e+00  0.000000e+00
   outer loop
     vertex -3.800000e+00 -5.000521e+00  1.145621e+01
     vertex -3.800000e+00 -3.700636e+00  9.155377e+00
     vertex -3.800000e+00 -3.950412e+00  9.050407e+00
   endloop
 endfacet
 facet normal -1.000000e+00  0.000000e+00  0.000000e+00
   outer loop
     vertex -3.800000e+00 -5.000521e+00  1.145621e+01
     vertex -3.800000e+00 -4.684349e+00  1.158908e+01
     vertex -3.800000e+00 -3.700636e+00  9.155377e+00
   endloop
 endfacet
 facet normal -1.000000e+00  0.000000e+00 -0.000000e+00
   outer loop
     vertex -3.800000e+00 -1.142164e+01  5.078986e+00
     vertex -3.800000e+00 -9.129777e+00  3.763348e+00
     vertex -3.800000e+00 -1.155668e+01  4.763732e+00
   endloop
 endfacet
 facet normal -1.000000e+00  0.000000e+00  0.000000e+00
   outer loop
     vertex -3.800000e+00 -1.142164e+01  5.078986e+00
     vertex -3.800000e+00 -8.909625e+00  4.258428e+00
     vertex -3.800000e+00 -9.023097e+00  4.012399e+00
   endloop
 endfacet
 facet normal -1.000000e+00  0.000000e+00  0.000000e+00
   outer loop
     vertex -3.800000e+00 -1.142164e+01  5.078986e+00
     vertex -3.800000e+00 -9.023097e+00  4.012399e+00
     vertex -3.800000e+00 -9.129777e+00  3.763348e+00
   endloop
 endfacet
 facet normal -1.000000e+00  0.000000e+00  0.000000e+00
   outer loop
     vertex -3.800000e+00 -5.312930e+00  1.131472e+01
     vertex -3.800000e+00 -3.950412e+00  9.050407e+00
     vertex -3.800000e+00 -4.197214e+00  8.938625e+00
   endloop
 endfacet
 facet normal -1.000000e+00  0.000000e+00  0.000000e+00
   outer loop
     vertex -3.800000e+00 -5.312930e+00  1.131472e+01
     vertex -3.800000e+00 -5.000521e+00  1.145621e+01
     vertex -3.800000e+00 -3.950412e+00  9.050407e+00
   endloop
 endfacet
 facet normal -1.000000e+00  0.000000e+00 -0.000000e+00
   outer loop
     vertex -3.800000e+00 -1.127801e+01  5.390416e+00
     vertex -3.800000e+00 -8.909625e+00  4.258428e+00
     vertex -3.800000e+00 -1.142164e+01  5.078986e+00
   endloop
 endfacet
 facet normal -1.000000e+00  0.000000e+00  0.000000e+00
   outer loop
     vertex -3.800000e+00 -1.127801e+01  5.390416e+00
     vertex -3.800000e+00 -8.789445e+00  4.501253e+00
     vertex -3.800000e+00 -8.909625e+00  4.258428e+00
   endloop
 endfacet
 facet normal -1.000000e+00  0.000000e+00  0.000000e+00
   outer loop
     vertex -3.800000e+00 -5.621338e+00  1.116470e+01
     vertex -3.800000e+00 -4.197214e+00  8.938625e+00
     vertex -3.800000e+00 -4.440857e+00  8.820114e+00
   endloop
 endfacet
 facet normal -1.000000e+00  0.000000e+00  0.000000e+00
   outer loop
     vertex -3.800000e+00 -5.621338e+00  1.116470e+01
     vertex -3.800000e+00 -5.312930e+00  1.131472e+01
     vertex -3.800000e+00 -4.197214e+00  8.938625e+00
   endloop
 endfacet
 facet normal -1.000000e+00  0.000000e+00 -0.000000e+00
   outer loop
     vertex -3.800000e+00 -1.112588e+01  5.697788e+00
     vertex -3.800000e+00 -8.789445e+00  4.501253e+00
     vertex -3.800000e+00 -1.127801e+01  5.390416e+00
   endloop
 endfacet
 facet normal -1.000000e+00  0.000000e+00  0.000000e+00
   outer loop
     vertex -3.800000e+00 -5.925515e+00  1.100628e+01
     vertex -3.800000e+00 -5.621338e+00  1.116470e+01
     vertex -3.800000e+00 -4.440857e+00  8.820114e+00
   endloop
 endfacet
 facet normal -1.000000e+00  0.000000e+00  0.000000e+00
   outer loop
     vertex -3.800000e+00 -5.925515e+00  1.100628e+01
     vertex -3.800000e+00 -4.440857e+00  8.820114e+00
     vertex -3.800000e+00 -4.681157e+00  8.694964e+00
   endloop
 endfacet
 facet normal -1.000000e+00  0.000000e+00  0.000000e+00
   outer loop
     vertex -3.800000e+00 -5.925515e+00  1.100628e+01
     vertex -3.800000e+00 -4.681157e+00  8.694964e+00
     vertex -3.800000e+00 -4.917933e+00  8.563268e+00
   endloop
 endfacet
 facet normal -1.000000e+00  0.000000e+00  0.000000e+00
   outer loop
     vertex -3.800000e+00 -1.096538e+01  6.000872e+00
     vertex -3.800000e+00 -8.662650e+00  4.740689e+00
     vertex -3.800000e+00 -8.789445e+00  4.501253e+00
   endloop
 endfacet
 facet normal -1.000000e+00  0.000000e+00 -0.000000e+00
   outer loop
     vertex -3.800000e+00 -1.096538e+01  6.000872e+00
     vertex -3.800000e+00 -8.789445e+00  4.501253e+00
     vertex -3.800000e+00 -1.112588e+01  5.697788e+00
   endloop
 endfacet
 facet normal -1.000000e+00  0.000000e+00  0.000000e+00
   outer loop
     vertex -3.800000e+00 -6.225232e+00  1.083958e+01
     vertex -3.800000e+00 -5.925515e+00  1.100628e+01
     vertex -3.800000e+00 -4.917933e+00  8.563268e+00
   endloop
 endfacet
 facet normal -1.000000e+00  0.000000e+00  0.000000e+00
   outer loop
     vertex -3.800000e+00 -6.225232e+00  1.083958e+01
     vertex -3.800000e+00 -4.917933e+00  8.563268e+00
     vertex -3.800000e+00 -5.151007e+00  8.425126e+00
   endloop
 endfacet
 facet normal -1.000000e+00  0.000000e+00 -0.000000e+00
   outer loop
     vertex -3.800000e+00 -1.079662e+01  6.299438e+00
     vertex -3.800000e+00 -8.662650e+00  4.740689e+00
     vertex -3.800000e+00 -1.096538e+01  6.000872e+00
   endloop
 endfacet
 facet normal -1.000000e+00  0.000000e+00  0.000000e+00
   outer loop
     vertex -3.800000e+00 -1.079662e+01  6.299438e+00
     vertex -3.800000e+00 -8.389595e+00  5.208677e+00
     vertex -3.800000e+00 -8.529333e+00  4.976556e+00
   endloop
 endfacet
 facet normal -1.000000e+00  0.000000e+00  0.000000e+00
   outer loop
     vertex -3.800000e+00 -1.079662e+01  6.299438e+00
     vertex -3.800000e+00 -8.529333e+00  4.976556e+00
     vertex -3.800000e+00 -8.662650e+00  4.740689e+00
   endloop
 endfacet
 facet normal -1.000000e+00  0.000000e+00  0.000000e+00
   outer loop
     vertex -3.800000e+00 -6.520263e+00  1.066472e+01
     vertex -3.800000e+00 -6.225232e+00  1.083958e+01
     vertex -3.800000e+00 -5.151007e+00  8.425126e+00
   endloop
 endfacet
 facet normal -1.000000e+00  0.000000e+00 -0.000000e+00
   outer loop
     vertex -3.800000e+00 -1.061974e+01  6.593262e+00
     vertex -3.800000e+00 -8.389595e+00  5.208677e+00
     vertex -3.800000e+00 -1.079662e+01  6.299438e+00
   endloop
 endfacet
 facet normal -1.000000e+00  0.000000e+00  0.000000e+00
   outer loop
     vertex -3.800000e+00 -1.061974e+01  6.593262e+00
     vertex -3.800000e+00 -8.243543e+00  5.436877e+00
     vertex -3.800000e+00 -8.389595e+00  5.208677e+00
   endloop
 endfacet
 facet normal -1.000000e+00  0.000000e+00  0.000000e+00
   outer loop
     vertex -3.800000e+00 -6.810385e+00  1.048183e+01
     vertex -3.800000e+00 -6.520263e+00  1.066472e+01
     vertex -3.800000e+00 -5.151007e+00  8.425126e+00
   endloop
 endfacet
 facet normal -1.000000e+00  0.000000e+00  0.000000e+00
   outer loop
     vertex -3.800000e+00 -6.810385e+00  1.048183e+01
     vertex -3.800000e+00 -5.151007e+00  8.425126e+00
     vertex -3.800000e+00 -5.380204e+00  8.280642e+00
   endloop
 endfacet
 facet normal -1.000000e+00  0.000000e+00  0.000000e+00
   outer loop
     vertex -3.800000e+00 -6.810385e+00  1.048183e+01
     vertex -3.800000e+00 -5.380204e+00  8.280642e+00
     vertex -3.800000e+00 -5.605350e+00  8.129924e+00
   endloop
 endfacet
 facet normal -1.000000e+00  0.000000e+00 -0.000000e+00
   outer loop
     vertex -3.800000e+00 -1.043486e+01  6.882123e+00
     vertex -3.800000e+00 -8.243543e+00  5.436877e+00
     vertex -3.800000e+00 -1.061974e+01  6.593262e+00
   endloop
 endfacet
 facet normal -1.000000e+00  0.000000e+00  0.000000e+00
   outer loop
     vertex -3.800000e+00 -7.095380e+00  1.029104e+01
     vertex -3.800000e+00 -6.810385e+00  1.048183e+01
     vertex -3.800000e+00 -5.605350e+00  8.129924e+00
   endloop
 endfacet
 facet normal -1.000000e+00  0.000000e+00 -0.000000e+00
   outer loop
     vertex -3.800000e+00 -1.024213e+01  7.165803e+00
     vertex -3.800000e+00 -8.243543e+00  5.436877e+00
     vertex -3.800000e+00 -1.043486e+01  6.882123e+00
   endloop
 endfacet
 facet normal -1.000000e+00  0.000000e+00  0.000000e+00
   outer loop
     vertex -3.800000e+00 -1.024213e+01  7.165803e+00
     vertex -3.800000e+00 -7.932935e+00  5.880830e+00
     vertex -3.800000e+00 -8.091284e+00  5.660984e+00
   endloop
 endfacet
 facet normal -1.000000e+00  0.000000e+00  0.000000e+00
   outer loop
     vertex -3.800000e+00 -1.024213e+01  7.165803e+00
     vertex -3.800000e+00 -8.091284e+00  5.660984e+00
     vertex -3.800000e+00 -8.243543e+00  5.436877e+00
   endloop
 endfacet
 facet normal -1.000000e+00  0.000000e+00  0.000000e+00
   outer loop
     vertex -3.800000e+00 -7.375035e+00  1.009252e+01
     vertex -3.800000e+00 -7.095380e+00  1.029104e+01
     vertex -3.800000e+00 -5.605350e+00  8.129924e+00
   endloop
 endfacet
 facet normal -1.000000e+00  0.000000e+00  0.000000e+00
   outer loop
     vertex -3.800000e+00 -7.375035e+00  1.009252e+01
     vertex -3.800000e+00 -5.605350e+00  8.129924e+00
     vertex -3.800000e+00 -5.826277e+00  7.973087e+00
   endloop
 endfacet
 facet normal -1.000000e+00  0.000000e+00  0.000000e+00
   outer loop
     vertex -3.800000e+00 -7.375035e+00  1.009252e+01
     vertex -3.800000e+00 -5.826277e+00  7.973087e+00
     vertex -3.800000e+00 -6.042819e+00  7.810248e+00
   endloop
 endfacet
 facet normal -1.000000e+00  0.000000e+00 -0.000000e+00
   outer loop
     vertex -3.800000e+00 -1.004169e+01  7.444089e+00
     vertex -3.800000e+00 -7.932935e+00  5.880830e+00
     vertex -3.800000e+00 -1.024213e+01  7.165803e+00
   endloop
 endfacet
 facet normal -1.000000e+00  0.000000e+00  0.000000e+00
   outer loop
     vertex -3.800000e+00 -7.649137e+00  9.886389e+00
     vertex -3.800000e+00 -7.375035e+00  1.009252e+01
     vertex -3.800000e+00 -6.042819e+00  7.810248e+00
   endloop
 endfacet
 facet normal -1.000000e+00  0.000000e+00 -0.000000e+00
   outer loop
     vertex -3.800000e+00 -9.833689e+00  7.716771e+00
     vertex -3.800000e+00 -7.932935e+00  5.880830e+00
     vertex -3.800000e+00 -1.004169e+01  7.444089e+00
   endloop
 endfacet
 facet normal -1.000000e+00  0.000000e+00  0.000000e+00
   outer loop
     vertex -3.800000e+00 -9.833689e+00  7.716771e+00
     vertex -3.800000e+00 -7.598446e+00  6.307079e+00
     vertex -3.800000e+00 -7.768614e+00  6.096249e+00
   endloop
 endfacet
 facet normal -1.000000e+00  0.000000e+00  0.000000e+00
   outer loop
     vertex -3.800000e+00 -9.833689e+00  7.716771e+00
     vertex -3.800000e+00 -7.768614e+00  6.096249e+00
     vertex -3.800000e+00 -7.932935e+00  5.880830e+00
   endloop
 endfacet
 facet normal -1.000000e+00  0.000000e+00  0.000000e+00
   outer loop
     vertex -3.800000e+00 -7.917482e+00  9.672822e+00
     vertex -3.800000e+00 -7.649137e+00  9.886389e+00
     vertex -3.800000e+00 -6.042819e+00  7.810248e+00
   endloop
 endfacet
 facet normal -1.000000e+00  0.000000e+00  0.000000e+00
   outer loop
     vertex -3.800000e+00 -7.917482e+00  9.672822e+00
     vertex -3.800000e+00 -6.042819e+00  7.810248e+00
     vertex -3.800000e+00 -6.254811e+00  7.641529e+00
   endloop
 endfacet
 facet normal -1.000000e+00  0.000000e+00 -0.000000e+00
   outer loop
     vertex -3.800000e+00 -9.618286e+00  7.983645e+00
     vertex -3.800000e+00 -7.598446e+00  6.307079e+00
     vertex -3.800000e+00 -9.833689e+00  7.716771e+00
   endloop
 endfacet
 facet normal -1.000000e+00  0.000000e+00  0.000000e+00
   outer loop
     vertex -3.800000e+00 -9.618286e+00  7.983645e+00
     vertex -3.800000e+00 -7.422557e+00  6.513162e+00
     vertex -3.800000e+00 -7.598446e+00  6.307079e+00
   endloop
 endfacet
 facet normal -1.000000e+00  0.000000e+00  0.000000e+00
   outer loop
     vertex -3.800000e+00 -8.179867e+00  9.451972e+00
     vertex -3.800000e+00 -7.917482e+00  9.672822e+00
     vertex -3.800000e+00 -6.254811e+00  7.641529e+00
   endloop
 endfacet
 facet normal -1.000000e+00  0.000000e+00  0.000000e+00
   outer loop
     vertex -3.800000e+00 -8.179867e+00  9.451972e+00
     vertex -3.800000e+00 -6.254811e+00  7.641529e+00
     vertex -3.800000e+00 -6.462095e+00  7.467058e+00
   endloop
 endfacet
 facet normal -1.000000e+00  0.000000e+00 -0.000000e+00
   outer loop
     vertex -3.800000e+00 -9.395642e+00  8.244508e+00
     vertex -3.800000e+00 -7.422557e+00  6.513162e+00
     vertex -3.800000e+00 -9.618286e+00  7.983645e+00
   endloop
 endfacet
 facet normal -1.000000e+00  0.000000e+00  0.000000e+00
   outer loop
     vertex -3.800000e+00 -8.436094e+00  9.224008e+00
     vertex -3.800000e+00 -6.462095e+00  7.467058e+00
     vertex -3.800000e+00 -6.664514e+00  7.286966e+00
   endloop
 endfacet
 facet normal -1.000000e+00  0.000000e+00  0.000000e+00
   outer loop
     vertex -3.800000e+00 -8.436094e+00  9.224008e+00
     vertex -3.800000e+00 -8.179867e+00  9.451972e+00
     vertex -3.800000e+00 -6.462095e+00  7.467058e+00
   endloop
 endfacet
 facet normal -1.000000e+00  0.000000e+00 -0.000000e+00
   outer loop
     vertex -3.800000e+00 -9.165925e+00  8.499166e+00
     vertex -3.800000e+00 -7.422557e+00  6.513162e+00
     vertex -3.800000e+00 -9.395642e+00  8.244508e+00
   endloop
 endfacet
 facet normal -1.000000e+00  0.000000e+00  0.000000e+00
   outer loop
     vertex -3.800000e+00 -9.165925e+00  8.499166e+00
     vertex -3.800000e+00 -7.241081e+00  6.714341e+00
     vertex -3.800000e+00 -7.422557e+00  6.513162e+00
   endloop
 endfacet
 facet normal -1.000000e+00  0.000000e+00  0.000000e+00
   outer loop
     vertex -3.800000e+00 -8.685970e+00  8.989100e+00
     vertex -3.800000e+00 -8.436094e+00  9.224008e+00
     vertex -3.800000e+00 -6.664514e+00  7.286966e+00
   endloop
 endfacet
 facet normal -1.000000e+00  0.000000e+00  0.000000e+00
   outer loop
     vertex -3.800000e+00 -8.685970e+00  8.989100e+00
     vertex -3.800000e+00 -6.664514e+00  7.286966e+00
     vertex -3.800000e+00 -6.861917e+00  7.101389e+00
   endloop
 endfacet
 facet normal -1.000000e+00  0.000000e+00  0.000000e+00
   outer loop
     vertex -3.800000e+00 -8.929309e+00  8.747425e+00
     vertex -3.800000e+00 -6.861917e+00  7.101389e+00
     vertex -3.800000e+00 -7.054154e+00  6.910466e+00
   endloop
 endfacet
 facet normal -1.000000e+00  0.000000e+00  0.000000e+00
   outer loop
     vertex -3.800000e+00 -8.929309e+00  8.747425e+00
     vertex -3.800000e+00 -7.054154e+00  6.910466e+00
     vertex -3.800000e+00 -7.241081e+00  6.714341e+00
   endloop
 endfacet
 facet normal -1.000000e+00  0.000000e+00  0.000000e+00
   outer loop
     vertex -3.800000e+00 -8.929309e+00  8.747425e+00
     vertex -3.800000e+00 -8.685970e+00  8.989100e+00
     vertex -3.800000e+00 -6.861917e+00  7.101389e+00
   endloop
 endfacet
 facet normal -1.000000e+00  0.000000e+00 -0.000000e+00
   outer loop
     vertex -3.800000e+00 -8.929309e+00  8.747425e+00
     vertex -3.800000e+00 -7.241081e+00  6.714341e+00
     vertex -3.800000e+00 -9.165925e+00  8.499166e+00
   endloop
 endfacet
 facet normal  0.000000e+00  1.371831e-02 -9.999059e-01
   outer loop
     vertex  3.800000e+00 -2.709112e-01  9.871283e+00
     vertex -3.800000e+00  2.418677e-15  9.875000e+00
     vertex  3.800000e+00  2.418677e-15  9.875000e+00
   endloop
 endfacet
 facet normal  0.000000e+00  1.371831e-02 -9.999059e-01
   outer loop
     vertex  3.800000e+00 -2.709112e-01  9.871283e+00
     vertex -3.800000e+00 -2.709112e-01  9.871283e+00
     vertex -3.800000e+00  2.418677e-15  9.875000e+00
   endloop
 endfacet
 facet normal  0.000000e+00  4.114462e-02 -9.991532e-01
   outer loop
     vertex  3.800000e+00 -5.416185e-01  9.860136e+00
     vertex -3.800000e+00 -5.416185e-01  9.860136e+00
     vertex -3.800000e+00 -2.709112e-01  9.871283e+00
   endloop
 endfacet
 facet normal  0.000000e+00  4.114462e-02 -9.991532e-01
   outer loop
     vertex  3.800000e+00 -5.416185e-01  9.860136e+00
     vertex -3.800000e+00 -2.709112e-01  9.871283e+00
     vertex  3.800000e+00 -2.709112e-01  9.871283e+00
   endloop
 endfacet
 facet normal  0.000000e+00  6.853995e-02 -9.976484e-01
   outer loop
     vertex  3.800000e+00 -8.119181e-01  9.841566e+00
     vertex -3.800000e+00 -8.119181e-01  9.841566e+00
     vertex -3.800000e+00 -5.416185e-01  9.860136e+00
   endloop
 endfacet
 facet normal  0.000000e+00  6.853995e-02 -9.976484e-01
   outer loop
     vertex  3.800000e+00 -8.119181e-01  9.841566e+00
     vertex -3.800000e+00 -5.416185e-01  9.860136e+00
     vertex  3.800000e+00 -5.416185e-01  9.860136e+00
   endloop
 endfacet
 facet normal  0.000000e+00  9.588368e-02 -9.953925e-01
   outer loop
     vertex  3.800000e+00 -1.081606e+00  9.815587e+00
     vertex -3.800000e+00 -1.081606e+00  9.815587e+00
     vertex -3.800000e+00 -8.119181e-01  9.841566e+00
   endloop
 endfacet
 facet normal  0.000000e+00  9.588368e-02 -9.953925e-01
   outer loop
     vertex  3.800000e+00 -1.081606e+00  9.815587e+00
     vertex -3.800000e+00 -8.119181e-01  9.841566e+00
     vertex  3.800000e+00 -8.119181e-01  9.841566e+00
   endloop
 endfacet
 facet normal  0.000000e+00  1.231552e-01 -9.923874e-01
   outer loop
     vertex  3.800000e+00 -1.350481e+00  9.782220e+00
     vertex -3.800000e+00 -1.350481e+00  9.782220e+00
     vertex -3.800000e+00 -1.081606e+00  9.815587e+00
   endloop
 endfacet
 facet normal  0.000000e+00  1.503341e-01 -9.886353e-01
   outer loop
     vertex  3.800000e+00 -1.350481e+00  9.782220e+00
     vertex -3.800000e+00 -1.618338e+00  9.741489e+00
     vertex -3.800000e+00 -1.350481e+00  9.782220e+00
   endloop
 endfacet
 facet normal  0.000000e+00  1.231552e-01 -9.923874e-01
   outer loop
     vertex  3.800000e+00 -1.350481e+00  9.782220e+00
     vertex -3.800000e+00 -1.081606e+00  9.815587e+00
     vertex  3.800000e+00 -1.081606e+00  9.815587e+00
   endloop
 endfacet
 facet normal  0.000000e+00  1.773998e-01 -9.841389e-01
   outer loop
     vertex  3.800000e+00 -1.618338e+00  9.741489e+00
     vertex -3.800000e+00 -1.884978e+00  9.693425e+00
     vertex -3.800000e+00 -1.618338e+00  9.741489e+00
   endloop
 endfacet
 facet normal  0.000000e+00  1.503341e-01 -9.886353e-01
   outer loop
     vertex  3.800000e+00 -1.618338e+00  9.741489e+00
     vertex -3.800000e+00 -1.618338e+00  9.741489e+00
     vertex  3.800000e+00 -1.350481e+00  9.782220e+00
   endloop
 endfacet
 facet normal  0.000000e+00  1.773998e-01 -9.841389e-01
   outer loop
     vertex  3.800000e+00 -1.884978e+00  9.693425e+00
     vertex -3.800000e+00 -1.884978e+00  9.693425e+00
     vertex  3.800000e+00 -1.618338e+00  9.741489e+00
   endloop
 endfacet
 facet normal  0.000000e+00  2.043319e-01 -9.789017e-01
   outer loop
     vertex  3.800000e+00 -2.150198e+00  9.638064e+00
     vertex -3.800000e+00 -2.150198e+00  9.638064e+00
     vertex -3.800000e+00 -1.884978e+00  9.693425e+00
   endloop
 endfacet
 facet normal  0.000000e+00  2.043319e-01 -9.789017e-01
   outer loop
     vertex  3.800000e+00 -2.150198e+00  9.638064e+00
     vertex -3.800000e+00 -1.884978e+00  9.693425e+00
     vertex  3.800000e+00 -1.884978e+00  9.693425e+00
   endloop
 endfacet
 facet normal  0.000000e+00  2.311102e-01 -9.729276e-01
   outer loop
     vertex  3.800000e+00 -2.413800e+00  9.575448e+00
     vertex -3.800000e+00 -2.413800e+00  9.575448e+00
     vertex -3.800000e+00 -2.150198e+00  9.638064e+00
   endloop
 endfacet
 facet normal  0.000000e+00  2.311102e-01 -9.729276e-01
   outer loop
     vertex  3.800000e+00 -2.413800e+00  9.575448e+00
     vertex -3.800000e+00 -2.150198e+00  9.638064e+00
     vertex  3.800000e+00 -2.150198e+00  9.638064e+00
   endloop
 endfacet
 facet normal  0.000000e+00  2.577146e-01 -9.662211e-01
   outer loop
     vertex  3.800000e+00 -2.675585e+00  9.505623e+00
     vertex -3.800000e+00 -2.413800e+00  9.575448e+00
     vertex  3.800000e+00 -2.413800e+00  9.575448e+00
   endloop
 endfacet
 facet normal  0.000000e+00  2.577146e-01 -9.662211e-01
   outer loop
     vertex  3.800000e+00 -2.675585e+00  9.505623e+00
     vertex -3.800000e+00 -2.675585e+00  9.505623e+00
     vertex -3.800000e+00 -2.413800e+00  9.575448e+00
   endloop
 endfacet
 facet normal  0.000000e+00  2.841250e-01 -9.587873e-01
   outer loop
     vertex  3.800000e+00 -2.935355e+00  9.428643e+00
     vertex -3.800000e+00 -2.675585e+00  9.505623e+00
     vertex  3.800000e+00 -2.675585e+00  9.505623e+00
   endloop
 endfacet
 facet normal  0.000000e+00  2.841250e-01 -9.587873e-01
   outer loop
     vertex  3.800000e+00 -2.935355e+00  9.428643e+00
     vertex -3.800000e+00 -2.935355e+00  9.428643e+00
     vertex -3.800000e+00 -2.675585e+00  9.505623e+00
   endloop
 endfacet
 facet normal  0.000000e+00  3.103214e-01 -9.506317e-01
   outer loop
     vertex  3.800000e+00 -3.192916e+00  9.344566e+00
     vertex -3.800000e+00 -2.935355e+00  9.428643e+00
     vertex  3.800000e+00 -2.935355e+00  9.428643e+00
   endloop
 endfacet
 facet normal  0.000000e+00  3.103214e-01 -9.506317e-01
   outer loop
     vertex  3.800000e+00 -3.192916e+00  9.344566e+00
     vertex -3.800000e+00 -3.192916e+00  9.344566e+00
     vertex -3.800000e+00 -2.935355e+00  9.428643e+00
   endloop
 endfacet
 facet normal  0.000000e+00  3.362843e-01 -9.417605e-01
   outer loop
     vertex  3.800000e+00 -3.448074e+00  9.253454e+00
     vertex -3.800000e+00 -3.192916e+00  9.344566e+00
     vertex  3.800000e+00 -3.192916e+00  9.344566e+00
   endloop
 endfacet
 facet normal  0.000000e+00  3.362843e-01 -9.417605e-01
   outer loop
     vertex  3.800000e+00 -3.448074e+00  9.253454e+00
     vertex -3.800000e+00 -3.448074e+00  9.253454e+00
     vertex -3.800000e+00 -3.192916e+00  9.344566e+00
   endloop
 endfacet
 facet normal  0.000000e+00  3.619940e-01 -9.321804e-01
   outer loop
     vertex  3.800000e+00 -3.700636e+00  9.155377e+00
     vertex -3.800000e+00 -3.448074e+00  9.253454e+00
     vertex  3.800000e+00 -3.448074e+00  9.253454e+00
   endloop
 endfacet
 facet normal  0.000000e+00  3.619940e-01 -9.321804e-01
   outer loop
     vertex  3.800000e+00 -3.700636e+00  9.155377e+00
     vertex -3.800000e+00 -3.700636e+00  9.155377e+00
     vertex -3.800000e+00 -3.448074e+00  9.253454e+00
   endloop
 endfacet
 facet normal  0.000000e+00  3.874313e-01 -9.218986e-01
   outer loop
     vertex  3.800000e+00 -3.950412e+00  9.050407e+00
     vertex -3.800000e+00 -3.700636e+00  9.155377e+00
     vertex  3.800000e+00 -3.700636e+00  9.155377e+00
   endloop
 endfacet
 facet normal  0.000000e+00  3.874313e-01 -9.218986e-01
   outer loop
     vertex  3.800000e+00 -3.950412e+00  9.050407e+00
     vertex -3.800000e+00 -3.950412e+00  9.050407e+00
     vertex -3.800000e+00 -3.700636e+00  9.155377e+00
   endloop
 endfacet
 facet normal  0.000000e+00  4.125769e-01 -9.109228e-01
   outer loop
     vertex  3.800000e+00 -4.197214e+00  8.938625e+00
     vertex -3.800000e+00 -3.950412e+00  9.050407e+00
     vertex  3.800000e+00 -3.950412e+00  9.050407e+00
   endloop
 endfacet
 facet normal  0.000000e+00  4.125769e-01 -9.109228e-01
   outer loop
     vertex  3.800000e+00 -4.197214e+00  8.938625e+00
     vertex -3.800000e+00 -4.197214e+00  8.938625e+00
     vertex -3.800000e+00 -3.950412e+00  9.050407e+00
   endloop
 endfacet
 facet normal  0.000000e+00  4.374119e-01 -8.992613e-01
   outer loop
     vertex  3.800000e+00 -4.440857e+00  8.820114e+00
     vertex -3.800000e+00 -4.197214e+00  8.938625e+00
     vertex  3.800000e+00 -4.197214e+00  8.938625e+00
   endloop
 endfacet
 facet normal  0.000000e+00  4.374119e-01 -8.992613e-01
   outer loop
     vertex  3.800000e+00 -4.440857e+00  8.820114e+00
     vertex -3.800000e+00 -4.440857e+00  8.820114e+00
     vertex -3.800000e+00 -4.197214e+00  8.938625e+00
   endloop
 endfacet
 facet normal  0.000000e+00  4.619176e-01 -8.869228e-01
   outer loop
     vertex  3.800000e+00 -4.681157e+00  8.694964e+00
     vertex -3.800000e+00 -4.440857e+00  8.820114e+00
     vertex  3.800000e+00 -4.440857e+00  8.820114e+00
   endloop
 endfacet
 facet normal  0.000000e+00  4.619176e-01 -8.869228e-01
   outer loop
     vertex  3.800000e+00 -4.681157e+00  8.694964e+00
     vertex -3.800000e+00 -4.681157e+00  8.694964e+00
     vertex -3.800000e+00 -4.440857e+00  8.820114e+00
   endloop
 endfacet
 facet normal  0.000000e+00  4.860756e-01 -8.739167e-01
   outer loop
     vertex  3.800000e+00 -4.681157e+00  8.694964e+00
     vertex -3.800000e+00 -4.917933e+00  8.563268e+00
     vertex -3.800000e+00 -4.681157e+00  8.694964e+00
   endloop
 endfacet
 facet normal  0.000000e+00  4.860756e-01 -8.739167e-01
   outer loop
     vertex  3.800000e+00 -4.917933e+00  8.563268e+00
     vertex -3.800000e+00 -4.917933e+00  8.563268e+00
     vertex  3.800000e+00 -4.681157e+00  8.694964e+00
   endloop
 endfacet
 facet normal  0.000000e+00  5.098678e-01 -8.602528e-01
   outer loop
     vertex  3.800000e+00 -5.151007e+00  8.425126e+00
     vertex -3.800000e+00 -4.917933e+00  8.563268e+00
     vertex  3.800000e+00 -4.917933e+00  8.563268e+00
   endloop
 endfacet
 facet normal  0.000000e+00  5.098678e-01 -8.602528e-01
   outer loop
     vertex  3.800000e+00 -5.151007e+00  8.425126e+00
     vertex -3.800000e+00 -5.151007e+00  8.425126e+00
     vertex -3.800000e+00 -4.917933e+00  8.563268e+00
   endloop
 endfacet
 facet normal  0.000000e+00  5.332761e-01 -8.459413e-01
   outer loop
     vertex  3.800000e+00 -5.380204e+00  8.280642e+00
     vertex -3.800000e+00 -5.151007e+00  8.425126e+00
     vertex  3.800000e+00 -5.151007e+00  8.425126e+00
   endloop
 endfacet
 facet normal  0.000000e+00  5.332761e-01 -8.459413e-01
   outer loop
     vertex  3.800000e+00 -5.380204e+00  8.280642e+00
     vertex -3.800000e+00 -5.380204e+00  8.280642e+00
     vertex -3.800000e+00 -5.151007e+00  8.425126e+00
   endloop
 endfacet
 facet normal  0.000000e+00  5.562829e-01 -8.309929e-01
   outer loop
     vertex  3.800000e+00 -5.605350e+00  8.129924e+00
     vertex -3.800000e+00 -5.605350e+00  8.129924e+00
     vertex -3.800000e+00 -5.380204e+00  8.280642e+00
   endloop
 endfacet
 facet normal  0.000000e+00  5.562829e-01 -8.309929e-01
   outer loop
     vertex  3.800000e+00 -5.605350e+00  8.129924e+00
     vertex -3.800000e+00 -5.380204e+00  8.280642e+00
     vertex  3.800000e+00 -5.380204e+00  8.280642e+00
   endloop
 endfacet
 facet normal  0.000000e+00  5.788711e-01 -8.154191e-01
   outer loop
     vertex  3.800000e+00 -5.605350e+00  8.129924e+00
     vertex -3.800000e+00 -5.826277e+00  7.973087e+00
     vertex -3.800000e+00 -5.605350e+00  8.129924e+00
   endloop
 endfacet
 facet normal  0.000000e+00  5.788711e-01 -8.154191e-01
   outer loop
     vertex  3.800000e+00 -5.826277e+00  7.973087e+00
     vertex -3.800000e+00 -5.826277e+00  7.973087e+00
     vertex  3.800000e+00 -5.605350e+00  8.129924e+00
   endloop
 endfacet
 facet normal  0.000000e+00  6.010234e-01 -7.992314e-01
   outer loop
     vertex  3.800000e+00 -6.042819e+00  7.810248e+00
     vertex -3.800000e+00 -5.826277e+00  7.973087e+00
     vertex  3.800000e+00 -5.826277e+00  7.973087e+00
   endloop
 endfacet
 facet normal  0.000000e+00  6.010234e-01 -7.992314e-01
   outer loop
     vertex  3.800000e+00 -6.042819e+00  7.810248e+00
     vertex -3.800000e+00 -6.042819e+00  7.810248e+00
     vertex -3.800000e+00 -5.826277e+00  7.973087e+00
   endloop
 endfacet
 facet normal  0.000000e+00  6.227234e-01 -7.824421e-01
   outer loop
     vertex  3.800000e+00 -6.042819e+00  7.810248e+00
     vertex -3.800000e+00 -6.254811e+00  7.641529e+00
     vertex -3.800000e+00 -6.042819e+00  7.810248e+00
   endloop
 endfacet
 facet normal  0.000000e+00  6.227234e-01 -7.824421e-01
   outer loop
     vertex  3.800000e+00 -6.254811e+00  7.641529e+00
     vertex -3.800000e+00 -6.254811e+00  7.641529e+00
     vertex  3.800000e+00 -6.042819e+00  7.810248e+00
   endloop
 endfacet
 facet normal  0.000000e+00  6.439545e-01 -7.650637e-01
   outer loop
     vertex  3.800000e+00 -6.462095e+00  7.467058e+00
     vertex -3.800000e+00 -6.462095e+00  7.467058e+00
     vertex -3.800000e+00 -6.254811e+00  7.641529e+00
   endloop
 endfacet
 facet normal  0.000000e+00  6.647010e-01 -7.471095e-01
   outer loop
     vertex  3.800000e+00 -6.462095e+00  7.467058e+00
     vertex -3.800000e+00 -6.664514e+00  7.286966e+00
     vertex -3.800000e+00 -6.462095e+00  7.467058e+00
   endloop
 endfacet
 facet normal  0.000000e+00  6.439545e-01 -7.650637e-01
   outer loop
     vertex  3.800000e+00 -6.462095e+00  7.467058e+00
     vertex -3.800000e+00 -6.254811e+00  7.641529e+00
     vertex  3.800000e+00 -6.254811e+00  7.641529e+00
   endloop
 endfacet
 facet normal  0.000000e+00  6.849470e-01 -7.285929e-01
   outer loop
     vertex  3.800000e+00 -6.664514e+00  7.286966e+00
     vertex -3.800000e+00 -6.861917e+00  7.101389e+00
     vertex -3.800000e+00 -6.664514e+00  7.286966e+00
   endloop
 endfacet
 facet normal  0.000000e+00  6.647010e-01 -7.471095e-01
   outer loop
     vertex  3.800000e+00 -6.664514e+00  7.286966e+00
     vertex -3.800000e+00 -6.664514e+00  7.286966e+00
     vertex  3.800000e+00 -6.462095e+00  7.467058e+00
   endloop
 endfacet
 facet normal  0.000000e+00  6.849470e-01 -7.285929e-01
   outer loop
     vertex  3.800000e+00 -6.861917e+00  7.101389e+00
     vertex -3.800000e+00 -6.861917e+00  7.101389e+00
     vertex  3.800000e+00 -6.664514e+00  7.286966e+00
   endloop
 endfacet
 facet normal  0.000000e+00  7.046775e-01 -7.095278e-01
   outer loop
     vertex  3.800000e+00 -7.054154e+00  6.910466e+00
     vertex -3.800000e+00 -7.054154e+00  6.910466e+00
     vertex -3.800000e+00 -6.861917e+00  7.101389e+00
   endloop
 endfacet
 facet normal  0.000000e+00  7.238775e-01 -6.899286e-01
   outer loop
     vertex  3.800000e+00 -7.054154e+00  6.910466e+00
     vertex -3.800000e+00 -7.241081e+00  6.714341e+00
     vertex -3.800000e+00 -7.054154e+00  6.910466e+00
   endloop
 endfacet
 facet normal  0.000000e+00  7.046775e-01 -7.095278e-01
   outer loop
     vertex  3.800000e+00 -7.054154e+00  6.910466e+00
     vertex -3.800000e+00 -6.861917e+00  7.101389e+00
     vertex  3.800000e+00 -6.861917e+00  7.101389e+00
   endloop
 endfacet
 facet normal  0.000000e+00  7.238775e-01 -6.899286e-01
   outer loop
     vertex  3.800000e+00 -7.241081e+00  6.714341e+00
     vertex -3.800000e+00 -7.241081e+00  6.714341e+00
     vertex  3.800000e+00 -7.054154e+00  6.910466e+00
   endloop
 endfacet
 facet normal  0.000000e+00  7.425325e-01 -6.698100e-01
   outer loop
     vertex  3.800000e+00 -7.422557e+00  6.513162e+00
     vertex -3.800000e+00 -7.422557e+00  6.513162e+00
     vertex -3.800000e+00 -7.241081e+00  6.714341e+00
   endloop
 endfacet
 facet normal  0.000000e+00  7.606287e-01 -6.491872e-01
   outer loop
     vertex  3.800000e+00 -7.422557e+00  6.513162e+00
     vertex -3.800000e+00 -7.598446e+00  6.307079e+00
     vertex -3.800000e+00 -7.422557e+00  6.513162e+00
   endloop
 endfacet
 facet normal  0.000000e+00  7.425325e-01 -6.698100e-01
   outer loop
     vertex  3.800000e+00 -7.422557e+00  6.513162e+00
     vertex -3.800000e+00 -7.241081e+00  6.714341e+00
     vertex  3.800000e+00 -7.241081e+00  6.714341e+00
   endloop
 endfacet
 facet normal  0.000000e+00  7.606287e-01 -6.491872e-01
   outer loop
     vertex  3.800000e+00 -7.598446e+00  6.307079e+00
     vertex -3.800000e+00 -7.598446e+00  6.307079e+00
     vertex  3.800000e+00 -7.422557e+00  6.513162e+00
   endloop
 endfacet
 facet normal  0.000000e+00  7.781522e-01 -6.280757e-01
   outer loop
     vertex  3.800000e+00 -7.768614e+00  6.096249e+00
     vertex -3.800000e+00 -7.768614e+00  6.096249e+00
     vertex -3.800000e+00 -7.598446e+00  6.307079e+00
   endloop
 endfacet
 facet normal  0.000000e+00  7.781522e-01 -6.280757e-01
   outer loop
     vertex  3.800000e+00 -7.768614e+00  6.096249e+00
     vertex -3.800000e+00 -7.598446e+00  6.307079e+00
     vertex  3.800000e+00 -7.598446e+00  6.307079e+00
   endloop
 endfacet
 facet normal  0.000000e+00  7.950900e-01 -6.064915e-01
   outer loop
     vertex  3.800000e+00 -7.932935e+00  5.880830e+00
     vertex -3.800000e+00 -7.932935e+00  5.880830e+00
     vertex -3.800000e+00 -7.768614e+00  6.096249e+00
   endloop
 endfacet
 facet normal  0.000000e+00  8.114292e-01 -5.844507e-01
   outer loop
     vertex  3.800000e+00 -7.932935e+00  5.880830e+00
     vertex -3.800000e+00 -8.091284e+00  5.660984e+00
     vertex -3.800000e+00 -7.932935e+00  5.880830e+00
   endloop
 endfacet
 facet normal  0.000000e+00  7.950900e-01 -6.064915e-01
   outer loop
     vertex  3.800000e+00 -7.932935e+00  5.880830e+00
     vertex -3.800000e+00 -7.768614e+00  6.096249e+00
     vertex  3.800000e+00 -7.768614e+00  6.096249e+00
   endloop
 endfacet
 facet normal  0.000000e+00  8.271577e-01 -5.619699e-01
   outer loop
     vertex  3.800000e+00 -8.091284e+00  5.660984e+00
     vertex -3.800000e+00 -8.243543e+00  5.436877e+00
     vertex -3.800000e+00 -8.091284e+00  5.660984e+00
   endloop
 endfacet
 facet normal  0.000000e+00  8.114292e-01 -5.844507e-01
   outer loop
     vertex  3.800000e+00 -8.091284e+00  5.660984e+00
     vertex -3.800000e+00 -8.091284e+00  5.660984e+00
     vertex  3.800000e+00 -7.932935e+00  5.880830e+00
   endloop
 endfacet
 facet normal  0.000000e+00  8.271577e-01 -5.619699e-01
   outer loop
     vertex  3.800000e+00 -8.243543e+00  5.436877e+00
     vertex -3.800000e+00 -8.243543e+00  5.436877e+00
     vertex  3.800000e+00 -8.091284e+00  5.660984e+00
   endloop
 endfacet
 facet normal  0.000000e+00  8.422635e-01 -5.390661e-01
   outer loop
     vertex  3.800000e+00 -8.389595e+00  5.208677e+00
     vertex -3.800000e+00 -8.243543e+00  5.436877e+00
     vertex  3.800000e+00 -8.243543e+00  5.436877e+00
   endloop
 endfacet
 facet normal  0.000000e+00  8.422635e-01 -5.390661e-01
   outer loop
     vertex  3.800000e+00 -8.389595e+00  5.208677e+00
     vertex -3.800000e+00 -8.389595e+00  5.208677e+00
     vertex -3.800000e+00 -8.243543e+00  5.436877e+00
   endloop
 endfacet
 facet normal  0.000000e+00  8.567352e-01 -5.157565e-01
   outer loop
     vertex  3.800000e+00 -8.389595e+00  5.208677e+00
     vertex -3.800000e+00 -8.529333e+00  4.976556e+00
     vertex -3.800000e+00 -8.389595e+00  5.208677e+00
   endloop
 endfacet
 facet normal  0.000000e+00  8.567352e-01 -5.157565e-01
   outer loop
     vertex  3.800000e+00 -8.529333e+00  4.976556e+00
     vertex -3.800000e+00 -8.529333e+00  4.976556e+00
     vertex  3.800000e+00 -8.389595e+00  5.208677e+00
   endloop
 endfacet
 facet normal  0.000000e+00  8.705620e-01 -4.920587e-01
   outer loop
     vertex  3.800000e+00 -8.662650e+00  4.740689e+00
     vertex -3.800000e+00 -8.529333e+00  4.976556e+00
     vertex  3.800000e+00 -8.529333e+00  4.976556e+00
   endloop
 endfacet
 facet normal  0.000000e+00  8.705620e-01 -4.920587e-01
   outer loop
     vertex  3.800000e+00 -8.662650e+00  4.740689e+00
     vertex -3.800000e+00 -8.662650e+00  4.740689e+00
     vertex -3.800000e+00 -8.529333e+00  4.976556e+00
   endloop
 endfacet
 facet normal  0.000000e+00  8.837335e-01 -4.679904e-01
   outer loop
     vertex  3.800000e+00 -8.789445e+00  4.501253e+00
     vertex -3.800000e+00 -8.662650e+00  4.740689e+00
     vertex  3.800000e+00 -8.662650e+00  4.740689e+00
   endloop
 endfacet
 facet normal  0.000000e+00  8.837335e-01 -4.679904e-01
   outer loop
     vertex  3.800000e+00 -8.789445e+00  4.501253e+00
     vertex -3.800000e+00 -8.789445e+00  4.501253e+00
     vertex -3.800000e+00 -8.662650e+00  4.740689e+00
   endloop
 endfacet
 facet normal  0.000000e+00  8.962398e-01 -4.435699e-01
   outer loop
     vertex  3.800000e+00 -8.789445e+00  4.501253e+00
     vertex -3.800000e+00 -8.909625e+00  4.258428e+00
     vertex -3.800000e+00 -8.789445e+00  4.501253e+00
   endloop
 endfacet
 facet normal  0.000000e+00  8.962398e-01 -4.435699e-01
   outer loop
     vertex  3.800000e+00 -8.909625e+00  4.258428e+00
     vertex -3.800000e+00 -8.909625e+00  4.258428e+00
     vertex  3.800000e+00 -8.789445e+00  4.501253e+00
   endloop
 endfacet
 facet normal  0.000000e+00  9.080714e-01 -4.188155e-01
   outer loop
     vertex  3.800000e+00 -8.909625e+00  4.258428e+00
     vertex -3.800000e+00 -9.023097e+00  4.012399e+00
     vertex -3.800000e+00 -8.909625e+00  4.258428e+00
   endloop
 endfacet
 facet normal  0.000000e+00  9.080714e-01 -4.188155e-01
   outer loop
     vertex  3.800000e+00 -9.023097e+00  4.012399e+00
     vertex -3.800000e+00 -9.023097e+00  4.012399e+00
     vertex  3.800000e+00 -8.909625e+00  4.258428e+00
   endloop
 endfacet
 facet normal  0.000000e+00  9.192194e-01 -3.937458e-01
   outer loop
     vertex  3.800000e+00 -9.129777e+00  3.763348e+00
     vertex -3.800000e+00 -9.023097e+00  4.012399e+00
     vertex  3.800000e+00 -9.023097e+00  4.012399e+00
   endloop
 endfacet
 facet normal  0.000000e+00  9.192194e-01 -3.937458e-01
   outer loop
     vertex  3.800000e+00 -9.129777e+00  3.763348e+00
     vertex -3.800000e+00 -9.129777e+00  3.763348e+00
     vertex -3.800000e+00 -9.023097e+00  4.012399e+00
   endloop
 endfacet
 facet normal  0.000000e+00  9.296754e-01 -3.683796e-01
   outer loop
     vertex  3.800000e+00 -9.229585e+00  3.511465e+00
     vertex -3.800000e+00 -9.129777e+00  3.763348e+00
     vertex  3.800000e+00 -9.129777e+00  3.763348e+00
   endloop
 endfacet
 facet normal  0.000000e+00  9.296754e-01 -3.683796e-01
   outer loop
     vertex  3.800000e+00 -9.229585e+00  3.511465e+00
     vertex -3.800000e+00 -9.229585e+00  3.511465e+00
     vertex -3.800000e+00 -9.129777e+00  3.763348e+00
   endloop
 endfacet
 facet normal  0.000000e+00  9.394317e-01 -3.427362e-01
   outer loop
     vertex  3.800000e+00 -9.322445e+00  3.256939e+00
     vertex -3.800000e+00 -9.229585e+00  3.511465e+00
     vertex  3.800000e+00 -9.229585e+00  3.511465e+00
   endloop
 endfacet
 facet normal  0.000000e+00  9.394317e-01 -3.427362e-01
   outer loop
     vertex  3.800000e+00 -9.322445e+00  3.256939e+00
     vertex -3.800000e+00 -9.322445e+00  3.256939e+00
     vertex -3.800000e+00 -9.229585e+00  3.511465e+00
   endloop
 endfacet
 facet normal  0.000000e+00  9.484807e-01 -3.168348e-01
   outer loop
     vertex  3.800000e+00 -9.408287e+00  2.999960e+00
     vertex -3.800000e+00 -9.322445e+00  3.256939e+00
     vertex  3.800000e+00 -9.322445e+00  3.256939e+00
   endloop
 endfacet
 facet normal  0.000000e+00  9.484807e-01 -3.168348e-01
   outer loop
     vertex  3.800000e+00 -9.408287e+00  2.999960e+00
     vertex -3.800000e+00 -9.408287e+00  2.999960e+00
     vertex -3.800000e+00 -9.322445e+00  3.256939e+00
   endloop
 endfacet
 facet normal  0.000000e+00  9.568158e-01 -2.906949e-01
   outer loop
     vertex  3.800000e+00 -9.408287e+00  2.999960e+00
     vertex -3.800000e+00 -9.487047e+00  2.740724e+00
     vertex -3.800000e+00 -9.408287e+00  2.999960e+00
   endloop
 endfacet
 facet normal  0.000000e+00  9.568158e-01 -2.906949e-01
   outer loop
     vertex  3.800000e+00 -9.487047e+00  2.740724e+00
     vertex -3.800000e+00 -9.487047e+00  2.740724e+00
     vertex  3.800000e+00 -9.408287e+00  2.999960e+00
   endloop
 endfacet
 facet normal  0.000000e+00  9.644306e-01 -2.643362e-01
   outer loop
     vertex  3.800000e+00 -9.558665e+00  2.479424e+00
     vertex -3.800000e+00 -9.487047e+00  2.740724e+00
     vertex  3.800000e+00 -9.487047e+00  2.740724e+00
   endloop
 endfacet
 facet normal  0.000000e+00  9.644306e-01 -2.643362e-01
   outer loop
     vertex  3.800000e+00 -9.558665e+00  2.479424e+00
     vertex -3.800000e+00 -9.558665e+00  2.479424e+00
     vertex -3.800000e+00 -9.487047e+00  2.740724e+00
   endloop
 endfacet
 facet normal  0.000000e+00  9.713194e-01 -2.377784e-01
   outer loop
     vertex  3.800000e+00 -9.623088e+00  2.216258e+00
     vertex -3.800000e+00 -9.558665e+00  2.479424e+00
     vertex  3.800000e+00 -9.558665e+00  2.479424e+00
   endloop
 endfacet
 facet normal  0.000000e+00  9.713194e-01 -2.377784e-01
   outer loop
     vertex  3.800000e+00 -9.623088e+00  2.216258e+00
     vertex -3.800000e+00 -9.623088e+00  2.216258e+00
     vertex -3.800000e+00 -9.558665e+00  2.479424e+00
   endloop
 endfacet
 facet normal  0.000000e+00  9.774771e-01 -2.110417e-01
   outer loop
     vertex  3.800000e+00 -9.680267e+00  1.951424e+00
     vertex -3.800000e+00 -9.623088e+00  2.216258e+00
     vertex  3.800000e+00 -9.623088e+00  2.216258e+00
   endloop
 endfacet
 facet normal  0.000000e+00  9.774771e-01 -2.110417e-01
   outer loop
     vertex  3.800000e+00 -9.680267e+00  1.951424e+00
     vertex -3.800000e+00 -9.680267e+00  1.951424e+00
     vertex -3.800000e+00 -9.623088e+00  2.216258e+00
   endloop
 endfacet
 facet normal  0.000000e+00  9.828989e-01 -1.841461e-01
   outer loop
     vertex  3.800000e+00 -9.730159e+00  1.685120e+00
     vertex -3.800000e+00 -9.680267e+00  1.951424e+00
     vertex  3.800000e+00 -9.680267e+00  1.951424e+00
   endloop
 endfacet
 facet normal  0.000000e+00  9.828989e-01 -1.841461e-01
   outer loop
     vertex  3.800000e+00 -9.730159e+00  1.685120e+00
     vertex -3.800000e+00 -9.730159e+00  1.685120e+00
     vertex -3.800000e+00 -9.680267e+00  1.951424e+00
   endloop
 endfacet
 facet normal  0.000000e+00  9.875808e-01 -1.571119e-01
   outer loop
     vertex  3.800000e+00 -9.772726e+00  1.417548e+00
     vertex -3.800000e+00 -9.730159e+00  1.685120e+00
     vertex  3.800000e+00 -9.730159e+00  1.685120e+00
   endloop
 endfacet
 facet normal  0.000000e+00  9.875808e-01 -1.571119e-01
   outer loop
     vertex  3.800000e+00 -9.772726e+00  1.417548e+00
     vertex -3.800000e+00 -9.772726e+00  1.417548e+00
     vertex -3.800000e+00 -9.730159e+00  1.685120e+00
   endloop
 endfacet
 facet normal  0.000000e+00  9.915193e-01 -1.299594e-01
   outer loop
     vertex  3.800000e+00 -9.807937e+00  1.148909e+00
     vertex -3.800000e+00 -9.772726e+00  1.417548e+00
     vertex  3.800000e+00 -9.772726e+00  1.417548e+00
   endloop
 endfacet
 facet normal  0.000000e+00  9.915193e-01 -1.299594e-01
   outer loop
     vertex  3.800000e+00 -9.807937e+00  1.148909e+00
     vertex -3.800000e+00 -9.807937e+00  1.148909e+00
     vertex -3.800000e+00 -9.772726e+00  1.417548e+00
   endloop
 endfacet
 facet normal  0.000000e+00  9.947114e-01 -1.027091e-01
   outer loop
     vertex  3.800000e+00 -9.835765e+00  8.794054e-01
     vertex -3.800000e+00 -9.807937e+00  1.148909e+00
     vertex  3.800000e+00 -9.807937e+00  1.148909e+00
   endloop
 endfacet
 facet normal  0.000000e+00  9.947114e-01 -1.027091e-01
   outer loop
     vertex  3.800000e+00 -9.835765e+00  8.794054e-01
     vertex -3.800000e+00 -9.835765e+00  8.794054e-01
     vertex -3.800000e+00 -9.807937e+00  1.148909e+00
   endloop
 endfacet
 facet normal  0.000000e+00  9.971548e-01 -7.538152e-02
   outer loop
     vertex  3.800000e+00 -9.856189e+00  6.092396e-01
     vertex -3.800000e+00 -9.835765e+00  8.794054e-01
     vertex  3.800000e+00 -9.835765e+00  8.794054e-01
   endloop
 endfacet
 facet normal  0.000000e+00  9.971548e-01 -7.538152e-02
   outer loop
     vertex  3.800000e+00 -9.856189e+00  6.092396e-01
     vertex -3.800000e+00 -9.856189e+00  6.092396e-01
     vertex -3.800000e+00 -9.835765e+00  8.794054e-01
   endloop
 endfacet
 facet normal  0.000000e+00  9.988475e-01 -4.799716e-02
   outer loop
     vertex  3.800000e+00 -9.869193e+00  3.386151e-01
     vertex -3.800000e+00 -9.856189e+00  6.092396e-01
     vertex  3.800000e+00 -9.856189e+00  6.092396e-01
   endloop
 endfacet
 facet normal  0.000000e+00  9.988475e-01 -4.799716e-02
   outer loop
     vertex  3.800000e+00 -9.869193e+00  3.386151e-01
     vertex -3.800000e+00 -9.869193e+00  3.386151e-01
     vertex -3.800000e+00 -9.856189e+00  6.092396e-01
   endloop
 endfacet
 facet normal  0.000000e+00  9.997883e-01 -2.057667e-02
   outer loop
     vertex  3.800000e+00 -9.874768e+00  6.773577e-02
     vertex -3.800000e+00 -9.874768e+00  6.773577e-02
     vertex -3.800000e+00 -9.869193e+00  3.386151e-01
   endloop
 endfacet
 facet normal  0.000000e+00  9.997883e-01 -2.057667e-02
   outer loop
     vertex  3.800000e+00 -9.874768e+00  6.773577e-02
     vertex -3.800000e+00 -9.869193e+00  3.386151e-01
     vertex  3.800000e+00 -9.869193e+00  3.386151e-01
   endloop
 endfacet
 facet normal  0.000000e+00  9.999765e-01  6.859319e-03
   outer loop
     vertex  3.800000e+00 -9.872909e+00 -2.031946e-01
     vertex -3.800000e+00 -9.872909e+00 -2.031946e-01
     vertex -3.800000e+00 -9.874768e+00  6.773577e-02
   endloop
 endfacet
 facet normal  0.000000e+00  9.999765e-01  6.859319e-03
   outer loop
     vertex  3.800000e+00 -9.872909e+00 -2.031946e-01
     vertex -3.800000e+00 -9.874768e+00  6.773577e-02
     vertex  3.800000e+00 -9.874768e+00  6.773577e-02
   endloop
 endfacet
 facet normal  0.000000e+00  9.994119e-01  3.429014e-02
   outer loop
     vertex  3.800000e+00 -9.863619e+00 -4.739720e-01
     vertex -3.800000e+00 -9.863619e+00 -4.739720e-01
     vertex -3.800000e+00 -9.872909e+00 -2.031946e-01
   endloop
 endfacet
 facet normal  0.000000e+00  9.994119e-01  3.429014e-02
   outer loop
     vertex  3.800000e+00 -9.863619e+00 -4.739720e-01
     vertex -3.800000e+00 -9.872909e+00 -2.031946e-01
     vertex  3.800000e+00 -9.872909e+00 -2.031946e-01
   endloop
 endfacet
 facet normal  0.000000e+00  9.980950e-01  6.169515e-02
   outer loop
     vertex  3.800000e+00 -9.846903e+00 -7.443926e-01
     vertex -3.800000e+00 -9.846903e+00 -7.443926e-01
     vertex -3.800000e+00 -9.863619e+00 -4.739720e-01
   endloop
 endfacet
 facet normal  0.000000e+00  9.980950e-01  6.169515e-02
   outer loop
     vertex  3.800000e+00 -9.846903e+00 -7.443926e-01
     vertex -3.800000e+00 -9.863619e+00 -4.739720e-01
     vertex  3.800000e+00 -9.863619e+00 -4.739720e-01
   endloop
 endfacet
 facet normal  0.000000e+00  9.960268e-01  8.905371e-02
   outer loop
     vertex  3.800000e+00 -9.822775e+00 -1.014253e+00
     vertex -3.800000e+00 -9.846903e+00 -7.443926e-01
     vertex  3.800000e+00 -9.846903e+00 -7.443926e-01
   endloop
 endfacet
 facet normal  0.000000e+00  9.960268e-01  8.905371e-02
   outer loop
     vertex  3.800000e+00 -9.822775e+00 -1.014253e+00
     vertex -3.800000e+00 -9.822775e+00 -1.014253e+00
     vertex -3.800000e+00 -9.846903e+00 -7.443926e-01
   endloop
 endfacet
 facet normal  0.000000e+00  9.932088e-01  1.163452e-01
   outer loop
     vertex  3.800000e+00 -9.791253e+00 -1.283350e+00
     vertex -3.800000e+00 -9.822775e+00 -1.014253e+00
     vertex  3.800000e+00 -9.822775e+00 -1.014253e+00
   endloop
 endfacet
 facet normal  0.000000e+00  9.932088e-01  1.163452e-01
   outer loop
     vertex  3.800000e+00 -9.791253e+00 -1.283350e+00
     vertex -3.800000e+00 -9.791253e+00 -1.283350e+00
     vertex -3.800000e+00 -9.822775e+00 -1.014253e+00
   endloop
 endfacet
 facet normal  0.000000e+00  9.896432e-01  1.435492e-01
   outer loop
     vertex  3.800000e+00 -9.752360e+00 -1.551480e+00
     vertex -3.800000e+00 -9.791253e+00 -1.283350e+00
     vertex  3.800000e+00 -9.791253e+00 -1.283350e+00
   endloop
 endfacet
 facet normal  0.000000e+00  9.896432e-01  1.435492e-01
   outer loop
     vertex  3.800000e+00 -9.752360e+00 -1.551480e+00
     vertex -3.800000e+00 -9.752360e+00 -1.551480e+00
     vertex -3.800000e+00 -9.791253e+00 -1.283350e+00
   endloop
 endfacet
 facet normal  0.000000e+00  9.853326e-01  1.706451e-01
   outer loop
     vertex  3.800000e+00 -9.706126e+00 -1.818443e+00
     vertex -3.800000e+00 -9.752360e+00 -1.551480e+00
     vertex  3.800000e+00 -9.752360e+00 -1.551480e+00
   endloop
 endfacet
 facet normal  0.000000e+00  9.853326e-01  1.706451e-01
   outer loop
     vertex  3.800000e+00 -9.706126e+00 -1.818443e+00
     vertex -3.800000e+00 -9.706126e+00 -1.818443e+00
     vertex -3.800000e+00 -9.752360e+00 -1.551480e+00
   endloop
 endfacet
 facet normal  0.000000e+00  9.802802e-01  1.976125e-01
   outer loop
     vertex  3.800000e+00 -9.652586e+00 -2.084037e+00
     vertex -3.800000e+00 -9.706126e+00 -1.818443e+00
     vertex  3.800000e+00 -9.706126e+00 -1.818443e+00
   endloop
 endfacet
 facet normal  0.000000e+00  9.802802e-01  1.976125e-01
   outer loop
     vertex  3.800000e+00 -9.652586e+00 -2.084037e+00
     vertex -3.800000e+00 -9.652586e+00 -2.084037e+00
     vertex -3.800000e+00 -9.706126e+00 -1.818443e+00
   endloop
 endfacet
 facet normal  0.000000e+00  9.744899e-01  2.244312e-01
   outer loop
     vertex  3.800000e+00 -9.591779e+00 -2.348062e+00
     vertex -3.800000e+00 -9.652586e+00 -2.084037e+00
     vertex  3.800000e+00 -9.652586e+00 -2.084037e+00
   endloop
 endfacet
 facet normal  0.000000e+00  9.744899e-01  2.244312e-01
   outer loop
     vertex  3.800000e+00 -9.591779e+00 -2.348062e+00
     vertex -3.800000e+00 -9.591779e+00 -2.348062e+00
     vertex -3.800000e+00 -9.652586e+00 -2.084037e+00
   endloop
 endfacet
 facet normal  0.000000e+00  9.679661e-01  2.510809e-01
   outer loop
     vertex  3.800000e+00 -9.523752e+00 -2.610320e+00
     vertex -3.800000e+00 -9.591779e+00 -2.348062e+00
     vertex  3.800000e+00 -9.591779e+00 -2.348062e+00
   endloop
 endfacet
 facet normal  0.000000e+00  9.679661e-01  2.510809e-01
   outer loop
     vertex  3.800000e+00 -9.523752e+00 -2.610320e+00
     vertex -3.800000e+00 -9.523752e+00 -2.610320e+00
     vertex -3.800000e+00 -9.591779e+00 -2.348062e+00
   endloop
 endfacet
 facet normal  0.000000e+00  9.607136e-01  2.775416e-01
   outer loop
     vertex  3.800000e+00 -9.448556e+00 -2.870612e+00
     vertex -3.800000e+00 -9.523752e+00 -2.610320e+00
     vertex  3.800000e+00 -9.523752e+00 -2.610320e+00
   endloop
 endfacet
 facet normal  0.000000e+00  9.607136e-01  2.775416e-01
   outer loop
     vertex  3.800000e+00 -9.448556e+00 -2.870612e+00
     vertex -3.800000e+00 -9.448556e+00 -2.870612e+00
     vertex -3.800000e+00 -9.523752e+00 -2.610320e+00
   endloop
 endfacet
 facet normal  0.000000e+00  9.527379e-01  3.037934e-01
   outer loop
     vertex  3.800000e+00 -9.366247e+00 -3.128744e+00
     vertex -3.800000e+00 -9.448556e+00 -2.870612e+00
     vertex  3.800000e+00 -9.448556e+00 -2.870612e+00
   endloop
 endfacet
 facet normal  0.000000e+00  9.527379e-01  3.037934e-01
   outer loop
     vertex  3.800000e+00 -9.366247e+00 -3.128744e+00
     vertex -3.800000e+00 -9.366247e+00 -3.128744e+00
     vertex -3.800000e+00 -9.448556e+00 -2.870612e+00
   endloop
 endfacet
 facet normal  0.000000e+00  9.440450e-01  3.298166e-01
   outer loop
     vertex  3.800000e+00 -9.366247e+00 -3.128744e+00
     vertex -3.800000e+00 -9.276888e+00 -3.384520e+00
     vertex -3.800000e+00 -9.366247e+00 -3.128744e+00
   endloop
 endfacet
 facet normal  0.000000e+00  9.440450e-01  3.298166e-01
   outer loop
     vertex  3.800000e+00 -9.276888e+00 -3.384520e+00
     vertex -3.800000e+00 -9.276888e+00 -3.384520e+00
     vertex  3.800000e+00 -9.366247e+00 -3.128744e+00
   endloop
 endfacet
 facet normal  0.000000e+00  9.346415e-01  3.555914e-01
   outer loop
     vertex  3.800000e+00 -9.180545e+00 -3.637749e+00
     vertex -3.800000e+00 -9.276888e+00 -3.384520e+00
     vertex  3.800000e+00 -9.276888e+00 -3.384520e+00
   endloop
 endfacet
 facet normal  0.000000e+00  9.346415e-01  3.555914e-01
   outer loop
     vertex  3.800000e+00 -9.180545e+00 -3.637749e+00
     vertex -3.800000e+00 -9.180545e+00 -3.637749e+00
     vertex -3.800000e+00 -9.276888e+00 -3.384520e+00
   endloop
 endfacet
 facet normal  0.000000e+00  9.137314e-01  4.063188e-01
   outer loop
     vertex  3.800000e+00 -9.077291e+00 -3.888239e+00
     vertex -3.800000e+00 -8.967205e+00 -4.135803e+00
     vertex -3.800000e+00 -9.077291e+00 -3.888239e+00
   endloop
 endfacet
 facet normal  0.000000e+00  9.245344e-01  3.810986e-01
   outer loop
     vertex  3.800000e+00 -9.077291e+00 -3.888239e+00
     vertex -3.800000e+00 -9.180545e+00 -3.637749e+00
     vertex  3.800000e+00 -9.180545e+00 -3.637749e+00
   endloop
 endfacet
 facet normal  0.000000e+00  9.245344e-01  3.810986e-01
   outer loop
     vertex  3.800000e+00 -9.077291e+00 -3.888239e+00
     vertex -3.800000e+00 -9.077291e+00 -3.888239e+00
     vertex -3.800000e+00 -9.180545e+00 -3.637749e+00
   endloop
 endfacet
 facet normal  0.000000e+00  9.137314e-01  4.063188e-01
   outer loop
     vertex  3.800000e+00 -8.967205e+00 -4.135803e+00
     vertex -3.800000e+00 -8.967205e+00 -4.135803e+00
     vertex  3.800000e+00 -9.077291e+00 -3.888239e+00
   endloop
 endfacet
 facet normal  0.000000e+00  9.022405e-01  4.312333e-01
   outer loop
     vertex  3.800000e+00 -8.850368e+00 -4.380253e+00
     vertex -3.800000e+00 -8.850368e+00 -4.380253e+00
     vertex -3.800000e+00 -8.967205e+00 -4.135803e+00
   endloop
 endfacet
 facet normal  0.000000e+00  8.900704e-01  4.558231e-01
   outer loop
     vertex  3.800000e+00 -8.850368e+00 -4.380253e+00
     vertex -3.800000e+00 -8.726869e+00 -4.621406e+00
     vertex -3.800000e+00 -8.850368e+00 -4.380253e+00
   endloop
 endfacet
 facet normal  0.000000e+00  9.022405e-01  4.312333e-01
   outer loop
     vertex  3.800000e+00 -8.850368e+00 -4.380253e+00
     vertex -3.800000e+00 -8.967205e+00 -4.135803e+00
     vertex  3.800000e+00 -8.967205e+00 -4.135803e+00
   endloop
 endfacet
 facet normal  0.000000e+00  8.900704e-01  4.558231e-01
   outer loop
     vertex  3.800000e+00 -8.726869e+00 -4.621406e+00
     vertex -3.800000e+00 -8.726869e+00 -4.621406e+00
     vertex  3.800000e+00 -8.850368e+00 -4.380253e+00
   endloop
 endfacet
 facet normal  0.000000e+00  8.772303e-01  4.800697e-01
   outer loop
     vertex  3.800000e+00 -8.596800e+00 -4.859079e+00
     vertex -3.800000e+00 -8.596800e+00 -4.859079e+00
     vertex -3.800000e+00 -8.726869e+00 -4.621406e+00
   endloop
 endfacet
 facet normal  0.000000e+00  8.772303e-01  4.800697e-01
   outer loop
     vertex  3.800000e+00 -8.596800e+00 -4.859079e+00
     vertex -3.800000e+00 -8.726869e+00 -4.621406e+00
     vertex  3.800000e+00 -8.726869e+00 -4.621406e+00
   endloop
 endfacet
 facet normal  0.000000e+00  8.637299e-01  5.039550e-01
   outer loop
     vertex  3.800000e+00 -8.460260e+00 -5.093096e+00
     vertex -3.800000e+00 -8.460260e+00 -5.093096e+00
     vertex -3.800000e+00 -8.596800e+00 -4.859079e+00
   endloop
 endfacet
 facet normal  0.000000e+00  8.495793e-01  5.274609e-01
   outer loop
     vertex  3.800000e+00 -8.460260e+00 -5.093096e+00
     vertex -3.800000e+00 -8.317352e+00 -5.323278e+00
     vertex -3.800000e+00 -8.460260e+00 -5.093096e+00
   endloop
 endfacet
 facet normal  0.000000e+00  8.637299e-01  5.039550e-01
   outer loop
     vertex  3.800000e+00 -8.460260e+00 -5.093096e+00
     vertex -3.800000e+00 -8.596800e+00 -4.859079e+00
     vertex  3.800000e+00 -8.596800e+00 -4.859079e+00
   endloop
 endfacet
 facet normal  0.000000e+00  8.495793e-01  5.274609e-01
   outer loop
     vertex  3.800000e+00 -8.317352e+00 -5.323278e+00
     vertex -3.800000e+00 -8.317352e+00 -5.323278e+00
     vertex  3.800000e+00 -8.460260e+00 -5.093096e+00
   endloop
 endfacet
 facet normal  0.000000e+00  8.347891e-01  5.505698e-01
   outer loop
     vertex  3.800000e+00 -8.168182e+00 -5.549453e+00
     vertex -3.800000e+00 -8.168182e+00 -5.549453e+00
     vertex -3.800000e+00 -8.317352e+00 -5.323278e+00
   endloop
 endfacet
 facet normal  0.000000e+00  8.347891e-01  5.505698e-01
   outer loop
     vertex  3.800000e+00 -8.168182e+00 -5.549453e+00
     vertex -3.800000e+00 -8.317352e+00 -5.323278e+00
     vertex  3.800000e+00 -8.317352e+00 -5.323278e+00
   endloop
 endfacet
 facet normal  0.000000e+00  8.193706e-01  5.732642e-01
   outer loop
     vertex  3.800000e+00 -8.012864e+00 -5.771450e+00
     vertex -3.800000e+00 -8.012864e+00 -5.771450e+00
     vertex -3.800000e+00 -8.168182e+00 -5.549453e+00
   endloop
 endfacet
 facet normal  0.000000e+00  8.193706e-01  5.732642e-01
   outer loop
     vertex  3.800000e+00 -8.012864e+00 -5.771450e+00
     vertex -3.800000e+00 -8.168182e+00 -5.549453e+00
     vertex  3.800000e+00 -8.168182e+00 -5.549453e+00
   endloop
 endfacet
 facet normal  0.000000e+00  8.033352e-01  5.955271e-01
   outer loop
     vertex  3.800000e+00 -7.851514e+00 -5.989103e+00
     vertex -3.800000e+00 -7.851514e+00 -5.989103e+00
     vertex -3.800000e+00 -8.012864e+00 -5.771450e+00
   endloop
 endfacet
 facet normal  0.000000e+00  7.866951e-01  6.173417e-01
   outer loop
     vertex  3.800000e+00 -7.851514e+00 -5.989103e+00
     vertex -3.800000e+00 -7.684253e+00 -6.202248e+00
     vertex -3.800000e+00 -7.851514e+00 -5.989103e+00
   endloop
 endfacet
 facet normal  0.000000e+00  8.033352e-01  5.955271e-01
   outer loop
     vertex  3.800000e+00 -7.851514e+00 -5.989103e+00
     vertex -3.800000e+00 -8.012864e+00 -5.771450e+00
     vertex  3.800000e+00 -8.012864e+00 -5.771450e+00
   endloop
 endfacet
 facet normal  0.000000e+00  7.866951e-01  6.173417e-01
   outer loop
     vertex  3.800000e+00 -7.684253e+00 -6.202248e+00
     vertex -3.800000e+00 -7.684253e+00 -6.202248e+00
     vertex  3.800000e+00 -7.851514e+00 -5.989103e+00
   endloop
 endfacet
 facet normal  0.000000e+00  7.694628e-01  6.386916e-01
   outer loop
     vertex  3.800000e+00 -7.511208e+00 -6.410724e+00
     vertex -3.800000e+00 -7.511208e+00 -6.410724e+00
     vertex -3.800000e+00 -7.684253e+00 -6.202248e+00
   endloop
 endfacet
 facet normal  0.000000e+00  7.516513e-01  6.595607e-01
   outer loop
     vertex  3.800000e+00 -7.511208e+00 -6.410724e+00
     vertex -3.800000e+00 -7.332509e+00 -6.614374e+00
     vertex -3.800000e+00 -7.511208e+00 -6.410724e+00
   endloop
 endfacet
 facet normal  0.000000e+00  7.694628e-01  6.386916e-01
   outer loop
     vertex  3.800000e+00 -7.511208e+00 -6.410724e+00
     vertex -3.800000e+00 -7.684253e+00 -6.202248e+00
     vertex  3.800000e+00 -7.684253e+00 -6.202248e+00
   endloop
 endfacet
 facet normal  0.000000e+00  7.332740e-01  6.799333e-01
   outer loop
     vertex  3.800000e+00 -7.332509e+00 -6.614374e+00
     vertex -3.800000e+00 -7.148290e+00 -6.813045e+00
     vertex -3.800000e+00 -7.332509e+00 -6.614374e+00
   endloop
 endfacet
 facet normal  0.000000e+00  7.516513e-01  6.595607e-01
   outer loop
     vertex  3.800000e+00 -7.332509e+00 -6.614374e+00
     vertex -3.800000e+00 -7.332509e+00 -6.614374e+00
     vertex  3.800000e+00 -7.511208e+00 -6.410724e+00
   endloop
 endfacet
 facet normal  0.000000e+00  7.332740e-01  6.799333e-01
   outer loop
     vertex  3.800000e+00 -7.148290e+00 -6.813045e+00
     vertex -3.800000e+00 -7.148290e+00 -6.813045e+00
     vertex  3.800000e+00 -7.332509e+00 -6.614374e+00
   endloop
 endfacet
 facet normal  0.000000e+00  7.143447e-01  6.997940e-01
   outer loop
     vertex  3.800000e+00 -6.958690e+00 -7.006587e+00
     vertex -3.800000e+00 -6.958690e+00 -7.006587e+00
     vertex -3.800000e+00 -7.148290e+00 -6.813045e+00
   endloop
 endfacet
 facet normal  0.000000e+00  7.143447e-01  6.997940e-01
   outer loop
     vertex  3.800000e+00 -6.958690e+00 -7.006587e+00
     vertex -3.800000e+00 -7.148290e+00 -6.813045e+00
     vertex  3.800000e+00 -7.148290e+00 -6.813045e+00
   endloop
 endfacet
 facet normal  0.000000e+00  6.948776e-01  7.191280e-01
   outer loop
     vertex  3.800000e+00 -6.763852e+00 -7.194855e+00
     vertex -3.800000e+00 -6.958690e+00 -7.006587e+00
     vertex  3.800000e+00 -6.958690e+00 -7.006587e+00
   endloop
 endfacet
 facet normal  0.000000e+00  6.948776e-01  7.191280e-01
   outer loop
     vertex  3.800000e+00 -6.763852e+00 -7.194855e+00
     vertex -3.800000e+00 -6.763852e+00 -7.194855e+00
     vertex -3.800000e+00 -6.958690e+00 -7.006587e+00
   endloop
 endfacet
 facet normal  0.000000e+00  6.748875e-01  7.379206e-01
   outer loop
     vertex  3.800000e+00 -6.563922e+00 -7.377706e+00
     vertex -3.800000e+00 -6.763852e+00 -7.194855e+00
     vertex  3.800000e+00 -6.763852e+00 -7.194855e+00
   endloop
 endfacet
 facet normal  0.000000e+00  6.748875e-01  7.379206e-01
   outer loop
     vertex  3.800000e+00 -6.563922e+00 -7.377706e+00
     vertex -3.800000e+00 -6.563922e+00 -7.377706e+00
     vertex -3.800000e+00 -6.763852e+00 -7.194855e+00
   endloop
 endfacet
 facet normal  0.000000e+00  6.543893e-01  7.561578e-01
   outer loop
     vertex  3.800000e+00 -6.359051e+00 -7.555005e+00
     vertex -3.800000e+00 -6.563922e+00 -7.377706e+00
     vertex  3.800000e+00 -6.563922e+00 -7.377706e+00
   endloop
 endfacet
 facet normal  0.000000e+00  6.543893e-01  7.561578e-01
   outer loop
     vertex  3.800000e+00 -6.359051e+00 -7.555005e+00
     vertex -3.800000e+00 -6.359051e+00 -7.555005e+00
     vertex -3.800000e+00 -6.563922e+00 -7.377706e+00
   endloop
 endfacet
 facet normal  0.000000e+00  6.333986e-01  7.738257e-01
   outer loop
     vertex  3.800000e+00 -6.149393e+00 -7.726615e+00
     vertex -3.800000e+00 -6.149393e+00 -7.726615e+00
     vertex -3.800000e+00 -6.359051e+00 -7.555005e+00
   endloop
 endfacet
 facet normal  0.000000e+00  6.119310e-01  7.909112e-01
   outer loop
     vertex  3.800000e+00 -6.149393e+00 -7.726615e+00
     vertex -3.800000e+00 -5.935106e+00 -7.892410e+00
     vertex -3.800000e+00 -6.149393e+00 -7.726615e+00
   endloop
 endfacet
 facet normal  0.000000e+00  6.333986e-01  7.738257e-01
   outer loop
     vertex  3.800000e+00 -6.149393e+00 -7.726615e+00
     vertex -3.800000e+00 -6.359051e+00 -7.555005e+00
     vertex  3.800000e+00 -6.359051e+00 -7.555005e+00
   endloop
 endfacet
 facet normal  0.000000e+00  5.900028e-01  8.074012e-01
   outer loop
     vertex  3.800000e+00 -5.935106e+00 -7.892410e+00
     vertex -3.800000e+00 -5.716352e+00 -8.052263e+00
     vertex -3.800000e+00 -5.935106e+00 -7.892410e+00
   endloop
 endfacet
 facet normal  0.000000e+00  6.119310e-01  7.909112e-01
   outer loop
     vertex  3.800000e+00 -5.935106e+00 -7.892410e+00
     vertex -3.800000e+00 -5.935106e+00 -7.892410e+00
     vertex  3.800000e+00 -6.149393e+00 -7.726615e+00
   endloop
 endfacet
 facet normal  0.000000e+00  5.900028e-01  8.074012e-01
   outer loop
     vertex  3.800000e+00 -5.716352e+00 -8.052263e+00
     vertex -3.800000e+00 -5.716352e+00 -8.052263e+00
     vertex  3.800000e+00 -5.935106e+00 -7.892410e+00
   endloop
 endfacet
 facet normal  0.000000e+00  5.676304e-01  8.232835e-01
   outer loop
     vertex  3.800000e+00 -5.493294e+00 -8.206055e+00
     vertex -3.800000e+00 -5.493294e+00 -8.206055e+00
     vertex -3.800000e+00 -5.716352e+00 -8.052263e+00
   endloop
 endfacet
 facet normal  0.000000e+00  5.448308e-01  8.385460e-01
   outer loop
     vertex  3.800000e+00 -5.493294e+00 -8.206055e+00
     vertex -3.800000e+00 -5.266101e+00 -8.353670e+00
     vertex -3.800000e+00 -5.493294e+00 -8.206055e+00
   endloop
 endfacet
 facet normal  0.000000e+00  5.676304e-01  8.232835e-01
   outer loop
     vertex  3.800000e+00 -5.493294e+00 -8.206055e+00
     vertex -3.800000e+00 -5.716352e+00 -8.052263e+00
     vertex  3.800000e+00 -5.716352e+00 -8.052263e+00
   endloop
 endfacet
 facet normal  0.000000e+00  5.448308e-01  8.385460e-01
   outer loop
     vertex  3.800000e+00 -5.266101e+00 -8.353670e+00
     vertex -3.800000e+00 -5.266101e+00 -8.353670e+00
     vertex  3.800000e+00 -5.493294e+00 -8.206055e+00
   endloop
 endfacet
 facet normal  0.000000e+00  5.216210e-01  8.531773e-01
   outer loop
     vertex  3.800000e+00 -5.034944e+00 -8.494996e+00
     vertex -3.800000e+00 -5.034944e+00 -8.494996e+00
     vertex -3.800000e+00 -5.266101e+00 -8.353670e+00
   endloop
 endfacet
 facet normal  0.000000e+00  5.216210e-01  8.531773e-01
   outer loop
     vertex  3.800000e+00 -5.034944e+00 -8.494996e+00
     vertex -3.800000e+00 -5.266101e+00 -8.353670e+00
     vertex  3.800000e+00 -5.266101e+00 -8.353670e+00
   endloop
 endfacet
 facet normal  0.000000e+00  4.980186e-01  8.671664e-01
   outer loop
     vertex  3.800000e+00 -4.799997e+00 -8.629928e+00
     vertex -3.800000e+00 -4.799997e+00 -8.629928e+00
     vertex -3.800000e+00 -5.034944e+00 -8.494996e+00
   endloop
 endfacet
 facet normal  0.000000e+00  4.980186e-01  8.671664e-01
   outer loop
     vertex  3.800000e+00 -4.799997e+00 -8.629928e+00
     vertex -3.800000e+00 -5.034944e+00 -8.494996e+00
     vertex  3.800000e+00 -5.034944e+00 -8.494996e+00
   endloop
 endfacet
 facet normal  0.000000e+00  4.740412e-01  8.805026e-01
   outer loop
     vertex  3.800000e+00 -4.561436e+00 -8.758363e+00
     vertex -3.800000e+00 -4.561436e+00 -8.758363e+00
     vertex -3.800000e+00 -4.799997e+00 -8.629928e+00
   endloop
 endfacet
 facet normal  0.000000e+00  4.740412e-01  8.805026e-01
   outer loop
     vertex  3.800000e+00 -4.561436e+00 -8.758363e+00
     vertex -3.800000e+00 -4.799997e+00 -8.629928e+00
     vertex  3.800000e+00 -4.799997e+00 -8.629928e+00
   endloop
 endfacet
 facet normal  0.000000e+00  4.497071e-01  8.931761e-01
   outer loop
     vertex  3.800000e+00 -4.319442e+00 -8.880205e+00
     vertex -3.800000e+00 -4.319442e+00 -8.880205e+00
     vertex -3.800000e+00 -4.561436e+00 -8.758363e+00
   endloop
 endfacet
 facet normal  0.000000e+00  4.497071e-01  8.931761e-01
   outer loop
     vertex  3.800000e+00 -4.319442e+00 -8.880205e+00
     vertex -3.800000e+00 -4.561436e+00 -8.758363e+00
     vertex  3.800000e+00 -4.561436e+00 -8.758363e+00
   endloop
 endfacet
 facet normal  0.000000e+00  4.250344e-01  9.051772e-01
   outer loop
     vertex  3.800000e+00 -4.074196e+00 -8.995363e+00
     vertex -3.800000e+00 -4.074196e+00 -8.995363e+00
     vertex -3.800000e+00 -4.319442e+00 -8.880205e+00
   endloop
 endfacet
 facet normal  0.000000e+00  4.250344e-01  9.051772e-01
   outer loop
     vertex  3.800000e+00 -4.074196e+00 -8.995363e+00
     vertex -3.800000e+00 -4.319442e+00 -8.880205e+00
     vertex  3.800000e+00 -4.319442e+00 -8.880205e+00
   endloop
 endfacet
 facet normal  0.000000e+00  4.000417e-01  9.164969e-01
   outer loop
     vertex  3.800000e+00 -3.825884e+00 -9.103749e+00
     vertex -3.800000e+00 -3.825884e+00 -9.103749e+00
     vertex -3.800000e+00 -4.074196e+00 -8.995363e+00
   endloop
 endfacet
 facet normal  0.000000e+00  4.000417e-01  9.164969e-01
   outer loop
     vertex  3.800000e+00 -3.825884e+00 -9.103749e+00
     vertex -3.800000e+00 -4.074196e+00 -8.995363e+00
     vertex  3.800000e+00 -4.074196e+00 -8.995363e+00
   endloop
 endfacet
 facet normal  0.000000e+00  3.747479e-01  9.271267e-01
   outer loop
     vertex  3.800000e+00 -3.574691e+00 -9.205282e+00
     vertex -3.800000e+00 -3.574691e+00 -9.205282e+00
     vertex -3.800000e+00 -3.825884e+00 -9.103749e+00
   endloop
 endfacet
 facet normal  0.000000e+00  3.747479e-01  9.271267e-01
   outer loop
     vertex  3.800000e+00 -3.574691e+00 -9.205282e+00
     vertex -3.800000e+00 -3.825884e+00 -9.103749e+00
     vertex  3.800000e+00 -3.825884e+00 -9.103749e+00
   endloop
 endfacet
 facet normal  0.000000e+00  3.491720e-01  9.370586e-01
   outer loop
     vertex  3.800000e+00 -3.320808e+00 -9.299885e+00
     vertex -3.800000e+00 -3.320808e+00 -9.299885e+00
     vertex -3.800000e+00 -3.574691e+00 -9.205282e+00
   endloop
 endfacet
 facet normal  0.000000e+00  3.491720e-01  9.370586e-01
   outer loop
     vertex  3.800000e+00 -3.320808e+00 -9.299885e+00
     vertex -3.800000e+00 -3.574691e+00 -9.205282e+00
     vertex  3.800000e+00 -3.574691e+00 -9.205282e+00
   endloop
 endfacet
 facet normal  0.000000e+00  3.233333e-01  9.462851e-01
   outer loop
     vertex  3.800000e+00 -3.064424e+00 -9.387488e+00
     vertex -3.800000e+00 -3.064424e+00 -9.387488e+00
     vertex -3.800000e+00 -3.320808e+00 -9.299885e+00
   endloop
 endfacet
 facet normal  0.000000e+00  3.233333e-01  9.462851e-01
   outer loop
     vertex  3.800000e+00 -3.064424e+00 -9.387488e+00
     vertex -3.800000e+00 -3.320808e+00 -9.299885e+00
     vertex  3.800000e+00 -3.320808e+00 -9.299885e+00
   endloop
 endfacet
 facet normal  0.000000e+00  2.972512e-01  9.547993e-01
   outer loop
     vertex  3.800000e+00 -2.805734e+00 -9.468024e+00
     vertex -3.800000e+00 -2.805734e+00 -9.468024e+00
     vertex -3.800000e+00 -3.064424e+00 -9.387488e+00
   endloop
 endfacet
 facet normal  0.000000e+00  2.972512e-01  9.547993e-01
   outer loop
     vertex  3.800000e+00 -2.805734e+00 -9.468024e+00
     vertex -3.800000e+00 -3.064424e+00 -9.387488e+00
     vertex  3.800000e+00 -3.064424e+00 -9.387488e+00
   endloop
 endfacet
 facet normal  0.000000e+00  2.709453e-01  9.625948e-01
   outer loop
     vertex  3.800000e+00 -2.544932e+00 -9.541433e+00
     vertex -3.800000e+00 -2.544932e+00 -9.541433e+00
     vertex -3.800000e+00 -2.805734e+00 -9.468024e+00
   endloop
 endfacet
 facet normal  0.000000e+00  2.709453e-01  9.625948e-01
   outer loop
     vertex  3.800000e+00 -2.544932e+00 -9.541433e+00
     vertex -3.800000e+00 -2.805734e+00 -9.468024e+00
     vertex  3.800000e+00 -2.805734e+00 -9.468024e+00
   endloop
 endfacet
 facet normal  0.000000e+00  2.444354e-01  9.696656e-01
   outer loop
     vertex  3.800000e+00 -2.282214e+00 -9.607660e+00
     vertex -3.800000e+00 -2.282214e+00 -9.607660e+00
     vertex -3.800000e+00 -2.544932e+00 -9.541433e+00
   endloop
 endfacet
 facet normal  0.000000e+00  2.444354e-01  9.696656e-01
   outer loop
     vertex  3.800000e+00 -2.282214e+00 -9.607660e+00
     vertex -3.800000e+00 -2.544932e+00 -9.541433e+00
     vertex  3.800000e+00 -2.544932e+00 -9.541433e+00
   endloop
 endfacet
 facet normal  0.000000e+00  2.177416e-01  9.760065e-01
   outer loop
     vertex  3.800000e+00 -2.017778e+00 -9.666654e+00
     vertex -3.800000e+00 -2.017778e+00 -9.666654e+00
     vertex -3.800000e+00 -2.282214e+00 -9.607660e+00
   endloop
 endfacet
 facet normal  0.000000e+00  2.177416e-01  9.760065e-01
   outer loop
     vertex  3.800000e+00 -2.017778e+00 -9.666654e+00
     vertex -3.800000e+00 -2.282214e+00 -9.607660e+00
     vertex  3.800000e+00 -2.282214e+00 -9.607660e+00
   endloop
 endfacet
 facet normal  0.000000e+00  1.908838e-01  9.816126e-01
   outer loop
     vertex  3.800000e+00 -1.751823e+00 -9.718371e+00
     vertex -3.800000e+00 -1.751823e+00 -9.718371e+00
     vertex -3.800000e+00 -2.017778e+00 -9.666654e+00
   endloop
 endfacet
 facet normal  0.000000e+00  1.908838e-01  9.816126e-01
   outer loop
     vertex  3.800000e+00 -1.751823e+00 -9.718371e+00
     vertex -3.800000e+00 -2.017778e+00 -9.666654e+00
     vertex  3.800000e+00 -2.017778e+00 -9.666654e+00
   endloop
 endfacet
 facet normal  0.000000e+00  1.638824e-01  9.864799e-01
   outer loop
     vertex  3.800000e+00 -1.484549e+00 -9.762773e+00
     vertex -3.800000e+00 -1.484549e+00 -9.762773e+00
     vertex -3.800000e+00 -1.751823e+00 -9.718371e+00
   endloop
 endfacet
 facet normal  0.000000e+00  1.638824e-01  9.864799e-01
   outer loop
     vertex  3.800000e+00 -1.484549e+00 -9.762773e+00
     vertex -3.800000e+00 -1.751823e+00 -9.718371e+00
     vertex  3.800000e+00 -1.751823e+00 -9.718371e+00
   endloop
 endfacet
 facet normal  0.000000e+00  1.367575e-01  9.906046e-01
   outer loop
     vertex  3.800000e+00 -1.216158e+00 -9.799826e+00
     vertex -3.800000e+00 -1.216158e+00 -9.799826e+00
     vertex -3.800000e+00 -1.484549e+00 -9.762773e+00
   endloop
 endfacet
 facet normal  0.000000e+00  1.367575e-01  9.906046e-01
   outer loop
     vertex  3.800000e+00 -1.216158e+00 -9.799826e+00
     vertex -3.800000e+00 -1.484549e+00 -9.762773e+00
     vertex  3.800000e+00 -1.484549e+00 -9.762773e+00
   endloop
 endfacet
 facet normal  0.000000e+00  1.095298e-01  9.939835e-01
   outer loop
     vertex  3.800000e+00 -9.468514e-01 -9.829501e+00
     vertex -3.800000e+00 -1.216158e+00 -9.799826e+00
     vertex  3.800000e+00 -1.216158e+00 -9.799826e+00
   endloop
 endfacet
 facet normal  0.000000e+00  1.095298e-01  9.939835e-01
   outer loop
     vertex  3.800000e+00 -9.468514e-01 -9.829501e+00
     vertex -3.800000e+00 -9.468514e-01 -9.829501e+00
     vertex -3.800000e+00 -1.216158e+00 -9.799826e+00
   endloop
 endfacet
 facet normal  0.000000e+00  8.221955e-02  9.966142e-01
   outer loop
     vertex  3.800000e+00 -6.768320e-01 -9.851778e+00
     vertex -3.800000e+00 -9.468514e-01 -9.829501e+00
     vertex  3.800000e+00 -9.468514e-01 -9.829501e+00
   endloop
 endfacet
 facet normal  0.000000e+00  8.221955e-02  9.966142e-01
   outer loop
     vertex  3.800000e+00 -6.768320e-01 -9.851778e+00
     vertex -3.800000e+00 -6.768320e-01 -9.851778e+00
     vertex -3.800000e+00 -9.468514e-01 -9.829501e+00
   endloop
 endfacet
 facet normal  0.000000e+00  5.484744e-02  9.984947e-01
   outer loop
     vertex  3.800000e+00 -4.063031e-01 -9.866638e+00
     vertex -3.800000e+00 -6.768320e-01 -9.851778e+00
     vertex  3.800000e+00 -6.768320e-01 -9.851778e+00
   endloop
 endfacet
 facet normal  0.000000e+00  5.484744e-02  9.984947e-01
   outer loop
     vertex  3.800000e+00 -4.063031e-01 -9.866638e+00
     vertex -3.800000e+00 -4.063031e-01 -9.866638e+00
     vertex -3.800000e+00 -6.768320e-01 -9.851778e+00
   endloop
 endfacet
 facet normal  0.000000e+00  2.743405e-02  9.996236e-01
   outer loop
     vertex  3.800000e+00 -1.354684e-01 -9.874071e+00
     vertex -3.800000e+00 -4.063031e-01 -9.866638e+00
     vertex  3.800000e+00 -4.063031e-01 -9.866638e+00
   endloop
 endfacet
 facet normal  0.000000e+00  2.743405e-02  9.996236e-01
   outer loop
     vertex  3.800000e+00 -1.354684e-01 -9.874071e+00
     vertex -3.800000e+00 -1.354684e-01 -9.874071e+00
     vertex -3.800000e+00 -4.063031e-01 -9.866638e+00
   endloop
 endfacet
 facet normal  0.000000e+00 -6.556353e-15  1.000000e+00
   outer loop
     vertex  3.800000e+00  1.354684e-01 -9.874071e+00
     vertex -3.800000e+00 -1.354684e-01 -9.874071e+00
     vertex  3.800000e+00 -1.354684e-01 -9.874071e+00
   endloop
 endfacet
 facet normal  0.000000e+00 -6.556353e-15  1.000000e+00
   outer loop
     vertex  3.800000e+00  1.354684e-01 -9.874071e+00
     vertex -3.800000e+00  1.354684e-01 -9.874071e+00
     vertex -3.800000e+00 -1.354684e-01 -9.874071e+00
   endloop
 endfacet
 facet normal  0.000000e+00 -2.743405e-02  9.996236e-01
   outer loop
     vertex  3.800000e+00  4.063031e-01 -9.866638e+00
     vertex -3.800000e+00  1.354684e-01 -9.874071e+00
     vertex  3.800000e+00  1.354684e-01 -9.874071e+00
   endloop
 endfacet
 facet normal  0.000000e+00 -2.743405e-02  9.996236e-01
   outer loop
     vertex  3.800000e+00  4.063031e-01 -9.866638e+00
     vertex -3.800000e+00  4.063031e-01 -9.866638e+00
     vertex -3.800000e+00  1.354684e-01 -9.874071e+00
   endloop
 endfacet
 facet normal  0.000000e+00 -5.484744e-02  9.984947e-01
   outer loop
     vertex  3.800000e+00  6.768320e-01 -9.851778e+00
     vertex -3.800000e+00  4.063031e-01 -9.866638e+00
     vertex  3.800000e+00  4.063031e-01 -9.866638e+00
   endloop
 endfacet
 facet normal  0.000000e+00 -5.484744e-02  9.984947e-01
   outer loop
     vertex  3.800000e+00  6.768320e-01 -9.851778e+00
     vertex -3.800000e+00  6.768320e-01 -9.851778e+00
     vertex -3.800000e+00  4.063031e-01 -9.866638e+00
   endloop
 endfacet
 facet normal  0.000000e+00 -8.221955e-02  9.966142e-01
   outer loop
     vertex  3.800000e+00  9.468514e-01 -9.829501e+00
     vertex -3.800000e+00  6.768320e-01 -9.851778e+00
     vertex  3.800000e+00  6.768320e-01 -9.851778e+00
   endloop
 endfacet
 facet normal  0.000000e+00 -8.221955e-02  9.966142e-01
   outer loop
     vertex  3.800000e+00  9.468514e-01 -9.829501e+00
     vertex -3.800000e+00  9.468514e-01 -9.829501e+00
     vertex -3.800000e+00  6.768320e-01 -9.851778e+00
   endloop
 endfacet
 facet normal  0.000000e+00 -1.095298e-01  9.939835e-01
   outer loop
     vertex  3.800000e+00  1.216158e+00 -9.799826e+00
     vertex -3.800000e+00  9.468514e-01 -9.829501e+00
     vertex  3.800000e+00  9.468514e-01 -9.829501e+00
   endloop
 endfacet
 facet normal  0.000000e+00 -1.095298e-01  9.939835e-01
   outer loop
     vertex  3.800000e+00  1.216158e+00 -9.799826e+00
     vertex -3.800000e+00  1.216158e+00 -9.799826e+00
     vertex -3.800000e+00  9.468514e-01 -9.829501e+00
   endloop
 endfacet
 facet normal  0.000000e+00 -1.367575e-01  9.906046e-01
   outer loop
     vertex  3.800000e+00  1.484549e+00 -9.762773e+00
     vertex -3.800000e+00  1.216158e+00 -9.799826e+00
     vertex  3.800000e+00  1.216158e+00 -9.799826e+00
   endloop
 endfacet
 facet normal  0.000000e+00 -1.367575e-01  9.906046e-01
   outer loop
     vertex  3.800000e+00  1.484549e+00 -9.762773e+00
     vertex -3.800000e+00  1.484549e+00 -9.762773e+00
     vertex -3.800000e+00  1.216158e+00 -9.799826e+00
   endloop
 endfacet
 facet normal  0.000000e+00 -1.638824e-01  9.864799e-01
   outer loop
     vertex  3.800000e+00  1.751823e+00 -9.718371e+00
     vertex -3.800000e+00  1.484549e+00 -9.762773e+00
     vertex  3.800000e+00  1.484549e+00 -9.762773e+00
   endloop
 endfacet
 facet normal  0.000000e+00 -1.638824e-01  9.864799e-01
   outer loop
     vertex  3.800000e+00  1.751823e+00 -9.718371e+00
     vertex -3.800000e+00  1.751823e+00 -9.718371e+00
     vertex -3.800000e+00  1.484549e+00 -9.762773e+00
   endloop
 endfacet
 facet normal  0.000000e+00 -1.908838e-01  9.816126e-01
   outer loop
     vertex  3.800000e+00  2.017778e+00 -9.666654e+00
     vertex -3.800000e+00  1.751823e+00 -9.718371e+00
     vertex  3.800000e+00  1.751823e+00 -9.718371e+00
   endloop
 endfacet
 facet normal  0.000000e+00 -1.908838e-01  9.816126e-01
   outer loop
     vertex  3.800000e+00  2.017778e+00 -9.666654e+00
     vertex -3.800000e+00  2.017778e+00 -9.666654e+00
     vertex -3.800000e+00  1.751823e+00 -9.718371e+00
   endloop
 endfacet
 facet normal  0.000000e+00 -2.177416e-01  9.760065e-01
   outer loop
     vertex  3.800000e+00  2.282214e+00 -9.607660e+00
     vertex -3.800000e+00  2.282214e+00 -9.607660e+00
     vertex -3.800000e+00  2.017778e+00 -9.666654e+00
   endloop
 endfacet
 facet normal  0.000000e+00 -2.177416e-01  9.760065e-01
   outer loop
     vertex  3.800000e+00  2.282214e+00 -9.607660e+00
     vertex -3.800000e+00  2.017778e+00 -9.666654e+00
     vertex  3.800000e+00  2.017778e+00 -9.666654e+00
   endloop
 endfacet
 facet normal  0.000000e+00 -2.444354e-01  9.696656e-01
   outer loop
     vertex  3.800000e+00  2.544932e+00 -9.541433e+00
     vertex -3.800000e+00  2.544932e+00 -9.541433e+00
     vertex -3.800000e+00  2.282214e+00 -9.607660e+00
   endloop
 endfacet
 facet normal  0.000000e+00 -2.444354e-01  9.696656e-01
   outer loop
     vertex  3.800000e+00  2.544932e+00 -9.541433e+00
     vertex -3.800000e+00  2.282214e+00 -9.607660e+00
     vertex  3.800000e+00  2.282214e+00 -9.607660e+00
   endloop
 endfacet
 facet normal  0.000000e+00 -2.709453e-01  9.625948e-01
   outer loop
     vertex  3.800000e+00  2.805734e+00 -9.468024e+00
     vertex -3.800000e+00  2.544932e+00 -9.541433e+00
     vertex  3.800000e+00  2.544932e+00 -9.541433e+00
   endloop
 endfacet
 facet normal  0.000000e+00 -2.709453e-01  9.625948e-01
   outer loop
     vertex  3.800000e+00  2.805734e+00 -9.468024e+00
     vertex -3.800000e+00  2.805734e+00 -9.468024e+00
     vertex -3.800000e+00  2.544932e+00 -9.541433e+00
   endloop
 endfacet
 facet normal  0.000000e+00 -2.972512e-01  9.547993e-01
   outer loop
     vertex  3.800000e+00  3.064424e+00 -9.387488e+00
     vertex -3.800000e+00  3.064424e+00 -9.387488e+00
     vertex -3.800000e+00  2.805734e+00 -9.468024e+00
   endloop
 endfacet
 facet normal  0.000000e+00 -2.972512e-01  9.547993e-01
   outer loop
     vertex  3.800000e+00  3.064424e+00 -9.387488e+00
     vertex -3.800000e+00  2.805734e+00 -9.468024e+00
     vertex  3.800000e+00  2.805734e+00 -9.468024e+00
   endloop
 endfacet
 facet normal  0.000000e+00 -3.233333e-01  9.462851e-01
   outer loop
     vertex  3.800000e+00  3.320808e+00 -9.299885e+00
     vertex -3.800000e+00  3.320808e+00 -9.299885e+00
     vertex -3.800000e+00  3.064424e+00 -9.387488e+00
   endloop
 endfacet
 facet normal  0.000000e+00 -3.233333e-01  9.462851e-01
   outer loop
     vertex  3.800000e+00  3.320808e+00 -9.299885e+00
     vertex -3.800000e+00  3.064424e+00 -9.387488e+00
     vertex  3.800000e+00  3.064424e+00 -9.387488e+00
   endloop
 endfacet
 facet normal  0.000000e+00 -3.491720e-01  9.370586e-01
   outer loop
     vertex  3.800000e+00  3.574691e+00 -9.205282e+00
     vertex -3.800000e+00  3.574691e+00 -9.205282e+00
     vertex -3.800000e+00  3.320808e+00 -9.299885e+00
   endloop
 endfacet
 facet normal  0.000000e+00 -3.491720e-01  9.370586e-01
   outer loop
     vertex  3.800000e+00  3.574691e+00 -9.205282e+00
     vertex -3.800000e+00  3.320808e+00 -9.299885e+00
     vertex  3.800000e+00  3.320808e+00 -9.299885e+00
   endloop
 endfacet
 facet normal  0.000000e+00 -3.747479e-01  9.271267e-01
   outer loop
     vertex  3.800000e+00  3.825884e+00 -9.103749e+00
     vertex -3.800000e+00  3.825884e+00 -9.103749e+00
     vertex -3.800000e+00  3.574691e+00 -9.205282e+00
   endloop
 endfacet
 facet normal  0.000000e+00 -3.747479e-01  9.271267e-01
   outer loop
     vertex  3.800000e+00  3.825884e+00 -9.103749e+00
     vertex -3.800000e+00  3.574691e+00 -9.205282e+00
     vertex  3.800000e+00  3.574691e+00 -9.205282e+00
   endloop
 endfacet
 facet normal  0.000000e+00 -4.000417e-01  9.164969e-01
   outer loop
     vertex  3.800000e+00  4.074196e+00 -8.995363e+00
     vertex -3.800000e+00  4.074196e+00 -8.995363e+00
     vertex -3.800000e+00  3.825884e+00 -9.103749e+00
   endloop
 endfacet
 facet normal  0.000000e+00 -4.000417e-01  9.164969e-01
   outer loop
     vertex  3.800000e+00  4.074196e+00 -8.995363e+00
     vertex -3.800000e+00  3.825884e+00 -9.103749e+00
     vertex  3.800000e+00  3.825884e+00 -9.103749e+00
   endloop
 endfacet
 facet normal  0.000000e+00 -4.250344e-01  9.051772e-01
   outer loop
     vertex  3.800000e+00  4.319442e+00 -8.880205e+00
     vertex -3.800000e+00  4.319442e+00 -8.880205e+00
     vertex -3.800000e+00  4.074196e+00 -8.995363e+00
   endloop
 endfacet
 facet normal  0.000000e+00 -4.250344e-01  9.051772e-01
   outer loop
     vertex  3.800000e+00  4.319442e+00 -8.880205e+00
     vertex -3.800000e+00  4.074196e+00 -8.995363e+00
     vertex  3.800000e+00  4.074196e+00 -8.995363e+00
   endloop
 endfacet
 facet normal  0.000000e+00 -4.497071e-01  8.931761e-01
   outer loop
     vertex  3.800000e+00  4.561436e+00 -8.758363e+00
     vertex -3.800000e+00  4.561436e+00 -8.758363e+00
     vertex -3.800000e+00  4.319442e+00 -8.880205e+00
   endloop
 endfacet
 facet normal  0.000000e+00 -4.497071e-01  8.931761e-01
   outer loop
     vertex  3.800000e+00  4.561436e+00 -8.758363e+00
     vertex -3.800000e+00  4.319442e+00 -8.880205e+00
     vertex  3.800000e+00  4.319442e+00 -8.880205e+00
   endloop
 endfacet
 facet normal  0.000000e+00 -4.740412e-01  8.805026e-01
   outer loop
     vertex  3.800000e+00  4.799997e+00 -8.629928e+00
     vertex -3.800000e+00  4.799997e+00 -8.629928e+00
     vertex -3.800000e+00  4.561436e+00 -8.758363e+00
   endloop
 endfacet
 facet normal  0.000000e+00 -4.740412e-01  8.805026e-01
   outer loop
     vertex  3.800000e+00  4.799997e+00 -8.629928e+00
     vertex -3.800000e+00  4.561436e+00 -8.758363e+00
     vertex  3.800000e+00  4.561436e+00 -8.758363e+00
   endloop
 endfacet
 facet normal  0.000000e+00 -4.980186e-01  8.671664e-01
   outer loop
     vertex  3.800000e+00  5.034944e+00 -8.494996e+00
     vertex -3.800000e+00  5.034944e+00 -8.494996e+00
     vertex -3.800000e+00  4.799997e+00 -8.629928e+00
   endloop
 endfacet
 facet normal  0.000000e+00 -4.980186e-01  8.671664e-01
   outer loop
     vertex  3.800000e+00  5.034944e+00 -8.494996e+00
     vertex -3.800000e+00  4.799997e+00 -8.629928e+00
     vertex  3.800000e+00  4.799997e+00 -8.629928e+00
   endloop
 endfacet
 facet normal  0.000000e+00 -5.216210e-01  8.531773e-01
   outer loop
     vertex  3.800000e+00  5.266101e+00 -8.353670e+00
     vertex -3.800000e+00  5.266101e+00 -8.353670e+00
     vertex -3.800000e+00  5.034944e+00 -8.494996e+00
   endloop
 endfacet
 facet normal  0.000000e+00 -5.216210e-01  8.531773e-01
   outer loop
     vertex  3.800000e+00  5.266101e+00 -8.353670e+00
     vertex -3.800000e+00  5.034944e+00 -8.494996e+00
     vertex  3.800000e+00  5.034944e+00 -8.494996e+00
   endloop
 endfacet
 facet normal  0.000000e+00 -5.448308e-01  8.385460e-01
   outer loop
     vertex  3.800000e+00  5.493294e+00 -8.206055e+00
     vertex -3.800000e+00  5.493294e+00 -8.206055e+00
     vertex -3.800000e+00  5.266101e+00 -8.353670e+00
   endloop
 endfacet
 facet normal  0.000000e+00 -5.448308e-01  8.385460e-01
   outer loop
     vertex  3.800000e+00  5.493294e+00 -8.206055e+00
     vertex -3.800000e+00  5.266101e+00 -8.353670e+00
     vertex  3.800000e+00  5.266101e+00 -8.353670e+00
   endloop
 endfacet
 facet normal  0.000000e+00 -5.676304e-01  8.232835e-01
   outer loop
     vertex  3.800000e+00  5.716352e+00 -8.052263e+00
     vertex -3.800000e+00  5.493294e+00 -8.206055e+00
     vertex  3.800000e+00  5.493294e+00 -8.206055e+00
   endloop
 endfacet
 facet normal  0.000000e+00 -5.676304e-01  8.232835e-01
   outer loop
     vertex  3.800000e+00  5.716352e+00 -8.052263e+00
     vertex -3.800000e+00  5.716352e+00 -8.052263e+00
     vertex -3.800000e+00  5.493294e+00 -8.206055e+00
   endloop
 endfacet
 facet normal  0.000000e+00 -5.900028e-01  8.074012e-01
   outer loop
     vertex  3.800000e+00  5.935106e+00 -7.892410e+00
     vertex -3.800000e+00  5.716352e+00 -8.052263e+00
     vertex  3.800000e+00  5.716352e+00 -8.052263e+00
   endloop
 endfacet
 facet normal  0.000000e+00 -5.900028e-01  8.074012e-01
   outer loop
     vertex  3.800000e+00  5.935106e+00 -7.892410e+00
     vertex -3.800000e+00  5.935106e+00 -7.892410e+00
     vertex -3.800000e+00  5.716352e+00 -8.052263e+00
   endloop
 endfacet
 facet normal  0.000000e+00 -6.119310e-01  7.909112e-01
   outer loop
     vertex  3.800000e+00  6.149393e+00 -7.726615e+00
     vertex -3.800000e+00  5.935106e+00 -7.892410e+00
     vertex  3.800000e+00  5.935106e+00 -7.892410e+00
   endloop
 endfacet
 facet normal  0.000000e+00 -6.119310e-01  7.909112e-01
   outer loop
     vertex  3.800000e+00  6.149393e+00 -7.726615e+00
     vertex -3.800000e+00  6.149393e+00 -7.726615e+00
     vertex -3.800000e+00  5.935106e+00 -7.892410e+00
   endloop
 endfacet
 facet normal  0.000000e+00 -6.333986e-01  7.738257e-01
   outer loop
     vertex  3.800000e+00  6.359051e+00 -7.555005e+00
     vertex -3.800000e+00  6.149393e+00 -7.726615e+00
     vertex  3.800000e+00  6.149393e+00 -7.726615e+00
   endloop
 endfacet
 facet normal  0.000000e+00 -6.333986e-01  7.738257e-01
   outer loop
     vertex  3.800000e+00  6.359051e+00 -7.555005e+00
     vertex -3.800000e+00  6.359051e+00 -7.555005e+00
     vertex -3.800000e+00  6.149393e+00 -7.726615e+00
   endloop
 endfacet
 facet normal  0.000000e+00 -6.543893e-01  7.561578e-01
   outer loop
     vertex  3.800000e+00  6.563922e+00 -7.377706e+00
     vertex -3.800000e+00  6.359051e+00 -7.555005e+00
     vertex  3.800000e+00  6.359051e+00 -7.555005e+00
   endloop
 endfacet
 facet normal  0.000000e+00 -6.543893e-01  7.561578e-01
   outer loop
     vertex  3.800000e+00  6.563922e+00 -7.377706e+00
     vertex -3.800000e+00  6.563922e+00 -7.377706e+00
     vertex -3.800000e+00  6.359051e+00 -7.555005e+00
   endloop
 endfacet
 facet normal  0.000000e+00 -6.748875e-01  7.379206e-01
   outer loop
     vertex  3.800000e+00  6.763852e+00 -7.194855e+00
     vertex -3.800000e+00  6.563922e+00 -7.377706e+00
     vertex  3.800000e+00  6.563922e+00 -7.377706e+00
   endloop
 endfacet
 facet normal  0.000000e+00 -6.748875e-01  7.379206e-01
   outer loop
     vertex  3.800000e+00  6.763852e+00 -7.194855e+00
     vertex -3.800000e+00  6.763852e+00 -7.194855e+00
     vertex -3.800000e+00  6.563922e+00 -7.377706e+00
   endloop
 endfacet
 facet normal  0.000000e+00 -6.948776e-01  7.191280e-01
   outer loop
     vertex  3.800000e+00  6.958690e+00 -7.006587e+00
     vertex -3.800000e+00  6.763852e+00 -7.194855e+00
     vertex  3.800000e+00  6.763852e+00 -7.194855e+00
   endloop
 endfacet
 facet normal  0.000000e+00 -6.948776e-01  7.191280e-01
   outer loop
     vertex  3.800000e+00  6.958690e+00 -7.006587e+00
     vertex -3.800000e+00  6.958690e+00 -7.006587e+00
     vertex -3.800000e+00  6.763852e+00 -7.194855e+00
   endloop
 endfacet
 facet normal  0.000000e+00 -7.143447e-01  6.997940e-01
   outer loop
     vertex  3.800000e+00  7.148290e+00 -6.813045e+00
     vertex -3.800000e+00  6.958690e+00 -7.006587e+00
     vertex  3.800000e+00  6.958690e+00 -7.006587e+00
   endloop
 endfacet
 facet normal  0.000000e+00 -7.143447e-01  6.997940e-01
   outer loop
     vertex  3.800000e+00  7.148290e+00 -6.813045e+00
     vertex -3.800000e+00  7.148290e+00 -6.813045e+00
     vertex -3.800000e+00  6.958690e+00 -7.006587e+00
   endloop
 endfacet
 facet normal  0.000000e+00 -7.332740e-01  6.799333e-01
   outer loop
     vertex  3.800000e+00  7.332509e+00 -6.614374e+00
     vertex -3.800000e+00  7.148290e+00 -6.813045e+00
     vertex  3.800000e+00  7.148290e+00 -6.813045e+00
   endloop
 endfacet
 facet normal  0.000000e+00 -7.332740e-01  6.799333e-01
   outer loop
     vertex  3.800000e+00  7.332509e+00 -6.614374e+00
     vertex -3.800000e+00  7.332509e+00 -6.614374e+00
     vertex -3.800000e+00  7.148290e+00 -6.813045e+00
   endloop
 endfacet
 facet normal  0.000000e+00 -7.516513e-01  6.595607e-01
   outer loop
     vertex  3.800000e+00  7.511208e+00 -6.410724e+00
     vertex -3.800000e+00  7.332509e+00 -6.614374e+00
     vertex  3.800000e+00  7.332509e+00 -6.614374e+00
   endloop
 endfacet
 facet normal  0.000000e+00 -7.516513e-01  6.595607e-01
   outer loop
     vertex  3.800000e+00  7.511208e+00 -6.410724e+00
     vertex -3.800000e+00  7.511208e+00 -6.410724e+00
     vertex -3.800000e+00  7.332509e+00 -6.614374e+00
   endloop
 endfacet
 facet normal  0.000000e+00 -7.694628e-01  6.386916e-01
   outer loop
     vertex  3.800000e+00  7.684253e+00 -6.202248e+00
     vertex -3.800000e+00  7.511208e+00 -6.410724e+00
     vertex  3.800000e+00  7.511208e+00 -6.410724e+00
   endloop
 endfacet
 facet normal  0.000000e+00 -7.694628e-01  6.386916e-01
   outer loop
     vertex  3.800000e+00  7.684253e+00 -6.202248e+00
     vertex -3.800000e+00  7.684253e+00 -6.202248e+00
     vertex -3.800000e+00  7.511208e+00 -6.410724e+00
   endloop
 endfacet
 facet normal  0.000000e+00 -7.866951e-01  6.173417e-01
   outer loop
     vertex  3.800000e+00  7.851514e+00 -5.989103e+00
     vertex -3.800000e+00  7.684253e+00 -6.202248e+00
     vertex  3.800000e+00  7.684253e+00 -6.202248e+00
   endloop
 endfacet
 facet normal  0.000000e+00 -7.866951e-01  6.173417e-01
   outer loop
     vertex  3.800000e+00  7.851514e+00 -5.989103e+00
     vertex -3.800000e+00  7.851514e+00 -5.989103e+00
     vertex -3.800000e+00  7.684253e+00 -6.202248e+00
   endloop
 endfacet
 facet normal  0.000000e+00 -8.033352e-01  5.955271e-01
   outer loop
     vertex  3.800000e+00  8.012864e+00 -5.771450e+00
     vertex -3.800000e+00  7.851514e+00 -5.989103e+00
     vertex  3.800000e+00  7.851514e+00 -5.989103e+00
   endloop
 endfacet
 facet normal  0.000000e+00 -8.033352e-01  5.955271e-01
   outer loop
     vertex  3.800000e+00  8.012864e+00 -5.771450e+00
     vertex -3.800000e+00  8.012864e+00 -5.771450e+00
     vertex -3.800000e+00  7.851514e+00 -5.989103e+00
   endloop
 endfacet
 facet normal  0.000000e+00 -8.193706e-01  5.732642e-01
   outer loop
     vertex  3.800000e+00  8.168182e+00 -5.549453e+00
     vertex -3.800000e+00  8.012864e+00 -5.771450e+00
     vertex  3.800000e+00  8.012864e+00 -5.771450e+00
   endloop
 endfacet
 facet normal  0.000000e+00 -8.193706e-01  5.732642e-01
   outer loop
     vertex  3.800000e+00  8.168182e+00 -5.549453e+00
     vertex -3.800000e+00  8.168182e+00 -5.549453e+00
     vertex -3.800000e+00  8.012864e+00 -5.771450e+00
   endloop
 endfacet
 facet normal  0.000000e+00 -8.347891e-01  5.505698e-01
   outer loop
     vertex  3.800000e+00  8.317352e+00 -5.323278e+00
     vertex -3.800000e+00  8.168182e+00 -5.549453e+00
     vertex  3.800000e+00  8.168182e+00 -5.549453e+00
   endloop
 endfacet
 facet normal  0.000000e+00 -8.347891e-01  5.505698e-01
   outer loop
     vertex  3.800000e+00  8.317352e+00 -5.323278e+00
     vertex -3.800000e+00  8.317352e+00 -5.323278e+00
     vertex -3.800000e+00  8.168182e+00 -5.549453e+00
   endloop
 endfacet
 facet normal  0.000000e+00 -8.495793e-01  5.274609e-01
   outer loop
     vertex  3.800000e+00  8.460260e+00 -5.093096e+00
     vertex -3.800000e+00  8.317352e+00 -5.323278e+00
     vertex  3.800000e+00  8.317352e+00 -5.323278e+00
   endloop
 endfacet
 facet normal  0.000000e+00 -8.495793e-01  5.274609e-01
   outer loop
     vertex  3.800000e+00  8.460260e+00 -5.093096e+00
     vertex -3.800000e+00  8.460260e+00 -5.093096e+00
     vertex -3.800000e+00  8.317352e+00 -5.323278e+00
   endloop
 endfacet
 facet normal  0.000000e+00 -8.637299e-01  5.039550e-01
   outer loop
     vertex  3.800000e+00  8.596800e+00 -4.859079e+00
     vertex -3.800000e+00  8.460260e+00 -5.093096e+00
     vertex  3.800000e+00  8.460260e+00 -5.093096e+00
   endloop
 endfacet
 facet normal  0.000000e+00 -8.637299e-01  5.039550e-01
   outer loop
     vertex  3.800000e+00  8.596800e+00 -4.859079e+00
     vertex -3.800000e+00  8.596800e+00 -4.859079e+00
     vertex -3.800000e+00  8.460260e+00 -5.093096e+00
   endloop
 endfacet
 facet normal  0.000000e+00 -8.772303e-01  4.800697e-01
   outer loop
     vertex  3.800000e+00  8.726869e+00 -4.621406e+00
     vertex -3.800000e+00  8.596800e+00 -4.859079e+00
     vertex  3.800000e+00  8.596800e+00 -4.859079e+00
   endloop
 endfacet
 facet normal  0.000000e+00 -8.772303e-01  4.800697e-01
   outer loop
     vertex  3.800000e+00  8.726869e+00 -4.621406e+00
     vertex -3.800000e+00  8.726869e+00 -4.621406e+00
     vertex -3.800000e+00  8.596800e+00 -4.859079e+00
   endloop
 endfacet
 facet normal  0.000000e+00 -8.900704e-01  4.558231e-01
   outer loop
     vertex  3.800000e+00  8.850368e+00 -4.380253e+00
     vertex -3.800000e+00  8.726869e+00 -4.621406e+00
     vertex  3.800000e+00  8.726869e+00 -4.621406e+00
   endloop
 endfacet
 facet normal  0.000000e+00 -8.900704e-01  4.558231e-01
   outer loop
     vertex  3.800000e+00  8.850368e+00 -4.380253e+00
     vertex -3.800000e+00  8.850368e+00 -4.380253e+00
     vertex -3.800000e+00  8.726869e+00 -4.621406e+00
   endloop
 endfacet
 facet normal  0.000000e+00 -9.022405e-01  4.312333e-01
   outer loop
     vertex  3.800000e+00  8.967205e+00 -4.135803e+00
     vertex -3.800000e+00  8.850368e+00 -4.380253e+00
     vertex  3.800000e+00  8.850368e+00 -4.380253e+00
   endloop
 endfacet
 facet normal  0.000000e+00 -9.022405e-01  4.312333e-01
   outer loop
     vertex  3.800000e+00  8.967205e+00 -4.135803e+00
     vertex -3.800000e+00  8.967205e+00 -4.135803e+00
     vertex -3.800000e+00  8.850368e+00 -4.380253e+00
   endloop
 endfacet
 facet normal  0.000000e+00 -9.137314e-01  4.063188e-01
   outer loop
     vertex  3.800000e+00  9.077291e+00 -3.888239e+00
     vertex -3.800000e+00  8.967205e+00 -4.135803e+00
     vertex  3.800000e+00  8.967205e+00 -4.135803e+00
   endloop
 endfacet
 facet normal  0.000000e+00 -9.137314e-01  4.063188e-01
   outer loop
     vertex  3.800000e+00  9.077291e+00 -3.888239e+00
     vertex -3.800000e+00  9.077291e+00 -3.888239e+00
     vertex -3.800000e+00  8.967205e+00 -4.135803e+00
   endloop
 endfacet
 facet normal  0.000000e+00 -9.245344e-01  3.810986e-01
   outer loop
     vertex  3.800000e+00  9.180545e+00 -3.637749e+00
     vertex -3.800000e+00  9.180545e+00 -3.637749e+00
     vertex -3.800000e+00  9.077291e+00 -3.888239e+00
   endloop
 endfacet
 facet normal  0.000000e+00 -9.245344e-01  3.810986e-01
   outer loop
     vertex  3.800000e+00  9.180545e+00 -3.637749e+00
     vertex -3.800000e+00  9.077291e+00 -3.888239e+00
     vertex  3.800000e+00  9.077291e+00 -3.888239e+00
   endloop
 endfacet
 facet normal  0.000000e+00 -9.346415e-01  3.555914e-01
   outer loop
     vertex  3.800000e+00  9.276888e+00 -3.384520e+00
     vertex -3.800000e+00  9.276888e+00 -3.384520e+00
     vertex -3.800000e+00  9.180545e+00 -3.637749e+00
   endloop
 endfacet
 facet normal  0.000000e+00 -9.346415e-01  3.555914e-01
   outer loop
     vertex  3.800000e+00  9.276888e+00 -3.384520e+00
     vertex -3.800000e+00  9.180545e+00 -3.637749e+00
     vertex  3.800000e+00  9.180545e+00 -3.637749e+00
   endloop
 endfacet
 facet normal  0.000000e+00 -9.440450e-01  3.298166e-01
   outer loop
     vertex  3.800000e+00  9.366247e+00 -3.128744e+00
     vertex -3.800000e+00  9.366247e+00 -3.128744e+00
     vertex -3.800000e+00  9.276888e+00 -3.384520e+00
   endloop
 endfacet
 facet normal  0.000000e+00 -9.440450e-01  3.298166e-01
   outer loop
     vertex  3.800000e+00  9.366247e+00 -3.128744e+00
     vertex -3.800000e+00  9.276888e+00 -3.384520e+00
     vertex  3.800000e+00  9.276888e+00 -3.384520e+00
   endloop
 endfacet
 facet normal  0.000000e+00 -9.527379e-01  3.037934e-01
   outer loop
     vertex  3.800000e+00  9.448556e+00 -2.870612e+00
     vertex -3.800000e+00  9.448556e+00 -2.870612e+00
     vertex -3.800000e+00  9.366247e+00 -3.128744e+00
   endloop
 endfacet
 facet normal  0.000000e+00 -9.527379e-01  3.037934e-01
   outer loop
     vertex  3.800000e+00  9.448556e+00 -2.870612e+00
     vertex -3.800000e+00  9.366247e+00 -3.128744e+00
     vertex  3.800000e+00  9.366247e+00 -3.128744e+00
   endloop
 endfacet
 facet normal  0.000000e+00 -9.607136e-01  2.775416e-01
   outer loop
     vertex  3.800000e+00  9.523752e+00 -2.610320e+00
     vertex -3.800000e+00  9.448556e+00 -2.870612e+00
     vertex  3.800000e+00  9.448556e+00 -2.870612e+00
   endloop
 endfacet
 facet normal  0.000000e+00 -9.607136e-01  2.775416e-01
   outer loop
     vertex  3.800000e+00  9.523752e+00 -2.610320e+00
     vertex -3.800000e+00  9.523752e+00 -2.610320e+00
     vertex -3.800000e+00  9.448556e+00 -2.870612e+00
   endloop
 endfacet
 facet normal  0.000000e+00 -9.679661e-01  2.510809e-01
   outer loop
     vertex  3.800000e+00  9.591779e+00 -2.348062e+00
     vertex -3.800000e+00  9.523752e+00 -2.610320e+00
     vertex  3.800000e+00  9.523752e+00 -2.610320e+00
   endloop
 endfacet
 facet normal  0.000000e+00 -9.679661e-01  2.510809e-01
   outer loop
     vertex  3.800000e+00  9.591779e+00 -2.348062e+00
     vertex -3.800000e+00  9.591779e+00 -2.348062e+00
     vertex -3.800000e+00  9.523752e+00 -2.610320e+00
   endloop
 endfacet
 facet normal  0.000000e+00 -9.744899e-01  2.244312e-01
   outer loop
     vertex  3.800000e+00  9.652586e+00 -2.084037e+00
     vertex -3.800000e+00  9.591779e+00 -2.348062e+00
     vertex  3.800000e+00  9.591779e+00 -2.348062e+00
   endloop
 endfacet
 facet normal  0.000000e+00 -9.744899e-01  2.244312e-01
   outer loop
     vertex  3.800000e+00  9.652586e+00 -2.084037e+00
     vertex -3.800000e+00  9.652586e+00 -2.084037e+00
     vertex -3.800000e+00  9.591779e+00 -2.348062e+00
   endloop
 endfacet
 facet normal  0.000000e+00 -9.802802e-01  1.976125e-01
   outer loop
     vertex  3.800000e+00  9.706126e+00 -1.818443e+00
     vertex -3.800000e+00  9.652586e+00 -2.084037e+00
     vertex  3.800000e+00  9.652586e+00 -2.084037e+00
   endloop
 endfacet
 facet normal  0.000000e+00 -9.802802e-01  1.976125e-01
   outer loop
     vertex  3.800000e+00  9.706126e+00 -1.818443e+00
     vertex -3.800000e+00  9.706126e+00 -1.818443e+00
     vertex -3.800000e+00  9.652586e+00 -2.084037e+00
   endloop
 endfacet
 facet normal  0.000000e+00 -9.853326e-01  1.706451e-01
   outer loop
     vertex  3.800000e+00  9.752360e+00 -1.551480e+00
     vertex -3.800000e+00  9.706126e+00 -1.818443e+00
     vertex  3.800000e+00  9.706126e+00 -1.818443e+00
   endloop
 endfacet
 facet normal  0.000000e+00 -9.853326e-01  1.706451e-01
   outer loop
     vertex  3.800000e+00  9.752360e+00 -1.551480e+00
     vertex -3.800000e+00  9.752360e+00 -1.551480e+00
     vertex -3.800000e+00  9.706126e+00 -1.818443e+00
   endloop
 endfacet
 facet normal  0.000000e+00 -9.896432e-01  1.435492e-01
   outer loop
     vertex  3.800000e+00  9.791253e+00 -1.283350e+00
     vertex -3.800000e+00  9.752360e+00 -1.551480e+00
     vertex  3.800000e+00  9.752360e+00 -1.551480e+00
   endloop
 endfacet
 facet normal  0.000000e+00 -9.896432e-01  1.435492e-01
   outer loop
     vertex  3.800000e+00  9.791253e+00 -1.283350e+00
     vertex -3.800000e+00  9.791253e+00 -1.283350e+00
     vertex -3.800000e+00  9.752360e+00 -1.551480e+00
   endloop
 endfacet
 facet normal  0.000000e+00 -9.932088e-01  1.163452e-01
   outer loop
     vertex  3.800000e+00  9.822775e+00 -1.014253e+00
     vertex -3.800000e+00  9.791253e+00 -1.283350e+00
     vertex  3.800000e+00  9.791253e+00 -1.283350e+00
   endloop
 endfacet
 facet normal  0.000000e+00 -9.932088e-01  1.163452e-01
   outer loop
     vertex  3.800000e+00  9.822775e+00 -1.014253e+00
     vertex -3.800000e+00  9.822775e+00 -1.014253e+00
     vertex -3.800000e+00  9.791253e+00 -1.283350e+00
   endloop
 endfacet
 facet normal  0.000000e+00 -9.960268e-01  8.905371e-02
   outer loop
     vertex  3.800000e+00  9.846903e+00 -7.443926e-01
     vertex -3.800000e+00  9.822775e+00 -1.014253e+00
     vertex  3.800000e+00  9.822775e+00 -1.014253e+00
   endloop
 endfacet
 facet normal  0.000000e+00 -9.960268e-01  8.905371e-02
   outer loop
     vertex  3.800000e+00  9.846903e+00 -7.443926e-01
     vertex -3.800000e+00  9.846903e+00 -7.443926e-01
     vertex -3.800000e+00  9.822775e+00 -1.014253e+00
   endloop
 endfacet
 facet normal  0.000000e+00 -9.980950e-01  6.169515e-02
   outer loop
     vertex  3.800000e+00  9.863619e+00 -4.739720e-01
     vertex -3.800000e+00  9.846903e+00 -7.443926e-01
     vertex  3.800000e+00  9.846903e+00 -7.443926e-01
   endloop
 endfacet
 facet normal  0.000000e+00 -9.980950e-01  6.169515e-02
   outer loop
     vertex  3.800000e+00  9.863619e+00 -4.739720e-01
     vertex -3.800000e+00  9.863619e+00 -4.739720e-01
     vertex -3.800000e+00  9.846903e+00 -7.443926e-01
   endloop
 endfacet
 facet normal  0.000000e+00 -9.994119e-01  3.429014e-02
   outer loop
     vertex  3.800000e+00  9.872909e+00 -2.031946e-01
     vertex -3.800000e+00  9.863619e+00 -4.739720e-01
     vertex  3.800000e+00  9.863619e+00 -4.739720e-01
   endloop
 endfacet
 facet normal  0.000000e+00 -9.994119e-01  3.429014e-02
   outer loop
     vertex  3.800000e+00  9.872909e+00 -2.031946e-01
     vertex -3.800000e+00  9.872909e+00 -2.031946e-01
     vertex -3.800000e+00  9.863619e+00 -4.739720e-01
   endloop
 endfacet
 facet normal  0.000000e+00 -9.999765e-01  6.859319e-03
   outer loop
     vertex  3.800000e+00  9.874768e+00  6.773577e-02
     vertex -3.800000e+00  9.872909e+00 -2.031946e-01
     vertex  3.800000e+00  9.872909e+00 -2.031946e-01
   endloop
 endfacet
 facet normal  0.000000e+00 -9.999765e-01  6.859319e-03
   outer loop
     vertex  3.800000e+00  9.874768e+00  6.773577e-02
     vertex -3.800000e+00  9.874768e+00  6.773577e-02
     vertex -3.800000e+00  9.872909e+00 -2.031946e-01
   endloop
 endfacet
 facet normal  0.000000e+00 -9.997883e-01 -2.057667e-02
   outer loop
     vertex  3.800000e+00  9.869193e+00  3.386151e-01
     vertex -3.800000e+00  9.874768e+00  6.773577e-02
     vertex  3.800000e+00  9.874768e+00  6.773577e-02
   endloop
 endfacet
 facet normal -0.000000e+00 -9.997883e-01 -2.057667e-02
   outer loop
     vertex  3.800000e+00  9.869193e+00  3.386151e-01
     vertex -3.800000e+00  9.869193e+00  3.386151e-01
     vertex -3.800000e+00  9.874768e+00  6.773577e-02
   endloop
 endfacet
 facet normal -0.000000e+00 -9.988475e-01 -4.799716e-02
   outer loop
     vertex  3.800000e+00  9.856189e+00  6.092396e-01
     vertex -3.800000e+00  9.856189e+00  6.092396e-01
     vertex -3.800000e+00  9.869193e+00  3.386151e-01
   endloop
 endfacet
 facet normal  0.000000e+00 -9.988475e-01 -4.799716e-02
   outer loop
     vertex  3.800000e+00  9.856189e+00  6.092396e-01
     vertex -3.800000e+00  9.869193e+00  3.386151e-01
     vertex  3.800000e+00  9.869193e+00  3.386151e-01
   endloop
 endfacet
 facet normal -0.000000e+00 -9.971548e-01 -7.538152e-02
   outer loop
     vertex  3.800000e+00  9.835765e+00  8.794054e-01
     vertex -3.800000e+00  9.835765e+00  8.794054e-01
     vertex -3.800000e+00  9.856189e+00  6.092396e-01
   endloop
 endfacet
 facet normal  0.000000e+00 -9.971548e-01 -7.538152e-02
   outer loop
     vertex  3.800000e+00  9.835765e+00  8.794054e-01
     vertex -3.800000e+00  9.856189e+00  6.092396e-01
     vertex  3.800000e+00  9.856189e+00  6.092396e-01
   endloop
 endfacet
 facet normal -0.000000e+00 -9.947114e-01 -1.027091e-01
   outer loop
     vertex  3.800000e+00  9.807937e+00  1.148909e+00
     vertex -3.800000e+00  9.807937e+00  1.148909e+00
     vertex -3.800000e+00  9.835765e+00  8.794054e-01
   endloop
 endfacet
 facet normal  0.000000e+00 -9.947114e-01 -1.027091e-01
   outer loop
     vertex  3.800000e+00  9.807937e+00  1.148909e+00
     vertex -3.800000e+00  9.835765e+00  8.794054e-01
     vertex  3.800000e+00  9.835765e+00  8.794054e-01
   endloop
 endfacet
 facet normal -0.000000e+00 -9.915193e-01 -1.299594e-01
   outer loop
     vertex  3.800000e+00  9.772726e+00  1.417548e+00
     vertex -3.800000e+00  9.772726e+00  1.417548e+00
     vertex -3.800000e+00  9.807937e+00  1.148909e+00
   endloop
 endfacet
 facet normal  0.000000e+00 -9.915193e-01 -1.299594e-01
   outer loop
     vertex  3.800000e+00  9.772726e+00  1.417548e+00
     vertex -3.800000e+00  9.807937e+00  1.148909e+00
     vertex  3.800000e+00  9.807937e+00  1.148909e+00
   endloop
 endfacet
 facet normal -0.000000e+00 -9.875808e-01 -1.571119e-01
   outer loop
     vertex  3.800000e+00  9.730159e+00  1.685120e+00
     vertex -3.800000e+00  9.730159e+00  1.685120e+00
     vertex -3.800000e+00  9.772726e+00  1.417548e+00
   endloop
 endfacet
 facet normal  0.000000e+00 -9.875808e-01 -1.571119e-01
   outer loop
     vertex  3.800000e+00  9.730159e+00  1.685120e+00
     vertex -3.800000e+00  9.772726e+00  1.417548e+00
     vertex  3.800000e+00  9.772726e+00  1.417548e+00
   endloop
 endfacet
 facet normal -0.000000e+00 -9.828989e-01 -1.841461e-01
   outer loop
     vertex  3.800000e+00  9.680267e+00  1.951424e+00
     vertex -3.800000e+00  9.680267e+00  1.951424e+00
     vertex -3.800000e+00  9.730159e+00  1.685120e+00
   endloop
 endfacet
 facet normal  0.000000e+00 -9.828989e-01 -1.841461e-01
   outer loop
     vertex  3.800000e+00  9.680267e+00  1.951424e+00
     vertex -3.800000e+00  9.730159e+00  1.685120e+00
     vertex  3.800000e+00  9.730159e+00  1.685120e+00
   endloop
 endfacet
 facet normal -0.000000e+00 -9.774771e-01 -2.110417e-01
   outer loop
     vertex  3.800000e+00  9.623088e+00  2.216258e+00
     vertex -3.800000e+00  9.623088e+00  2.216258e+00
     vertex -3.800000e+00  9.680267e+00  1.951424e+00
   endloop
 endfacet
 facet normal  0.000000e+00 -9.774771e-01 -2.110417e-01
   outer loop
     vertex  3.800000e+00  9.623088e+00  2.216258e+00
     vertex -3.800000e+00  9.680267e+00  1.951424e+00
     vertex  3.800000e+00  9.680267e+00  1.951424e+00
   endloop
 endfacet
 facet normal -0.000000e+00 -9.713194e-01 -2.377784e-01
   outer loop
     vertex  3.800000e+00  9.558665e+00  2.479424e+00
     vertex -3.800000e+00  9.558665e+00  2.479424e+00
     vertex -3.800000e+00  9.623088e+00  2.216258e+00
   endloop
 endfacet
 facet normal  0.000000e+00 -9.713194e-01 -2.377784e-01
   outer loop
     vertex  3.800000e+00  9.558665e+00  2.479424e+00
     vertex -3.800000e+00  9.623088e+00  2.216258e+00
     vertex  3.800000e+00  9.623088e+00  2.216258e+00
   endloop
 endfacet
 facet normal -0.000000e+00 -9.644306e-01 -2.643362e-01
   outer loop
     vertex  3.800000e+00  9.487047e+00  2.740724e+00
     vertex -3.800000e+00  9.487047e+00  2.740724e+00
     vertex -3.800000e+00  9.558665e+00  2.479424e+00
   endloop
 endfacet
 facet normal  0.000000e+00 -9.644306e-01 -2.643362e-01
   outer loop
     vertex  3.800000e+00  9.487047e+00  2.740724e+00
     vertex -3.800000e+00  9.558665e+00  2.479424e+00
     vertex  3.800000e+00  9.558665e+00  2.479424e+00
   endloop
 endfacet
 facet normal -0.000000e+00 -9.568158e-01 -2.906949e-01
   outer loop
     vertex  3.800000e+00  9.408287e+00  2.999960e+00
     vertex -3.800000e+00  9.408287e+00  2.999960e+00
     vertex -3.800000e+00  9.487047e+00  2.740724e+00
   endloop
 endfacet
 facet normal  0.000000e+00 -9.568158e-01 -2.906949e-01
   outer loop
     vertex  3.800000e+00  9.408287e+00  2.999960e+00
     vertex -3.800000e+00  9.487047e+00  2.740724e+00
     vertex  3.800000e+00  9.487047e+00  2.740724e+00
   endloop
 endfacet
 facet normal -0.000000e+00 -9.484807e-01 -3.168348e-01
   outer loop
     vertex  3.800000e+00  9.322445e+00  3.256939e+00
     vertex -3.800000e+00  9.322445e+00  3.256939e+00
     vertex -3.800000e+00  9.408287e+00  2.999960e+00
   endloop
 endfacet
 facet normal  0.000000e+00 -9.484807e-01 -3.168348e-01
   outer loop
     vertex  3.800000e+00  9.322445e+00  3.256939e+00
     vertex -3.800000e+00  9.408287e+00  2.999960e+00
     vertex  3.800000e+00  9.408287e+00  2.999960e+00
   endloop
 endfacet
 facet normal -0.000000e+00 -9.394317e-01 -3.427362e-01
   outer loop
     vertex  3.800000e+00  9.229585e+00  3.511465e+00
     vertex -3.800000e+00  9.229585e+00  3.511465e+00
     vertex -3.800000e+00  9.322445e+00  3.256939e+00
   endloop
 endfacet
 facet normal  0.000000e+00 -9.394317e-01 -3.427362e-01
   outer loop
     vertex  3.800000e+00  9.229585e+00  3.511465e+00
     vertex -3.800000e+00  9.322445e+00  3.256939e+00
     vertex  3.800000e+00  9.322445e+00  3.256939e+00
   endloop
 endfacet
 facet normal -0.000000e+00 -9.296754e-01 -3.683796e-01
   outer loop
     vertex  3.800000e+00  9.129777e+00  3.763348e+00
     vertex -3.800000e+00  9.129777e+00  3.763348e+00
     vertex -3.800000e+00  9.229585e+00  3.511465e+00
   endloop
 endfacet
 facet normal  0.000000e+00 -9.296754e-01 -3.683796e-01
   outer loop
     vertex  3.800000e+00  9.129777e+00  3.763348e+00
     vertex -3.800000e+00  9.229585e+00  3.511465e+00
     vertex  3.800000e+00  9.229585e+00  3.511465e+00
   endloop
 endfacet
 facet normal  0.000000e+00 -9.192194e-01 -3.937458e-01
   outer loop
     vertex  3.800000e+00  9.023097e+00  4.012399e+00
     vertex -3.800000e+00  9.129777e+00  3.763348e+00
     vertex  3.800000e+00  9.129777e+00  3.763348e+00
   endloop
 endfacet
 facet normal -0.000000e+00 -9.192194e-01 -3.937458e-01
   outer loop
     vertex  3.800000e+00  9.023097e+00  4.012399e+00
     vertex -3.800000e+00  9.023097e+00  4.012399e+00
     vertex -3.800000e+00  9.129777e+00  3.763348e+00
   endloop
 endfacet
 facet normal  0.000000e+00 -9.080714e-01 -4.188155e-01
   outer loop
     vertex  3.800000e+00  8.909625e+00  4.258428e+00
     vertex -3.800000e+00  9.023097e+00  4.012399e+00
     vertex  3.800000e+00  9.023097e+00  4.012399e+00
   endloop
 endfacet
 facet normal -0.000000e+00 -9.080714e-01 -4.188155e-01
   outer loop
     vertex  3.800000e+00  8.909625e+00  4.258428e+00
     vertex -3.800000e+00  8.909625e+00  4.258428e+00
     vertex -3.800000e+00  9.023097e+00  4.012399e+00
   endloop
 endfacet
 facet normal  0.000000e+00 -8.962398e-01 -4.435699e-01
   outer loop
     vertex  3.800000e+00  8.789445e+00  4.501253e+00
     vertex -3.800000e+00  8.909625e+00  4.258428e+00
     vertex  3.800000e+00  8.909625e+00  4.258428e+00
   endloop
 endfacet
 facet normal -0.000000e+00 -8.962398e-01 -4.435699e-01
   outer loop
     vertex  3.800000e+00  8.789445e+00  4.501253e+00
     vertex -3.800000e+00  8.789445e+00  4.501253e+00
     vertex -3.800000e+00  8.909625e+00  4.258428e+00
   endloop
 endfacet
 facet normal  0.000000e+00 -8.837335e-01 -4.679904e-01
   outer loop
     vertex  3.800000e+00  8.662650e+00  4.740689e+00
     vertex -3.800000e+00  8.789445e+00  4.501253e+00
     vertex  3.800000e+00  8.789445e+00  4.501253e+00
   endloop
 endfacet
 facet normal -0.000000e+00 -8.837335e-01 -4.679904e-01
   outer loop
     vertex  3.800000e+00  8.662650e+00  4.740689e+00
     vertex -3.800000e+00  8.662650e+00  4.740689e+00
     vertex -3.800000e+00  8.789445e+00  4.501253e+00
   endloop
 endfacet
 facet normal -0.000000e+00 -8.705620e-01 -4.920587e-01
   outer loop
     vertex  3.800000e+00  8.529333e+00  4.976556e+00
     vertex -3.800000e+00  8.529333e+00  4.976556e+00
     vertex -3.800000e+00  8.662650e+00  4.740689e+00
   endloop
 endfacet
 facet normal  0.000000e+00 -8.705620e-01 -4.920587e-01
   outer loop
     vertex  3.800000e+00  8.529333e+00  4.976556e+00
     vertex -3.800000e+00  8.662650e+00  4.740689e+00
     vertex  3.800000e+00  8.662650e+00  4.740689e+00
   endloop
 endfacet
 facet normal  0.000000e+00 -8.567352e-01 -5.157565e-01
   outer loop
     vertex  3.800000e+00  8.389595e+00  5.208677e+00
     vertex -3.800000e+00  8.529333e+00  4.976556e+00
     vertex  3.800000e+00  8.529333e+00  4.976556e+00
   endloop
 endfacet
 facet normal -0.000000e+00 -8.567352e-01 -5.157565e-01
   outer loop
     vertex  3.800000e+00  8.389595e+00  5.208677e+00
     vertex -3.800000e+00  8.389595e+00  5.208677e+00
     vertex -3.800000e+00  8.529333e+00  4.976556e+00
   endloop
 endfacet
 facet normal -0.000000e+00 -8.422635e-01 -5.390661e-01
   outer loop
     vertex  3.800000e+00  8.243543e+00  5.436877e+00
     vertex -3.800000e+00  8.243543e+00  5.436877e+00
     vertex -3.800000e+00  8.389595e+00  5.208677e+00
   endloop
 endfacet
 facet normal  0.000000e+00 -8.422635e-01 -5.390661e-01
   outer loop
     vertex  3.800000e+00  8.243543e+00  5.436877e+00
     vertex -3.800000e+00  8.389595e+00  5.208677e+00
     vertex  3.800000e+00  8.389595e+00  5.208677e+00
   endloop
 endfacet
 facet normal -0.000000e+00 -8.271577e-01 -5.619699e-01
   outer loop
     vertex  3.800000e+00  8.091284e+00  5.660984e+00
     vertex -3.800000e+00  8.091284e+00  5.660984e+00
     vertex -3.800000e+00  8.243543e+00  5.436877e+00
   endloop
 endfacet
 facet normal  0.000000e+00 -8.271577e-01 -5.619699e-01
   outer loop
     vertex  3.800000e+00  8.091284e+00  5.660984e+00
     vertex -3.800000e+00  8.243543e+00  5.436877e+00
     vertex  3.800000e+00  8.243543e+00  5.436877e+00
   endloop
 endfacet
 facet normal -0.000000e+00 -8.114292e-01 -5.844507e-01
   outer loop
     vertex  3.800000e+00  7.932935e+00  5.880830e+00
     vertex -3.800000e+00  7.932935e+00  5.880830e+00
     vertex -3.800000e+00  8.091284e+00  5.660984e+00
   endloop
 endfacet
 facet normal  0.000000e+00 -8.114292e-01 -5.844507e-01
   outer loop
     vertex  3.800000e+00  7.932935e+00  5.880830e+00
     vertex -3.800000e+00  8.091284e+00  5.660984e+00
     vertex  3.800000e+00  8.091284e+00  5.660984e+00
   endloop
 endfacet
 facet normal -0.000000e+00 -7.950900e-01 -6.064915e-01
   outer loop
     vertex  3.800000e+00  7.768614e+00  6.096249e+00
     vertex -3.800000e+00  7.768614e+00  6.096249e+00
     vertex -3.800000e+00  7.932935e+00  5.880830e+00
   endloop
 endfacet
 facet normal  0.000000e+00 -7.950900e-01 -6.064915e-01
   outer loop
     vertex  3.800000e+00  7.768614e+00  6.096249e+00
     vertex -3.800000e+00  7.932935e+00  5.880830e+00
     vertex  3.800000e+00  7.932935e+00  5.880830e+00
   endloop
 endfacet
 facet normal -0.000000e+00 -7.781522e-01 -6.280757e-01
   outer loop
     vertex  3.800000e+00  7.598446e+00  6.307079e+00
     vertex -3.800000e+00  7.598446e+00  6.307079e+00
     vertex -3.800000e+00  7.768614e+00  6.096249e+00
   endloop
 endfacet
 facet normal  0.000000e+00 -7.781522e-01 -6.280757e-01
   outer loop
     vertex  3.800000e+00  7.598446e+00  6.307079e+00
     vertex -3.800000e+00  7.768614e+00  6.096249e+00
     vertex  3.800000e+00  7.768614e+00  6.096249e+00
   endloop
 endfacet
 facet normal -0.000000e+00 -7.606287e-01 -6.491872e-01
   outer loop
     vertex  3.800000e+00  7.422557e+00  6.513162e+00
     vertex -3.800000e+00  7.422557e+00  6.513162e+00
     vertex -3.800000e+00  7.598446e+00  6.307079e+00
   endloop
 endfacet
 facet normal  0.000000e+00 -7.606287e-01 -6.491872e-01
   outer loop
     vertex  3.800000e+00  7.422557e+00  6.513162e+00
     vertex -3.800000e+00  7.598446e+00  6.307079e+00
     vertex  3.800000e+00  7.598446e+00  6.307079e+00
   endloop
 endfacet
 facet normal -0.000000e+00 -7.425325e-01 -6.698100e-01
   outer loop
     vertex  3.800000e+00  7.241081e+00  6.714341e+00
     vertex -3.800000e+00  7.241081e+00  6.714341e+00
     vertex -3.800000e+00  7.422557e+00  6.513162e+00
   endloop
 endfacet
 facet normal  0.000000e+00 -7.425325e-01 -6.698100e-01
   outer loop
     vertex  3.800000e+00  7.241081e+00  6.714341e+00
     vertex -3.800000e+00  7.422557e+00  6.513162e+00
     vertex  3.800000e+00  7.422557e+00  6.513162e+00
   endloop
 endfacet
 facet normal -0.000000e+00 -7.238775e-01 -6.899286e-01
   outer loop
     vertex  3.800000e+00  7.054154e+00  6.910466e+00
     vertex -3.800000e+00  7.054154e+00  6.910466e+00
     vertex -3.800000e+00  7.241081e+00  6.714341e+00
   endloop
 endfacet
 facet normal  0.000000e+00 -7.238775e-01 -6.899286e-01
   outer loop
     vertex  3.800000e+00  7.054154e+00  6.910466e+00
     vertex -3.800000e+00  7.241081e+00  6.714341e+00
     vertex  3.800000e+00  7.241081e+00  6.714341e+00
   endloop
 endfacet
 facet normal -0.000000e+00 -7.046775e-01 -7.095278e-01
   outer loop
     vertex  3.800000e+00  6.861917e+00  7.101389e+00
     vertex -3.800000e+00  6.861917e+00  7.101389e+00
     vertex -3.800000e+00  7.054154e+00  6.910466e+00
   endloop
 endfacet
 facet normal  0.000000e+00 -7.046775e-01 -7.095278e-01
   outer loop
     vertex  3.800000e+00  6.861917e+00  7.101389e+00
     vertex -3.800000e+00  7.054154e+00  6.910466e+00
     vertex  3.800000e+00  7.054154e+00  6.910466e+00
   endloop
 endfacet
 facet normal -0.000000e+00 -6.849470e-01 -7.285929e-01
   outer loop
     vertex  3.800000e+00  6.664514e+00  7.286966e+00
     vertex -3.800000e+00  6.664514e+00  7.286966e+00
     vertex -3.800000e+00  6.861917e+00  7.101389e+00
   endloop
 endfacet
 facet normal  0.000000e+00 -6.849470e-01 -7.285929e-01
   outer loop
     vertex  3.800000e+00  6.664514e+00  7.286966e+00
     vertex -3.800000e+00  6.861917e+00  7.101389e+00
     vertex  3.800000e+00  6.861917e+00  7.101389e+00
   endloop
 endfacet
 facet normal -0.000000e+00 -6.647010e-01 -7.471095e-01
   outer loop
     vertex  3.800000e+00  6.462095e+00  7.467058e+00
     vertex -3.800000e+00  6.462095e+00  7.467058e+00
     vertex -3.800000e+00  6.664514e+00  7.286966e+00
   endloop
 endfacet
 facet normal  0.000000e+00 -6.647010e-01 -7.471095e-01
   outer loop
     vertex  3.800000e+00  6.462095e+00  7.467058e+00
     vertex -3.800000e+00  6.664514e+00  7.286966e+00
     vertex  3.800000e+00  6.664514e+00  7.286966e+00
   endloop
 endfacet
 facet normal -0.000000e+00 -6.439545e-01 -7.650637e-01
   outer loop
     vertex  3.800000e+00  6.254811e+00  7.641529e+00
     vertex -3.800000e+00  6.254811e+00  7.641529e+00
     vertex -3.800000e+00  6.462095e+00  7.467058e+00
   endloop
 endfacet
 facet normal  0.000000e+00 -6.439545e-01 -7.650637e-01
   outer loop
     vertex  3.800000e+00  6.254811e+00  7.641529e+00
     vertex -3.800000e+00  6.462095e+00  7.467058e+00
     vertex  3.800000e+00  6.462095e+00  7.467058e+00
   endloop
 endfacet
 facet normal -0.000000e+00 -6.227234e-01 -7.824421e-01
   outer loop
     vertex  3.800000e+00  6.042819e+00  7.810248e+00
     vertex -3.800000e+00  6.042819e+00  7.810248e+00
     vertex -3.800000e+00  6.254811e+00  7.641529e+00
   endloop
 endfacet
 facet normal  0.000000e+00 -6.227234e-01 -7.824421e-01
   outer loop
     vertex  3.800000e+00  6.042819e+00  7.810248e+00
     vertex -3.800000e+00  6.254811e+00  7.641529e+00
     vertex  3.800000e+00  6.254811e+00  7.641529e+00
   endloop
 endfacet
 facet normal -0.000000e+00 -6.010234e-01 -7.992314e-01
   outer loop
     vertex  3.800000e+00  5.826277e+00  7.973087e+00
     vertex -3.800000e+00  5.826277e+00  7.973087e+00
     vertex -3.800000e+00  6.042819e+00  7.810248e+00
   endloop
 endfacet
 facet normal  0.000000e+00 -6.010234e-01 -7.992314e-01
   outer loop
     vertex  3.800000e+00  5.826277e+00  7.973087e+00
     vertex -3.800000e+00  6.042819e+00  7.810248e+00
     vertex  3.800000e+00  6.042819e+00  7.810248e+00
   endloop
 endfacet
 facet normal -0.000000e+00 -5.788711e-01 -8.154191e-01
   outer loop
     vertex  3.800000e+00  5.605350e+00  8.129924e+00
     vertex -3.800000e+00  5.605350e+00  8.129924e+00
     vertex -3.800000e+00  5.826277e+00  7.973087e+00
   endloop
 endfacet
 facet normal  0.000000e+00 -5.788711e-01 -8.154191e-01
   outer loop
     vertex  3.800000e+00  5.605350e+00  8.129924e+00
     vertex -3.800000e+00  5.826277e+00  7.973087e+00
     vertex  3.800000e+00  5.826277e+00  7.973087e+00
   endloop
 endfacet
 facet normal -0.000000e+00 -5.562829e-01 -8.309929e-01
   outer loop
     vertex  3.800000e+00  5.380204e+00  8.280642e+00
     vertex -3.800000e+00  5.380204e+00  8.280642e+00
     vertex -3.800000e+00  5.605350e+00  8.129924e+00
   endloop
 endfacet
 facet normal  0.000000e+00 -5.562829e-01 -8.309929e-01
   outer loop
     vertex  3.800000e+00  5.380204e+00  8.280642e+00
     vertex -3.800000e+00  5.605350e+00  8.129924e+00
     vertex  3.800000e+00  5.605350e+00  8.129924e+00
   endloop
 endfacet
 facet normal -0.000000e+00 -5.332761e-01 -8.459413e-01
   outer loop
     vertex  3.800000e+00  5.151007e+00  8.425126e+00
     vertex -3.800000e+00  5.151007e+00  8.425126e+00
     vertex -3.800000e+00  5.380204e+00  8.280642e+00
   endloop
 endfacet
 facet normal  0.000000e+00 -5.332761e-01 -8.459413e-01
   outer loop
     vertex  3.800000e+00  5.151007e+00  8.425126e+00
     vertex -3.800000e+00  5.380204e+00  8.280642e+00
     vertex  3.800000e+00  5.380204e+00  8.280642e+00
   endloop
 endfacet
 facet normal -0.000000e+00 -5.098678e-01 -8.602528e-01
   outer loop
     vertex  3.800000e+00  4.917933e+00  8.563268e+00
     vertex -3.800000e+00  4.917933e+00  8.563268e+00
     vertex -3.800000e+00  5.151007e+00  8.425126e+00
   endloop
 endfacet
 facet normal  0.000000e+00 -5.098678e-01 -8.602528e-01
   outer loop
     vertex  3.800000e+00  4.917933e+00  8.563268e+00
     vertex -3.800000e+00  5.151007e+00  8.425126e+00
     vertex  3.800000e+00  5.151007e+00  8.425126e+00
   endloop
 endfacet
 facet normal -0.000000e+00 -4.860756e-01 -8.739167e-01
   outer loop
     vertex  3.800000e+00  4.681157e+00  8.694964e+00
     vertex -3.800000e+00  4.681157e+00  8.694964e+00
     vertex -3.800000e+00  4.917933e+00  8.563268e+00
   endloop
 endfacet
 facet normal  0.000000e+00 -4.860756e-01 -8.739167e-01
   outer loop
     vertex  3.800000e+00  4.681157e+00  8.694964e+00
     vertex -3.800000e+00  4.917933e+00  8.563268e+00
     vertex  3.800000e+00  4.917933e+00  8.563268e+00
   endloop
 endfacet
 facet normal  0.000000e+00 -4.619176e-01 -8.869228e-01
   outer loop
     vertex  3.800000e+00  4.440857e+00  8.820114e+00
     vertex -3.800000e+00  4.681157e+00  8.694964e+00
     vertex  3.800000e+00  4.681157e+00  8.694964e+00
   endloop
 endfacet
 facet normal -0.000000e+00 -4.619176e-01 -8.869228e-01
   outer loop
     vertex  3.800000e+00  4.440857e+00  8.820114e+00
     vertex -3.800000e+00  4.440857e+00  8.820114e+00
     vertex -3.800000e+00  4.681157e+00  8.694964e+00
   endloop
 endfacet
 facet normal  0.000000e+00 -4.374119e-01 -8.992613e-01
   outer loop
     vertex  3.800000e+00  4.197214e+00  8.938625e+00
     vertex -3.800000e+00  4.440857e+00  8.820114e+00
     vertex  3.800000e+00  4.440857e+00  8.820114e+00
   endloop
 endfacet
 facet normal -0.000000e+00 -4.374119e-01 -8.992613e-01
   outer loop
     vertex  3.800000e+00  4.197214e+00  8.938625e+00
     vertex -3.800000e+00  4.197214e+00  8.938625e+00
     vertex -3.800000e+00  4.440857e+00  8.820114e+00
   endloop
 endfacet
 facet normal  0.000000e+00 -4.125769e-01 -9.109228e-01
   outer loop
     vertex  3.800000e+00  3.950412e+00  9.050407e+00
     vertex -3.800000e+00  4.197214e+00  8.938625e+00
     vertex  3.800000e+00  4.197214e+00  8.938625e+00
   endloop
 endfacet
 facet normal -0.000000e+00 -4.125769e-01 -9.109228e-01
   outer loop
     vertex  3.800000e+00  3.950412e+00  9.050407e+00
     vertex -3.800000e+00  3.950412e+00  9.050407e+00
     vertex -3.800000e+00  4.197214e+00  8.938625e+00
   endloop
 endfacet
 facet normal  0.000000e+00 -3.874313e-01 -9.218986e-01
   outer loop
     vertex  3.800000e+00  3.700636e+00  9.155377e+00
     vertex -3.800000e+00  3.950412e+00  9.050407e+00
     vertex  3.800000e+00  3.950412e+00  9.050407e+00
   endloop
 endfacet
 facet normal -0.000000e+00 -3.874313e-01 -9.218986e-01
   outer loop
     vertex  3.800000e+00  3.700636e+00  9.155377e+00
     vertex -3.800000e+00  3.700636e+00  9.155377e+00
     vertex -3.800000e+00  3.950412e+00  9.050407e+00
   endloop
 endfacet
 facet normal  0.000000e+00 -3.619940e-01 -9.321804e-01
   outer loop
     vertex  3.800000e+00  3.448074e+00  9.253454e+00
     vertex -3.800000e+00  3.700636e+00  9.155377e+00
     vertex  3.800000e+00  3.700636e+00  9.155377e+00
   endloop
 endfacet
 facet normal -0.000000e+00 -3.619940e-01 -9.321804e-01
   outer loop
     vertex  3.800000e+00  3.448074e+00  9.253454e+00
     vertex -3.800000e+00  3.448074e+00  9.253454e+00
     vertex -3.800000e+00  3.700636e+00  9.155377e+00
   endloop
 endfacet
 facet normal  0.000000e+00 -3.362843e-01 -9.417605e-01
   outer loop
     vertex  3.800000e+00  3.192916e+00  9.344566e+00
     vertex -3.800000e+00  3.448074e+00  9.253454e+00
     vertex  3.800000e+00  3.448074e+00  9.253454e+00
   endloop
 endfacet
 facet normal -0.000000e+00 -3.362843e-01 -9.417605e-01
   outer loop
     vertex  3.800000e+00  3.192916e+00  9.344566e+00
     vertex -3.800000e+00  3.192916e+00  9.344566e+00
     vertex -3.800000e+00  3.448074e+00  9.253454e+00
   endloop
 endfacet
 facet normal  0.000000e+00 -3.103214e-01 -9.506317e-01
   outer loop
     vertex  3.800000e+00  2.935355e+00  9.428643e+00
     vertex -3.800000e+00  3.192916e+00  9.344566e+00
     vertex  3.800000e+00  3.192916e+00  9.344566e+00
   endloop
 endfacet
 facet normal -0.000000e+00 -3.103214e-01 -9.506317e-01
   outer loop
     vertex  3.800000e+00  2.935355e+00  9.428643e+00
     vertex -3.800000e+00  2.935355e+00  9.428643e+00
     vertex -3.800000e+00  3.192916e+00  9.344566e+00
   endloop
 endfacet
 facet normal  0.000000e+00 -2.841250e-01 -9.587873e-01
   outer loop
     vertex  3.800000e+00  2.675585e+00  9.505623e+00
     vertex -3.800000e+00  2.935355e+00  9.428643e+00
     vertex  3.800000e+00  2.935355e+00  9.428643e+00
   endloop
 endfacet
 facet normal -0.000000e+00 -2.841250e-01 -9.587873e-01
   outer loop
     vertex  3.800000e+00  2.675585e+00  9.505623e+00
     vertex -3.800000e+00  2.675585e+00  9.505623e+00
     vertex -3.800000e+00  2.935355e+00  9.428643e+00
   endloop
 endfacet
 facet normal  0.000000e+00 -2.577146e-01 -9.662211e-01
   outer loop
     vertex  3.800000e+00  2.413800e+00  9.575448e+00
     vertex -3.800000e+00  2.675585e+00  9.505623e+00
     vertex  3.800000e+00  2.675585e+00  9.505623e+00
   endloop
 endfacet
 facet normal -0.000000e+00 -2.577146e-01 -9.662211e-01
   outer loop
     vertex  3.800000e+00  2.413800e+00  9.575448e+00
     vertex -3.800000e+00  2.413800e+00  9.575448e+00
     vertex -3.800000e+00  2.675585e+00  9.505623e+00
   endloop
 endfacet
 facet normal  0.000000e+00 -2.311102e-01 -9.729276e-01
   outer loop
     vertex  3.800000e+00  2.150198e+00  9.638064e+00
     vertex -3.800000e+00  2.413800e+00  9.575448e+00
     vertex  3.800000e+00  2.413800e+00  9.575448e+00
   endloop
 endfacet
 facet normal -0.000000e+00 -2.311102e-01 -9.729276e-01
   outer loop
     vertex  3.800000e+00  2.150198e+00  9.638064e+00
     vertex -3.800000e+00  2.150198e+00  9.638064e+00
     vertex -3.800000e+00  2.413800e+00  9.575448e+00
   endloop
 endfacet
 facet normal  0.000000e+00 -2.043319e-01 -9.789017e-01
   outer loop
     vertex  3.800000e+00  1.884978e+00  9.693425e+00
     vertex -3.800000e+00  2.150198e+00  9.638064e+00
     vertex  3.800000e+00  2.150198e+00  9.638064e+00
   endloop
 endfacet
 facet normal -0.000000e+00 -2.043319e-01 -9.789017e-01
   outer loop
     vertex  3.800000e+00  1.884978e+00  9.693425e+00
     vertex -3.800000e+00  1.884978e+00  9.693425e+00
     vertex -3.800000e+00  2.150198e+00  9.638064e+00
   endloop
 endfacet
 facet normal  0.000000e+00 -1.773998e-01 -9.841389e-01
   outer loop
     vertex  3.800000e+00  1.618338e+00  9.741489e+00
     vertex -3.800000e+00  1.884978e+00  9.693425e+00
     vertex  3.800000e+00  1.884978e+00  9.693425e+00
   endloop
 endfacet
 facet normal -0.000000e+00 -1.773998e-01 -9.841389e-01
   outer loop
     vertex  3.800000e+00  1.618338e+00  9.741489e+00
     vertex -3.800000e+00  1.618338e+00  9.741489e+00
     vertex -3.800000e+00  1.884978e+00  9.693425e+00
   endloop
 endfacet
 facet normal  0.000000e+00 -1.503341e-01 -9.886353e-01
   outer loop
     vertex  3.800000e+00  1.350481e+00  9.782220e+00
     vertex -3.800000e+00  1.618338e+00  9.741489e+00
     vertex  3.800000e+00  1.618338e+00  9.741489e+00
   endloop
 endfacet
 facet normal -0.000000e+00 -1.503341e-01 -9.886353e-01
   outer loop
     vertex  3.800000e+00  1.350481e+00  9.782220e+00
     vertex -3.800000e+00  1.350481e+00  9.782220e+00
     vertex -3.800000e+00  1.618338e+00  9.741489e+00
   endloop
 endfacet
 facet normal  0.000000e+00 -1.231552e-01 -9.923874e-01
   outer loop
     vertex  3.800000e+00  1.081606e+00  9.815587e+00
     vertex -3.800000e+00  1.350481e+00  9.782220e+00
     vertex  3.800000e+00  1.350481e+00  9.782220e+00
   endloop
 endfacet
 facet normal -0.000000e+00 -1.231552e-01 -9.923874e-01
   outer loop
     vertex  3.800000e+00  1.081606e+00  9.815587e+00
     vertex -3.800000e+00  1.081606e+00  9.815587e+00
     vertex -3.800000e+00  1.350481e+00  9.782220e+00
   endloop
 endfacet
 facet normal -0.000000e+00 -9.588368e-02 -9.953925e-01
   outer loop
     vertex  3.800000e+00  8.119181e-01  9.841566e+00
     vertex -3.800000e+00  8.119181e-01  9.841566e+00
     vertex -3.800000e+00  1.081606e+00  9.815587e+00
   endloop
 endfacet
 facet normal  0.000000e+00 -9.588368e-02 -9.953925e-01
   outer loop
     vertex  3.800000e+00  8.119181e-01  9.841566e+00
     vertex -3.800000e+00  1.081606e+00  9.815587e+00
     vertex  3.800000e+00  1.081606e+00  9.815587e+00
   endloop
 endfacet
 facet normal -0.000000e+00 -6.853995e-02 -9.976484e-01
   outer loop
     vertex  3.800000e+00  5.416185e-01  9.860136e+00
     vertex -3.800000e+00  5.416185e-01  9.860136e+00
     vertex -3.800000e+00  8.119181e-01  9.841566e+00
   endloop
 endfacet
 facet normal  0.000000e+00 -6.853995e-02 -9.976484e-01
   outer loop
     vertex  3.800000e+00  5.416185e-01  9.860136e+00
     vertex -3.800000e+00  8.119181e-01  9.841566e+00
     vertex  3.800000e+00  8.119181e-01  9.841566e+00
   endloop
 endfacet
 facet normal -0.000000e+00 -4.114462e-02 -9.991532e-01
   outer loop
     vertex  3.800000e+00  2.709112e-01  9.871283e+00
     vertex -3.800000e+00  2.709112e-01  9.871283e+00
     vertex -3.800000e+00  5.416185e-01  9.860136e+00
   endloop
 endfacet
 facet normal  0.000000e+00 -4.114462e-02 -9.991532e-01
   outer loop
     vertex  3.800000e+00  2.709112e-01  9.871283e+00
     vertex -3.800000e+00  5.416185e-01  9.860136e+00
     vertex  3.800000e+00  5.416185e-01  9.860136e+00
   endloop
 endfacet
 facet normal  0.000000e+00 -1.371831e-02 -9.999059e-01
   outer loop
     vertex  3.800000e+00  2.418677e-15  9.875000e+00
     vertex -3.800000e+00  2.709112e-01  9.871283e+00
     vertex  3.800000e+00  2.709112e-01  9.871283e+00
   endloop
 endfacet
 facet normal -0.000000e+00 -1.371831e-02 -9.999059e-01
   outer loop
     vertex  3.800000e+00  2.418677e-15  9.875000e+00
     vertex -3.800000e+00  2.418677e-15  9.875000e+00
     vertex -3.800000e+00  2.709112e-01  9.871283e+00
   endloop
 endfacet
endsolid
