solid 
 facet normal -1.000000e+00  0.000000e+00  0.000000e+00
   outer loop
     vertex -1.800000e+01  0.000000e+00  1.200000e+01
     vertex -1.800000e+01  3.500000e+00 -1.200000e+01
     vertex -1.800000e+01  0.000000e+00 -1.200000e+01
   endloop
 endfacet
 facet normal -1.000000e+00  0.000000e+00  0.000000e+00
   outer loop
     vertex -1.800000e+01  0.000000e+00  1.200000e+01
     vertex -1.800000e+01  3.500000e+00  1.200000e+01
     vertex -1.800000e+01  3.500000e+00 -1.200000e+01
   endloop
 endfacet
 facet normal  0.000000e+00 -1.000000e+00 -0.000000e+00
   outer loop
     vertex -1.723059e+01  0.000000e+00 -1.172879e+00
     vertex -1.800000e+01  0.000000e+00 -1.200000e+01
     vertex -1.719795e+01  0.000000e+00 -1.206197e+00
   endloop
 endfacet
 facet normal -0.000000e+00 -1.000000e+00  0.000000e+00
   outer loop
     vertex -1.716441e+01  0.000000e+00 -1.238608e+00
     vertex -1.719795e+01  0.000000e+00 -1.206197e+00
     vertex -1.800000e+01  0.000000e+00 -1.200000e+01
   endloop
 endfacet
 facet normal  0.000000e+00 -1.000000e+00 -0.000000e+00
   outer loop
     vertex -1.726231e+01  0.000000e+00 -1.138677e+00
     vertex -1.800000e+01  0.000000e+00 -1.200000e+01
     vertex -1.723059e+01  0.000000e+00 -1.172879e+00
   endloop
 endfacet
 facet normal -0.000000e+00 -1.000000e+00  0.000000e+00
   outer loop
     vertex -1.712999e+01  0.000000e+00 -1.270086e+00
     vertex -1.716441e+01  0.000000e+00 -1.238608e+00
     vertex -1.800000e+01  0.000000e+00 -1.200000e+01
   endloop
 endfacet
 facet normal  0.000000e+00 -1.000000e+00 -0.000000e+00
   outer loop
     vertex -1.729307e+01  0.000000e+00 -1.103618e+00
     vertex -1.800000e+01  0.000000e+00 -1.200000e+01
     vertex -1.726231e+01  0.000000e+00 -1.138677e+00
   endloop
 endfacet
 facet normal -0.000000e+00 -1.000000e+00  0.000000e+00
   outer loop
     vertex -1.709472e+01  0.000000e+00 -1.300608e+00
     vertex -1.712999e+01  0.000000e+00 -1.270086e+00
     vertex -1.800000e+01  0.000000e+00 -1.200000e+01
   endloop
 endfacet
 facet normal  0.000000e+00 -1.000000e+00 -0.000000e+00
   outer loop
     vertex -1.732286e+01  0.000000e+00 -1.067729e+00
     vertex -1.800000e+01  0.000000e+00 -1.200000e+01
     vertex -1.729307e+01  0.000000e+00 -1.103618e+00
   endloop
 endfacet
 facet normal -0.000000e+00 -1.000000e+00  0.000000e+00
   outer loop
     vertex -1.705863e+01  0.000000e+00 -1.330152e+00
     vertex -1.709472e+01  0.000000e+00 -1.300608e+00
     vertex -1.800000e+01  0.000000e+00 -1.200000e+01
   endloop
 endfacet
 facet normal  0.000000e+00 -1.000000e+00 -0.000000e+00
   outer loop
     vertex -1.735165e+01  0.000000e+00 -1.031036e+00
     vertex -1.800000e+01  0.000000e+00 -1.200000e+01
     vertex -1.732286e+01  0.000000e+00 -1.067729e+00
   endloop
 endfacet
 facet normal -0.000000e+00 -1.000000e+00  0.000000e+00
   outer loop
     vertex -1.702174e+01  0.000000e+00 -1.358693e+00
     vertex -1.705863e+01  0.000000e+00 -1.330152e+00
     vertex -1.800000e+01  0.000000e+00 -1.200000e+01
   endloop
 endfacet
 facet normal  0.000000e+00 -1.000000e+00 -0.000000e+00
   outer loop
     vertex -1.737943e+01  0.000000e+00 -9.935661e-01
     vertex -1.800000e+01  0.000000e+00 -1.200000e+01
     vertex -1.735165e+01  0.000000e+00 -1.031036e+00
   endloop
 endfacet
 facet normal -0.000000e+00 -1.000000e+00  0.000000e+00
   outer loop
     vertex -1.698408e+01  0.000000e+00 -1.386212e+00
     vertex -1.702174e+01  0.000000e+00 -1.358693e+00
     vertex -1.800000e+01  0.000000e+00 -1.200000e+01
   endloop
 endfacet
 facet normal  0.000000e+00 -1.000000e+00 -0.000000e+00
   outer loop
     vertex -1.740617e+01  0.000000e+00 -9.553488e-01
     vertex -1.800000e+01  0.000000e+00 -1.200000e+01
     vertex -1.737943e+01  0.000000e+00 -9.935661e-01
   endloop
 endfacet
 facet normal -0.000000e+00 -1.000000e+00  0.000000e+00
   outer loop
     vertex -1.694568e+01  0.000000e+00 -1.412688e+00
     vertex -1.698408e+01  0.000000e+00 -1.386212e+00
     vertex -1.800000e+01  0.000000e+00 -1.200000e+01
   endloop
 endfacet
 facet normal  0.000000e+00 -1.000000e+00 -0.000000e+00
   outer loop
     vertex -1.743185e+01  0.000000e+00 -9.164124e-01
     vertex -1.800000e+01  0.000000e+00 -1.200000e+01
     vertex -1.740617e+01  0.000000e+00 -9.553488e-01
   endloop
 endfacet
 facet normal -0.000000e+00 -1.000000e+00  0.000000e+00
   outer loop
     vertex -1.690657e+01  0.000000e+00 -1.438100e+00
     vertex -1.694568e+01  0.000000e+00 -1.412688e+00
     vertex -1.800000e+01  0.000000e+00 -1.200000e+01
   endloop
 endfacet
 facet normal  0.000000e+00 -1.000000e+00 -0.000000e+00
   outer loop
     vertex -1.745645e+01  0.000000e+00 -8.767861e-01
     vertex -1.800000e+01  0.000000e+00 -1.200000e+01
     vertex -1.743185e+01  0.000000e+00 -9.164124e-01
   endloop
 endfacet
 facet normal -0.000000e+00 -1.000000e+00  0.000000e+00
   outer loop
     vertex -1.686678e+01  0.000000e+00 -1.462430e+00
     vertex -1.690657e+01  0.000000e+00 -1.438100e+00
     vertex -1.800000e+01  0.000000e+00 -1.200000e+01
   endloop
 endfacet
 facet normal  0.000000e+00 -1.000000e+00 -0.000000e+00
   outer loop
     vertex -1.747996e+01  0.000000e+00 -8.364998e-01
     vertex -1.800000e+01  0.000000e+00 -1.200000e+01
     vertex -1.745645e+01  0.000000e+00 -8.767861e-01
   endloop
 endfacet
 facet normal -0.000000e+00 -1.000000e+00  0.000000e+00
   outer loop
     vertex -1.682633e+01  0.000000e+00 -1.485658e+00
     vertex -1.686678e+01  0.000000e+00 -1.462430e+00
     vertex -1.800000e+01  0.000000e+00 -1.200000e+01
   endloop
 endfacet
 facet normal  0.000000e+00 -1.000000e+00 -0.000000e+00
   outer loop
     vertex -1.750235e+01  0.000000e+00 -7.955837e-01
     vertex -1.800000e+01  0.000000e+00 -1.200000e+01
     vertex -1.747996e+01  0.000000e+00 -8.364998e-01
   endloop
 endfacet
 facet normal -0.000000e+00 -1.000000e+00  0.000000e+00
   outer loop
     vertex -1.678526e+01  0.000000e+00 -1.507769e+00
     vertex -1.682633e+01  0.000000e+00 -1.485658e+00
     vertex -1.800000e+01  0.000000e+00 -1.200000e+01
   endloop
 endfacet
 facet normal  0.000000e+00 -1.000000e+00 -0.000000e+00
   outer loop
     vertex -1.752361e+01  0.000000e+00 -7.540688e-01
     vertex -1.800000e+01  0.000000e+00 -1.200000e+01
     vertex -1.750235e+01  0.000000e+00 -7.955837e-01
   endloop
 endfacet
 facet normal -0.000000e+00 -1.000000e+00  0.000000e+00
   outer loop
     vertex -1.674360e+01  0.000000e+00 -1.528744e+00
     vertex -1.678526e+01  0.000000e+00 -1.507769e+00
     vertex -1.800000e+01  0.000000e+00 -1.200000e+01
   endloop
 endfacet
 facet normal  0.000000e+00 -1.000000e+00 -0.000000e+00
   outer loop
     vertex -1.754372e+01  0.000000e+00 -7.119863e-01
     vertex -1.800000e+01  0.000000e+00 -1.200000e+01
     vertex -1.752361e+01  0.000000e+00 -7.540688e-01
   endloop
 endfacet
 facet normal -0.000000e+00 -1.000000e+00  0.000000e+00
   outer loop
     vertex -1.670138e+01  0.000000e+00 -1.548569e+00
     vertex -1.674360e+01  0.000000e+00 -1.528744e+00
     vertex -1.800000e+01  0.000000e+00 -1.200000e+01
   endloop
 endfacet
 facet normal  0.000000e+00 -1.000000e+00 -0.000000e+00
   outer loop
     vertex -1.756267e+01  0.000000e+00 -6.693678e-01
     vertex -1.800000e+01  0.000000e+00 -1.200000e+01
     vertex -1.754372e+01  0.000000e+00 -7.119863e-01
   endloop
 endfacet
 facet normal -0.000000e+00 -1.000000e+00  0.000000e+00
   outer loop
     vertex -1.665863e+01  0.000000e+00 -1.567228e+00
     vertex -1.670138e+01  0.000000e+00 -1.548569e+00
     vertex -1.800000e+01  0.000000e+00 -1.200000e+01
   endloop
 endfacet
 facet normal  0.000000e+00 -1.000000e+00 -0.000000e+00
   outer loop
     vertex -1.758045e+01  0.000000e+00 -6.262454e-01
     vertex -1.800000e+01  0.000000e+00 -1.200000e+01
     vertex -1.756267e+01  0.000000e+00 -6.693678e-01
   endloop
 endfacet
 facet normal -0.000000e+00 -1.000000e+00  0.000000e+00
   outer loop
     vertex -1.661539e+01  0.000000e+00 -1.584707e+00
     vertex -1.665863e+01  0.000000e+00 -1.567228e+00
     vertex -1.800000e+01  0.000000e+00 -1.200000e+01
   endloop
 endfacet
 facet normal  0.000000e+00 -1.000000e+00 -0.000000e+00
   outer loop
     vertex -1.759703e+01  0.000000e+00 -5.826516e-01
     vertex -1.800000e+01  0.000000e+00 -1.200000e+01
     vertex -1.758045e+01  0.000000e+00 -6.262454e-01
   endloop
 endfacet
 facet normal -0.000000e+00 -1.000000e+00  0.000000e+00
   outer loop
     vertex -1.657168e+01  0.000000e+00 -1.600993e+00
     vertex -1.661539e+01  0.000000e+00 -1.584707e+00
     vertex -1.800000e+01  0.000000e+00 -1.200000e+01
   endloop
 endfacet
 facet normal  0.000000e+00 -1.000000e+00 -0.000000e+00
   outer loop
     vertex -1.761242e+01  0.000000e+00 -5.386192e-01
     vertex -1.800000e+01  0.000000e+00 -1.200000e+01
     vertex -1.759703e+01  0.000000e+00 -5.826516e-01
   endloop
 endfacet
 facet normal -0.000000e+00 -1.000000e+00  0.000000e+00
   outer loop
     vertex -1.652755e+01  0.000000e+00 -1.616074e+00
     vertex -1.657168e+01  0.000000e+00 -1.600993e+00
     vertex -1.800000e+01  0.000000e+00 -1.200000e+01
   endloop
 endfacet
 facet normal  0.000000e+00 -1.000000e+00 -0.000000e+00
   outer loop
     vertex -1.762659e+01  0.000000e+00 -4.941813e-01
     vertex -1.800000e+01  0.000000e+00 -1.200000e+01
     vertex -1.761242e+01  0.000000e+00 -5.386192e-01
   endloop
 endfacet
 facet normal -0.000000e+00 -1.000000e+00  0.000000e+00
   outer loop
     vertex -1.648301e+01  0.000000e+00 -1.629938e+00
     vertex -1.652755e+01  0.000000e+00 -1.616074e+00
     vertex -1.800000e+01  0.000000e+00 -1.200000e+01
   endloop
 endfacet
 facet normal  0.000000e+00 -1.000000e+00 -0.000000e+00
   outer loop
     vertex -1.763953e+01  0.000000e+00 -4.493715e-01
     vertex -1.800000e+01  0.000000e+00 -1.200000e+01
     vertex -1.762659e+01  0.000000e+00 -4.941813e-01
   endloop
 endfacet
 facet normal -0.000000e+00 -1.000000e+00  0.000000e+00
   outer loop
     vertex -1.643811e+01  0.000000e+00 -1.642576e+00
     vertex -1.648301e+01  0.000000e+00 -1.629938e+00
     vertex -1.800000e+01  0.000000e+00 -1.200000e+01
   endloop
 endfacet
 facet normal  0.000000e+00 -1.000000e+00 -0.000000e+00
   outer loop
     vertex -1.765124e+01  0.000000e+00 -4.042233e-01
     vertex -1.800000e+01  0.000000e+00 -1.200000e+01
     vertex -1.763953e+01  0.000000e+00 -4.493715e-01
   endloop
 endfacet
 facet normal -0.000000e+00 -1.000000e+00  0.000000e+00
   outer loop
     vertex -1.639289e+01  0.000000e+00 -1.653977e+00
     vertex -1.643811e+01  0.000000e+00 -1.642576e+00
     vertex -1.800000e+01  0.000000e+00 -1.200000e+01
   endloop
 endfacet
 facet normal  0.000000e+00 -1.000000e+00 -0.000000e+00
   outer loop
     vertex -1.766171e+01  0.000000e+00 -3.587709e-01
     vertex -1.800000e+01  0.000000e+00 -1.200000e+01
     vertex -1.765124e+01  0.000000e+00 -4.042233e-01
   endloop
 endfacet
 facet normal -0.000000e+00 -1.000000e+00  0.000000e+00
   outer loop
     vertex -1.634736e+01  0.000000e+00 -1.664133e+00
     vertex -1.639289e+01  0.000000e+00 -1.653977e+00
     vertex -1.800000e+01  0.000000e+00 -1.200000e+01
   endloop
 endfacet
 facet normal  0.000000e+00 -1.000000e+00 -0.000000e+00
   outer loop
     vertex -1.767093e+01  0.000000e+00 -3.130484e-01
     vertex -1.800000e+01  0.000000e+00 -1.200000e+01
     vertex -1.766171e+01  0.000000e+00 -3.587709e-01
   endloop
 endfacet
 facet normal -0.000000e+00 -1.000000e+00  0.000000e+00
   outer loop
     vertex -1.630158e+01  0.000000e+00 -1.673036e+00
     vertex -1.634736e+01  0.000000e+00 -1.664133e+00
     vertex -1.800000e+01  0.000000e+00 -1.200000e+01
   endloop
 endfacet
 facet normal  0.000000e+00 -1.000000e+00 -0.000000e+00
   outer loop
     vertex -1.767889e+01  0.000000e+00 -2.670903e-01
     vertex -1.800000e+01  0.000000e+00 -1.200000e+01
     vertex -1.767093e+01  0.000000e+00 -3.130484e-01
   endloop
 endfacet
 facet normal -0.000000e+00 -1.000000e+00  0.000000e+00
   outer loop
     vertex -1.625557e+01  0.000000e+00 -1.680680e+00
     vertex -1.630158e+01  0.000000e+00 -1.673036e+00
     vertex -1.800000e+01  0.000000e+00 -1.200000e+01
   endloop
 endfacet
 facet normal  0.000000e+00 -1.000000e+00 -0.000000e+00
   outer loop
     vertex -1.768558e+01  0.000000e+00 -2.209311e-01
     vertex -1.800000e+01  0.000000e+00 -1.200000e+01
     vertex -1.767889e+01  0.000000e+00 -2.670903e-01
   endloop
 endfacet
 facet normal -0.000000e+00 -1.000000e+00  0.000000e+00
   outer loop
     vertex -1.620936e+01  0.000000e+00 -1.687059e+00
     vertex -1.625557e+01  0.000000e+00 -1.680680e+00
     vertex -1.800000e+01  0.000000e+00 -1.200000e+01
   endloop
 endfacet
 facet normal  0.000000e+00 -1.000000e+00 -0.000000e+00
   outer loop
     vertex -1.769101e+01  0.000000e+00 -1.746055e-01
     vertex -1.800000e+01  0.000000e+00 -1.200000e+01
     vertex -1.768558e+01  0.000000e+00 -2.209311e-01
   endloop
 endfacet
 facet normal -0.000000e+00 -1.000000e+00  0.000000e+00
   outer loop
     vertex -1.616300e+01  0.000000e+00 -1.692167e+00
     vertex -1.620936e+01  0.000000e+00 -1.687059e+00
     vertex -1.800000e+01  0.000000e+00 -1.200000e+01
   endloop
 endfacet
 facet normal  0.000000e+00 -1.000000e+00 -0.000000e+00
   outer loop
     vertex -1.769516e+01  0.000000e+00 -1.281486e-01
     vertex -1.800000e+01  0.000000e+00 -1.200000e+01
     vertex -1.769101e+01  0.000000e+00 -1.746055e-01
   endloop
 endfacet
 facet normal -0.000000e+00 -1.000000e+00  0.000000e+00
   outer loop
     vertex -1.611652e+01  0.000000e+00 -1.696002e+00
     vertex -1.616300e+01  0.000000e+00 -1.692167e+00
     vertex -1.800000e+01  0.000000e+00 -1.200000e+01
   endloop
 endfacet
 facet normal  0.000000e+00 -1.000000e+00 -0.000000e+00
   outer loop
     vertex -1.769804e+01  0.000000e+00 -8.159517e-02
     vertex -1.800000e+01  0.000000e+00 -1.200000e+01
     vertex -1.769516e+01  0.000000e+00 -1.281486e-01
   endloop
 endfacet
 facet normal -0.000000e+00 -1.000000e+00  0.000000e+00
   outer loop
     vertex -1.606995e+01  0.000000e+00 -1.698560e+00
     vertex -1.611652e+01  0.000000e+00 -1.696002e+00
     vertex -1.800000e+01  0.000000e+00 -1.200000e+01
   endloop
 endfacet
 facet normal  0.000000e+00 -1.000000e+00 -0.000000e+00
   outer loop
     vertex -1.769964e+01  0.000000e+00 -3.498033e-02
     vertex -1.800000e+01  0.000000e+00 -1.200000e+01
     vertex -1.769804e+01  0.000000e+00 -8.159517e-02
   endloop
 endfacet
 facet normal -0.000000e+00 -1.000000e+00  0.000000e+00
   outer loop
     vertex -1.602332e+01  0.000000e+00 -1.699840e+00
     vertex -1.606995e+01  0.000000e+00 -1.698560e+00
     vertex -1.800000e+01  0.000000e+00 -1.200000e+01
   endloop
 endfacet
 facet normal -0.000000e+00 -1.000000e+00  0.000000e+00
   outer loop
     vertex -1.597668e+01  0.000000e+00 -1.699840e+00
     vertex -1.602332e+01  0.000000e+00 -1.699840e+00
     vertex -1.800000e+01  0.000000e+00 -1.200000e+01
   endloop
 endfacet
 facet normal  0.000000e+00 -1.000000e+00  0.000000e+00
   outer loop
     vertex -1.593005e+01  0.000000e+00 -1.698560e+00
     vertex -1.597668e+01  0.000000e+00 -1.699840e+00
     vertex -1.800000e+01  0.000000e+00 -1.200000e+01
   endloop
 endfacet
 facet normal  0.000000e+00 -1.000000e+00  0.000000e+00
   outer loop
     vertex -1.588348e+01  0.000000e+00 -1.696002e+00
     vertex -1.593005e+01  0.000000e+00 -1.698560e+00
     vertex -1.800000e+01  0.000000e+00 -1.200000e+01
   endloop
 endfacet
 facet normal  0.000000e+00 -1.000000e+00  0.000000e+00
   outer loop
     vertex -1.583700e+01  0.000000e+00 -1.692167e+00
     vertex -1.588348e+01  0.000000e+00 -1.696002e+00
     vertex -1.800000e+01  0.000000e+00 -1.200000e+01
   endloop
 endfacet
 facet normal  0.000000e+00 -1.000000e+00  0.000000e+00
   outer loop
     vertex -1.579064e+01  0.000000e+00 -1.687059e+00
     vertex -1.583700e+01  0.000000e+00 -1.692167e+00
     vertex -1.800000e+01  0.000000e+00 -1.200000e+01
   endloop
 endfacet
 facet normal  0.000000e+00 -1.000000e+00  0.000000e+00
   outer loop
     vertex -1.574443e+01  0.000000e+00 -1.680680e+00
     vertex -1.579064e+01  0.000000e+00 -1.687059e+00
     vertex -1.800000e+01  0.000000e+00 -1.200000e+01
   endloop
 endfacet
 facet normal  0.000000e+00 -1.000000e+00  0.000000e+00
   outer loop
     vertex -1.569842e+01  0.000000e+00 -1.673036e+00
     vertex -1.574443e+01  0.000000e+00 -1.680680e+00
     vertex -1.800000e+01  0.000000e+00 -1.200000e+01
   endloop
 endfacet
 facet normal  0.000000e+00 -1.000000e+00  0.000000e+00
   outer loop
     vertex -1.565264e+01  0.000000e+00 -1.664133e+00
     vertex -1.569842e+01  0.000000e+00 -1.673036e+00
     vertex -1.800000e+01  0.000000e+00 -1.200000e+01
   endloop
 endfacet
 facet normal  0.000000e+00 -1.000000e+00  0.000000e+00
   outer loop
     vertex -1.560711e+01  0.000000e+00 -1.653977e+00
     vertex -1.565264e+01  0.000000e+00 -1.664133e+00
     vertex -1.800000e+01  0.000000e+00 -1.200000e+01
   endloop
 endfacet
 facet normal  0.000000e+00 -1.000000e+00  0.000000e+00
   outer loop
     vertex -1.556189e+01  0.000000e+00 -1.642576e+00
     vertex -1.560711e+01  0.000000e+00 -1.653977e+00
     vertex -1.800000e+01  0.000000e+00 -1.200000e+01
   endloop
 endfacet
 facet normal  0.000000e+00 -1.000000e+00  0.000000e+00
   outer loop
     vertex -1.551699e+01  0.000000e+00 -1.629938e+00
     vertex -1.556189e+01  0.000000e+00 -1.642576e+00
     vertex -1.800000e+01  0.000000e+00 -1.200000e+01
   endloop
 endfacet
 facet normal  0.000000e+00 -1.000000e+00  0.000000e+00
   outer loop
     vertex -1.547245e+01  0.000000e+00 -1.616074e+00
     vertex -1.551699e+01  0.000000e+00 -1.629938e+00
     vertex -1.800000e+01  0.000000e+00 -1.200000e+01
   endloop
 endfacet
 facet normal  0.000000e+00 -1.000000e+00  0.000000e+00
   outer loop
     vertex -1.542832e+01  0.000000e+00 -1.600993e+00
     vertex -1.547245e+01  0.000000e+00 -1.616074e+00
     vertex -1.800000e+01  0.000000e+00 -1.200000e+01
   endloop
 endfacet
 facet normal  0.000000e+00 -1.000000e+00  0.000000e+00
   outer loop
     vertex -1.538461e+01  0.000000e+00 -1.584707e+00
     vertex -1.542832e+01  0.000000e+00 -1.600993e+00
     vertex -1.800000e+01  0.000000e+00 -1.200000e+01
   endloop
 endfacet
 facet normal  0.000000e+00 -1.000000e+00  0.000000e+00
   outer loop
     vertex -1.534137e+01  0.000000e+00 -1.567228e+00
     vertex -1.538461e+01  0.000000e+00 -1.584707e+00
     vertex -1.800000e+01  0.000000e+00 -1.200000e+01
   endloop
 endfacet
 facet normal  0.000000e+00 -1.000000e+00  0.000000e+00
   outer loop
     vertex -1.529862e+01  0.000000e+00 -1.548569e+00
     vertex -1.534137e+01  0.000000e+00 -1.567228e+00
     vertex -1.800000e+01  0.000000e+00 -1.200000e+01
   endloop
 endfacet
 facet normal  0.000000e+00 -1.000000e+00  0.000000e+00
   outer loop
     vertex -1.525640e+01  0.000000e+00 -1.528744e+00
     vertex -1.529862e+01  0.000000e+00 -1.548569e+00
     vertex -1.800000e+01  0.000000e+00 -1.200000e+01
   endloop
 endfacet
 facet normal  0.000000e+00 -1.000000e+00  0.000000e+00
   outer loop
     vertex -1.521474e+01  0.000000e+00 -1.507769e+00
     vertex -1.525640e+01  0.000000e+00 -1.528744e+00
     vertex -1.800000e+01  0.000000e+00 -1.200000e+01
   endloop
 endfacet
 facet normal  0.000000e+00 -1.000000e+00  0.000000e+00
   outer loop
     vertex -1.517367e+01  0.000000e+00 -1.485658e+00
     vertex -1.521474e+01  0.000000e+00 -1.507769e+00
     vertex -1.800000e+01  0.000000e+00 -1.200000e+01
   endloop
 endfacet
 facet normal  0.000000e+00 -1.000000e+00  0.000000e+00
   outer loop
     vertex -1.513322e+01  0.000000e+00 -1.462430e+00
     vertex -1.517367e+01  0.000000e+00 -1.485658e+00
     vertex -1.800000e+01  0.000000e+00 -1.200000e+01
   endloop
 endfacet
 facet normal -0.000000e+00 -1.000000e+00  0.000000e+00
   outer loop
     vertex -4.000000e+00  0.000000e+00 -5.500000e+00
     vertex -1.513322e+01  0.000000e+00 -1.462430e+00
     vertex -1.800000e+01  0.000000e+00 -1.200000e+01
   endloop
 endfacet
 facet normal  0.000000e+00 -1.000000e+00  0.000000e+00
   outer loop
     vertex -4.000000e+00  0.000000e+00 -5.500000e+00
     vertex -1.430004e+01  0.000000e+00  1.166084e-02
     vertex -1.430036e+01  0.000000e+00 -3.498033e-02
   endloop
 endfacet
 facet normal  0.000000e+00 -1.000000e+00  0.000000e+00
   outer loop
     vertex -4.000000e+00  0.000000e+00 -5.500000e+00
     vertex -1.430036e+01  0.000000e+00 -3.498033e-02
     vertex -1.430196e+01  0.000000e+00 -8.159517e-02
   endloop
 endfacet
 facet normal  0.000000e+00 -1.000000e+00  0.000000e+00
   outer loop
     vertex -4.000000e+00  0.000000e+00 -5.500000e+00
     vertex -1.430196e+01  0.000000e+00 -8.159517e-02
     vertex -1.430484e+01  0.000000e+00 -1.281486e-01
   endloop
 endfacet
 facet normal  0.000000e+00 -1.000000e+00  0.000000e+00
   outer loop
     vertex -4.000000e+00  0.000000e+00 -5.500000e+00
     vertex -1.430484e+01  0.000000e+00 -1.281486e-01
     vertex -1.430899e+01  0.000000e+00 -1.746055e-01
   endloop
 endfacet
 facet normal  0.000000e+00 -1.000000e+00  0.000000e+00
   outer loop
     vertex -4.000000e+00  0.000000e+00 -5.500000e+00
     vertex -1.430899e+01  0.000000e+00 -1.746055e-01
     vertex -1.431442e+01  0.000000e+00 -2.209311e-01
   endloop
 endfacet
 facet normal  0.000000e+00 -1.000000e+00  0.000000e+00
   outer loop
     vertex -4.000000e+00  0.000000e+00 -5.500000e+00
     vertex -1.431442e+01  0.000000e+00 -2.209311e-01
     vertex -1.432111e+01  0.000000e+00 -2.670903e-01
   endloop
 endfacet
 facet normal  0.000000e+00 -1.000000e+00  0.000000e+00
   outer loop
     vertex -4.000000e+00  0.000000e+00 -5.500000e+00
     vertex -1.432111e+01  0.000000e+00 -2.670903e-01
     vertex -1.432907e+01  0.000000e+00 -3.130484e-01
   endloop
 endfacet
 facet normal  0.000000e+00 -1.000000e+00  0.000000e+00
   outer loop
     vertex -4.000000e+00  0.000000e+00 -5.500000e+00
     vertex -1.432907e+01  0.000000e+00 -3.130484e-01
     vertex -1.433829e+01  0.000000e+00 -3.587709e-01
   endloop
 endfacet
 facet normal  0.000000e+00 -1.000000e+00  0.000000e+00
   outer loop
     vertex -4.000000e+00  0.000000e+00 -5.500000e+00
     vertex -1.433829e+01  0.000000e+00 -3.587709e-01
     vertex -1.434876e+01  0.000000e+00 -4.042233e-01
   endloop
 endfacet
 facet normal  0.000000e+00 -1.000000e+00  0.000000e+00
   outer loop
     vertex -4.000000e+00  0.000000e+00 -5.500000e+00
     vertex -1.434876e+01  0.000000e+00 -4.042233e-01
     vertex -1.436047e+01  0.000000e+00 -4.493715e-01
   endloop
 endfacet
 facet normal  0.000000e+00 -1.000000e+00  0.000000e+00
   outer loop
     vertex -4.000000e+00  0.000000e+00 -5.500000e+00
     vertex -1.436047e+01  0.000000e+00 -4.493715e-01
     vertex -1.437341e+01  0.000000e+00 -4.941813e-01
   endloop
 endfacet
 facet normal  0.000000e+00 -1.000000e+00  0.000000e+00
   outer loop
     vertex -4.000000e+00  0.000000e+00 -5.500000e+00
     vertex -1.437341e+01  0.000000e+00 -4.941813e-01
     vertex -1.438758e+01  0.000000e+00 -5.386192e-01
   endloop
 endfacet
 facet normal  0.000000e+00 -1.000000e+00  0.000000e+00
   outer loop
     vertex -4.000000e+00  0.000000e+00 -5.500000e+00
     vertex -1.438758e+01  0.000000e+00 -5.386192e-01
     vertex -1.440297e+01  0.000000e+00 -5.826516e-01
   endloop
 endfacet
 facet normal  0.000000e+00 -1.000000e+00  0.000000e+00
   outer loop
     vertex -4.000000e+00  0.000000e+00 -5.500000e+00
     vertex -1.440297e+01  0.000000e+00 -5.826516e-01
     vertex -1.441955e+01  0.000000e+00 -6.262454e-01
   endloop
 endfacet
 facet normal  0.000000e+00 -1.000000e+00  0.000000e+00
   outer loop
     vertex -4.000000e+00  0.000000e+00 -5.500000e+00
     vertex -1.441955e+01  0.000000e+00 -6.262454e-01
     vertex -1.443733e+01  0.000000e+00 -6.693678e-01
   endloop
 endfacet
 facet normal  0.000000e+00 -1.000000e+00  0.000000e+00
   outer loop
     vertex -4.000000e+00  0.000000e+00 -5.500000e+00
     vertex -1.443733e+01  0.000000e+00 -6.693678e-01
     vertex -1.445628e+01  0.000000e+00 -7.119863e-01
   endloop
 endfacet
 facet normal  0.000000e+00 -1.000000e+00  0.000000e+00
   outer loop
     vertex -4.000000e+00  0.000000e+00 -5.500000e+00
     vertex -1.445628e+01  0.000000e+00 -7.119863e-01
     vertex -1.447639e+01  0.000000e+00 -7.540688e-01
   endloop
 endfacet
 facet normal  0.000000e+00 -1.000000e+00  0.000000e+00
   outer loop
     vertex -4.000000e+00  0.000000e+00 -5.500000e+00
     vertex -1.447639e+01  0.000000e+00 -7.540688e-01
     vertex -1.449765e+01  0.000000e+00 -7.955837e-01
   endloop
 endfacet
 facet normal  0.000000e+00 -1.000000e+00  0.000000e+00
   outer loop
     vertex -4.000000e+00  0.000000e+00 -5.500000e+00
     vertex -1.449765e+01  0.000000e+00 -7.955837e-01
     vertex -1.452004e+01  0.000000e+00 -8.364998e-01
   endloop
 endfacet
 facet normal  0.000000e+00 -1.000000e+00  0.000000e+00
   outer loop
     vertex -4.000000e+00  0.000000e+00 -5.500000e+00
     vertex -1.452004e+01  0.000000e+00 -8.364998e-01
     vertex -1.454355e+01  0.000000e+00 -8.767861e-01
   endloop
 endfacet
 facet normal  0.000000e+00 -1.000000e+00  0.000000e+00
   outer loop
     vertex -4.000000e+00  0.000000e+00 -5.500000e+00
     vertex -1.454355e+01  0.000000e+00 -8.767861e-01
     vertex -1.456815e+01  0.000000e+00 -9.164124e-01
   endloop
 endfacet
 facet normal  0.000000e+00 -1.000000e+00  0.000000e+00
   outer loop
     vertex -4.000000e+00  0.000000e+00 -5.500000e+00
     vertex -1.456815e+01  0.000000e+00 -9.164124e-01
     vertex -1.459383e+01  0.000000e+00 -9.553488e-01
   endloop
 endfacet
 facet normal  0.000000e+00 -1.000000e+00  0.000000e+00
   outer loop
     vertex -4.000000e+00  0.000000e+00 -5.500000e+00
     vertex -1.459383e+01  0.000000e+00 -9.553488e-01
     vertex -1.462057e+01  0.000000e+00 -9.935661e-01
   endloop
 endfacet
 facet normal  0.000000e+00 -1.000000e+00  0.000000e+00
   outer loop
     vertex -4.000000e+00  0.000000e+00 -5.500000e+00
     vertex -1.462057e+01  0.000000e+00 -9.935661e-01
     vertex -1.464835e+01  0.000000e+00 -1.031036e+00
   endloop
 endfacet
 facet normal  0.000000e+00 -1.000000e+00  0.000000e+00
   outer loop
     vertex -4.000000e+00  0.000000e+00 -5.500000e+00
     vertex -1.464835e+01  0.000000e+00 -1.031036e+00
     vertex -1.467714e+01  0.000000e+00 -1.067729e+00
   endloop
 endfacet
 facet normal  0.000000e+00 -1.000000e+00  0.000000e+00
   outer loop
     vertex -4.000000e+00  0.000000e+00 -5.500000e+00
     vertex -1.467714e+01  0.000000e+00 -1.067729e+00
     vertex -1.470693e+01  0.000000e+00 -1.103618e+00
   endloop
 endfacet
 facet normal  0.000000e+00 -1.000000e+00  0.000000e+00
   outer loop
     vertex -4.000000e+00  0.000000e+00 -5.500000e+00
     vertex -1.470693e+01  0.000000e+00 -1.103618e+00
     vertex -1.473769e+01  0.000000e+00 -1.138677e+00
   endloop
 endfacet
 facet normal  0.000000e+00 -1.000000e+00  0.000000e+00
   outer loop
     vertex -4.000000e+00  0.000000e+00 -5.500000e+00
     vertex -1.473769e+01  0.000000e+00 -1.138677e+00
     vertex -1.476941e+01  0.000000e+00 -1.172879e+00
   endloop
 endfacet
 facet normal  0.000000e+00 -1.000000e+00  0.000000e+00
   outer loop
     vertex -4.000000e+00  0.000000e+00 -5.500000e+00
     vertex -1.476941e+01  0.000000e+00 -1.172879e+00
     vertex -1.480205e+01  0.000000e+00 -1.206197e+00
   endloop
 endfacet
 facet normal  0.000000e+00 -1.000000e+00  0.000000e+00
   outer loop
     vertex -4.000000e+00  0.000000e+00 -5.500000e+00
     vertex -1.480205e+01  0.000000e+00 -1.206197e+00
     vertex -1.483559e+01  0.000000e+00 -1.238608e+00
   endloop
 endfacet
 facet normal  0.000000e+00 -1.000000e+00  0.000000e+00
   outer loop
     vertex -4.000000e+00  0.000000e+00 -5.500000e+00
     vertex -1.483559e+01  0.000000e+00 -1.238608e+00
     vertex -1.487001e+01  0.000000e+00 -1.270086e+00
   endloop
 endfacet
 facet normal  0.000000e+00 -1.000000e+00  0.000000e+00
   outer loop
     vertex -4.000000e+00  0.000000e+00 -5.500000e+00
     vertex -1.487001e+01  0.000000e+00 -1.270086e+00
     vertex -1.490528e+01  0.000000e+00 -1.300608e+00
   endloop
 endfacet
 facet normal  0.000000e+00 -1.000000e+00  0.000000e+00
   outer loop
     vertex -4.000000e+00  0.000000e+00 -5.500000e+00
     vertex -1.490528e+01  0.000000e+00 -1.300608e+00
     vertex -1.494137e+01  0.000000e+00 -1.330152e+00
   endloop
 endfacet
 facet normal  0.000000e+00 -1.000000e+00  0.000000e+00
   outer loop
     vertex -4.000000e+00  0.000000e+00 -5.500000e+00
     vertex -1.494137e+01  0.000000e+00 -1.330152e+00
     vertex -1.497826e+01  0.000000e+00 -1.358693e+00
   endloop
 endfacet
 facet normal  0.000000e+00 -1.000000e+00  0.000000e+00
   outer loop
     vertex -4.000000e+00  0.000000e+00 -5.500000e+00
     vertex -1.497826e+01  0.000000e+00 -1.358693e+00
     vertex -1.501592e+01  0.000000e+00 -1.386212e+00
   endloop
 endfacet
 facet normal  0.000000e+00 -1.000000e+00  0.000000e+00
   outer loop
     vertex -4.000000e+00  0.000000e+00 -5.500000e+00
     vertex -1.501592e+01  0.000000e+00 -1.386212e+00
     vertex -1.505432e+01  0.000000e+00 -1.412688e+00
   endloop
 endfacet
 facet normal  0.000000e+00 -1.000000e+00  0.000000e+00
   outer loop
     vertex -4.000000e+00  0.000000e+00 -5.500000e+00
     vertex -1.505432e+01  0.000000e+00 -1.412688e+00
     vertex -1.509343e+01  0.000000e+00 -1.438100e+00
   endloop
 endfacet
 facet normal  0.000000e+00 -1.000000e+00  0.000000e+00
   outer loop
     vertex -4.000000e+00  0.000000e+00 -5.500000e+00
     vertex -1.509343e+01  0.000000e+00 -1.438100e+00
     vertex -1.513322e+01  0.000000e+00 -1.462430e+00
   endloop
 endfacet
 facet normal  0.000000e+00 -1.000000e+00  0.000000e+00
   outer loop
     vertex -1.800000e+01  0.000000e+00  1.200000e+01
     vertex -1.730809e+01  0.000000e+00  1.085776e+00
     vertex -1.727781e+01  0.000000e+00  1.121253e+00
   endloop
 endfacet
 facet normal  0.000000e+00 -1.000000e+00  0.000000e+00
   outer loop
     vertex -1.800000e+01  0.000000e+00  1.200000e+01
     vertex -1.727781e+01  0.000000e+00  1.121253e+00
     vertex -1.724657e+01  0.000000e+00  1.155887e+00
   endloop
 endfacet
 facet normal  0.000000e+00 -1.000000e+00  0.000000e+00
   outer loop
     vertex -1.800000e+01  0.000000e+00  1.200000e+01
     vertex -1.724657e+01  0.000000e+00  1.155887e+00
     vertex -1.721439e+01  0.000000e+00  1.189650e+00
   endloop
 endfacet
 facet normal  0.000000e+00 -1.000000e+00  0.000000e+00
   outer loop
     vertex -1.800000e+01  0.000000e+00  1.200000e+01
     vertex -1.721439e+01  0.000000e+00  1.189650e+00
     vertex -1.718129e+01  0.000000e+00  1.222518e+00
   endloop
 endfacet
 facet normal  0.000000e+00 -1.000000e+00  0.000000e+00
   outer loop
     vertex -1.800000e+01  0.000000e+00  1.200000e+01
     vertex -1.718129e+01  0.000000e+00  1.222518e+00
     vertex -1.714731e+01  0.000000e+00  1.254465e+00
   endloop
 endfacet
 facet normal  0.000000e+00 -1.000000e+00  0.000000e+00
   outer loop
     vertex -1.800000e+01  0.000000e+00  1.200000e+01
     vertex -1.714731e+01  0.000000e+00  1.254465e+00
     vertex -1.711246e+01  0.000000e+00  1.285468e+00
   endloop
 endfacet
 facet normal  0.000000e+00 -1.000000e+00  0.000000e+00
   outer loop
     vertex -1.800000e+01  0.000000e+00  1.200000e+01
     vertex -1.600000e+01  0.000000e+00  1.700000e+00
     vertex -1.595336e+01  0.000000e+00  1.699360e+00
   endloop
 endfacet
 facet normal  0.000000e+00 -1.000000e+00  0.000000e+00
   outer loop
     vertex -1.800000e+01  0.000000e+00  1.200000e+01
     vertex -1.711246e+01  0.000000e+00  1.285468e+00
     vertex -1.707678e+01  0.000000e+00  1.315504e+00
   endloop
 endfacet
 facet normal  0.000000e+00 -1.000000e+00  0.000000e+00
   outer loop
     vertex -1.800000e+01  0.000000e+00  1.200000e+01
     vertex -1.595336e+01  0.000000e+00  1.699360e+00
     vertex -1.590676e+01  0.000000e+00  1.697441e+00
   endloop
 endfacet
 facet normal  0.000000e+00 -1.000000e+00  0.000000e+00
   outer loop
     vertex -1.800000e+01  0.000000e+00  1.200000e+01
     vertex -1.707678e+01  0.000000e+00  1.315504e+00
     vertex -1.704028e+01  0.000000e+00  1.344549e+00
   endloop
 endfacet
 facet normal  0.000000e+00 -1.000000e+00  0.000000e+00
   outer loop
     vertex -1.800000e+01  0.000000e+00  1.200000e+01
     vertex -1.590676e+01  0.000000e+00  1.697441e+00
     vertex -1.586023e+01  0.000000e+00  1.694244e+00
   endloop
 endfacet
 facet normal  0.000000e+00 -1.000000e+00  0.000000e+00
   outer loop
     vertex -1.800000e+01  0.000000e+00  1.200000e+01
     vertex -1.704028e+01  0.000000e+00  1.344549e+00
     vertex -1.700300e+01  0.000000e+00  1.372582e+00
   endloop
 endfacet
 facet normal  0.000000e+00 -1.000000e+00  0.000000e+00
   outer loop
     vertex -1.800000e+01  0.000000e+00  1.200000e+01
     vertex -1.586023e+01  0.000000e+00  1.694244e+00
     vertex -1.581380e+01  0.000000e+00  1.689772e+00
   endloop
 endfacet
 facet normal  0.000000e+00 -1.000000e+00  0.000000e+00
   outer loop
     vertex -1.800000e+01  0.000000e+00  1.200000e+01
     vertex -1.700300e+01  0.000000e+00  1.372582e+00
     vertex -1.696497e+01  0.000000e+00  1.399582e+00
   endloop
 endfacet
 facet normal  0.000000e+00 -1.000000e+00  0.000000e+00
   outer loop
     vertex -1.800000e+01  0.000000e+00  1.200000e+01
     vertex -1.581380e+01  0.000000e+00  1.689772e+00
     vertex -1.576751e+01  0.000000e+00  1.684028e+00
   endloop
 endfacet
 facet normal  0.000000e+00 -1.000000e+00  0.000000e+00
   outer loop
     vertex -1.800000e+01  0.000000e+00  1.200000e+01
     vertex -1.696497e+01  0.000000e+00  1.399582e+00
     vertex -1.692621e+01  0.000000e+00  1.425528e+00
   endloop
 endfacet
 facet normal  0.000000e+00 -1.000000e+00  0.000000e+00
   outer loop
     vertex -1.800000e+01  0.000000e+00  1.200000e+01
     vertex -1.576751e+01  0.000000e+00  1.684028e+00
     vertex -1.572140e+01  0.000000e+00  1.677016e+00
   endloop
 endfacet
 facet normal  0.000000e+00 -1.000000e+00  0.000000e+00
   outer loop
     vertex -1.800000e+01  0.000000e+00  1.200000e+01
     vertex -1.692621e+01  0.000000e+00  1.425528e+00
     vertex -1.688676e+01  0.000000e+00  1.450401e+00
   endloop
 endfacet
 facet normal  0.000000e+00 -1.000000e+00  0.000000e+00
   outer loop
     vertex -1.800000e+01  0.000000e+00  1.200000e+01
     vertex -1.572140e+01  0.000000e+00  1.677016e+00
     vertex -1.567550e+01  0.000000e+00  1.668741e+00
   endloop
 endfacet
 facet normal  0.000000e+00 -1.000000e+00  0.000000e+00
   outer loop
     vertex -1.800000e+01  0.000000e+00  1.200000e+01
     vertex -1.688676e+01  0.000000e+00  1.450401e+00
     vertex -1.684663e+01  0.000000e+00  1.474183e+00
   endloop
 endfacet
 facet normal  0.000000e+00 -1.000000e+00  0.000000e+00
   outer loop
     vertex -1.800000e+01  0.000000e+00  1.200000e+01
     vertex -1.567550e+01  0.000000e+00  1.668741e+00
     vertex -1.562984e+01  0.000000e+00  1.659211e+00
   endloop
 endfacet
 facet normal  0.000000e+00 -1.000000e+00  0.000000e+00
   outer loop
     vertex -1.800000e+01  0.000000e+00  1.200000e+01
     vertex -1.684663e+01  0.000000e+00  1.474183e+00
     vertex -1.680587e+01  0.000000e+00  1.496854e+00
   endloop
 endfacet
 facet normal  0.000000e+00 -1.000000e+00  0.000000e+00
   outer loop
     vertex -1.800000e+01  0.000000e+00  1.200000e+01
     vertex -1.562984e+01  0.000000e+00  1.659211e+00
     vertex -1.558446e+01  0.000000e+00  1.648431e+00
   endloop
 endfacet
 facet normal  0.000000e+00 -1.000000e+00  0.000000e+00
   outer loop
     vertex -1.800000e+01  0.000000e+00  1.200000e+01
     vertex -1.680587e+01  0.000000e+00  1.496854e+00
     vertex -1.676450e+01  0.000000e+00  1.518399e+00
   endloop
 endfacet
 facet normal  0.000000e+00 -1.000000e+00  0.000000e+00
   outer loop
     vertex -1.800000e+01  0.000000e+00  1.200000e+01
     vertex -1.558446e+01  0.000000e+00  1.648431e+00
     vertex -1.553939e+01  0.000000e+00  1.636411e+00
   endloop
 endfacet
 facet normal  0.000000e+00 -1.000000e+00  0.000000e+00
   outer loop
     vertex -1.800000e+01  0.000000e+00  1.200000e+01
     vertex -1.676450e+01  0.000000e+00  1.518399e+00
     vertex -1.672256e+01  0.000000e+00  1.538801e+00
   endloop
 endfacet
 facet normal  0.000000e+00 -1.000000e+00  0.000000e+00
   outer loop
     vertex -1.800000e+01  0.000000e+00  1.200000e+01
     vertex -1.553939e+01  0.000000e+00  1.636411e+00
     vertex -1.549467e+01  0.000000e+00  1.623159e+00
   endloop
 endfacet
 facet normal  0.000000e+00 -1.000000e+00  0.000000e+00
   outer loop
     vertex -1.800000e+01  0.000000e+00  1.200000e+01
     vertex -1.672256e+01  0.000000e+00  1.538801e+00
     vertex -1.668007e+01  0.000000e+00  1.558045e+00
   endloop
 endfacet
 facet normal  0.000000e+00 -1.000000e+00  0.000000e+00
   outer loop
     vertex -1.800000e+01  0.000000e+00  1.200000e+01
     vertex -1.549467e+01  0.000000e+00  1.623159e+00
     vertex -1.545033e+01  0.000000e+00  1.608685e+00
   endloop
 endfacet
 facet normal  0.000000e+00 -1.000000e+00  0.000000e+00
   outer loop
     vertex -1.800000e+01  0.000000e+00  1.200000e+01
     vertex -1.668007e+01  0.000000e+00  1.558045e+00
     vertex -1.663707e+01  0.000000e+00  1.576115e+00
   endloop
 endfacet
 facet normal  0.000000e+00 -1.000000e+00  0.000000e+00
   outer loop
     vertex -1.800000e+01  0.000000e+00  1.200000e+01
     vertex -1.545033e+01  0.000000e+00  1.608685e+00
     vertex -1.540641e+01  0.000000e+00  1.593000e+00
   endloop
 endfacet
 facet normal  0.000000e+00 -1.000000e+00  0.000000e+00
   outer loop
     vertex -1.800000e+01  0.000000e+00  1.200000e+01
     vertex -1.663707e+01  0.000000e+00  1.576115e+00
     vertex -1.659359e+01  0.000000e+00  1.593000e+00
   endloop
 endfacet
 facet normal  0.000000e+00 -1.000000e+00  0.000000e+00
   outer loop
     vertex -1.800000e+01  0.000000e+00  1.200000e+01
     vertex -1.540641e+01  0.000000e+00  1.593000e+00
     vertex -1.536293e+01  0.000000e+00  1.576115e+00
   endloop
 endfacet
 facet normal  0.000000e+00 -1.000000e+00  0.000000e+00
   outer loop
     vertex -1.800000e+01  0.000000e+00  1.200000e+01
     vertex -1.659359e+01  0.000000e+00  1.593000e+00
     vertex -1.654967e+01  0.000000e+00  1.608685e+00
   endloop
 endfacet
 facet normal  0.000000e+00 -1.000000e+00  0.000000e+00
   outer loop
     vertex -1.800000e+01  0.000000e+00  1.200000e+01
     vertex -1.536293e+01  0.000000e+00  1.576115e+00
     vertex -1.531993e+01  0.000000e+00  1.558045e+00
   endloop
 endfacet
 facet normal  0.000000e+00 -1.000000e+00  0.000000e+00
   outer loop
     vertex -1.800000e+01  0.000000e+00  1.200000e+01
     vertex -1.654967e+01  0.000000e+00  1.608685e+00
     vertex -1.650533e+01  0.000000e+00  1.623159e+00
   endloop
 endfacet
 facet normal  0.000000e+00 -1.000000e+00  0.000000e+00
   outer loop
     vertex -1.800000e+01  0.000000e+00  1.200000e+01
     vertex -1.531993e+01  0.000000e+00  1.558045e+00
     vertex -1.527744e+01  0.000000e+00  1.538801e+00
   endloop
 endfacet
 facet normal  0.000000e+00 -1.000000e+00  0.000000e+00
   outer loop
     vertex -1.800000e+01  0.000000e+00  1.200000e+01
     vertex -1.650533e+01  0.000000e+00  1.623159e+00
     vertex -1.646061e+01  0.000000e+00  1.636411e+00
   endloop
 endfacet
 facet normal  0.000000e+00 -1.000000e+00  0.000000e+00
   outer loop
     vertex -1.800000e+01  0.000000e+00  1.200000e+01
     vertex -1.527744e+01  0.000000e+00  1.538801e+00
     vertex -1.523550e+01  0.000000e+00  1.518399e+00
   endloop
 endfacet
 facet normal  0.000000e+00 -1.000000e+00  0.000000e+00
   outer loop
     vertex -1.800000e+01  0.000000e+00  1.200000e+01
     vertex -1.646061e+01  0.000000e+00  1.636411e+00
     vertex -1.641554e+01  0.000000e+00  1.648431e+00
   endloop
 endfacet
 facet normal  0.000000e+00 -1.000000e+00  0.000000e+00
   outer loop
     vertex -1.800000e+01  0.000000e+00  1.200000e+01
     vertex -1.523550e+01  0.000000e+00  1.518399e+00
     vertex -1.519413e+01  0.000000e+00  1.496854e+00
   endloop
 endfacet
 facet normal  0.000000e+00 -1.000000e+00  0.000000e+00
   outer loop
     vertex -1.800000e+01  0.000000e+00  1.200000e+01
     vertex -1.641554e+01  0.000000e+00  1.648431e+00
     vertex -1.637016e+01  0.000000e+00  1.659211e+00
   endloop
 endfacet
 facet normal  0.000000e+00 -1.000000e+00  0.000000e+00
   outer loop
     vertex -1.800000e+01  0.000000e+00  1.200000e+01
     vertex -1.519413e+01  0.000000e+00  1.496854e+00
     vertex -1.515337e+01  0.000000e+00  1.474183e+00
   endloop
 endfacet
 facet normal  0.000000e+00 -1.000000e+00  0.000000e+00
   outer loop
     vertex -1.800000e+01  0.000000e+00  1.200000e+01
     vertex -1.637016e+01  0.000000e+00  1.659211e+00
     vertex -1.632450e+01  0.000000e+00  1.668741e+00
   endloop
 endfacet
 facet normal  0.000000e+00 -1.000000e+00  0.000000e+00
   outer loop
     vertex -1.800000e+01  0.000000e+00  1.200000e+01
     vertex -1.632450e+01  0.000000e+00  1.668741e+00
     vertex -1.627860e+01  0.000000e+00  1.677016e+00
   endloop
 endfacet
 facet normal  0.000000e+00 -1.000000e+00  0.000000e+00
   outer loop
     vertex -1.800000e+01  0.000000e+00  1.200000e+01
     vertex -1.627860e+01  0.000000e+00  1.677016e+00
     vertex -1.623249e+01  0.000000e+00  1.684028e+00
   endloop
 endfacet
 facet normal  0.000000e+00 -1.000000e+00  0.000000e+00
   outer loop
     vertex -1.800000e+01  0.000000e+00  1.200000e+01
     vertex -1.623249e+01  0.000000e+00  1.684028e+00
     vertex -1.618620e+01  0.000000e+00  1.689772e+00
   endloop
 endfacet
 facet normal  0.000000e+00 -1.000000e+00  0.000000e+00
   outer loop
     vertex -1.800000e+01  0.000000e+00  1.200000e+01
     vertex -1.618620e+01  0.000000e+00  1.689772e+00
     vertex -1.613977e+01  0.000000e+00  1.694244e+00
   endloop
 endfacet
 facet normal  0.000000e+00 -1.000000e+00  0.000000e+00
   outer loop
     vertex -1.800000e+01  0.000000e+00  1.200000e+01
     vertex -1.613977e+01  0.000000e+00  1.694244e+00
     vertex -1.609324e+01  0.000000e+00  1.697441e+00
   endloop
 endfacet
 facet normal  0.000000e+00 -1.000000e+00  0.000000e+00
   outer loop
     vertex -1.800000e+01  0.000000e+00  1.200000e+01
     vertex -1.609324e+01  0.000000e+00  1.697441e+00
     vertex -1.604664e+01  0.000000e+00  1.699360e+00
   endloop
 endfacet
 facet normal  0.000000e+00 -1.000000e+00  0.000000e+00
   outer loop
     vertex -1.800000e+01  0.000000e+00  1.200000e+01
     vertex -1.604664e+01  0.000000e+00  1.699360e+00
     vertex -1.600000e+01  0.000000e+00  1.700000e+00
   endloop
 endfacet
 facet normal  0.000000e+00 -1.000000e+00  0.000000e+00
   outer loop
     vertex -1.800000e+01  0.000000e+00  1.200000e+01
     vertex -1.769900e+01  0.000000e+00  5.829324e-02
     vertex -1.769676e+01  0.000000e+00  1.048818e-01
   endloop
 endfacet
 facet normal  0.000000e+00 -1.000000e+00  0.000000e+00
   outer loop
     vertex -1.800000e+01  0.000000e+00  1.200000e+01
     vertex -1.769676e+01  0.000000e+00  1.048818e-01
     vertex -1.769325e+01  0.000000e+00  1.513913e-01
   endloop
 endfacet
 facet normal  0.000000e+00 -1.000000e+00  0.000000e+00
   outer loop
     vertex -1.800000e+01  0.000000e+00  1.200000e+01
     vertex -1.769325e+01  0.000000e+00  1.513913e-01
     vertex -1.768846e+01  0.000000e+00  1.977869e-01
   endloop
 endfacet
 facet normal  0.000000e+00 -1.000000e+00  0.000000e+00
   outer loop
     vertex -1.800000e+01  0.000000e+00  1.200000e+01
     vertex -1.768846e+01  0.000000e+00  1.977869e-01
     vertex -1.768239e+01  0.000000e+00  2.440336e-01
   endloop
 endfacet
 facet normal  0.000000e+00 -1.000000e+00  0.000000e+00
   outer loop
     vertex -1.800000e+01  0.000000e+00  1.200000e+01
     vertex -1.768239e+01  0.000000e+00  2.440336e-01
     vertex -1.767507e+01  0.000000e+00  2.900966e-01
   endloop
 endfacet
 facet normal  0.000000e+00 -1.000000e+00  0.000000e+00
   outer loop
     vertex -1.800000e+01  0.000000e+00  1.200000e+01
     vertex -1.767507e+01  0.000000e+00  2.900966e-01
     vertex -1.766648e+01  0.000000e+00  3.359413e-01
   endloop
 endfacet
 facet normal  0.000000e+00 -1.000000e+00  0.000000e+00
   outer loop
     vertex -1.800000e+01  0.000000e+00  1.200000e+01
     vertex -1.766648e+01  0.000000e+00  3.359413e-01
     vertex -1.765663e+01  0.000000e+00  3.815330e-01
   endloop
 endfacet
 facet normal  0.000000e+00 -1.000000e+00  0.000000e+00
   outer loop
     vertex -1.800000e+01  0.000000e+00  1.200000e+01
     vertex -1.765663e+01  0.000000e+00  3.815330e-01
     vertex -1.764554e+01  0.000000e+00  4.268376e-01
   endloop
 endfacet
 facet normal  0.000000e+00 -1.000000e+00  0.000000e+00
   outer loop
     vertex -1.800000e+01  0.000000e+00  1.200000e+01
     vertex -1.764554e+01  0.000000e+00  4.268376e-01
     vertex -1.763321e+01  0.000000e+00  4.718208e-01
   endloop
 endfacet
 facet normal  0.000000e+00 -1.000000e+00  0.000000e+00
   outer loop
     vertex -1.800000e+01  0.000000e+00  1.200000e+01
     vertex -1.763321e+01  0.000000e+00  4.718208e-01
     vertex -1.761965e+01  0.000000e+00  5.164489e-01
   endloop
 endfacet
 facet normal  0.000000e+00 -1.000000e+00  0.000000e+00
   outer loop
     vertex -1.800000e+01  0.000000e+00  1.200000e+01
     vertex -1.761965e+01  0.000000e+00  5.164489e-01
     vertex -1.760488e+01  0.000000e+00  5.606882e-01
   endloop
 endfacet
 facet normal  0.000000e+00 -1.000000e+00  0.000000e+00
   outer loop
     vertex -1.800000e+01  0.000000e+00  1.200000e+01
     vertex -1.760488e+01  0.000000e+00  5.606882e-01
     vertex -1.758889e+01  0.000000e+00  6.045054e-01
   endloop
 endfacet
 facet normal  0.000000e+00 -1.000000e+00  0.000000e+00
   outer loop
     vertex -1.800000e+01  0.000000e+00  1.200000e+01
     vertex -1.758889e+01  0.000000e+00  6.045054e-01
     vertex -1.757171e+01  0.000000e+00  6.478676e-01
   endloop
 endfacet
 facet normal  0.000000e+00 -1.000000e+00  0.000000e+00
   outer loop
     vertex -1.800000e+01  0.000000e+00  1.200000e+01
     vertex -1.757171e+01  0.000000e+00  6.478676e-01
     vertex -1.755334e+01  0.000000e+00  6.907420e-01
   endloop
 endfacet
 facet normal  0.000000e+00 -1.000000e+00  0.000000e+00
   outer loop
     vertex -1.800000e+01  0.000000e+00  1.200000e+01
     vertex -1.755334e+01  0.000000e+00  6.907420e-01
     vertex -1.753381e+01  0.000000e+00  7.330965e-01
   endloop
 endfacet
 facet normal  0.000000e+00 -1.000000e+00  0.000000e+00
   outer loop
     vertex -1.800000e+01  0.000000e+00  1.200000e+01
     vertex -1.753381e+01  0.000000e+00  7.330965e-01
     vertex -1.751312e+01  0.000000e+00  7.748992e-01
   endloop
 endfacet
 facet normal  0.000000e+00 -1.000000e+00  0.000000e+00
   outer loop
     vertex -1.800000e+01  0.000000e+00  1.200000e+01
     vertex -1.751312e+01  0.000000e+00  7.748992e-01
     vertex -1.749129e+01  0.000000e+00  8.161185e-01
   endloop
 endfacet
 facet normal  0.000000e+00 -1.000000e+00  0.000000e+00
   outer loop
     vertex -1.800000e+01  0.000000e+00  1.200000e+01
     vertex -1.749129e+01  0.000000e+00  8.161185e-01
     vertex -1.746834e+01  0.000000e+00  8.567235e-01
   endloop
 endfacet
 facet normal  0.000000e+00 -1.000000e+00  0.000000e+00
   outer loop
     vertex -1.800000e+01  0.000000e+00  1.200000e+01
     vertex -1.746834e+01  0.000000e+00  8.567235e-01
     vertex -1.744428e+01  0.000000e+00  8.966836e-01
   endloop
 endfacet
 facet normal  0.000000e+00 -1.000000e+00  0.000000e+00
   outer loop
     vertex -1.800000e+01  0.000000e+00  1.200000e+01
     vertex -1.744428e+01  0.000000e+00  8.966836e-01
     vertex -1.741914e+01  0.000000e+00  9.359687e-01
   endloop
 endfacet
 facet normal  0.000000e+00 -1.000000e+00  0.000000e+00
   outer loop
     vertex -1.800000e+01  0.000000e+00  1.200000e+01
     vertex -1.741914e+01  0.000000e+00  9.359687e-01
     vertex -1.739293e+01  0.000000e+00  9.745492e-01
   endloop
 endfacet
 facet normal  0.000000e+00 -1.000000e+00  0.000000e+00
   outer loop
     vertex -1.800000e+01  0.000000e+00  1.200000e+01
     vertex -1.739293e+01  0.000000e+00  9.745492e-01
     vertex -1.736567e+01  0.000000e+00  1.012396e+00
   endloop
 endfacet
 facet normal  0.000000e+00 -1.000000e+00  0.000000e+00
   outer loop
     vertex -1.800000e+01  0.000000e+00  1.200000e+01
     vertex -1.736567e+01  0.000000e+00  1.012396e+00
     vertex -1.733738e+01  0.000000e+00  1.049481e+00
   endloop
 endfacet
 facet normal  0.000000e+00 -1.000000e+00  0.000000e+00
   outer loop
     vertex -1.800000e+01  0.000000e+00  1.200000e+01
     vertex -1.733738e+01  0.000000e+00  1.049481e+00
     vertex -1.730809e+01  0.000000e+00  1.085776e+00
   endloop
 endfacet
 facet normal  0.000000e+00 -1.000000e+00  0.000000e+00
   outer loop
     vertex -4.000000e+00  0.000000e+00  5.500000e+00
     vertex -1.515337e+01  0.000000e+00  1.474183e+00
     vertex -1.511324e+01  0.000000e+00  1.450401e+00
   endloop
 endfacet
 facet normal  0.000000e+00 -1.000000e+00  0.000000e+00
   outer loop
     vertex -4.000000e+00  0.000000e+00  5.500000e+00
     vertex -1.511324e+01  0.000000e+00  1.450401e+00
     vertex -1.507379e+01  0.000000e+00  1.425528e+00
   endloop
 endfacet
 facet normal  0.000000e+00 -1.000000e+00  0.000000e+00
   outer loop
     vertex -4.000000e+00  0.000000e+00  5.500000e+00
     vertex -1.507379e+01  0.000000e+00  1.425528e+00
     vertex -1.503503e+01  0.000000e+00  1.399582e+00
   endloop
 endfacet
 facet normal  0.000000e+00 -1.000000e+00  0.000000e+00
   outer loop
     vertex -4.000000e+00  0.000000e+00  5.500000e+00
     vertex -1.503503e+01  0.000000e+00  1.399582e+00
     vertex -1.499700e+01  0.000000e+00  1.372582e+00
   endloop
 endfacet
 facet normal  0.000000e+00 -1.000000e+00  0.000000e+00
   outer loop
     vertex -4.000000e+00  0.000000e+00  5.500000e+00
     vertex -1.499700e+01  0.000000e+00  1.372582e+00
     vertex -1.495972e+01  0.000000e+00  1.344549e+00
   endloop
 endfacet
 facet normal  0.000000e+00 -1.000000e+00  0.000000e+00
   outer loop
     vertex -4.000000e+00  0.000000e+00  5.500000e+00
     vertex -1.495972e+01  0.000000e+00  1.344549e+00
     vertex -1.492322e+01  0.000000e+00  1.315504e+00
   endloop
 endfacet
 facet normal  0.000000e+00 -1.000000e+00  0.000000e+00
   outer loop
     vertex -4.000000e+00  0.000000e+00  5.500000e+00
     vertex -1.492322e+01  0.000000e+00  1.315504e+00
     vertex -1.488754e+01  0.000000e+00  1.285468e+00
   endloop
 endfacet
 facet normal  0.000000e+00 -1.000000e+00  0.000000e+00
   outer loop
     vertex -4.000000e+00  0.000000e+00  5.500000e+00
     vertex -1.488754e+01  0.000000e+00  1.285468e+00
     vertex -1.485269e+01  0.000000e+00  1.254465e+00
   endloop
 endfacet
 facet normal  0.000000e+00 -1.000000e+00  0.000000e+00
   outer loop
     vertex -4.000000e+00  0.000000e+00  5.500000e+00
     vertex -1.485269e+01  0.000000e+00  1.254465e+00
     vertex -1.481871e+01  0.000000e+00  1.222518e+00
   endloop
 endfacet
 facet normal  0.000000e+00 -1.000000e+00  0.000000e+00
   outer loop
     vertex -4.000000e+00  0.000000e+00  5.500000e+00
     vertex -1.481871e+01  0.000000e+00  1.222518e+00
     vertex -1.478561e+01  0.000000e+00  1.189650e+00
   endloop
 endfacet
 facet normal  0.000000e+00 -1.000000e+00  0.000000e+00
   outer loop
     vertex -4.000000e+00  0.000000e+00  5.500000e+00
     vertex -1.478561e+01  0.000000e+00  1.189650e+00
     vertex -1.475343e+01  0.000000e+00  1.155887e+00
   endloop
 endfacet
 facet normal  0.000000e+00 -1.000000e+00  0.000000e+00
   outer loop
     vertex -4.000000e+00  0.000000e+00  5.500000e+00
     vertex -1.475343e+01  0.000000e+00  1.155887e+00
     vertex -1.472219e+01  0.000000e+00  1.121253e+00
   endloop
 endfacet
 facet normal  0.000000e+00 -1.000000e+00  0.000000e+00
   outer loop
     vertex -4.000000e+00  0.000000e+00  5.500000e+00
     vertex -1.472219e+01  0.000000e+00  1.121253e+00
     vertex -1.469191e+01  0.000000e+00  1.085776e+00
   endloop
 endfacet
 facet normal  0.000000e+00 -1.000000e+00  0.000000e+00
   outer loop
     vertex -4.000000e+00  0.000000e+00  5.500000e+00
     vertex -1.469191e+01  0.000000e+00  1.085776e+00
     vertex -1.466262e+01  0.000000e+00  1.049481e+00
   endloop
 endfacet
 facet normal  0.000000e+00 -1.000000e+00  0.000000e+00
   outer loop
     vertex -4.000000e+00  0.000000e+00  5.500000e+00
     vertex -1.466262e+01  0.000000e+00  1.049481e+00
     vertex -1.463433e+01  0.000000e+00  1.012396e+00
   endloop
 endfacet
 facet normal  0.000000e+00 -1.000000e+00  0.000000e+00
   outer loop
     vertex -4.000000e+00  0.000000e+00  5.500000e+00
     vertex -1.463433e+01  0.000000e+00  1.012396e+00
     vertex -1.460707e+01  0.000000e+00  9.745492e-01
   endloop
 endfacet
 facet normal  0.000000e+00 -1.000000e+00  0.000000e+00
   outer loop
     vertex -4.000000e+00  0.000000e+00  5.500000e+00
     vertex -1.460707e+01  0.000000e+00  9.745492e-01
     vertex -1.458086e+01  0.000000e+00  9.359687e-01
   endloop
 endfacet
 facet normal  0.000000e+00 -1.000000e+00  0.000000e+00
   outer loop
     vertex -4.000000e+00  0.000000e+00  5.500000e+00
     vertex -1.458086e+01  0.000000e+00  9.359687e-01
     vertex -1.455572e+01  0.000000e+00  8.966836e-01
   endloop
 endfacet
 facet normal  0.000000e+00 -1.000000e+00  0.000000e+00
   outer loop
     vertex -4.000000e+00  0.000000e+00  5.500000e+00
     vertex -1.455572e+01  0.000000e+00  8.966836e-01
     vertex -1.453166e+01  0.000000e+00  8.567235e-01
   endloop
 endfacet
 facet normal  0.000000e+00 -1.000000e+00  0.000000e+00
   outer loop
     vertex -4.000000e+00  0.000000e+00  5.500000e+00
     vertex -1.453166e+01  0.000000e+00  8.567235e-01
     vertex -1.450871e+01  0.000000e+00  8.161185e-01
   endloop
 endfacet
 facet normal  0.000000e+00 -1.000000e+00  0.000000e+00
   outer loop
     vertex -4.000000e+00  0.000000e+00  5.500000e+00
     vertex -1.450871e+01  0.000000e+00  8.161185e-01
     vertex -1.448688e+01  0.000000e+00  7.748992e-01
   endloop
 endfacet
 facet normal  0.000000e+00 -1.000000e+00  0.000000e+00
   outer loop
     vertex -4.000000e+00  0.000000e+00  5.500000e+00
     vertex -1.448688e+01  0.000000e+00  7.748992e-01
     vertex -1.446619e+01  0.000000e+00  7.330965e-01
   endloop
 endfacet
 facet normal  0.000000e+00 -1.000000e+00  0.000000e+00
   outer loop
     vertex -4.000000e+00  0.000000e+00  5.500000e+00
     vertex -1.446619e+01  0.000000e+00  7.330965e-01
     vertex -1.444666e+01  0.000000e+00  6.907420e-01
   endloop
 endfacet
 facet normal  0.000000e+00 -1.000000e+00  0.000000e+00
   outer loop
     vertex -4.000000e+00  0.000000e+00  5.500000e+00
     vertex -1.444666e+01  0.000000e+00  6.907420e-01
     vertex -1.442829e+01  0.000000e+00  6.478676e-01
   endloop
 endfacet
 facet normal  0.000000e+00 -1.000000e+00  0.000000e+00
   outer loop
     vertex -4.000000e+00  0.000000e+00  5.500000e+00
     vertex -1.442829e+01  0.000000e+00  6.478676e-01
     vertex -1.441111e+01  0.000000e+00  6.045054e-01
   endloop
 endfacet
 facet normal  0.000000e+00 -1.000000e+00  0.000000e+00
   outer loop
     vertex -4.000000e+00  0.000000e+00  5.500000e+00
     vertex -1.441111e+01  0.000000e+00  6.045054e-01
     vertex -1.439512e+01  0.000000e+00  5.606882e-01
   endloop
 endfacet
 facet normal  0.000000e+00 -1.000000e+00  0.000000e+00
   outer loop
     vertex -4.000000e+00  0.000000e+00  5.500000e+00
     vertex -1.439512e+01  0.000000e+00  5.606882e-01
     vertex -1.438035e+01  0.000000e+00  5.164489e-01
   endloop
 endfacet
 facet normal  0.000000e+00 -1.000000e+00  0.000000e+00
   outer loop
     vertex -4.000000e+00  0.000000e+00  5.500000e+00
     vertex -1.438035e+01  0.000000e+00  5.164489e-01
     vertex -1.436679e+01  0.000000e+00  4.718208e-01
   endloop
 endfacet
 facet normal  0.000000e+00 -1.000000e+00  0.000000e+00
   outer loop
     vertex -4.000000e+00  0.000000e+00  5.500000e+00
     vertex -1.436679e+01  0.000000e+00  4.718208e-01
     vertex -1.435446e+01  0.000000e+00  4.268376e-01
   endloop
 endfacet
 facet normal  0.000000e+00 -1.000000e+00  0.000000e+00
   outer loop
     vertex -4.000000e+00  0.000000e+00  5.500000e+00
     vertex -1.435446e+01  0.000000e+00  4.268376e-01
     vertex -1.434337e+01  0.000000e+00  3.815330e-01
   endloop
 endfacet
 facet normal  0.000000e+00 -1.000000e+00  0.000000e+00
   outer loop
     vertex -4.000000e+00  0.000000e+00  5.500000e+00
     vertex -1.434337e+01  0.000000e+00  3.815330e-01
     vertex -1.433352e+01  0.000000e+00  3.359413e-01
   endloop
 endfacet
 facet normal  0.000000e+00 -1.000000e+00  0.000000e+00
   outer loop
     vertex -4.000000e+00  0.000000e+00  5.500000e+00
     vertex -1.433352e+01  0.000000e+00  3.359413e-01
     vertex -1.432493e+01  0.000000e+00  2.900966e-01
   endloop
 endfacet
 facet normal  0.000000e+00 -1.000000e+00  0.000000e+00
   outer loop
     vertex -4.000000e+00  0.000000e+00  5.500000e+00
     vertex -1.432493e+01  0.000000e+00  2.900966e-01
     vertex -1.431761e+01  0.000000e+00  2.440336e-01
   endloop
 endfacet
 facet normal  0.000000e+00 -1.000000e+00  0.000000e+00
   outer loop
     vertex -4.000000e+00  0.000000e+00  5.500000e+00
     vertex -1.431761e+01  0.000000e+00  2.440336e-01
     vertex -1.431154e+01  0.000000e+00  1.977869e-01
   endloop
 endfacet
 facet normal  0.000000e+00 -1.000000e+00  0.000000e+00
   outer loop
     vertex -4.000000e+00  0.000000e+00  5.500000e+00
     vertex -1.431154e+01  0.000000e+00  1.977869e-01
     vertex -1.430675e+01  0.000000e+00  1.513913e-01
   endloop
 endfacet
 facet normal  0.000000e+00 -1.000000e+00  0.000000e+00
   outer loop
     vertex -4.000000e+00  0.000000e+00  5.500000e+00
     vertex -1.430675e+01  0.000000e+00  1.513913e-01
     vertex -1.430324e+01  0.000000e+00  1.048818e-01
   endloop
 endfacet
 facet normal  0.000000e+00 -1.000000e+00  0.000000e+00
   outer loop
     vertex -4.000000e+00  0.000000e+00  5.500000e+00
     vertex -1.430324e+01  0.000000e+00  1.048818e-01
     vertex -1.430100e+01  0.000000e+00  5.829324e-02
   endloop
 endfacet
 facet normal  0.000000e+00 -1.000000e+00  0.000000e+00
   outer loop
     vertex -4.000000e+00  0.000000e+00  5.500000e+00
     vertex -1.430100e+01  0.000000e+00  5.829324e-02
     vertex -1.430004e+01  0.000000e+00  1.166084e-02
   endloop
 endfacet
 facet normal -0.000000e+00 -1.000000e+00  0.000000e+00
   outer loop
     vertex -4.000000e+00  0.000000e+00  5.500000e+00
     vertex -1.800000e+01  0.000000e+00  1.200000e+01
     vertex -1.515337e+01  0.000000e+00  1.474183e+00
   endloop
 endfacet
 facet normal  0.000000e+00 -1.000000e+00 -0.000000e+00
   outer loop
     vertex -4.000000e+00  0.000000e+00  5.500000e+00
     vertex -1.430004e+01  0.000000e+00  1.166084e-02
     vertex -4.000000e+00  0.000000e+00 -5.500000e+00
   endloop
 endfacet
 facet normal  0.000000e+00 -1.000000e+00  0.000000e+00
   outer loop
     vertex  1.800000e+01  0.000000e+00 -1.200000e+01
     vertex  4.000000e+00  0.000000e+00 -5.500000e+00
     vertex -4.000000e+00  0.000000e+00 -5.500000e+00
   endloop
 endfacet
 facet normal  0.000000e+00 -1.000000e+00  0.000000e+00
   outer loop
     vertex  1.800000e+01  0.000000e+00 -1.200000e+01
     vertex -4.000000e+00  0.000000e+00 -5.500000e+00
     vertex -1.800000e+01  0.000000e+00 -1.200000e+01
   endloop
 endfacet
 facet normal  0.000000e+00 -1.000000e+00 -0.000000e+00
   outer loop
     vertex  1.476941e+01  0.000000e+00 -1.172879e+00
     vertex  4.000000e+00  0.000000e+00 -5.500000e+00
     vertex  1.480205e+01  0.000000e+00 -1.206197e+00
   endloop
 endfacet
 facet normal -0.000000e+00 -1.000000e+00  0.000000e+00
   outer loop
     vertex  1.483559e+01  0.000000e+00 -1.238608e+00
     vertex  1.480205e+01  0.000000e+00 -1.206197e+00
     vertex  4.000000e+00  0.000000e+00 -5.500000e+00
   endloop
 endfacet
 facet normal  0.000000e+00 -1.000000e+00 -0.000000e+00
   outer loop
     vertex  1.473769e+01  0.000000e+00 -1.138677e+00
     vertex  4.000000e+00  0.000000e+00 -5.500000e+00
     vertex  1.476941e+01  0.000000e+00 -1.172879e+00
   endloop
 endfacet
 facet normal -0.000000e+00 -1.000000e+00  0.000000e+00
   outer loop
     vertex  1.487001e+01  0.000000e+00 -1.270086e+00
     vertex  1.483559e+01  0.000000e+00 -1.238608e+00
     vertex  4.000000e+00  0.000000e+00 -5.500000e+00
   endloop
 endfacet
 facet normal  0.000000e+00 -1.000000e+00 -0.000000e+00
   outer loop
     vertex  1.470693e+01  0.000000e+00 -1.103618e+00
     vertex  4.000000e+00  0.000000e+00 -5.500000e+00
     vertex  1.473769e+01  0.000000e+00 -1.138677e+00
   endloop
 endfacet
 facet normal -0.000000e+00 -1.000000e+00  0.000000e+00
   outer loop
     vertex  1.490528e+01  0.000000e+00 -1.300608e+00
     vertex  1.487001e+01  0.000000e+00 -1.270086e+00
     vertex  4.000000e+00  0.000000e+00 -5.500000e+00
   endloop
 endfacet
 facet normal  0.000000e+00 -1.000000e+00 -0.000000e+00
   outer loop
     vertex  1.467714e+01  0.000000e+00 -1.067729e+00
     vertex  4.000000e+00  0.000000e+00 -5.500000e+00
     vertex  1.470693e+01  0.000000e+00 -1.103618e+00
   endloop
 endfacet
 facet normal -0.000000e+00 -1.000000e+00  0.000000e+00
   outer loop
     vertex  1.494137e+01  0.000000e+00 -1.330152e+00
     vertex  1.490528e+01  0.000000e+00 -1.300608e+00
     vertex  4.000000e+00  0.000000e+00 -5.500000e+00
   endloop
 endfacet
 facet normal  0.000000e+00 -1.000000e+00 -0.000000e+00
   outer loop
     vertex  1.464835e+01  0.000000e+00 -1.031036e+00
     vertex  4.000000e+00  0.000000e+00 -5.500000e+00
     vertex  1.467714e+01  0.000000e+00 -1.067729e+00
   endloop
 endfacet
 facet normal -0.000000e+00 -1.000000e+00  0.000000e+00
   outer loop
     vertex  1.497826e+01  0.000000e+00 -1.358693e+00
     vertex  1.494137e+01  0.000000e+00 -1.330152e+00
     vertex  4.000000e+00  0.000000e+00 -5.500000e+00
   endloop
 endfacet
 facet normal  0.000000e+00 -1.000000e+00 -0.000000e+00
   outer loop
     vertex  1.462057e+01  0.000000e+00 -9.935661e-01
     vertex  4.000000e+00  0.000000e+00 -5.500000e+00
     vertex  1.464835e+01  0.000000e+00 -1.031036e+00
   endloop
 endfacet
 facet normal -0.000000e+00 -1.000000e+00  0.000000e+00
   outer loop
     vertex  1.501592e+01  0.000000e+00 -1.386212e+00
     vertex  1.497826e+01  0.000000e+00 -1.358693e+00
     vertex  4.000000e+00  0.000000e+00 -5.500000e+00
   endloop
 endfacet
 facet normal  0.000000e+00 -1.000000e+00 -0.000000e+00
   outer loop
     vertex  1.459383e+01  0.000000e+00 -9.553488e-01
     vertex  4.000000e+00  0.000000e+00 -5.500000e+00
     vertex  1.462057e+01  0.000000e+00 -9.935661e-01
   endloop
 endfacet
 facet normal -0.000000e+00 -1.000000e+00  0.000000e+00
   outer loop
     vertex  1.505432e+01  0.000000e+00 -1.412688e+00
     vertex  1.501592e+01  0.000000e+00 -1.386212e+00
     vertex  4.000000e+00  0.000000e+00 -5.500000e+00
   endloop
 endfacet
 facet normal  0.000000e+00 -1.000000e+00 -0.000000e+00
   outer loop
     vertex  1.456815e+01  0.000000e+00 -9.164124e-01
     vertex  4.000000e+00  0.000000e+00 -5.500000e+00
     vertex  1.459383e+01  0.000000e+00 -9.553488e-01
   endloop
 endfacet
 facet normal -0.000000e+00 -1.000000e+00  0.000000e+00
   outer loop
     vertex  1.509343e+01  0.000000e+00 -1.438100e+00
     vertex  1.505432e+01  0.000000e+00 -1.412688e+00
     vertex  4.000000e+00  0.000000e+00 -5.500000e+00
   endloop
 endfacet
 facet normal  0.000000e+00 -1.000000e+00 -0.000000e+00
   outer loop
     vertex  1.454355e+01  0.000000e+00 -8.767861e-01
     vertex  4.000000e+00  0.000000e+00 -5.500000e+00
     vertex  1.456815e+01  0.000000e+00 -9.164124e-01
   endloop
 endfacet
 facet normal  0.000000e+00 -1.000000e+00 -0.000000e+00
   outer loop
     vertex  1.513322e+01  0.000000e+00 -1.462430e+00
     vertex  4.000000e+00  0.000000e+00 -5.500000e+00
     vertex  1.800000e+01  0.000000e+00 -1.200000e+01
   endloop
 endfacet
 facet normal -0.000000e+00 -1.000000e+00  0.000000e+00
   outer loop
     vertex  1.513322e+01  0.000000e+00 -1.462430e+00
     vertex  1.509343e+01  0.000000e+00 -1.438100e+00
     vertex  4.000000e+00  0.000000e+00 -5.500000e+00
   endloop
 endfacet
 facet normal  0.000000e+00 -1.000000e+00 -0.000000e+00
   outer loop
     vertex  1.452004e+01  0.000000e+00 -8.364998e-01
     vertex  4.000000e+00  0.000000e+00 -5.500000e+00
     vertex  1.454355e+01  0.000000e+00 -8.767861e-01
   endloop
 endfacet
 facet normal -0.000000e+00 -1.000000e+00 -0.000000e+00
   outer loop
     vertex  1.517367e+01  0.000000e+00 -1.485658e+00
     vertex  1.513322e+01  0.000000e+00 -1.462430e+00
     vertex  1.800000e+01  0.000000e+00 -1.200000e+01
   endloop
 endfacet
 facet normal  0.000000e+00 -1.000000e+00 -0.000000e+00
   outer loop
     vertex  1.449765e+01  0.000000e+00 -7.955837e-01
     vertex  4.000000e+00  0.000000e+00 -5.500000e+00
     vertex  1.452004e+01  0.000000e+00 -8.364998e-01
   endloop
 endfacet
 facet normal -0.000000e+00 -1.000000e+00 -0.000000e+00
   outer loop
     vertex  1.521474e+01  0.000000e+00 -1.507769e+00
     vertex  1.517367e+01  0.000000e+00 -1.485658e+00
     vertex  1.800000e+01  0.000000e+00 -1.200000e+01
   endloop
 endfacet
 facet normal  0.000000e+00 -1.000000e+00 -0.000000e+00
   outer loop
     vertex  1.447639e+01  0.000000e+00 -7.540688e-01
     vertex  4.000000e+00  0.000000e+00 -5.500000e+00
     vertex  1.449765e+01  0.000000e+00 -7.955837e-01
   endloop
 endfacet
 facet normal -0.000000e+00 -1.000000e+00 -0.000000e+00
   outer loop
     vertex  1.525640e+01  0.000000e+00 -1.528744e+00
     vertex  1.521474e+01  0.000000e+00 -1.507769e+00
     vertex  1.800000e+01  0.000000e+00 -1.200000e+01
   endloop
 endfacet
 facet normal  0.000000e+00 -1.000000e+00 -0.000000e+00
   outer loop
     vertex  1.445628e+01  0.000000e+00 -7.119863e-01
     vertex  4.000000e+00  0.000000e+00 -5.500000e+00
     vertex  1.447639e+01  0.000000e+00 -7.540688e-01
   endloop
 endfacet
 facet normal -0.000000e+00 -1.000000e+00 -0.000000e+00
   outer loop
     vertex  1.529862e+01  0.000000e+00 -1.548569e+00
     vertex  1.525640e+01  0.000000e+00 -1.528744e+00
     vertex  1.800000e+01  0.000000e+00 -1.200000e+01
   endloop
 endfacet
 facet normal  0.000000e+00 -1.000000e+00 -0.000000e+00
   outer loop
     vertex  1.443733e+01  0.000000e+00 -6.693678e-01
     vertex  4.000000e+00  0.000000e+00 -5.500000e+00
     vertex  1.445628e+01  0.000000e+00 -7.119863e-01
   endloop
 endfacet
 facet normal -0.000000e+00 -1.000000e+00 -0.000000e+00
   outer loop
     vertex  1.534137e+01  0.000000e+00 -1.567228e+00
     vertex  1.529862e+01  0.000000e+00 -1.548569e+00
     vertex  1.800000e+01  0.000000e+00 -1.200000e+01
   endloop
 endfacet
 facet normal  0.000000e+00 -1.000000e+00 -0.000000e+00
   outer loop
     vertex  1.441955e+01  0.000000e+00 -6.262454e-01
     vertex  4.000000e+00  0.000000e+00 -5.500000e+00
     vertex  1.443733e+01  0.000000e+00 -6.693678e-01
   endloop
 endfacet
 facet normal -0.000000e+00 -1.000000e+00 -0.000000e+00
   outer loop
     vertex  1.538461e+01  0.000000e+00 -1.584707e+00
     vertex  1.534137e+01  0.000000e+00 -1.567228e+00
     vertex  1.800000e+01  0.000000e+00 -1.200000e+01
   endloop
 endfacet
 facet normal  0.000000e+00 -1.000000e+00 -0.000000e+00
   outer loop
     vertex  1.440297e+01  0.000000e+00 -5.826516e-01
     vertex  4.000000e+00  0.000000e+00 -5.500000e+00
     vertex  1.441955e+01  0.000000e+00 -6.262454e-01
   endloop
 endfacet
 facet normal -0.000000e+00 -1.000000e+00 -0.000000e+00
   outer loop
     vertex  1.542832e+01  0.000000e+00 -1.600993e+00
     vertex  1.538461e+01  0.000000e+00 -1.584707e+00
     vertex  1.800000e+01  0.000000e+00 -1.200000e+01
   endloop
 endfacet
 facet normal  0.000000e+00 -1.000000e+00 -0.000000e+00
   outer loop
     vertex  1.438758e+01  0.000000e+00 -5.386192e-01
     vertex  4.000000e+00  0.000000e+00 -5.500000e+00
     vertex  1.440297e+01  0.000000e+00 -5.826516e-01
   endloop
 endfacet
 facet normal -0.000000e+00 -1.000000e+00 -0.000000e+00
   outer loop
     vertex  1.547245e+01  0.000000e+00 -1.616074e+00
     vertex  1.542832e+01  0.000000e+00 -1.600993e+00
     vertex  1.800000e+01  0.000000e+00 -1.200000e+01
   endloop
 endfacet
 facet normal  0.000000e+00 -1.000000e+00 -0.000000e+00
   outer loop
     vertex  1.437341e+01  0.000000e+00 -4.941813e-01
     vertex  4.000000e+00  0.000000e+00 -5.500000e+00
     vertex  1.438758e+01  0.000000e+00 -5.386192e-01
   endloop
 endfacet
 facet normal -0.000000e+00 -1.000000e+00 -0.000000e+00
   outer loop
     vertex  1.551699e+01  0.000000e+00 -1.629938e+00
     vertex  1.547245e+01  0.000000e+00 -1.616074e+00
     vertex  1.800000e+01  0.000000e+00 -1.200000e+01
   endloop
 endfacet
 facet normal  0.000000e+00 -1.000000e+00 -0.000000e+00
   outer loop
     vertex  1.436047e+01  0.000000e+00 -4.493715e-01
     vertex  4.000000e+00  0.000000e+00 -5.500000e+00
     vertex  1.437341e+01  0.000000e+00 -4.941813e-01
   endloop
 endfacet
 facet normal -0.000000e+00 -1.000000e+00 -0.000000e+00
   outer loop
     vertex  1.556189e+01  0.000000e+00 -1.642576e+00
     vertex  1.551699e+01  0.000000e+00 -1.629938e+00
     vertex  1.800000e+01  0.000000e+00 -1.200000e+01
   endloop
 endfacet
 facet normal  0.000000e+00 -1.000000e+00 -0.000000e+00
   outer loop
     vertex  1.434876e+01  0.000000e+00 -4.042233e-01
     vertex  4.000000e+00  0.000000e+00 -5.500000e+00
     vertex  1.436047e+01  0.000000e+00 -4.493715e-01
   endloop
 endfacet
 facet normal -0.000000e+00 -1.000000e+00 -0.000000e+00
   outer loop
     vertex  1.560711e+01  0.000000e+00 -1.653977e+00
     vertex  1.556189e+01  0.000000e+00 -1.642576e+00
     vertex  1.800000e+01  0.000000e+00 -1.200000e+01
   endloop
 endfacet
 facet normal  0.000000e+00 -1.000000e+00 -0.000000e+00
   outer loop
     vertex  1.433829e+01  0.000000e+00 -3.587709e-01
     vertex  4.000000e+00  0.000000e+00 -5.500000e+00
     vertex  1.434876e+01  0.000000e+00 -4.042233e-01
   endloop
 endfacet
 facet normal -0.000000e+00 -1.000000e+00 -0.000000e+00
   outer loop
     vertex  1.565264e+01  0.000000e+00 -1.664133e+00
     vertex  1.560711e+01  0.000000e+00 -1.653977e+00
     vertex  1.800000e+01  0.000000e+00 -1.200000e+01
   endloop
 endfacet
 facet normal  0.000000e+00 -1.000000e+00 -0.000000e+00
   outer loop
     vertex  1.432907e+01  0.000000e+00 -3.130484e-01
     vertex  4.000000e+00  0.000000e+00 -5.500000e+00
     vertex  1.433829e+01  0.000000e+00 -3.587709e-01
   endloop
 endfacet
 facet normal -0.000000e+00 -1.000000e+00 -0.000000e+00
   outer loop
     vertex  1.569842e+01  0.000000e+00 -1.673036e+00
     vertex  1.565264e+01  0.000000e+00 -1.664133e+00
     vertex  1.800000e+01  0.000000e+00 -1.200000e+01
   endloop
 endfacet
 facet normal  0.000000e+00 -1.000000e+00 -0.000000e+00
   outer loop
     vertex  1.432111e+01  0.000000e+00 -2.670903e-01
     vertex  4.000000e+00  0.000000e+00 -5.500000e+00
     vertex  1.432907e+01  0.000000e+00 -3.130484e-01
   endloop
 endfacet
 facet normal -0.000000e+00 -1.000000e+00 -0.000000e+00
   outer loop
     vertex  1.574443e+01  0.000000e+00 -1.680680e+00
     vertex  1.569842e+01  0.000000e+00 -1.673036e+00
     vertex  1.800000e+01  0.000000e+00 -1.200000e+01
   endloop
 endfacet
 facet normal  0.000000e+00 -1.000000e+00 -0.000000e+00
   outer loop
     vertex  1.431442e+01  0.000000e+00 -2.209311e-01
     vertex  4.000000e+00  0.000000e+00 -5.500000e+00
     vertex  1.432111e+01  0.000000e+00 -2.670903e-01
   endloop
 endfacet
 facet normal -0.000000e+00 -1.000000e+00 -0.000000e+00
   outer loop
     vertex  1.579064e+01  0.000000e+00 -1.687059e+00
     vertex  1.574443e+01  0.000000e+00 -1.680680e+00
     vertex  1.800000e+01  0.000000e+00 -1.200000e+01
   endloop
 endfacet
 facet normal  0.000000e+00 -1.000000e+00 -0.000000e+00
   outer loop
     vertex  1.430899e+01  0.000000e+00 -1.746055e-01
     vertex  4.000000e+00  0.000000e+00 -5.500000e+00
     vertex  1.431442e+01  0.000000e+00 -2.209311e-01
   endloop
 endfacet
 facet normal -0.000000e+00 -1.000000e+00 -0.000000e+00
   outer loop
     vertex  1.583700e+01  0.000000e+00 -1.692167e+00
     vertex  1.579064e+01  0.000000e+00 -1.687059e+00
     vertex  1.800000e+01  0.000000e+00 -1.200000e+01
   endloop
 endfacet
 facet normal  0.000000e+00 -1.000000e+00 -0.000000e+00
   outer loop
     vertex  1.430484e+01  0.000000e+00 -1.281486e-01
     vertex  4.000000e+00  0.000000e+00 -5.500000e+00
     vertex  1.430899e+01  0.000000e+00 -1.746055e-01
   endloop
 endfacet
 facet normal -0.000000e+00 -1.000000e+00 -0.000000e+00
   outer loop
     vertex  1.588348e+01  0.000000e+00 -1.696002e+00
     vertex  1.583700e+01  0.000000e+00 -1.692167e+00
     vertex  1.800000e+01  0.000000e+00 -1.200000e+01
   endloop
 endfacet
 facet normal  0.000000e+00 -1.000000e+00 -0.000000e+00
   outer loop
     vertex  1.430196e+01  0.000000e+00 -8.159517e-02
     vertex  4.000000e+00  0.000000e+00 -5.500000e+00
     vertex  1.430484e+01  0.000000e+00 -1.281486e-01
   endloop
 endfacet
 facet normal -0.000000e+00 -1.000000e+00 -0.000000e+00
   outer loop
     vertex  1.593005e+01  0.000000e+00 -1.698560e+00
     vertex  1.588348e+01  0.000000e+00 -1.696002e+00
     vertex  1.800000e+01  0.000000e+00 -1.200000e+01
   endloop
 endfacet
 facet normal  0.000000e+00 -1.000000e+00 -0.000000e+00
   outer loop
     vertex  1.430036e+01  0.000000e+00 -3.498033e-02
     vertex  4.000000e+00  0.000000e+00 -5.500000e+00
     vertex  1.430196e+01  0.000000e+00 -8.159517e-02
   endloop
 endfacet
 facet normal -0.000000e+00 -1.000000e+00 -0.000000e+00
   outer loop
     vertex  1.597668e+01  0.000000e+00 -1.699840e+00
     vertex  1.593005e+01  0.000000e+00 -1.698560e+00
     vertex  1.800000e+01  0.000000e+00 -1.200000e+01
   endloop
 endfacet
 facet normal  0.000000e+00 -1.000000e+00 -0.000000e+00
   outer loop
     vertex  1.430004e+01  0.000000e+00  1.166084e-02
     vertex  4.000000e+00  0.000000e+00 -5.500000e+00
     vertex  1.430036e+01  0.000000e+00 -3.498033e-02
   endloop
 endfacet
 facet normal -0.000000e+00 -1.000000e+00  0.000000e+00
   outer loop
     vertex  1.430004e+01  0.000000e+00  1.166084e-02
     vertex  4.000000e+00  0.000000e+00  5.500000e+00
     vertex  4.000000e+00  0.000000e+00 -5.500000e+00
   endloop
 endfacet
 facet normal -0.000000e+00 -1.000000e+00 -0.000000e+00
   outer loop
     vertex  1.602332e+01  0.000000e+00 -1.699840e+00
     vertex  1.597668e+01  0.000000e+00 -1.699840e+00
     vertex  1.800000e+01  0.000000e+00 -1.200000e+01
   endloop
 endfacet
 facet normal -0.000000e+00 -1.000000e+00  0.000000e+00
   outer loop
     vertex  1.430100e+01  0.000000e+00  5.829324e-02
     vertex  4.000000e+00  0.000000e+00  5.500000e+00
     vertex  1.430004e+01  0.000000e+00  1.166084e-02
   endloop
 endfacet
 facet normal  0.000000e+00 -1.000000e+00 -0.000000e+00
   outer loop
     vertex  1.606995e+01  0.000000e+00 -1.698560e+00
     vertex  1.602332e+01  0.000000e+00 -1.699840e+00
     vertex  1.800000e+01  0.000000e+00 -1.200000e+01
   endloop
 endfacet
 facet normal -0.000000e+00 -1.000000e+00  0.000000e+00
   outer loop
     vertex  1.430324e+01  0.000000e+00  1.048818e-01
     vertex  4.000000e+00  0.000000e+00  5.500000e+00
     vertex  1.430100e+01  0.000000e+00  5.829324e-02
   endloop
 endfacet
 facet normal  0.000000e+00 -1.000000e+00 -0.000000e+00
   outer loop
     vertex  1.611652e+01  0.000000e+00 -1.696002e+00
     vertex  1.606995e+01  0.000000e+00 -1.698560e+00
     vertex  1.800000e+01  0.000000e+00 -1.200000e+01
   endloop
 endfacet
 facet normal -0.000000e+00 -1.000000e+00  0.000000e+00
   outer loop
     vertex  1.430675e+01  0.000000e+00  1.513913e-01
     vertex  4.000000e+00  0.000000e+00  5.500000e+00
     vertex  1.430324e+01  0.000000e+00  1.048818e-01
   endloop
 endfacet
 facet normal  0.000000e+00 -1.000000e+00 -0.000000e+00
   outer loop
     vertex  1.616300e+01  0.000000e+00 -1.692167e+00
     vertex  1.611652e+01  0.000000e+00 -1.696002e+00
     vertex  1.800000e+01  0.000000e+00 -1.200000e+01
   endloop
 endfacet
 facet normal -0.000000e+00 -1.000000e+00  0.000000e+00
   outer loop
     vertex  1.431154e+01  0.000000e+00  1.977869e-01
     vertex  4.000000e+00  0.000000e+00  5.500000e+00
     vertex  1.430675e+01  0.000000e+00  1.513913e-01
   endloop
 endfacet
 facet normal  0.000000e+00 -1.000000e+00 -0.000000e+00
   outer loop
     vertex  1.620936e+01  0.000000e+00 -1.687059e+00
     vertex  1.616300e+01  0.000000e+00 -1.692167e+00
     vertex  1.800000e+01  0.000000e+00 -1.200000e+01
   endloop
 endfacet
 facet normal -0.000000e+00 -1.000000e+00  0.000000e+00
   outer loop
     vertex  1.431761e+01  0.000000e+00  2.440336e-01
     vertex  4.000000e+00  0.000000e+00  5.500000e+00
     vertex  1.431154e+01  0.000000e+00  1.977869e-01
   endloop
 endfacet
 facet normal  0.000000e+00 -1.000000e+00 -0.000000e+00
   outer loop
     vertex  1.625557e+01  0.000000e+00 -1.680680e+00
     vertex  1.620936e+01  0.000000e+00 -1.687059e+00
     vertex  1.800000e+01  0.000000e+00 -1.200000e+01
   endloop
 endfacet
 facet normal -0.000000e+00 -1.000000e+00  0.000000e+00
   outer loop
     vertex  1.432493e+01  0.000000e+00  2.900966e-01
     vertex  4.000000e+00  0.000000e+00  5.500000e+00
     vertex  1.431761e+01  0.000000e+00  2.440336e-01
   endloop
 endfacet
 facet normal  0.000000e+00 -1.000000e+00 -0.000000e+00
   outer loop
     vertex  1.630158e+01  0.000000e+00 -1.673036e+00
     vertex  1.625557e+01  0.000000e+00 -1.680680e+00
     vertex  1.800000e+01  0.000000e+00 -1.200000e+01
   endloop
 endfacet
 facet normal -0.000000e+00 -1.000000e+00  0.000000e+00
   outer loop
     vertex  1.433352e+01  0.000000e+00  3.359413e-01
     vertex  4.000000e+00  0.000000e+00  5.500000e+00
     vertex  1.432493e+01  0.000000e+00  2.900966e-01
   endloop
 endfacet
 facet normal  0.000000e+00 -1.000000e+00 -0.000000e+00
   outer loop
     vertex  1.634736e+01  0.000000e+00 -1.664133e+00
     vertex  1.630158e+01  0.000000e+00 -1.673036e+00
     vertex  1.800000e+01  0.000000e+00 -1.200000e+01
   endloop
 endfacet
 facet normal -0.000000e+00 -1.000000e+00  0.000000e+00
   outer loop
     vertex  1.434337e+01  0.000000e+00  3.815330e-01
     vertex  4.000000e+00  0.000000e+00  5.500000e+00
     vertex  1.433352e+01  0.000000e+00  3.359413e-01
   endloop
 endfacet
 facet normal  0.000000e+00 -1.000000e+00 -0.000000e+00
   outer loop
     vertex  1.639289e+01  0.000000e+00 -1.653977e+00
     vertex  1.634736e+01  0.000000e+00 -1.664133e+00
     vertex  1.800000e+01  0.000000e+00 -1.200000e+01
   endloop
 endfacet
 facet normal -0.000000e+00 -1.000000e+00  0.000000e+00
   outer loop
     vertex  1.435446e+01  0.000000e+00  4.268376e-01
     vertex  4.000000e+00  0.000000e+00  5.500000e+00
     vertex  1.434337e+01  0.000000e+00  3.815330e-01
   endloop
 endfacet
 facet normal  0.000000e+00 -1.000000e+00 -0.000000e+00
   outer loop
     vertex  1.643811e+01  0.000000e+00 -1.642576e+00
     vertex  1.639289e+01  0.000000e+00 -1.653977e+00
     vertex  1.800000e+01  0.000000e+00 -1.200000e+01
   endloop
 endfacet
 facet normal -0.000000e+00 -1.000000e+00  0.000000e+00
   outer loop
     vertex  1.436679e+01  0.000000e+00  4.718208e-01
     vertex  4.000000e+00  0.000000e+00  5.500000e+00
     vertex  1.435446e+01  0.000000e+00  4.268376e-01
   endloop
 endfacet
 facet normal  0.000000e+00 -1.000000e+00 -0.000000e+00
   outer loop
     vertex  1.648301e+01  0.000000e+00 -1.629938e+00
     vertex  1.643811e+01  0.000000e+00 -1.642576e+00
     vertex  1.800000e+01  0.000000e+00 -1.200000e+01
   endloop
 endfacet
 facet normal -0.000000e+00 -1.000000e+00  0.000000e+00
   outer loop
     vertex  1.438035e+01  0.000000e+00  5.164489e-01
     vertex  4.000000e+00  0.000000e+00  5.500000e+00
     vertex  1.436679e+01  0.000000e+00  4.718208e-01
   endloop
 endfacet
 facet normal  0.000000e+00 -1.000000e+00 -0.000000e+00
   outer loop
     vertex  1.652755e+01  0.000000e+00 -1.616074e+00
     vertex  1.648301e+01  0.000000e+00 -1.629938e+00
     vertex  1.800000e+01  0.000000e+00 -1.200000e+01
   endloop
 endfacet
 facet normal -0.000000e+00 -1.000000e+00  0.000000e+00
   outer loop
     vertex  1.439512e+01  0.000000e+00  5.606882e-01
     vertex  4.000000e+00  0.000000e+00  5.500000e+00
     vertex  1.438035e+01  0.000000e+00  5.164489e-01
   endloop
 endfacet
 facet normal  0.000000e+00 -1.000000e+00 -0.000000e+00
   outer loop
     vertex  1.657168e+01  0.000000e+00 -1.600993e+00
     vertex  1.652755e+01  0.000000e+00 -1.616074e+00
     vertex  1.800000e+01  0.000000e+00 -1.200000e+01
   endloop
 endfacet
 facet normal -0.000000e+00 -1.000000e+00  0.000000e+00
   outer loop
     vertex  1.441111e+01  0.000000e+00  6.045054e-01
     vertex  4.000000e+00  0.000000e+00  5.500000e+00
     vertex  1.439512e+01  0.000000e+00  5.606882e-01
   endloop
 endfacet
 facet normal  0.000000e+00 -1.000000e+00 -0.000000e+00
   outer loop
     vertex  1.661539e+01  0.000000e+00 -1.584707e+00
     vertex  1.657168e+01  0.000000e+00 -1.600993e+00
     vertex  1.800000e+01  0.000000e+00 -1.200000e+01
   endloop
 endfacet
 facet normal -0.000000e+00 -1.000000e+00  0.000000e+00
   outer loop
     vertex  1.442829e+01  0.000000e+00  6.478676e-01
     vertex  4.000000e+00  0.000000e+00  5.500000e+00
     vertex  1.441111e+01  0.000000e+00  6.045054e-01
   endloop
 endfacet
 facet normal  0.000000e+00 -1.000000e+00 -0.000000e+00
   outer loop
     vertex  1.665863e+01  0.000000e+00 -1.567228e+00
     vertex  1.661539e+01  0.000000e+00 -1.584707e+00
     vertex  1.800000e+01  0.000000e+00 -1.200000e+01
   endloop
 endfacet
 facet normal -0.000000e+00 -1.000000e+00  0.000000e+00
   outer loop
     vertex  1.444666e+01  0.000000e+00  6.907420e-01
     vertex  4.000000e+00  0.000000e+00  5.500000e+00
     vertex  1.442829e+01  0.000000e+00  6.478676e-01
   endloop
 endfacet
 facet normal  0.000000e+00 -1.000000e+00 -0.000000e+00
   outer loop
     vertex  1.670138e+01  0.000000e+00 -1.548569e+00
     vertex  1.665863e+01  0.000000e+00 -1.567228e+00
     vertex  1.800000e+01  0.000000e+00 -1.200000e+01
   endloop
 endfacet
 facet normal -0.000000e+00 -1.000000e+00  0.000000e+00
   outer loop
     vertex  1.446619e+01  0.000000e+00  7.330965e-01
     vertex  4.000000e+00  0.000000e+00  5.500000e+00
     vertex  1.444666e+01  0.000000e+00  6.907420e-01
   endloop
 endfacet
 facet normal  0.000000e+00 -1.000000e+00 -0.000000e+00
   outer loop
     vertex  1.674360e+01  0.000000e+00 -1.528744e+00
     vertex  1.670138e+01  0.000000e+00 -1.548569e+00
     vertex  1.800000e+01  0.000000e+00 -1.200000e+01
   endloop
 endfacet
 facet normal -0.000000e+00 -1.000000e+00  0.000000e+00
   outer loop
     vertex  1.448688e+01  0.000000e+00  7.748992e-01
     vertex  4.000000e+00  0.000000e+00  5.500000e+00
     vertex  1.446619e+01  0.000000e+00  7.330965e-01
   endloop
 endfacet
 facet normal  0.000000e+00 -1.000000e+00 -0.000000e+00
   outer loop
     vertex  1.678526e+01  0.000000e+00 -1.507769e+00
     vertex  1.674360e+01  0.000000e+00 -1.528744e+00
     vertex  1.800000e+01  0.000000e+00 -1.200000e+01
   endloop
 endfacet
 facet normal -0.000000e+00 -1.000000e+00  0.000000e+00
   outer loop
     vertex  1.450871e+01  0.000000e+00  8.161185e-01
     vertex  4.000000e+00  0.000000e+00  5.500000e+00
     vertex  1.448688e+01  0.000000e+00  7.748992e-01
   endloop
 endfacet
 facet normal  0.000000e+00 -1.000000e+00 -0.000000e+00
   outer loop
     vertex  1.682633e+01  0.000000e+00 -1.485658e+00
     vertex  1.678526e+01  0.000000e+00 -1.507769e+00
     vertex  1.800000e+01  0.000000e+00 -1.200000e+01
   endloop
 endfacet
 facet normal -0.000000e+00 -1.000000e+00  0.000000e+00
   outer loop
     vertex  1.453166e+01  0.000000e+00  8.567235e-01
     vertex  4.000000e+00  0.000000e+00  5.500000e+00
     vertex  1.450871e+01  0.000000e+00  8.161185e-01
   endloop
 endfacet
 facet normal  0.000000e+00 -1.000000e+00 -0.000000e+00
   outer loop
     vertex  1.686678e+01  0.000000e+00 -1.462430e+00
     vertex  1.682633e+01  0.000000e+00 -1.485658e+00
     vertex  1.800000e+01  0.000000e+00 -1.200000e+01
   endloop
 endfacet
 facet normal -0.000000e+00 -1.000000e+00  0.000000e+00
   outer loop
     vertex  1.455572e+01  0.000000e+00  8.966836e-01
     vertex  4.000000e+00  0.000000e+00  5.500000e+00
     vertex  1.453166e+01  0.000000e+00  8.567235e-01
   endloop
 endfacet
 facet normal  0.000000e+00 -1.000000e+00 -0.000000e+00
   outer loop
     vertex  1.690657e+01  0.000000e+00 -1.438100e+00
     vertex  1.686678e+01  0.000000e+00 -1.462430e+00
     vertex  1.800000e+01  0.000000e+00 -1.200000e+01
   endloop
 endfacet
 facet normal -0.000000e+00 -1.000000e+00  0.000000e+00
   outer loop
     vertex  1.458086e+01  0.000000e+00  9.359687e-01
     vertex  4.000000e+00  0.000000e+00  5.500000e+00
     vertex  1.455572e+01  0.000000e+00  8.966836e-01
   endloop
 endfacet
 facet normal  0.000000e+00 -1.000000e+00 -0.000000e+00
   outer loop
     vertex  1.694568e+01  0.000000e+00 -1.412688e+00
     vertex  1.690657e+01  0.000000e+00 -1.438100e+00
     vertex  1.800000e+01  0.000000e+00 -1.200000e+01
   endloop
 endfacet
 facet normal -0.000000e+00 -1.000000e+00  0.000000e+00
   outer loop
     vertex  1.460707e+01  0.000000e+00  9.745492e-01
     vertex  4.000000e+00  0.000000e+00  5.500000e+00
     vertex  1.458086e+01  0.000000e+00  9.359687e-01
   endloop
 endfacet
 facet normal  0.000000e+00 -1.000000e+00 -0.000000e+00
   outer loop
     vertex  1.698408e+01  0.000000e+00 -1.386212e+00
     vertex  1.694568e+01  0.000000e+00 -1.412688e+00
     vertex  1.800000e+01  0.000000e+00 -1.200000e+01
   endloop
 endfacet
 facet normal -0.000000e+00 -1.000000e+00  0.000000e+00
   outer loop
     vertex  1.463433e+01  0.000000e+00  1.012396e+00
     vertex  4.000000e+00  0.000000e+00  5.500000e+00
     vertex  1.460707e+01  0.000000e+00  9.745492e-01
   endloop
 endfacet
 facet normal  0.000000e+00 -1.000000e+00 -0.000000e+00
   outer loop
     vertex  1.702174e+01  0.000000e+00 -1.358693e+00
     vertex  1.698408e+01  0.000000e+00 -1.386212e+00
     vertex  1.800000e+01  0.000000e+00 -1.200000e+01
   endloop
 endfacet
 facet normal -0.000000e+00 -1.000000e+00  0.000000e+00
   outer loop
     vertex  1.466262e+01  0.000000e+00  1.049481e+00
     vertex  4.000000e+00  0.000000e+00  5.500000e+00
     vertex  1.463433e+01  0.000000e+00  1.012396e+00
   endloop
 endfacet
 facet normal  0.000000e+00 -1.000000e+00 -0.000000e+00
   outer loop
     vertex  1.705863e+01  0.000000e+00 -1.330152e+00
     vertex  1.702174e+01  0.000000e+00 -1.358693e+00
     vertex  1.800000e+01  0.000000e+00 -1.200000e+01
   endloop
 endfacet
 facet normal -0.000000e+00 -1.000000e+00  0.000000e+00
   outer loop
     vertex  1.469191e+01  0.000000e+00  1.085776e+00
     vertex  4.000000e+00  0.000000e+00  5.500000e+00
     vertex  1.466262e+01  0.000000e+00  1.049481e+00
   endloop
 endfacet
 facet normal  0.000000e+00 -1.000000e+00 -0.000000e+00
   outer loop
     vertex  1.709472e+01  0.000000e+00 -1.300608e+00
     vertex  1.705863e+01  0.000000e+00 -1.330152e+00
     vertex  1.800000e+01  0.000000e+00 -1.200000e+01
   endloop
 endfacet
 facet normal -0.000000e+00 -1.000000e+00  0.000000e+00
   outer loop
     vertex  1.472219e+01  0.000000e+00  1.121253e+00
     vertex  4.000000e+00  0.000000e+00  5.500000e+00
     vertex  1.469191e+01  0.000000e+00  1.085776e+00
   endloop
 endfacet
 facet normal  0.000000e+00 -1.000000e+00 -0.000000e+00
   outer loop
     vertex  1.712999e+01  0.000000e+00 -1.270086e+00
     vertex  1.709472e+01  0.000000e+00 -1.300608e+00
     vertex  1.800000e+01  0.000000e+00 -1.200000e+01
   endloop
 endfacet
 facet normal -0.000000e+00 -1.000000e+00  0.000000e+00
   outer loop
     vertex  1.475343e+01  0.000000e+00  1.155887e+00
     vertex  4.000000e+00  0.000000e+00  5.500000e+00
     vertex  1.472219e+01  0.000000e+00  1.121253e+00
   endloop
 endfacet
 facet normal  0.000000e+00 -1.000000e+00 -0.000000e+00
   outer loop
     vertex  1.716441e+01  0.000000e+00 -1.238608e+00
     vertex  1.712999e+01  0.000000e+00 -1.270086e+00
     vertex  1.800000e+01  0.000000e+00 -1.200000e+01
   endloop
 endfacet
 facet normal -0.000000e+00 -1.000000e+00  0.000000e+00
   outer loop
     vertex  1.478561e+01  0.000000e+00  1.189650e+00
     vertex  4.000000e+00  0.000000e+00  5.500000e+00
     vertex  1.475343e+01  0.000000e+00  1.155887e+00
   endloop
 endfacet
 facet normal  0.000000e+00 -1.000000e+00 -0.000000e+00
   outer loop
     vertex  1.719795e+01  0.000000e+00 -1.206197e+00
     vertex  1.716441e+01  0.000000e+00 -1.238608e+00
     vertex  1.800000e+01  0.000000e+00 -1.200000e+01
   endloop
 endfacet
 facet normal -0.000000e+00 -1.000000e+00  0.000000e+00
   outer loop
     vertex  1.481871e+01  0.000000e+00  1.222518e+00
     vertex  4.000000e+00  0.000000e+00  5.500000e+00
     vertex  1.478561e+01  0.000000e+00  1.189650e+00
   endloop
 endfacet
 facet normal  0.000000e+00 -1.000000e+00 -0.000000e+00
   outer loop
     vertex  1.723059e+01  0.000000e+00 -1.172879e+00
     vertex  1.719795e+01  0.000000e+00 -1.206197e+00
     vertex  1.800000e+01  0.000000e+00 -1.200000e+01
   endloop
 endfacet
 facet normal -0.000000e+00 -1.000000e+00  0.000000e+00
   outer loop
     vertex  1.485269e+01  0.000000e+00  1.254465e+00
     vertex  4.000000e+00  0.000000e+00  5.500000e+00
     vertex  1.481871e+01  0.000000e+00  1.222518e+00
   endloop
 endfacet
 facet normal  0.000000e+00 -1.000000e+00 -0.000000e+00
   outer loop
     vertex  1.726231e+01  0.000000e+00 -1.138677e+00
     vertex  1.723059e+01  0.000000e+00 -1.172879e+00
     vertex  1.800000e+01  0.000000e+00 -1.200000e+01
   endloop
 endfacet
 facet normal -0.000000e+00 -1.000000e+00  0.000000e+00
   outer loop
     vertex  1.488754e+01  0.000000e+00  1.285468e+00
     vertex  4.000000e+00  0.000000e+00  5.500000e+00
     vertex  1.485269e+01  0.000000e+00  1.254465e+00
   endloop
 endfacet
 facet normal  0.000000e+00 -1.000000e+00 -0.000000e+00
   outer loop
     vertex  1.729307e+01  0.000000e+00 -1.103618e+00
     vertex  1.726231e+01  0.000000e+00 -1.138677e+00
     vertex  1.800000e+01  0.000000e+00 -1.200000e+01
   endloop
 endfacet
 facet normal -0.000000e+00 -1.000000e+00  0.000000e+00
   outer loop
     vertex  1.492322e+01  0.000000e+00  1.315504e+00
     vertex  4.000000e+00  0.000000e+00  5.500000e+00
     vertex  1.488754e+01  0.000000e+00  1.285468e+00
   endloop
 endfacet
 facet normal  0.000000e+00 -1.000000e+00 -0.000000e+00
   outer loop
     vertex  1.732286e+01  0.000000e+00 -1.067729e+00
     vertex  1.729307e+01  0.000000e+00 -1.103618e+00
     vertex  1.800000e+01  0.000000e+00 -1.200000e+01
   endloop
 endfacet
 facet normal -0.000000e+00 -1.000000e+00  0.000000e+00
   outer loop
     vertex  1.495972e+01  0.000000e+00  1.344549e+00
     vertex  4.000000e+00  0.000000e+00  5.500000e+00
     vertex  1.492322e+01  0.000000e+00  1.315504e+00
   endloop
 endfacet
 facet normal  0.000000e+00 -1.000000e+00 -0.000000e+00
   outer loop
     vertex  1.735165e+01  0.000000e+00 -1.031036e+00
     vertex  1.732286e+01  0.000000e+00 -1.067729e+00
     vertex  1.800000e+01  0.000000e+00 -1.200000e+01
   endloop
 endfacet
 facet normal -0.000000e+00 -1.000000e+00  0.000000e+00
   outer loop
     vertex  1.499700e+01  0.000000e+00  1.372582e+00
     vertex  4.000000e+00  0.000000e+00  5.500000e+00
     vertex  1.495972e+01  0.000000e+00  1.344549e+00
   endloop
 endfacet
 facet normal  0.000000e+00 -1.000000e+00 -0.000000e+00
   outer loop
     vertex  1.737943e+01  0.000000e+00 -9.935661e-01
     vertex  1.735165e+01  0.000000e+00 -1.031036e+00
     vertex  1.800000e+01  0.000000e+00 -1.200000e+01
   endloop
 endfacet
 facet normal -0.000000e+00 -1.000000e+00  0.000000e+00
   outer loop
     vertex  1.503503e+01  0.000000e+00  1.399582e+00
     vertex  4.000000e+00  0.000000e+00  5.500000e+00
     vertex  1.499700e+01  0.000000e+00  1.372582e+00
   endloop
 endfacet
 facet normal  0.000000e+00 -1.000000e+00 -0.000000e+00
   outer loop
     vertex  1.740617e+01  0.000000e+00 -9.553488e-01
     vertex  1.737943e+01  0.000000e+00 -9.935661e-01
     vertex  1.800000e+01  0.000000e+00 -1.200000e+01
   endloop
 endfacet
 facet normal -0.000000e+00 -1.000000e+00  0.000000e+00
   outer loop
     vertex  1.507379e+01  0.000000e+00  1.425528e+00
     vertex  4.000000e+00  0.000000e+00  5.500000e+00
     vertex  1.503503e+01  0.000000e+00  1.399582e+00
   endloop
 endfacet
 facet normal  0.000000e+00 -1.000000e+00 -0.000000e+00
   outer loop
     vertex  1.743185e+01  0.000000e+00 -9.164124e-01
     vertex  1.740617e+01  0.000000e+00 -9.553488e-01
     vertex  1.800000e+01  0.000000e+00 -1.200000e+01
   endloop
 endfacet
 facet normal -0.000000e+00 -1.000000e+00  0.000000e+00
   outer loop
     vertex  1.511324e+01  0.000000e+00  1.450401e+00
     vertex  4.000000e+00  0.000000e+00  5.500000e+00
     vertex  1.507379e+01  0.000000e+00  1.425528e+00
   endloop
 endfacet
 facet normal  0.000000e+00 -1.000000e+00 -0.000000e+00
   outer loop
     vertex  1.745645e+01  0.000000e+00 -8.767861e-01
     vertex  1.743185e+01  0.000000e+00 -9.164124e-01
     vertex  1.800000e+01  0.000000e+00 -1.200000e+01
   endloop
 endfacet
 facet normal -0.000000e+00 -1.000000e+00  0.000000e+00
   outer loop
     vertex  1.515337e+01  0.000000e+00  1.474183e+00
     vertex  4.000000e+00  0.000000e+00  5.500000e+00
     vertex  1.511324e+01  0.000000e+00  1.450401e+00
   endloop
 endfacet
 facet normal  0.000000e+00 -1.000000e+00 -0.000000e+00
   outer loop
     vertex  1.747996e+01  0.000000e+00 -8.364998e-01
     vertex  1.745645e+01  0.000000e+00 -8.767861e-01
     vertex  1.800000e+01  0.000000e+00 -1.200000e+01
   endloop
 endfacet
 facet normal  0.000000e+00 -1.000000e+00 -0.000000e+00
   outer loop
     vertex  1.750235e+01  0.000000e+00 -7.955837e-01
     vertex  1.747996e+01  0.000000e+00 -8.364998e-01
     vertex  1.800000e+01  0.000000e+00 -1.200000e+01
   endloop
 endfacet
 facet normal  0.000000e+00 -1.000000e+00 -0.000000e+00
   outer loop
     vertex  1.752361e+01  0.000000e+00 -7.540688e-01
     vertex  1.750235e+01  0.000000e+00 -7.955837e-01
     vertex  1.800000e+01  0.000000e+00 -1.200000e+01
   endloop
 endfacet
 facet normal  0.000000e+00 -1.000000e+00 -0.000000e+00
   outer loop
     vertex  1.754372e+01  0.000000e+00 -7.119863e-01
     vertex  1.752361e+01  0.000000e+00 -7.540688e-01
     vertex  1.800000e+01  0.000000e+00 -1.200000e+01
   endloop
 endfacet
 facet normal  0.000000e+00 -1.000000e+00 -0.000000e+00
   outer loop
     vertex  1.756267e+01  0.000000e+00 -6.693678e-01
     vertex  1.754372e+01  0.000000e+00 -7.119863e-01
     vertex  1.800000e+01  0.000000e+00 -1.200000e+01
   endloop
 endfacet
 facet normal  0.000000e+00 -1.000000e+00 -0.000000e+00
   outer loop
     vertex  1.758045e+01  0.000000e+00 -6.262454e-01
     vertex  1.756267e+01  0.000000e+00 -6.693678e-01
     vertex  1.800000e+01  0.000000e+00 -1.200000e+01
   endloop
 endfacet
 facet normal  0.000000e+00 -1.000000e+00 -0.000000e+00
   outer loop
     vertex  1.759703e+01  0.000000e+00 -5.826516e-01
     vertex  1.758045e+01  0.000000e+00 -6.262454e-01
     vertex  1.800000e+01  0.000000e+00 -1.200000e+01
   endloop
 endfacet
 facet normal  0.000000e+00 -1.000000e+00 -0.000000e+00
   outer loop
     vertex  1.761242e+01  0.000000e+00 -5.386192e-01
     vertex  1.759703e+01  0.000000e+00 -5.826516e-01
     vertex  1.800000e+01  0.000000e+00 -1.200000e+01
   endloop
 endfacet
 facet normal  0.000000e+00 -1.000000e+00 -0.000000e+00
   outer loop
     vertex  1.762659e+01  0.000000e+00 -4.941813e-01
     vertex  1.761242e+01  0.000000e+00 -5.386192e-01
     vertex  1.800000e+01  0.000000e+00 -1.200000e+01
   endloop
 endfacet
 facet normal  0.000000e+00 -1.000000e+00 -0.000000e+00
   outer loop
     vertex  1.763953e+01  0.000000e+00 -4.493715e-01
     vertex  1.762659e+01  0.000000e+00 -4.941813e-01
     vertex  1.800000e+01  0.000000e+00 -1.200000e+01
   endloop
 endfacet
 facet normal  0.000000e+00 -1.000000e+00  0.000000e+00
   outer loop
     vertex  1.800000e+01  0.000000e+00  1.200000e+01
     vertex -4.000000e+00  0.000000e+00  5.500000e+00
     vertex  4.000000e+00  0.000000e+00  5.500000e+00
   endloop
 endfacet
 facet normal  0.000000e+00 -1.000000e+00  0.000000e+00
   outer loop
     vertex  1.800000e+01  0.000000e+00  1.200000e+01
     vertex  1.600000e+01  0.000000e+00  1.700000e+00
     vertex  1.604664e+01  0.000000e+00  1.699360e+00
   endloop
 endfacet
 facet normal  0.000000e+00 -1.000000e+00  0.000000e+00
   outer loop
     vertex  1.800000e+01  0.000000e+00  1.200000e+01
     vertex  1.604664e+01  0.000000e+00  1.699360e+00
     vertex  1.609324e+01  0.000000e+00  1.697441e+00
   endloop
 endfacet
 facet normal  0.000000e+00 -1.000000e+00  0.000000e+00
   outer loop
     vertex  1.800000e+01  0.000000e+00  1.200000e+01
     vertex  1.609324e+01  0.000000e+00  1.697441e+00
     vertex  1.613977e+01  0.000000e+00  1.694244e+00
   endloop
 endfacet
 facet normal  0.000000e+00 -1.000000e+00  0.000000e+00
   outer loop
     vertex  1.800000e+01  0.000000e+00  1.200000e+01
     vertex  1.613977e+01  0.000000e+00  1.694244e+00
     vertex  1.618620e+01  0.000000e+00  1.689772e+00
   endloop
 endfacet
 facet normal  0.000000e+00 -1.000000e+00  0.000000e+00
   outer loop
     vertex  1.800000e+01  0.000000e+00  1.200000e+01
     vertex  1.618620e+01  0.000000e+00  1.689772e+00
     vertex  1.623249e+01  0.000000e+00  1.684028e+00
   endloop
 endfacet
 facet normal  0.000000e+00 -1.000000e+00  0.000000e+00
   outer loop
     vertex  1.800000e+01  0.000000e+00  1.200000e+01
     vertex  1.623249e+01  0.000000e+00  1.684028e+00
     vertex  1.627860e+01  0.000000e+00  1.677016e+00
   endloop
 endfacet
 facet normal  0.000000e+00 -1.000000e+00  0.000000e+00
   outer loop
     vertex  1.800000e+01  0.000000e+00  1.200000e+01
     vertex  1.627860e+01  0.000000e+00  1.677016e+00
     vertex  1.632450e+01  0.000000e+00  1.668741e+00
   endloop
 endfacet
 facet normal  0.000000e+00 -1.000000e+00  0.000000e+00
   outer loop
     vertex  1.800000e+01  0.000000e+00  1.200000e+01
     vertex  1.632450e+01  0.000000e+00  1.668741e+00
     vertex  1.637016e+01  0.000000e+00  1.659211e+00
   endloop
 endfacet
 facet normal  0.000000e+00 -1.000000e+00  0.000000e+00
   outer loop
     vertex  1.800000e+01  0.000000e+00  1.200000e+01
     vertex  1.515337e+01  0.000000e+00  1.474183e+00
     vertex  1.519413e+01  0.000000e+00  1.496854e+00
   endloop
 endfacet
 facet normal  0.000000e+00 -1.000000e+00  0.000000e+00
   outer loop
     vertex  1.800000e+01  0.000000e+00  1.200000e+01
     vertex  1.637016e+01  0.000000e+00  1.659211e+00
     vertex  1.641554e+01  0.000000e+00  1.648431e+00
   endloop
 endfacet
 facet normal  0.000000e+00 -1.000000e+00  0.000000e+00
   outer loop
     vertex  1.800000e+01  0.000000e+00  1.200000e+01
     vertex  1.519413e+01  0.000000e+00  1.496854e+00
     vertex  1.523550e+01  0.000000e+00  1.518399e+00
   endloop
 endfacet
 facet normal  0.000000e+00 -1.000000e+00  0.000000e+00
   outer loop
     vertex  1.800000e+01  0.000000e+00  1.200000e+01
     vertex  1.641554e+01  0.000000e+00  1.648431e+00
     vertex  1.646061e+01  0.000000e+00  1.636411e+00
   endloop
 endfacet
 facet normal  0.000000e+00 -1.000000e+00  0.000000e+00
   outer loop
     vertex  1.800000e+01  0.000000e+00  1.200000e+01
     vertex  1.523550e+01  0.000000e+00  1.518399e+00
     vertex  1.527744e+01  0.000000e+00  1.538801e+00
   endloop
 endfacet
 facet normal  0.000000e+00 -1.000000e+00  0.000000e+00
   outer loop
     vertex  1.800000e+01  0.000000e+00  1.200000e+01
     vertex  1.646061e+01  0.000000e+00  1.636411e+00
     vertex  1.650533e+01  0.000000e+00  1.623159e+00
   endloop
 endfacet
 facet normal  0.000000e+00 -1.000000e+00  0.000000e+00
   outer loop
     vertex  1.800000e+01  0.000000e+00  1.200000e+01
     vertex  1.527744e+01  0.000000e+00  1.538801e+00
     vertex  1.531993e+01  0.000000e+00  1.558045e+00
   endloop
 endfacet
 facet normal  0.000000e+00 -1.000000e+00  0.000000e+00
   outer loop
     vertex  1.800000e+01  0.000000e+00  1.200000e+01
     vertex  1.650533e+01  0.000000e+00  1.623159e+00
     vertex  1.654967e+01  0.000000e+00  1.608685e+00
   endloop
 endfacet
 facet normal  0.000000e+00 -1.000000e+00  0.000000e+00
   outer loop
     vertex  1.800000e+01  0.000000e+00  1.200000e+01
     vertex  1.531993e+01  0.000000e+00  1.558045e+00
     vertex  1.536293e+01  0.000000e+00  1.576115e+00
   endloop
 endfacet
 facet normal  0.000000e+00 -1.000000e+00  0.000000e+00
   outer loop
     vertex  1.800000e+01  0.000000e+00  1.200000e+01
     vertex  1.654967e+01  0.000000e+00  1.608685e+00
     vertex  1.659359e+01  0.000000e+00  1.593000e+00
   endloop
 endfacet
 facet normal  0.000000e+00 -1.000000e+00  0.000000e+00
   outer loop
     vertex  1.800000e+01  0.000000e+00  1.200000e+01
     vertex  1.536293e+01  0.000000e+00  1.576115e+00
     vertex  1.540641e+01  0.000000e+00  1.593000e+00
   endloop
 endfacet
 facet normal  0.000000e+00 -1.000000e+00  0.000000e+00
   outer loop
     vertex  1.800000e+01  0.000000e+00  1.200000e+01
     vertex  1.659359e+01  0.000000e+00  1.593000e+00
     vertex  1.663707e+01  0.000000e+00  1.576115e+00
   endloop
 endfacet
 facet normal  0.000000e+00 -1.000000e+00  0.000000e+00
   outer loop
     vertex  1.800000e+01  0.000000e+00  1.200000e+01
     vertex  1.540641e+01  0.000000e+00  1.593000e+00
     vertex  1.545033e+01  0.000000e+00  1.608685e+00
   endloop
 endfacet
 facet normal  0.000000e+00 -1.000000e+00  0.000000e+00
   outer loop
     vertex  1.800000e+01  0.000000e+00  1.200000e+01
     vertex  1.663707e+01  0.000000e+00  1.576115e+00
     vertex  1.668007e+01  0.000000e+00  1.558045e+00
   endloop
 endfacet
 facet normal  0.000000e+00 -1.000000e+00  0.000000e+00
   outer loop
     vertex  1.800000e+01  0.000000e+00  1.200000e+01
     vertex  1.545033e+01  0.000000e+00  1.608685e+00
     vertex  1.549467e+01  0.000000e+00  1.623159e+00
   endloop
 endfacet
 facet normal  0.000000e+00 -1.000000e+00  0.000000e+00
   outer loop
     vertex  1.800000e+01  0.000000e+00  1.200000e+01
     vertex  1.668007e+01  0.000000e+00  1.558045e+00
     vertex  1.672256e+01  0.000000e+00  1.538801e+00
   endloop
 endfacet
 facet normal  0.000000e+00 -1.000000e+00  0.000000e+00
   outer loop
     vertex  1.800000e+01  0.000000e+00  1.200000e+01
     vertex  1.549467e+01  0.000000e+00  1.623159e+00
     vertex  1.553939e+01  0.000000e+00  1.636411e+00
   endloop
 endfacet
 facet normal  0.000000e+00 -1.000000e+00  0.000000e+00
   outer loop
     vertex  1.800000e+01  0.000000e+00  1.200000e+01
     vertex  1.672256e+01  0.000000e+00  1.538801e+00
     vertex  1.676450e+01  0.000000e+00  1.518399e+00
   endloop
 endfacet
 facet normal  0.000000e+00 -1.000000e+00  0.000000e+00
   outer loop
     vertex  1.800000e+01  0.000000e+00  1.200000e+01
     vertex  1.553939e+01  0.000000e+00  1.636411e+00
     vertex  1.558446e+01  0.000000e+00  1.648431e+00
   endloop
 endfacet
 facet normal  0.000000e+00 -1.000000e+00  0.000000e+00
   outer loop
     vertex  1.800000e+01  0.000000e+00  1.200000e+01
     vertex  1.676450e+01  0.000000e+00  1.518399e+00
     vertex  1.680587e+01  0.000000e+00  1.496854e+00
   endloop
 endfacet
 facet normal  0.000000e+00 -1.000000e+00  0.000000e+00
   outer loop
     vertex  1.800000e+01  0.000000e+00  1.200000e+01
     vertex  1.558446e+01  0.000000e+00  1.648431e+00
     vertex  1.562984e+01  0.000000e+00  1.659211e+00
   endloop
 endfacet
 facet normal  0.000000e+00 -1.000000e+00  0.000000e+00
   outer loop
     vertex  1.800000e+01  0.000000e+00  1.200000e+01
     vertex  1.680587e+01  0.000000e+00  1.496854e+00
     vertex  1.684663e+01  0.000000e+00  1.474183e+00
   endloop
 endfacet
 facet normal  0.000000e+00 -1.000000e+00  0.000000e+00
   outer loop
     vertex  1.800000e+01  0.000000e+00  1.200000e+01
     vertex  1.562984e+01  0.000000e+00  1.659211e+00
     vertex  1.567550e+01  0.000000e+00  1.668741e+00
   endloop
 endfacet
 facet normal  0.000000e+00 -1.000000e+00  0.000000e+00
   outer loop
     vertex  1.800000e+01  0.000000e+00  1.200000e+01
     vertex  1.684663e+01  0.000000e+00  1.474183e+00
     vertex  1.688676e+01  0.000000e+00  1.450401e+00
   endloop
 endfacet
 facet normal  0.000000e+00 -1.000000e+00  0.000000e+00
   outer loop
     vertex  1.800000e+01  0.000000e+00  1.200000e+01
     vertex  1.567550e+01  0.000000e+00  1.668741e+00
     vertex  1.572140e+01  0.000000e+00  1.677016e+00
   endloop
 endfacet
 facet normal  0.000000e+00 -1.000000e+00  0.000000e+00
   outer loop
     vertex  1.800000e+01  0.000000e+00  1.200000e+01
     vertex  1.688676e+01  0.000000e+00  1.450401e+00
     vertex  1.692621e+01  0.000000e+00  1.425528e+00
   endloop
 endfacet
 facet normal  0.000000e+00 -1.000000e+00  0.000000e+00
   outer loop
     vertex  1.800000e+01  0.000000e+00  1.200000e+01
     vertex  1.572140e+01  0.000000e+00  1.677016e+00
     vertex  1.576751e+01  0.000000e+00  1.684028e+00
   endloop
 endfacet
 facet normal  0.000000e+00 -1.000000e+00  0.000000e+00
   outer loop
     vertex  1.800000e+01  0.000000e+00  1.200000e+01
     vertex  1.692621e+01  0.000000e+00  1.425528e+00
     vertex  1.696497e+01  0.000000e+00  1.399582e+00
   endloop
 endfacet
 facet normal  0.000000e+00 -1.000000e+00  0.000000e+00
   outer loop
     vertex  1.800000e+01  0.000000e+00  1.200000e+01
     vertex  1.576751e+01  0.000000e+00  1.684028e+00
     vertex  1.581380e+01  0.000000e+00  1.689772e+00
   endloop
 endfacet
 facet normal  0.000000e+00 -1.000000e+00  0.000000e+00
   outer loop
     vertex  1.800000e+01  0.000000e+00  1.200000e+01
     vertex  1.696497e+01  0.000000e+00  1.399582e+00
     vertex  1.700300e+01  0.000000e+00  1.372582e+00
   endloop
 endfacet
 facet normal  0.000000e+00 -1.000000e+00  0.000000e+00
   outer loop
     vertex  1.800000e+01  0.000000e+00  1.200000e+01
     vertex  1.581380e+01  0.000000e+00  1.689772e+00
     vertex  1.586023e+01  0.000000e+00  1.694244e+00
   endloop
 endfacet
 facet normal  0.000000e+00 -1.000000e+00  0.000000e+00
   outer loop
     vertex  1.800000e+01  0.000000e+00  1.200000e+01
     vertex  1.700300e+01  0.000000e+00  1.372582e+00
     vertex  1.704028e+01  0.000000e+00  1.344549e+00
   endloop
 endfacet
 facet normal  0.000000e+00 -1.000000e+00  0.000000e+00
   outer loop
     vertex  1.800000e+01  0.000000e+00  1.200000e+01
     vertex  1.586023e+01  0.000000e+00  1.694244e+00
     vertex  1.590676e+01  0.000000e+00  1.697441e+00
   endloop
 endfacet
 facet normal  0.000000e+00 -1.000000e+00  0.000000e+00
   outer loop
     vertex  1.800000e+01  0.000000e+00  1.200000e+01
     vertex  1.704028e+01  0.000000e+00  1.344549e+00
     vertex  1.707678e+01  0.000000e+00  1.315504e+00
   endloop
 endfacet
 facet normal  0.000000e+00 -1.000000e+00  0.000000e+00
   outer loop
     vertex  1.800000e+01  0.000000e+00  1.200000e+01
     vertex  1.590676e+01  0.000000e+00  1.697441e+00
     vertex  1.595336e+01  0.000000e+00  1.699360e+00
   endloop
 endfacet
 facet normal  0.000000e+00 -1.000000e+00  0.000000e+00
   outer loop
     vertex  1.800000e+01  0.000000e+00  1.200000e+01
     vertex  1.707678e+01  0.000000e+00  1.315504e+00
     vertex  1.711246e+01  0.000000e+00  1.285468e+00
   endloop
 endfacet
 facet normal  0.000000e+00 -1.000000e+00  0.000000e+00
   outer loop
     vertex  1.800000e+01  0.000000e+00  1.200000e+01
     vertex  1.595336e+01  0.000000e+00  1.699360e+00
     vertex  1.600000e+01  0.000000e+00  1.700000e+00
   endloop
 endfacet
 facet normal  0.000000e+00 -1.000000e+00  0.000000e+00
   outer loop
     vertex  1.800000e+01  0.000000e+00  1.200000e+01
     vertex  1.711246e+01  0.000000e+00  1.285468e+00
     vertex  1.714731e+01  0.000000e+00  1.254465e+00
   endloop
 endfacet
 facet normal  0.000000e+00 -1.000000e+00  0.000000e+00
   outer loop
     vertex  1.800000e+01  0.000000e+00  1.200000e+01
     vertex  1.714731e+01  0.000000e+00  1.254465e+00
     vertex  1.718129e+01  0.000000e+00  1.222518e+00
   endloop
 endfacet
 facet normal  0.000000e+00 -1.000000e+00  0.000000e+00
   outer loop
     vertex  1.800000e+01  0.000000e+00  1.200000e+01
     vertex  1.718129e+01  0.000000e+00  1.222518e+00
     vertex  1.721439e+01  0.000000e+00  1.189650e+00
   endloop
 endfacet
 facet normal  0.000000e+00 -1.000000e+00  0.000000e+00
   outer loop
     vertex  1.800000e+01  0.000000e+00  1.200000e+01
     vertex  1.721439e+01  0.000000e+00  1.189650e+00
     vertex  1.724657e+01  0.000000e+00  1.155887e+00
   endloop
 endfacet
 facet normal  0.000000e+00 -1.000000e+00  0.000000e+00
   outer loop
     vertex  1.800000e+01  0.000000e+00  1.200000e+01
     vertex  1.724657e+01  0.000000e+00  1.155887e+00
     vertex  1.727781e+01  0.000000e+00  1.121253e+00
   endloop
 endfacet
 facet normal -0.000000e+00 -1.000000e+00  0.000000e+00
   outer loop
     vertex  1.800000e+01  0.000000e+00  1.200000e+01
     vertex -1.800000e+01  0.000000e+00  1.200000e+01
     vertex -4.000000e+00  0.000000e+00  5.500000e+00
   endloop
 endfacet
 facet normal  0.000000e+00 -1.000000e+00  0.000000e+00
   outer loop
     vertex  1.800000e+01  0.000000e+00  1.200000e+01
     vertex  1.727781e+01  0.000000e+00  1.121253e+00
     vertex  1.730809e+01  0.000000e+00  1.085776e+00
   endloop
 endfacet
 facet normal  0.000000e+00 -1.000000e+00  0.000000e+00
   outer loop
     vertex  1.800000e+01  0.000000e+00  1.200000e+01
     vertex  1.730809e+01  0.000000e+00  1.085776e+00
     vertex  1.733738e+01  0.000000e+00  1.049481e+00
   endloop
 endfacet
 facet normal  0.000000e+00 -1.000000e+00  0.000000e+00
   outer loop
     vertex  1.800000e+01  0.000000e+00  1.200000e+01
     vertex  1.733738e+01  0.000000e+00  1.049481e+00
     vertex  1.736567e+01  0.000000e+00  1.012396e+00
   endloop
 endfacet
 facet normal  0.000000e+00 -1.000000e+00  0.000000e+00
   outer loop
     vertex  1.800000e+01  0.000000e+00  1.200000e+01
     vertex  1.736567e+01  0.000000e+00  1.012396e+00
     vertex  1.739293e+01  0.000000e+00  9.745492e-01
   endloop
 endfacet
 facet normal  0.000000e+00 -1.000000e+00  0.000000e+00
   outer loop
     vertex  1.800000e+01  0.000000e+00  1.200000e+01
     vertex  1.739293e+01  0.000000e+00  9.745492e-01
     vertex  1.741914e+01  0.000000e+00  9.359687e-01
   endloop
 endfacet
 facet normal  0.000000e+00 -1.000000e+00  0.000000e+00
   outer loop
     vertex  1.800000e+01  0.000000e+00  1.200000e+01
     vertex  1.741914e+01  0.000000e+00  9.359687e-01
     vertex  1.744428e+01  0.000000e+00  8.966836e-01
   endloop
 endfacet
 facet normal  0.000000e+00 -1.000000e+00  0.000000e+00
   outer loop
     vertex  1.800000e+01  0.000000e+00  1.200000e+01
     vertex  1.744428e+01  0.000000e+00  8.966836e-01
     vertex  1.746834e+01  0.000000e+00  8.567235e-01
   endloop
 endfacet
 facet normal  0.000000e+00 -1.000000e+00  0.000000e+00
   outer loop
     vertex  1.800000e+01  0.000000e+00  1.200000e+01
     vertex  1.746834e+01  0.000000e+00  8.567235e-01
     vertex  1.749129e+01  0.000000e+00  8.161185e-01
   endloop
 endfacet
 facet normal  0.000000e+00 -1.000000e+00  0.000000e+00
   outer loop
     vertex  1.800000e+01  0.000000e+00  1.200000e+01
     vertex  1.749129e+01  0.000000e+00  8.161185e-01
     vertex  1.751312e+01  0.000000e+00  7.748992e-01
   endloop
 endfacet
 facet normal  0.000000e+00 -1.000000e+00  0.000000e+00
   outer loop
     vertex  1.800000e+01  0.000000e+00  1.200000e+01
     vertex  1.751312e+01  0.000000e+00  7.748992e-01
     vertex  1.753381e+01  0.000000e+00  7.330965e-01
   endloop
 endfacet
 facet normal  0.000000e+00 -1.000000e+00  0.000000e+00
   outer loop
     vertex  1.800000e+01  0.000000e+00  1.200000e+01
     vertex  1.753381e+01  0.000000e+00  7.330965e-01
     vertex  1.755334e+01  0.000000e+00  6.907420e-01
   endloop
 endfacet
 facet normal  0.000000e+00 -1.000000e+00  0.000000e+00
   outer loop
     vertex  1.800000e+01  0.000000e+00  1.200000e+01
     vertex  1.755334e+01  0.000000e+00  6.907420e-01
     vertex  1.757171e+01  0.000000e+00  6.478676e-01
   endloop
 endfacet
 facet normal  0.000000e+00 -1.000000e+00  0.000000e+00
   outer loop
     vertex  1.800000e+01  0.000000e+00  1.200000e+01
     vertex  1.757171e+01  0.000000e+00  6.478676e-01
     vertex  1.758889e+01  0.000000e+00  6.045054e-01
   endloop
 endfacet
 facet normal  0.000000e+00 -1.000000e+00  0.000000e+00
   outer loop
     vertex  1.800000e+01  0.000000e+00  1.200000e+01
     vertex  1.758889e+01  0.000000e+00  6.045054e-01
     vertex  1.760488e+01  0.000000e+00  5.606882e-01
   endloop
 endfacet
 facet normal  0.000000e+00 -1.000000e+00  0.000000e+00
   outer loop
     vertex  1.800000e+01  0.000000e+00  1.200000e+01
     vertex  1.760488e+01  0.000000e+00  5.606882e-01
     vertex  1.761965e+01  0.000000e+00  5.164489e-01
   endloop
 endfacet
 facet normal  0.000000e+00 -1.000000e+00  0.000000e+00
   outer loop
     vertex  1.800000e+01  0.000000e+00  1.200000e+01
     vertex  1.761965e+01  0.000000e+00  5.164489e-01
     vertex  1.763321e+01  0.000000e+00  4.718208e-01
   endloop
 endfacet
 facet normal  0.000000e+00 -1.000000e+00  0.000000e+00
   outer loop
     vertex  1.800000e+01  0.000000e+00  1.200000e+01
     vertex  4.000000e+00  0.000000e+00  5.500000e+00
     vertex  1.515337e+01  0.000000e+00  1.474183e+00
   endloop
 endfacet
 facet normal  0.000000e+00 -1.000000e+00  0.000000e+00
   outer loop
     vertex -1.800000e+01  0.000000e+00 -1.200000e+01
     vertex -1.769996e+01  0.000000e+00  1.166084e-02
     vertex -1.800000e+01  0.000000e+00  1.200000e+01
   endloop
 endfacet
 facet normal  0.000000e+00 -1.000000e+00  0.000000e+00
   outer loop
     vertex -1.769996e+01  0.000000e+00  1.166084e-02
     vertex -1.769900e+01  0.000000e+00  5.829324e-02
     vertex -1.800000e+01  0.000000e+00  1.200000e+01
   endloop
 endfacet
 facet normal  0.000000e+00 -1.000000e+00  0.000000e+00
   outer loop
     vertex -1.800000e+01  0.000000e+00 -1.200000e+01
     vertex -1.769964e+01  0.000000e+00 -3.498033e-02
     vertex -1.769996e+01  0.000000e+00  1.166084e-02
   endloop
 endfacet
 facet normal  0.000000e+00 -1.000000e+00 -0.000000e+00
   outer loop
     vertex  1.800000e+01  0.000000e+00  1.200000e+01
     vertex  1.769996e+01  0.000000e+00  1.166084e-02
     vertex  1.800000e+01  0.000000e+00 -1.200000e+01
   endloop
 endfacet
 facet normal  0.000000e+00 -1.000000e+00 -0.000000e+00
   outer loop
     vertex  1.769996e+01  0.000000e+00  1.166084e-02
     vertex  1.769964e+01  0.000000e+00 -3.498033e-02
     vertex  1.800000e+01  0.000000e+00 -1.200000e+01
   endloop
 endfacet
 facet normal  0.000000e+00 -1.000000e+00 -0.000000e+00
   outer loop
     vertex  1.769964e+01  0.000000e+00 -3.498033e-02
     vertex  1.769804e+01  0.000000e+00 -8.159517e-02
     vertex  1.800000e+01  0.000000e+00 -1.200000e+01
   endloop
 endfacet
 facet normal  0.000000e+00 -1.000000e+00 -0.000000e+00
   outer loop
     vertex  1.769804e+01  0.000000e+00 -8.159517e-02
     vertex  1.769516e+01  0.000000e+00 -1.281486e-01
     vertex  1.800000e+01  0.000000e+00 -1.200000e+01
   endloop
 endfacet
 facet normal  0.000000e+00 -1.000000e+00 -0.000000e+00
   outer loop
     vertex  1.769516e+01  0.000000e+00 -1.281486e-01
     vertex  1.769101e+01  0.000000e+00 -1.746055e-01
     vertex  1.800000e+01  0.000000e+00 -1.200000e+01
   endloop
 endfacet
 facet normal  0.000000e+00 -1.000000e+00 -0.000000e+00
   outer loop
     vertex  1.769101e+01  0.000000e+00 -1.746055e-01
     vertex  1.768558e+01  0.000000e+00 -2.209311e-01
     vertex  1.800000e+01  0.000000e+00 -1.200000e+01
   endloop
 endfacet
 facet normal  0.000000e+00 -1.000000e+00 -0.000000e+00
   outer loop
     vertex  1.768558e+01  0.000000e+00 -2.209311e-01
     vertex  1.767889e+01  0.000000e+00 -2.670903e-01
     vertex  1.800000e+01  0.000000e+00 -1.200000e+01
   endloop
 endfacet
 facet normal  0.000000e+00 -1.000000e+00 -0.000000e+00
   outer loop
     vertex  1.767889e+01  0.000000e+00 -2.670903e-01
     vertex  1.767093e+01  0.000000e+00 -3.130484e-01
     vertex  1.800000e+01  0.000000e+00 -1.200000e+01
   endloop
 endfacet
 facet normal  0.000000e+00 -1.000000e+00 -0.000000e+00
   outer loop
     vertex  1.767093e+01  0.000000e+00 -3.130484e-01
     vertex  1.766171e+01  0.000000e+00 -3.587709e-01
     vertex  1.800000e+01  0.000000e+00 -1.200000e+01
   endloop
 endfacet
 facet normal  0.000000e+00 -1.000000e+00 -0.000000e+00
   outer loop
     vertex  1.766171e+01  0.000000e+00 -3.587709e-01
     vertex  1.765124e+01  0.000000e+00 -4.042233e-01
     vertex  1.800000e+01  0.000000e+00 -1.200000e+01
   endloop
 endfacet
 facet normal  0.000000e+00 -1.000000e+00 -0.000000e+00
   outer loop
     vertex  1.765124e+01  0.000000e+00 -4.042233e-01
     vertex  1.763953e+01  0.000000e+00 -4.493715e-01
     vertex  1.800000e+01  0.000000e+00 -1.200000e+01
   endloop
 endfacet
 facet normal  0.000000e+00 -1.000000e+00  0.000000e+00
   outer loop
     vertex  1.800000e+01  0.000000e+00  1.200000e+01
     vertex  1.769900e+01  0.000000e+00  5.829324e-02
     vertex  1.769996e+01  0.000000e+00  1.166084e-02
   endloop
 endfacet
 facet normal  0.000000e+00 -1.000000e+00  0.000000e+00
   outer loop
     vertex  1.800000e+01  0.000000e+00  1.200000e+01
     vertex  1.769676e+01  0.000000e+00  1.048818e-01
     vertex  1.769900e+01  0.000000e+00  5.829324e-02
   endloop
 endfacet
 facet normal  0.000000e+00 -1.000000e+00  0.000000e+00
   outer loop
     vertex  1.800000e+01  0.000000e+00  1.200000e+01
     vertex  1.769325e+01  0.000000e+00  1.513913e-01
     vertex  1.769676e+01  0.000000e+00  1.048818e-01
   endloop
 endfacet
 facet normal  0.000000e+00 -1.000000e+00  0.000000e+00
   outer loop
     vertex  1.800000e+01  0.000000e+00  1.200000e+01
     vertex  1.768846e+01  0.000000e+00  1.977869e-01
     vertex  1.769325e+01  0.000000e+00  1.513913e-01
   endloop
 endfacet
 facet normal  0.000000e+00 -1.000000e+00  0.000000e+00
   outer loop
     vertex  1.800000e+01  0.000000e+00  1.200000e+01
     vertex  1.768239e+01  0.000000e+00  2.440336e-01
     vertex  1.768846e+01  0.000000e+00  1.977869e-01
   endloop
 endfacet
 facet normal  0.000000e+00 -1.000000e+00  0.000000e+00
   outer loop
     vertex  1.800000e+01  0.000000e+00  1.200000e+01
     vertex  1.767507e+01  0.000000e+00  2.900966e-01
     vertex  1.768239e+01  0.000000e+00  2.440336e-01
   endloop
 endfacet
 facet normal  0.000000e+00 -1.000000e+00  0.000000e+00
   outer loop
     vertex  1.800000e+01  0.000000e+00  1.200000e+01
     vertex  1.766648e+01  0.000000e+00  3.359413e-01
     vertex  1.767507e+01  0.000000e+00  2.900966e-01
   endloop
 endfacet
 facet normal  0.000000e+00 -1.000000e+00  0.000000e+00
   outer loop
     vertex  1.800000e+01  0.000000e+00  1.200000e+01
     vertex  1.765663e+01  0.000000e+00  3.815330e-01
     vertex  1.766648e+01  0.000000e+00  3.359413e-01
   endloop
 endfacet
 facet normal  0.000000e+00 -1.000000e+00  0.000000e+00
   outer loop
     vertex  1.800000e+01  0.000000e+00  1.200000e+01
     vertex  1.764554e+01  0.000000e+00  4.268376e-01
     vertex  1.765663e+01  0.000000e+00  3.815330e-01
   endloop
 endfacet
 facet normal  0.000000e+00 -1.000000e+00  0.000000e+00
   outer loop
     vertex  1.800000e+01  0.000000e+00  1.200000e+01
     vertex  1.763321e+01  0.000000e+00  4.718208e-01
     vertex  1.764554e+01  0.000000e+00  4.268376e-01
   endloop
 endfacet
 facet normal  0.000000e+00  0.000000e+00  1.000000e+00
   outer loop
     vertex  1.800000e+01  0.000000e+00  1.200000e+01
     vertex -1.800000e+01  3.500000e+00  1.200000e+01
     vertex -1.800000e+01  0.000000e+00  1.200000e+01
   endloop
 endfacet
 facet normal  0.000000e+00  0.000000e+00  1.000000e+00
   outer loop
     vertex  1.800000e+01  3.500000e+00  1.200000e+01
     vertex -1.800000e+01  3.500000e+00  1.200000e+01
     vertex  1.800000e+01  0.000000e+00  1.200000e+01
   endloop
 endfacet
 facet normal  0.000000e+00  1.000000e+00  0.000000e+00
   outer loop
     vertex -1.723059e+01  3.500000e+00 -1.172879e+00
     vertex -1.719795e+01  3.500000e+00 -1.206197e+00
     vertex -1.800000e+01  3.500000e+00 -1.200000e+01
   endloop
 endfacet
 facet normal  0.000000e+00  1.000000e+00  0.000000e+00
   outer loop
     vertex -1.716441e+01  3.500000e+00 -1.238608e+00
     vertex -1.800000e+01  3.500000e+00 -1.200000e+01
     vertex -1.719795e+01  3.500000e+00 -1.206197e+00
   endloop
 endfacet
 facet normal  0.000000e+00  1.000000e+00  0.000000e+00
   outer loop
     vertex -1.726231e+01  3.500000e+00 -1.138677e+00
     vertex -1.723059e+01  3.500000e+00 -1.172879e+00
     vertex -1.800000e+01  3.500000e+00 -1.200000e+01
   endloop
 endfacet
 facet normal  0.000000e+00  1.000000e+00  0.000000e+00
   outer loop
     vertex -1.712999e+01  3.500000e+00 -1.270086e+00
     vertex -1.800000e+01  3.500000e+00 -1.200000e+01
     vertex -1.716441e+01  3.500000e+00 -1.238608e+00
   endloop
 endfacet
 facet normal  0.000000e+00  1.000000e+00  0.000000e+00
   outer loop
     vertex -1.729307e+01  3.500000e+00 -1.103618e+00
     vertex -1.726231e+01  3.500000e+00 -1.138677e+00
     vertex -1.800000e+01  3.500000e+00 -1.200000e+01
   endloop
 endfacet
 facet normal  0.000000e+00  1.000000e+00  0.000000e+00
   outer loop
     vertex -1.709472e+01  3.500000e+00 -1.300608e+00
     vertex -1.800000e+01  3.500000e+00 -1.200000e+01
     vertex -1.712999e+01  3.500000e+00 -1.270086e+00
   endloop
 endfacet
 facet normal  0.000000e+00  1.000000e+00  0.000000e+00
   outer loop
     vertex -1.732286e+01  3.500000e+00 -1.067729e+00
     vertex -1.729307e+01  3.500000e+00 -1.103618e+00
     vertex -1.800000e+01  3.500000e+00 -1.200000e+01
   endloop
 endfacet
 facet normal  0.000000e+00  1.000000e+00  0.000000e+00
   outer loop
     vertex -1.705863e+01  3.500000e+00 -1.330152e+00
     vertex -1.800000e+01  3.500000e+00 -1.200000e+01
     vertex -1.709472e+01  3.500000e+00 -1.300608e+00
   endloop
 endfacet
 facet normal  0.000000e+00  1.000000e+00  0.000000e+00
   outer loop
     vertex -1.735165e+01  3.500000e+00 -1.031036e+00
     vertex -1.732286e+01  3.500000e+00 -1.067729e+00
     vertex -1.800000e+01  3.500000e+00 -1.200000e+01
   endloop
 endfacet
 facet normal  0.000000e+00  1.000000e+00  0.000000e+00
   outer loop
     vertex -1.702174e+01  3.500000e+00 -1.358693e+00
     vertex -1.800000e+01  3.500000e+00 -1.200000e+01
     vertex -1.705863e+01  3.500000e+00 -1.330152e+00
   endloop
 endfacet
 facet normal  0.000000e+00  1.000000e+00  0.000000e+00
   outer loop
     vertex -1.737943e+01  3.500000e+00 -9.935661e-01
     vertex -1.735165e+01  3.500000e+00 -1.031036e+00
     vertex -1.800000e+01  3.500000e+00 -1.200000e+01
   endloop
 endfacet
 facet normal  0.000000e+00  1.000000e+00  0.000000e+00
   outer loop
     vertex -1.698408e+01  3.500000e+00 -1.386212e+00
     vertex -1.800000e+01  3.500000e+00 -1.200000e+01
     vertex -1.702174e+01  3.500000e+00 -1.358693e+00
   endloop
 endfacet
 facet normal  0.000000e+00  1.000000e+00  0.000000e+00
   outer loop
     vertex -1.740617e+01  3.500000e+00 -9.553488e-01
     vertex -1.737943e+01  3.500000e+00 -9.935661e-01
     vertex -1.800000e+01  3.500000e+00 -1.200000e+01
   endloop
 endfacet
 facet normal  0.000000e+00  1.000000e+00  0.000000e+00
   outer loop
     vertex -1.694568e+01  3.500000e+00 -1.412688e+00
     vertex -1.800000e+01  3.500000e+00 -1.200000e+01
     vertex -1.698408e+01  3.500000e+00 -1.386212e+00
   endloop
 endfacet
 facet normal  0.000000e+00  1.000000e+00  0.000000e+00
   outer loop
     vertex -1.743185e+01  3.500000e+00 -9.164124e-01
     vertex -1.740617e+01  3.500000e+00 -9.553488e-01
     vertex -1.800000e+01  3.500000e+00 -1.200000e+01
   endloop
 endfacet
 facet normal  0.000000e+00  1.000000e+00  0.000000e+00
   outer loop
     vertex -1.690657e+01  3.500000e+00 -1.438100e+00
     vertex -1.800000e+01  3.500000e+00 -1.200000e+01
     vertex -1.694568e+01  3.500000e+00 -1.412688e+00
   endloop
 endfacet
 facet normal  0.000000e+00  1.000000e+00  0.000000e+00
   outer loop
     vertex -1.745645e+01  3.500000e+00 -8.767861e-01
     vertex -1.743185e+01  3.500000e+00 -9.164124e-01
     vertex -1.800000e+01  3.500000e+00 -1.200000e+01
   endloop
 endfacet
 facet normal  0.000000e+00  1.000000e+00  0.000000e+00
   outer loop
     vertex -1.686678e+01  3.500000e+00 -1.462430e+00
     vertex -1.800000e+01  3.500000e+00 -1.200000e+01
     vertex -1.690657e+01  3.500000e+00 -1.438100e+00
   endloop
 endfacet
 facet normal  0.000000e+00  1.000000e+00  0.000000e+00
   outer loop
     vertex -1.747996e+01  3.500000e+00 -8.364998e-01
     vertex -1.745645e+01  3.500000e+00 -8.767861e-01
     vertex -1.800000e+01  3.500000e+00 -1.200000e+01
   endloop
 endfacet
 facet normal  0.000000e+00  1.000000e+00  0.000000e+00
   outer loop
     vertex -1.682633e+01  3.500000e+00 -1.485658e+00
     vertex -1.800000e+01  3.500000e+00 -1.200000e+01
     vertex -1.686678e+01  3.500000e+00 -1.462430e+00
   endloop
 endfacet
 facet normal  0.000000e+00  1.000000e+00  0.000000e+00
   outer loop
     vertex -1.750235e+01  3.500000e+00 -7.955837e-01
     vertex -1.747996e+01  3.500000e+00 -8.364998e-01
     vertex -1.800000e+01  3.500000e+00 -1.200000e+01
   endloop
 endfacet
 facet normal  0.000000e+00  1.000000e+00  0.000000e+00
   outer loop
     vertex -1.678526e+01  3.500000e+00 -1.507769e+00
     vertex -1.800000e+01  3.500000e+00 -1.200000e+01
     vertex -1.682633e+01  3.500000e+00 -1.485658e+00
   endloop
 endfacet
 facet normal  0.000000e+00  1.000000e+00  0.000000e+00
   outer loop
     vertex -1.752361e+01  3.500000e+00 -7.540688e-01
     vertex -1.750235e+01  3.500000e+00 -7.955837e-01
     vertex -1.800000e+01  3.500000e+00 -1.200000e+01
   endloop
 endfacet
 facet normal  0.000000e+00  1.000000e+00  0.000000e+00
   outer loop
     vertex -1.674360e+01  3.500000e+00 -1.528744e+00
     vertex -1.800000e+01  3.500000e+00 -1.200000e+01
     vertex -1.678526e+01  3.500000e+00 -1.507769e+00
   endloop
 endfacet
 facet normal  0.000000e+00  1.000000e+00  0.000000e+00
   outer loop
     vertex -1.754372e+01  3.500000e+00 -7.119863e-01
     vertex -1.752361e+01  3.500000e+00 -7.540688e-01
     vertex -1.800000e+01  3.500000e+00 -1.200000e+01
   endloop
 endfacet
 facet normal  0.000000e+00  1.000000e+00  0.000000e+00
   outer loop
     vertex -1.670138e+01  3.500000e+00 -1.548569e+00
     vertex -1.800000e+01  3.500000e+00 -1.200000e+01
     vertex -1.674360e+01  3.500000e+00 -1.528744e+00
   endloop
 endfacet
 facet normal  0.000000e+00  1.000000e+00  0.000000e+00
   outer loop
     vertex -1.756267e+01  3.500000e+00 -6.693678e-01
     vertex -1.754372e+01  3.500000e+00 -7.119863e-01
     vertex -1.800000e+01  3.500000e+00 -1.200000e+01
   endloop
 endfacet
 facet normal  0.000000e+00  1.000000e+00  0.000000e+00
   outer loop
     vertex -1.665863e+01  3.500000e+00 -1.567228e+00
     vertex -1.800000e+01  3.500000e+00 -1.200000e+01
     vertex -1.670138e+01  3.500000e+00 -1.548569e+00
   endloop
 endfacet
 facet normal  0.000000e+00  1.000000e+00  0.000000e+00
   outer loop
     vertex -1.758045e+01  3.500000e+00 -6.262454e-01
     vertex -1.756267e+01  3.500000e+00 -6.693678e-01
     vertex -1.800000e+01  3.500000e+00 -1.200000e+01
   endloop
 endfacet
 facet normal  0.000000e+00  1.000000e+00  0.000000e+00
   outer loop
     vertex -1.661539e+01  3.500000e+00 -1.584707e+00
     vertex -1.800000e+01  3.500000e+00 -1.200000e+01
     vertex -1.665863e+01  3.500000e+00 -1.567228e+00
   endloop
 endfacet
 facet normal  0.000000e+00  1.000000e+00  0.000000e+00
   outer loop
     vertex -1.759703e+01  3.500000e+00 -5.826516e-01
     vertex -1.758045e+01  3.500000e+00 -6.262454e-01
     vertex -1.800000e+01  3.500000e+00 -1.200000e+01
   endloop
 endfacet
 facet normal  0.000000e+00  1.000000e+00  0.000000e+00
   outer loop
     vertex -1.657168e+01  3.500000e+00 -1.600993e+00
     vertex -1.800000e+01  3.500000e+00 -1.200000e+01
     vertex -1.661539e+01  3.500000e+00 -1.584707e+00
   endloop
 endfacet
 facet normal  0.000000e+00  1.000000e+00  0.000000e+00
   outer loop
     vertex -1.761242e+01  3.500000e+00 -5.386192e-01
     vertex -1.759703e+01  3.500000e+00 -5.826516e-01
     vertex -1.800000e+01  3.500000e+00 -1.200000e+01
   endloop
 endfacet
 facet normal  0.000000e+00  1.000000e+00  0.000000e+00
   outer loop
     vertex -1.652755e+01  3.500000e+00 -1.616074e+00
     vertex -1.800000e+01  3.500000e+00 -1.200000e+01
     vertex -1.657168e+01  3.500000e+00 -1.600993e+00
   endloop
 endfacet
 facet normal  0.000000e+00  1.000000e+00  0.000000e+00
   outer loop
     vertex -1.762659e+01  3.500000e+00 -4.941813e-01
     vertex -1.761242e+01  3.500000e+00 -5.386192e-01
     vertex -1.800000e+01  3.500000e+00 -1.200000e+01
   endloop
 endfacet
 facet normal  0.000000e+00  1.000000e+00  0.000000e+00
   outer loop
     vertex -1.648301e+01  3.500000e+00 -1.629938e+00
     vertex -1.800000e+01  3.500000e+00 -1.200000e+01
     vertex -1.652755e+01  3.500000e+00 -1.616074e+00
   endloop
 endfacet
 facet normal  0.000000e+00  1.000000e+00  0.000000e+00
   outer loop
     vertex -1.763953e+01  3.500000e+00 -4.493715e-01
     vertex -1.762659e+01  3.500000e+00 -4.941813e-01
     vertex -1.800000e+01  3.500000e+00 -1.200000e+01
   endloop
 endfacet
 facet normal  0.000000e+00  1.000000e+00  0.000000e+00
   outer loop
     vertex -1.643811e+01  3.500000e+00 -1.642576e+00
     vertex -1.800000e+01  3.500000e+00 -1.200000e+01
     vertex -1.648301e+01  3.500000e+00 -1.629938e+00
   endloop
 endfacet
 facet normal  0.000000e+00  1.000000e+00  0.000000e+00
   outer loop
     vertex -1.765124e+01  3.500000e+00 -4.042233e-01
     vertex -1.763953e+01  3.500000e+00 -4.493715e-01
     vertex -1.800000e+01  3.500000e+00 -1.200000e+01
   endloop
 endfacet
 facet normal  0.000000e+00  1.000000e+00  0.000000e+00
   outer loop
     vertex -1.639289e+01  3.500000e+00 -1.653977e+00
     vertex -1.800000e+01  3.500000e+00 -1.200000e+01
     vertex -1.643811e+01  3.500000e+00 -1.642576e+00
   endloop
 endfacet
 facet normal  0.000000e+00  1.000000e+00  0.000000e+00
   outer loop
     vertex -1.766171e+01  3.500000e+00 -3.587709e-01
     vertex -1.765124e+01  3.500000e+00 -4.042233e-01
     vertex -1.800000e+01  3.500000e+00 -1.200000e+01
   endloop
 endfacet
 facet normal  0.000000e+00  1.000000e+00  0.000000e+00
   outer loop
     vertex -1.634736e+01  3.500000e+00 -1.664133e+00
     vertex -1.800000e+01  3.500000e+00 -1.200000e+01
     vertex -1.639289e+01  3.500000e+00 -1.653977e+00
   endloop
 endfacet
 facet normal  0.000000e+00  1.000000e+00  0.000000e+00
   outer loop
     vertex -1.767093e+01  3.500000e+00 -3.130484e-01
     vertex -1.766171e+01  3.500000e+00 -3.587709e-01
     vertex -1.800000e+01  3.500000e+00 -1.200000e+01
   endloop
 endfacet
 facet normal  0.000000e+00  1.000000e+00  0.000000e+00
   outer loop
     vertex -1.630158e+01  3.500000e+00 -1.673036e+00
     vertex -1.800000e+01  3.500000e+00 -1.200000e+01
     vertex -1.634736e+01  3.500000e+00 -1.664133e+00
   endloop
 endfacet
 facet normal  0.000000e+00  1.000000e+00  0.000000e+00
   outer loop
     vertex -1.767889e+01  3.500000e+00 -2.670903e-01
     vertex -1.767093e+01  3.500000e+00 -3.130484e-01
     vertex -1.800000e+01  3.500000e+00 -1.200000e+01
   endloop
 endfacet
 facet normal  0.000000e+00  1.000000e+00  0.000000e+00
   outer loop
     vertex -1.625557e+01  3.500000e+00 -1.680680e+00
     vertex -1.800000e+01  3.500000e+00 -1.200000e+01
     vertex -1.630158e+01  3.500000e+00 -1.673036e+00
   endloop
 endfacet
 facet normal  0.000000e+00  1.000000e+00  0.000000e+00
   outer loop
     vertex -1.768558e+01  3.500000e+00 -2.209311e-01
     vertex -1.767889e+01  3.500000e+00 -2.670903e-01
     vertex -1.800000e+01  3.500000e+00 -1.200000e+01
   endloop
 endfacet
 facet normal  0.000000e+00  1.000000e+00  0.000000e+00
   outer loop
     vertex -1.620936e+01  3.500000e+00 -1.687059e+00
     vertex -1.800000e+01  3.500000e+00 -1.200000e+01
     vertex -1.625557e+01  3.500000e+00 -1.680680e+00
   endloop
 endfacet
 facet normal  0.000000e+00  1.000000e+00  0.000000e+00
   outer loop
     vertex -1.769101e+01  3.500000e+00 -1.746055e-01
     vertex -1.768558e+01  3.500000e+00 -2.209311e-01
     vertex -1.800000e+01  3.500000e+00 -1.200000e+01
   endloop
 endfacet
 facet normal  0.000000e+00  1.000000e+00  0.000000e+00
   outer loop
     vertex -1.616300e+01  3.500000e+00 -1.692167e+00
     vertex -1.800000e+01  3.500000e+00 -1.200000e+01
     vertex -1.620936e+01  3.500000e+00 -1.687059e+00
   endloop
 endfacet
 facet normal  0.000000e+00  1.000000e+00  0.000000e+00
   outer loop
     vertex -1.769516e+01  3.500000e+00 -1.281486e-01
     vertex -1.769101e+01  3.500000e+00 -1.746055e-01
     vertex -1.800000e+01  3.500000e+00 -1.200000e+01
   endloop
 endfacet
 facet normal  0.000000e+00  1.000000e+00  0.000000e+00
   outer loop
     vertex -1.611652e+01  3.500000e+00 -1.696002e+00
     vertex -1.800000e+01  3.500000e+00 -1.200000e+01
     vertex -1.616300e+01  3.500000e+00 -1.692167e+00
   endloop
 endfacet
 facet normal  0.000000e+00  1.000000e+00  0.000000e+00
   outer loop
     vertex -1.769804e+01  3.500000e+00 -8.159517e-02
     vertex -1.769516e+01  3.500000e+00 -1.281486e-01
     vertex -1.800000e+01  3.500000e+00 -1.200000e+01
   endloop
 endfacet
 facet normal  0.000000e+00  1.000000e+00  0.000000e+00
   outer loop
     vertex -1.606995e+01  3.500000e+00 -1.698560e+00
     vertex -1.800000e+01  3.500000e+00 -1.200000e+01
     vertex -1.611652e+01  3.500000e+00 -1.696002e+00
   endloop
 endfacet
 facet normal  0.000000e+00  1.000000e+00  0.000000e+00
   outer loop
     vertex -1.769964e+01  3.500000e+00 -3.498033e-02
     vertex -1.769804e+01  3.500000e+00 -8.159517e-02
     vertex -1.800000e+01  3.500000e+00 -1.200000e+01
   endloop
 endfacet
 facet normal  0.000000e+00  1.000000e+00  0.000000e+00
   outer loop
     vertex -1.602332e+01  3.500000e+00 -1.699840e+00
     vertex -1.800000e+01  3.500000e+00 -1.200000e+01
     vertex -1.606995e+01  3.500000e+00 -1.698560e+00
   endloop
 endfacet
 facet normal  0.000000e+00  1.000000e+00  0.000000e+00
   outer loop
     vertex -1.597668e+01  3.500000e+00 -1.699840e+00
     vertex -1.800000e+01  3.500000e+00 -1.200000e+01
     vertex -1.602332e+01  3.500000e+00 -1.699840e+00
   endloop
 endfacet
 facet normal  0.000000e+00  1.000000e+00  0.000000e+00
   outer loop
     vertex -1.593005e+01  3.500000e+00 -1.698560e+00
     vertex -1.800000e+01  3.500000e+00 -1.200000e+01
     vertex -1.597668e+01  3.500000e+00 -1.699840e+00
   endloop
 endfacet
 facet normal  0.000000e+00  1.000000e+00  0.000000e+00
   outer loop
     vertex -1.588348e+01  3.500000e+00 -1.696002e+00
     vertex -1.800000e+01  3.500000e+00 -1.200000e+01
     vertex -1.593005e+01  3.500000e+00 -1.698560e+00
   endloop
 endfacet
 facet normal  0.000000e+00  1.000000e+00  0.000000e+00
   outer loop
     vertex -1.583700e+01  3.500000e+00 -1.692167e+00
     vertex -1.800000e+01  3.500000e+00 -1.200000e+01
     vertex -1.588348e+01  3.500000e+00 -1.696002e+00
   endloop
 endfacet
 facet normal  0.000000e+00  1.000000e+00  0.000000e+00
   outer loop
     vertex -1.579064e+01  3.500000e+00 -1.687059e+00
     vertex -1.800000e+01  3.500000e+00 -1.200000e+01
     vertex -1.583700e+01  3.500000e+00 -1.692167e+00
   endloop
 endfacet
 facet normal  0.000000e+00  1.000000e+00  0.000000e+00
   outer loop
     vertex -1.574443e+01  3.500000e+00 -1.680680e+00
     vertex -1.800000e+01  3.500000e+00 -1.200000e+01
     vertex -1.579064e+01  3.500000e+00 -1.687059e+00
   endloop
 endfacet
 facet normal  0.000000e+00  1.000000e+00  0.000000e+00
   outer loop
     vertex -1.569842e+01  3.500000e+00 -1.673036e+00
     vertex -1.800000e+01  3.500000e+00 -1.200000e+01
     vertex -1.574443e+01  3.500000e+00 -1.680680e+00
   endloop
 endfacet
 facet normal  0.000000e+00  1.000000e+00  0.000000e+00
   outer loop
     vertex -1.565264e+01  3.500000e+00 -1.664133e+00
     vertex -1.800000e+01  3.500000e+00 -1.200000e+01
     vertex -1.569842e+01  3.500000e+00 -1.673036e+00
   endloop
 endfacet
 facet normal  0.000000e+00  1.000000e+00  0.000000e+00
   outer loop
     vertex -1.560711e+01  3.500000e+00 -1.653977e+00
     vertex -1.800000e+01  3.500000e+00 -1.200000e+01
     vertex -1.565264e+01  3.500000e+00 -1.664133e+00
   endloop
 endfacet
 facet normal  0.000000e+00  1.000000e+00  0.000000e+00
   outer loop
     vertex -1.556189e+01  3.500000e+00 -1.642576e+00
     vertex -1.800000e+01  3.500000e+00 -1.200000e+01
     vertex -1.560711e+01  3.500000e+00 -1.653977e+00
   endloop
 endfacet
 facet normal  0.000000e+00  1.000000e+00  0.000000e+00
   outer loop
     vertex -1.551699e+01  3.500000e+00 -1.629938e+00
     vertex -1.800000e+01  3.500000e+00 -1.200000e+01
     vertex -1.556189e+01  3.500000e+00 -1.642576e+00
   endloop
 endfacet
 facet normal  0.000000e+00  1.000000e+00  0.000000e+00
   outer loop
     vertex -1.547245e+01  3.500000e+00 -1.616074e+00
     vertex -1.800000e+01  3.500000e+00 -1.200000e+01
     vertex -1.551699e+01  3.500000e+00 -1.629938e+00
   endloop
 endfacet
 facet normal  0.000000e+00  1.000000e+00  0.000000e+00
   outer loop
     vertex -1.542832e+01  3.500000e+00 -1.600993e+00
     vertex -1.800000e+01  3.500000e+00 -1.200000e+01
     vertex -1.547245e+01  3.500000e+00 -1.616074e+00
   endloop
 endfacet
 facet normal  0.000000e+00  1.000000e+00  0.000000e+00
   outer loop
     vertex -1.538461e+01  3.500000e+00 -1.584707e+00
     vertex -1.800000e+01  3.500000e+00 -1.200000e+01
     vertex -1.542832e+01  3.500000e+00 -1.600993e+00
   endloop
 endfacet
 facet normal  0.000000e+00  1.000000e+00  0.000000e+00
   outer loop
     vertex -1.534137e+01  3.500000e+00 -1.567228e+00
     vertex -1.800000e+01  3.500000e+00 -1.200000e+01
     vertex -1.538461e+01  3.500000e+00 -1.584707e+00
   endloop
 endfacet
 facet normal  0.000000e+00  1.000000e+00  0.000000e+00
   outer loop
     vertex -1.529862e+01  3.500000e+00 -1.548569e+00
     vertex -1.800000e+01  3.500000e+00 -1.200000e+01
     vertex -1.534137e+01  3.500000e+00 -1.567228e+00
   endloop
 endfacet
 facet normal  0.000000e+00  1.000000e+00  0.000000e+00
   outer loop
     vertex -1.525640e+01  3.500000e+00 -1.528744e+00
     vertex -1.800000e+01  3.500000e+00 -1.200000e+01
     vertex -1.529862e+01  3.500000e+00 -1.548569e+00
   endloop
 endfacet
 facet normal  0.000000e+00  1.000000e+00  0.000000e+00
   outer loop
     vertex -1.521474e+01  3.500000e+00 -1.507769e+00
     vertex -1.800000e+01  3.500000e+00 -1.200000e+01
     vertex -1.525640e+01  3.500000e+00 -1.528744e+00
   endloop
 endfacet
 facet normal  0.000000e+00  1.000000e+00  0.000000e+00
   outer loop
     vertex -1.517367e+01  3.500000e+00 -1.485658e+00
     vertex -1.800000e+01  3.500000e+00 -1.200000e+01
     vertex -1.521474e+01  3.500000e+00 -1.507769e+00
   endloop
 endfacet
 facet normal  0.000000e+00  1.000000e+00  0.000000e+00
   outer loop
     vertex -1.513322e+01  3.500000e+00 -1.462430e+00
     vertex -1.800000e+01  3.500000e+00 -1.200000e+01
     vertex -1.517367e+01  3.500000e+00 -1.485658e+00
   endloop
 endfacet
 facet normal  0.000000e+00  1.000000e+00  0.000000e+00
   outer loop
     vertex -1.509343e+01  3.500000e+00 -1.438100e+00
     vertex -1.800000e+01  3.500000e+00 -1.200000e+01
     vertex -1.513322e+01  3.500000e+00 -1.462430e+00
   endloop
 endfacet
 facet normal  0.000000e+00  1.000000e+00  0.000000e+00
   outer loop
     vertex -1.505432e+01  3.500000e+00 -1.412688e+00
     vertex -1.800000e+01  3.500000e+00 -1.200000e+01
     vertex -1.509343e+01  3.500000e+00 -1.438100e+00
   endloop
 endfacet
 facet normal  0.000000e+00  1.000000e+00  0.000000e+00
   outer loop
     vertex -1.501592e+01  3.500000e+00 -1.386212e+00
     vertex -1.800000e+01  3.500000e+00 -1.200000e+01
     vertex -1.505432e+01  3.500000e+00 -1.412688e+00
   endloop
 endfacet
 facet normal  0.000000e+00  1.000000e+00  0.000000e+00
   outer loop
     vertex -1.497826e+01  3.500000e+00 -1.358693e+00
     vertex -1.800000e+01  3.500000e+00 -1.200000e+01
     vertex -1.501592e+01  3.500000e+00 -1.386212e+00
   endloop
 endfacet
 facet normal  0.000000e+00  1.000000e+00  0.000000e+00
   outer loop
     vertex -1.494137e+01  3.500000e+00 -1.330152e+00
     vertex -1.800000e+01  3.500000e+00 -1.200000e+01
     vertex -1.497826e+01  3.500000e+00 -1.358693e+00
   endloop
 endfacet
 facet normal  0.000000e+00  1.000000e+00  0.000000e+00
   outer loop
     vertex -1.490528e+01  3.500000e+00 -1.300608e+00
     vertex -1.800000e+01  3.500000e+00 -1.200000e+01
     vertex -1.494137e+01  3.500000e+00 -1.330152e+00
   endloop
 endfacet
 facet normal  0.000000e+00  1.000000e+00  0.000000e+00
   outer loop
     vertex -1.487001e+01  3.500000e+00 -1.270086e+00
     vertex -1.800000e+01  3.500000e+00 -1.200000e+01
     vertex -1.490528e+01  3.500000e+00 -1.300608e+00
   endloop
 endfacet
 facet normal  0.000000e+00  1.000000e+00  0.000000e+00
   outer loop
     vertex -1.483559e+01  3.500000e+00 -1.238608e+00
     vertex -1.800000e+01  3.500000e+00 -1.200000e+01
     vertex -1.487001e+01  3.500000e+00 -1.270086e+00
   endloop
 endfacet
 facet normal  0.000000e+00  1.000000e+00  0.000000e+00
   outer loop
     vertex -1.480205e+01  3.500000e+00 -1.206197e+00
     vertex -1.800000e+01  3.500000e+00 -1.200000e+01
     vertex -1.483559e+01  3.500000e+00 -1.238608e+00
   endloop
 endfacet
 facet normal  0.000000e+00  1.000000e+00  0.000000e+00
   outer loop
     vertex -1.476941e+01  3.500000e+00 -1.172879e+00
     vertex -1.800000e+01  3.500000e+00 -1.200000e+01
     vertex -1.480205e+01  3.500000e+00 -1.206197e+00
   endloop
 endfacet
 facet normal  0.000000e+00  1.000000e+00  0.000000e+00
   outer loop
     vertex -1.473769e+01  3.500000e+00 -1.138677e+00
     vertex -1.800000e+01  3.500000e+00 -1.200000e+01
     vertex -1.476941e+01  3.500000e+00 -1.172879e+00
   endloop
 endfacet
 facet normal  0.000000e+00  1.000000e+00  0.000000e+00
   outer loop
     vertex -1.470693e+01  3.500000e+00 -1.103618e+00
     vertex -1.800000e+01  3.500000e+00 -1.200000e+01
     vertex -1.473769e+01  3.500000e+00 -1.138677e+00
   endloop
 endfacet
 facet normal  0.000000e+00  1.000000e+00  0.000000e+00
   outer loop
     vertex -1.467714e+01  3.500000e+00 -1.067729e+00
     vertex -1.800000e+01  3.500000e+00 -1.200000e+01
     vertex -1.470693e+01  3.500000e+00 -1.103618e+00
   endloop
 endfacet
 facet normal  0.000000e+00  1.000000e+00  0.000000e+00
   outer loop
     vertex -1.464835e+01  3.500000e+00 -1.031036e+00
     vertex -1.800000e+01  3.500000e+00 -1.200000e+01
     vertex -1.467714e+01  3.500000e+00 -1.067729e+00
   endloop
 endfacet
 facet normal  0.000000e+00  1.000000e+00  0.000000e+00
   outer loop
     vertex -1.462057e+01  3.500000e+00 -9.935661e-01
     vertex -1.800000e+01  3.500000e+00 -1.200000e+01
     vertex -1.464835e+01  3.500000e+00 -1.031036e+00
   endloop
 endfacet
 facet normal  0.000000e+00  1.000000e+00  0.000000e+00
   outer loop
     vertex -1.800000e+01  3.500000e+00  1.200000e+01
     vertex -1.727781e+01  3.500000e+00  1.121253e+00
     vertex -1.730809e+01  3.500000e+00  1.085776e+00
   endloop
 endfacet
 facet normal  0.000000e+00  1.000000e+00  0.000000e+00
   outer loop
     vertex -1.800000e+01  3.500000e+00  1.200000e+01
     vertex -1.724657e+01  3.500000e+00  1.155887e+00
     vertex -1.727781e+01  3.500000e+00  1.121253e+00
   endloop
 endfacet
 facet normal  0.000000e+00  1.000000e+00  0.000000e+00
   outer loop
     vertex -1.800000e+01  3.500000e+00  1.200000e+01
     vertex -1.721439e+01  3.500000e+00  1.189650e+00
     vertex -1.724657e+01  3.500000e+00  1.155887e+00
   endloop
 endfacet
 facet normal  0.000000e+00  1.000000e+00  0.000000e+00
   outer loop
     vertex -1.800000e+01  3.500000e+00  1.200000e+01
     vertex -1.718129e+01  3.500000e+00  1.222518e+00
     vertex -1.721439e+01  3.500000e+00  1.189650e+00
   endloop
 endfacet
 facet normal  0.000000e+00  1.000000e+00  0.000000e+00
   outer loop
     vertex -1.800000e+01  3.500000e+00  1.200000e+01
     vertex -1.714731e+01  3.500000e+00  1.254465e+00
     vertex -1.718129e+01  3.500000e+00  1.222518e+00
   endloop
 endfacet
 facet normal  0.000000e+00  1.000000e+00  0.000000e+00
   outer loop
     vertex -1.800000e+01  3.500000e+00  1.200000e+01
     vertex -1.711246e+01  3.500000e+00  1.285468e+00
     vertex -1.714731e+01  3.500000e+00  1.254465e+00
   endloop
 endfacet
 facet normal  0.000000e+00  1.000000e+00  0.000000e+00
   outer loop
     vertex -1.800000e+01  3.500000e+00  1.200000e+01
     vertex -1.595336e+01  3.500000e+00  1.699360e+00
     vertex -1.600000e+01  3.500000e+00  1.700000e+00
   endloop
 endfacet
 facet normal  0.000000e+00  1.000000e+00  0.000000e+00
   outer loop
     vertex -1.800000e+01  3.500000e+00  1.200000e+01
     vertex -1.707678e+01  3.500000e+00  1.315504e+00
     vertex -1.711246e+01  3.500000e+00  1.285468e+00
   endloop
 endfacet
 facet normal  0.000000e+00  1.000000e+00  0.000000e+00
   outer loop
     vertex -1.800000e+01  3.500000e+00  1.200000e+01
     vertex -1.590676e+01  3.500000e+00  1.697441e+00
     vertex -1.595336e+01  3.500000e+00  1.699360e+00
   endloop
 endfacet
 facet normal  0.000000e+00  1.000000e+00  0.000000e+00
   outer loop
     vertex -1.800000e+01  3.500000e+00  1.200000e+01
     vertex -1.704028e+01  3.500000e+00  1.344549e+00
     vertex -1.707678e+01  3.500000e+00  1.315504e+00
   endloop
 endfacet
 facet normal  0.000000e+00  1.000000e+00  0.000000e+00
   outer loop
     vertex -1.800000e+01  3.500000e+00  1.200000e+01
     vertex -1.586023e+01  3.500000e+00  1.694244e+00
     vertex -1.590676e+01  3.500000e+00  1.697441e+00
   endloop
 endfacet
 facet normal  0.000000e+00  1.000000e+00  0.000000e+00
   outer loop
     vertex -1.800000e+01  3.500000e+00  1.200000e+01
     vertex -1.700300e+01  3.500000e+00  1.372582e+00
     vertex -1.704028e+01  3.500000e+00  1.344549e+00
   endloop
 endfacet
 facet normal  0.000000e+00  1.000000e+00  0.000000e+00
   outer loop
     vertex -1.800000e+01  3.500000e+00  1.200000e+01
     vertex -1.581380e+01  3.500000e+00  1.689772e+00
     vertex -1.586023e+01  3.500000e+00  1.694244e+00
   endloop
 endfacet
 facet normal  0.000000e+00  1.000000e+00  0.000000e+00
   outer loop
     vertex -1.800000e+01  3.500000e+00  1.200000e+01
     vertex -1.696497e+01  3.500000e+00  1.399582e+00
     vertex -1.700300e+01  3.500000e+00  1.372582e+00
   endloop
 endfacet
 facet normal  0.000000e+00  1.000000e+00  0.000000e+00
   outer loop
     vertex -1.800000e+01  3.500000e+00  1.200000e+01
     vertex -1.576751e+01  3.500000e+00  1.684028e+00
     vertex -1.581380e+01  3.500000e+00  1.689772e+00
   endloop
 endfacet
 facet normal  0.000000e+00  1.000000e+00  0.000000e+00
   outer loop
     vertex -1.800000e+01  3.500000e+00  1.200000e+01
     vertex -1.692621e+01  3.500000e+00  1.425528e+00
     vertex -1.696497e+01  3.500000e+00  1.399582e+00
   endloop
 endfacet
 facet normal  0.000000e+00  1.000000e+00  0.000000e+00
   outer loop
     vertex -1.800000e+01  3.500000e+00  1.200000e+01
     vertex -1.572140e+01  3.500000e+00  1.677016e+00
     vertex -1.576751e+01  3.500000e+00  1.684028e+00
   endloop
 endfacet
 facet normal  0.000000e+00  1.000000e+00  0.000000e+00
   outer loop
     vertex -1.800000e+01  3.500000e+00  1.200000e+01
     vertex -1.688676e+01  3.500000e+00  1.450401e+00
     vertex -1.692621e+01  3.500000e+00  1.425528e+00
   endloop
 endfacet
 facet normal  0.000000e+00  1.000000e+00  0.000000e+00
   outer loop
     vertex -1.800000e+01  3.500000e+00  1.200000e+01
     vertex -1.567550e+01  3.500000e+00  1.668741e+00
     vertex -1.572140e+01  3.500000e+00  1.677016e+00
   endloop
 endfacet
 facet normal  0.000000e+00  1.000000e+00  0.000000e+00
   outer loop
     vertex -1.800000e+01  3.500000e+00  1.200000e+01
     vertex -1.684663e+01  3.500000e+00  1.474183e+00
     vertex -1.688676e+01  3.500000e+00  1.450401e+00
   endloop
 endfacet
 facet normal  0.000000e+00  1.000000e+00  0.000000e+00
   outer loop
     vertex -1.800000e+01  3.500000e+00  1.200000e+01
     vertex -1.562984e+01  3.500000e+00  1.659211e+00
     vertex -1.567550e+01  3.500000e+00  1.668741e+00
   endloop
 endfacet
 facet normal  0.000000e+00  1.000000e+00  0.000000e+00
   outer loop
     vertex -1.800000e+01  3.500000e+00  1.200000e+01
     vertex -1.680587e+01  3.500000e+00  1.496854e+00
     vertex -1.684663e+01  3.500000e+00  1.474183e+00
   endloop
 endfacet
 facet normal  0.000000e+00  1.000000e+00  0.000000e+00
   outer loop
     vertex -1.800000e+01  3.500000e+00  1.200000e+01
     vertex -1.558446e+01  3.500000e+00  1.648431e+00
     vertex -1.562984e+01  3.500000e+00  1.659211e+00
   endloop
 endfacet
 facet normal  0.000000e+00  1.000000e+00  0.000000e+00
   outer loop
     vertex -1.800000e+01  3.500000e+00  1.200000e+01
     vertex -1.676450e+01  3.500000e+00  1.518399e+00
     vertex -1.680587e+01  3.500000e+00  1.496854e+00
   endloop
 endfacet
 facet normal  0.000000e+00  1.000000e+00  0.000000e+00
   outer loop
     vertex -1.800000e+01  3.500000e+00  1.200000e+01
     vertex -1.553939e+01  3.500000e+00  1.636411e+00
     vertex -1.558446e+01  3.500000e+00  1.648431e+00
   endloop
 endfacet
 facet normal  0.000000e+00  1.000000e+00  0.000000e+00
   outer loop
     vertex -1.800000e+01  3.500000e+00  1.200000e+01
     vertex -1.672256e+01  3.500000e+00  1.538801e+00
     vertex -1.676450e+01  3.500000e+00  1.518399e+00
   endloop
 endfacet
 facet normal  0.000000e+00  1.000000e+00  0.000000e+00
   outer loop
     vertex -1.800000e+01  3.500000e+00  1.200000e+01
     vertex -1.549467e+01  3.500000e+00  1.623159e+00
     vertex -1.553939e+01  3.500000e+00  1.636411e+00
   endloop
 endfacet
 facet normal  0.000000e+00  1.000000e+00  0.000000e+00
   outer loop
     vertex -1.800000e+01  3.500000e+00  1.200000e+01
     vertex -1.668007e+01  3.500000e+00  1.558045e+00
     vertex -1.672256e+01  3.500000e+00  1.538801e+00
   endloop
 endfacet
 facet normal  0.000000e+00  1.000000e+00  0.000000e+00
   outer loop
     vertex -1.800000e+01  3.500000e+00  1.200000e+01
     vertex -1.545033e+01  3.500000e+00  1.608685e+00
     vertex -1.549467e+01  3.500000e+00  1.623159e+00
   endloop
 endfacet
 facet normal  0.000000e+00  1.000000e+00  0.000000e+00
   outer loop
     vertex -1.800000e+01  3.500000e+00  1.200000e+01
     vertex -1.663707e+01  3.500000e+00  1.576115e+00
     vertex -1.668007e+01  3.500000e+00  1.558045e+00
   endloop
 endfacet
 facet normal  0.000000e+00  1.000000e+00  0.000000e+00
   outer loop
     vertex -1.800000e+01  3.500000e+00  1.200000e+01
     vertex -1.540641e+01  3.500000e+00  1.593000e+00
     vertex -1.545033e+01  3.500000e+00  1.608685e+00
   endloop
 endfacet
 facet normal  0.000000e+00  1.000000e+00  0.000000e+00
   outer loop
     vertex -1.800000e+01  3.500000e+00  1.200000e+01
     vertex -1.659359e+01  3.500000e+00  1.593000e+00
     vertex -1.663707e+01  3.500000e+00  1.576115e+00
   endloop
 endfacet
 facet normal  0.000000e+00  1.000000e+00  0.000000e+00
   outer loop
     vertex -1.800000e+01  3.500000e+00  1.200000e+01
     vertex -1.536293e+01  3.500000e+00  1.576115e+00
     vertex -1.540641e+01  3.500000e+00  1.593000e+00
   endloop
 endfacet
 facet normal  0.000000e+00  1.000000e+00  0.000000e+00
   outer loop
     vertex -1.800000e+01  3.500000e+00  1.200000e+01
     vertex -1.654967e+01  3.500000e+00  1.608685e+00
     vertex -1.659359e+01  3.500000e+00  1.593000e+00
   endloop
 endfacet
 facet normal  0.000000e+00  1.000000e+00  0.000000e+00
   outer loop
     vertex -1.800000e+01  3.500000e+00  1.200000e+01
     vertex -1.531993e+01  3.500000e+00  1.558045e+00
     vertex -1.536293e+01  3.500000e+00  1.576115e+00
   endloop
 endfacet
 facet normal  0.000000e+00  1.000000e+00  0.000000e+00
   outer loop
     vertex -1.800000e+01  3.500000e+00  1.200000e+01
     vertex -1.650533e+01  3.500000e+00  1.623159e+00
     vertex -1.654967e+01  3.500000e+00  1.608685e+00
   endloop
 endfacet
 facet normal  0.000000e+00  1.000000e+00  0.000000e+00
   outer loop
     vertex -1.800000e+01  3.500000e+00  1.200000e+01
     vertex -1.527744e+01  3.500000e+00  1.538801e+00
     vertex -1.531993e+01  3.500000e+00  1.558045e+00
   endloop
 endfacet
 facet normal  0.000000e+00  1.000000e+00  0.000000e+00
   outer loop
     vertex -1.800000e+01  3.500000e+00  1.200000e+01
     vertex -1.646061e+01  3.500000e+00  1.636411e+00
     vertex -1.650533e+01  3.500000e+00  1.623159e+00
   endloop
 endfacet
 facet normal  0.000000e+00  1.000000e+00  0.000000e+00
   outer loop
     vertex -1.800000e+01  3.500000e+00  1.200000e+01
     vertex -1.523550e+01  3.500000e+00  1.518399e+00
     vertex -1.527744e+01  3.500000e+00  1.538801e+00
   endloop
 endfacet
 facet normal  0.000000e+00  1.000000e+00  0.000000e+00
   outer loop
     vertex -1.800000e+01  3.500000e+00  1.200000e+01
     vertex -1.641554e+01  3.500000e+00  1.648431e+00
     vertex -1.646061e+01  3.500000e+00  1.636411e+00
   endloop
 endfacet
 facet normal  0.000000e+00  1.000000e+00  0.000000e+00
   outer loop
     vertex -1.800000e+01  3.500000e+00  1.200000e+01
     vertex -1.519413e+01  3.500000e+00  1.496854e+00
     vertex -1.523550e+01  3.500000e+00  1.518399e+00
   endloop
 endfacet
 facet normal  0.000000e+00  1.000000e+00  0.000000e+00
   outer loop
     vertex -1.800000e+01  3.500000e+00  1.200000e+01
     vertex -1.637016e+01  3.500000e+00  1.659211e+00
     vertex -1.641554e+01  3.500000e+00  1.648431e+00
   endloop
 endfacet
 facet normal  0.000000e+00  1.000000e+00  0.000000e+00
   outer loop
     vertex -1.800000e+01  3.500000e+00  1.200000e+01
     vertex -1.515337e+01  3.500000e+00  1.474183e+00
     vertex -1.519413e+01  3.500000e+00  1.496854e+00
   endloop
 endfacet
 facet normal  0.000000e+00  1.000000e+00  0.000000e+00
   outer loop
     vertex -1.800000e+01  3.500000e+00  1.200000e+01
     vertex -1.632450e+01  3.500000e+00  1.668741e+00
     vertex -1.637016e+01  3.500000e+00  1.659211e+00
   endloop
 endfacet
 facet normal  0.000000e+00  1.000000e+00  0.000000e+00
   outer loop
     vertex -1.800000e+01  3.500000e+00  1.200000e+01
     vertex -1.511324e+01  3.500000e+00  1.450401e+00
     vertex -1.515337e+01  3.500000e+00  1.474183e+00
   endloop
 endfacet
 facet normal  0.000000e+00  1.000000e+00  0.000000e+00
   outer loop
     vertex -1.800000e+01  3.500000e+00  1.200000e+01
     vertex -1.627860e+01  3.500000e+00  1.677016e+00
     vertex -1.632450e+01  3.500000e+00  1.668741e+00
   endloop
 endfacet
 facet normal  0.000000e+00  1.000000e+00  0.000000e+00
   outer loop
     vertex -1.800000e+01  3.500000e+00  1.200000e+01
     vertex -1.507379e+01  3.500000e+00  1.425528e+00
     vertex -1.511324e+01  3.500000e+00  1.450401e+00
   endloop
 endfacet
 facet normal  0.000000e+00  1.000000e+00  0.000000e+00
   outer loop
     vertex -1.800000e+01  3.500000e+00  1.200000e+01
     vertex -1.623249e+01  3.500000e+00  1.684028e+00
     vertex -1.627860e+01  3.500000e+00  1.677016e+00
   endloop
 endfacet
 facet normal  0.000000e+00  1.000000e+00  0.000000e+00
   outer loop
     vertex -1.800000e+01  3.500000e+00  1.200000e+01
     vertex -1.503503e+01  3.500000e+00  1.399582e+00
     vertex -1.507379e+01  3.500000e+00  1.425528e+00
   endloop
 endfacet
 facet normal  0.000000e+00  1.000000e+00  0.000000e+00
   outer loop
     vertex -1.800000e+01  3.500000e+00  1.200000e+01
     vertex -1.618620e+01  3.500000e+00  1.689772e+00
     vertex -1.623249e+01  3.500000e+00  1.684028e+00
   endloop
 endfacet
 facet normal  0.000000e+00  1.000000e+00  0.000000e+00
   outer loop
     vertex -1.800000e+01  3.500000e+00  1.200000e+01
     vertex -1.499700e+01  3.500000e+00  1.372582e+00
     vertex -1.503503e+01  3.500000e+00  1.399582e+00
   endloop
 endfacet
 facet normal  0.000000e+00  1.000000e+00  0.000000e+00
   outer loop
     vertex -1.800000e+01  3.500000e+00  1.200000e+01
     vertex -1.613977e+01  3.500000e+00  1.694244e+00
     vertex -1.618620e+01  3.500000e+00  1.689772e+00
   endloop
 endfacet
 facet normal  0.000000e+00  1.000000e+00  0.000000e+00
   outer loop
     vertex -1.800000e+01  3.500000e+00  1.200000e+01
     vertex -1.495972e+01  3.500000e+00  1.344549e+00
     vertex -1.499700e+01  3.500000e+00  1.372582e+00
   endloop
 endfacet
 facet normal  0.000000e+00  1.000000e+00  0.000000e+00
   outer loop
     vertex -1.800000e+01  3.500000e+00  1.200000e+01
     vertex -1.609324e+01  3.500000e+00  1.697441e+00
     vertex -1.613977e+01  3.500000e+00  1.694244e+00
   endloop
 endfacet
 facet normal  0.000000e+00  1.000000e+00  0.000000e+00
   outer loop
     vertex -1.800000e+01  3.500000e+00  1.200000e+01
     vertex -1.492322e+01  3.500000e+00  1.315504e+00
     vertex -1.495972e+01  3.500000e+00  1.344549e+00
   endloop
 endfacet
 facet normal  0.000000e+00  1.000000e+00  0.000000e+00
   outer loop
     vertex -1.800000e+01  3.500000e+00  1.200000e+01
     vertex -1.604664e+01  3.500000e+00  1.699360e+00
     vertex -1.609324e+01  3.500000e+00  1.697441e+00
   endloop
 endfacet
 facet normal  0.000000e+00  1.000000e+00  0.000000e+00
   outer loop
     vertex -1.800000e+01  3.500000e+00  1.200000e+01
     vertex -1.488754e+01  3.500000e+00  1.285468e+00
     vertex -1.492322e+01  3.500000e+00  1.315504e+00
   endloop
 endfacet
 facet normal  0.000000e+00  1.000000e+00  0.000000e+00
   outer loop
     vertex -1.800000e+01  3.500000e+00  1.200000e+01
     vertex -1.600000e+01  3.500000e+00  1.700000e+00
     vertex -1.604664e+01  3.500000e+00  1.699360e+00
   endloop
 endfacet
 facet normal  0.000000e+00  1.000000e+00  0.000000e+00
   outer loop
     vertex -1.800000e+01  3.500000e+00  1.200000e+01
     vertex -1.485269e+01  3.500000e+00  1.254465e+00
     vertex -1.488754e+01  3.500000e+00  1.285468e+00
   endloop
 endfacet
 facet normal  0.000000e+00  1.000000e+00  0.000000e+00
   outer loop
     vertex -1.800000e+01  3.500000e+00  1.200000e+01
     vertex -1.481871e+01  3.500000e+00  1.222518e+00
     vertex -1.485269e+01  3.500000e+00  1.254465e+00
   endloop
 endfacet
 facet normal  0.000000e+00  1.000000e+00  0.000000e+00
   outer loop
     vertex -1.800000e+01  3.500000e+00  1.200000e+01
     vertex -1.478561e+01  3.500000e+00  1.189650e+00
     vertex -1.481871e+01  3.500000e+00  1.222518e+00
   endloop
 endfacet
 facet normal  0.000000e+00  1.000000e+00  0.000000e+00
   outer loop
     vertex -1.800000e+01  3.500000e+00  1.200000e+01
     vertex -1.475343e+01  3.500000e+00  1.155887e+00
     vertex -1.478561e+01  3.500000e+00  1.189650e+00
   endloop
 endfacet
 facet normal  0.000000e+00  1.000000e+00  0.000000e+00
   outer loop
     vertex -1.800000e+01  3.500000e+00  1.200000e+01
     vertex -1.472219e+01  3.500000e+00  1.121253e+00
     vertex -1.475343e+01  3.500000e+00  1.155887e+00
   endloop
 endfacet
 facet normal  0.000000e+00  1.000000e+00  0.000000e+00
   outer loop
     vertex -1.800000e+01  3.500000e+00  1.200000e+01
     vertex -1.469191e+01  3.500000e+00  1.085776e+00
     vertex -1.472219e+01  3.500000e+00  1.121253e+00
   endloop
 endfacet
 facet normal  0.000000e+00  1.000000e+00  0.000000e+00
   outer loop
     vertex -1.800000e+01  3.500000e+00  1.200000e+01
     vertex -1.466262e+01  3.500000e+00  1.049481e+00
     vertex -1.469191e+01  3.500000e+00  1.085776e+00
   endloop
 endfacet
 facet normal  0.000000e+00  1.000000e+00  0.000000e+00
   outer loop
     vertex -1.800000e+01  3.500000e+00  1.200000e+01
     vertex -1.463433e+01  3.500000e+00  1.012396e+00
     vertex -1.466262e+01  3.500000e+00  1.049481e+00
   endloop
 endfacet
 facet normal  0.000000e+00  1.000000e+00  0.000000e+00
   outer loop
     vertex -1.800000e+01  3.500000e+00  1.200000e+01
     vertex -1.460707e+01  3.500000e+00  9.745492e-01
     vertex -1.463433e+01  3.500000e+00  1.012396e+00
   endloop
 endfacet
 facet normal  0.000000e+00  1.000000e+00  0.000000e+00
   outer loop
     vertex -1.800000e+01  3.500000e+00  1.200000e+01
     vertex -1.769676e+01  3.500000e+00  1.048818e-01
     vertex -1.769900e+01  3.500000e+00  5.829324e-02
   endloop
 endfacet
 facet normal  0.000000e+00  1.000000e+00  0.000000e+00
   outer loop
     vertex -1.800000e+01  3.500000e+00  1.200000e+01
     vertex -1.769325e+01  3.500000e+00  1.513913e-01
     vertex -1.769676e+01  3.500000e+00  1.048818e-01
   endloop
 endfacet
 facet normal  0.000000e+00  1.000000e+00  0.000000e+00
   outer loop
     vertex -1.800000e+01  3.500000e+00  1.200000e+01
     vertex -1.768846e+01  3.500000e+00  1.977869e-01
     vertex -1.769325e+01  3.500000e+00  1.513913e-01
   endloop
 endfacet
 facet normal  0.000000e+00  1.000000e+00  0.000000e+00
   outer loop
     vertex -1.800000e+01  3.500000e+00  1.200000e+01
     vertex -1.768239e+01  3.500000e+00  2.440336e-01
     vertex -1.768846e+01  3.500000e+00  1.977869e-01
   endloop
 endfacet
 facet normal  0.000000e+00  1.000000e+00  0.000000e+00
   outer loop
     vertex -1.800000e+01  3.500000e+00  1.200000e+01
     vertex -1.767507e+01  3.500000e+00  2.900966e-01
     vertex -1.768239e+01  3.500000e+00  2.440336e-01
   endloop
 endfacet
 facet normal  0.000000e+00  1.000000e+00  0.000000e+00
   outer loop
     vertex -1.800000e+01  3.500000e+00  1.200000e+01
     vertex -1.766648e+01  3.500000e+00  3.359413e-01
     vertex -1.767507e+01  3.500000e+00  2.900966e-01
   endloop
 endfacet
 facet normal  0.000000e+00  1.000000e+00  0.000000e+00
   outer loop
     vertex -1.800000e+01  3.500000e+00  1.200000e+01
     vertex -1.765663e+01  3.500000e+00  3.815330e-01
     vertex -1.766648e+01  3.500000e+00  3.359413e-01
   endloop
 endfacet
 facet normal  0.000000e+00  1.000000e+00  0.000000e+00
   outer loop
     vertex -1.800000e+01  3.500000e+00  1.200000e+01
     vertex -1.764554e+01  3.500000e+00  4.268376e-01
     vertex -1.765663e+01  3.500000e+00  3.815330e-01
   endloop
 endfacet
 facet normal  0.000000e+00  1.000000e+00  0.000000e+00
   outer loop
     vertex -1.800000e+01  3.500000e+00  1.200000e+01
     vertex -1.763321e+01  3.500000e+00  4.718208e-01
     vertex -1.764554e+01  3.500000e+00  4.268376e-01
   endloop
 endfacet
 facet normal  0.000000e+00  1.000000e+00  0.000000e+00
   outer loop
     vertex -1.800000e+01  3.500000e+00  1.200000e+01
     vertex -1.761965e+01  3.500000e+00  5.164489e-01
     vertex -1.763321e+01  3.500000e+00  4.718208e-01
   endloop
 endfacet
 facet normal  0.000000e+00  1.000000e+00  0.000000e+00
   outer loop
     vertex -1.800000e+01  3.500000e+00  1.200000e+01
     vertex -1.760488e+01  3.500000e+00  5.606882e-01
     vertex -1.761965e+01  3.500000e+00  5.164489e-01
   endloop
 endfacet
 facet normal  0.000000e+00  1.000000e+00  0.000000e+00
   outer loop
     vertex -1.800000e+01  3.500000e+00  1.200000e+01
     vertex -1.758889e+01  3.500000e+00  6.045054e-01
     vertex -1.760488e+01  3.500000e+00  5.606882e-01
   endloop
 endfacet
 facet normal  0.000000e+00  1.000000e+00  0.000000e+00
   outer loop
     vertex -1.800000e+01  3.500000e+00  1.200000e+01
     vertex -1.757171e+01  3.500000e+00  6.478676e-01
     vertex -1.758889e+01  3.500000e+00  6.045054e-01
   endloop
 endfacet
 facet normal  0.000000e+00  1.000000e+00  0.000000e+00
   outer loop
     vertex -1.800000e+01  3.500000e+00  1.200000e+01
     vertex -1.755334e+01  3.500000e+00  6.907420e-01
     vertex -1.757171e+01  3.500000e+00  6.478676e-01
   endloop
 endfacet
 facet normal  0.000000e+00  1.000000e+00  0.000000e+00
   outer loop
     vertex -1.800000e+01  3.500000e+00  1.200000e+01
     vertex -1.753381e+01  3.500000e+00  7.330965e-01
     vertex -1.755334e+01  3.500000e+00  6.907420e-01
   endloop
 endfacet
 facet normal  0.000000e+00  1.000000e+00  0.000000e+00
   outer loop
     vertex -1.800000e+01  3.500000e+00  1.200000e+01
     vertex -1.751312e+01  3.500000e+00  7.748992e-01
     vertex -1.753381e+01  3.500000e+00  7.330965e-01
   endloop
 endfacet
 facet normal  0.000000e+00  1.000000e+00  0.000000e+00
   outer loop
     vertex -1.800000e+01  3.500000e+00  1.200000e+01
     vertex -1.749129e+01  3.500000e+00  8.161185e-01
     vertex -1.751312e+01  3.500000e+00  7.748992e-01
   endloop
 endfacet
 facet normal  0.000000e+00  1.000000e+00  0.000000e+00
   outer loop
     vertex -1.800000e+01  3.500000e+00  1.200000e+01
     vertex -1.746834e+01  3.500000e+00  8.567235e-01
     vertex -1.749129e+01  3.500000e+00  8.161185e-01
   endloop
 endfacet
 facet normal  0.000000e+00  1.000000e+00  0.000000e+00
   outer loop
     vertex -1.800000e+01  3.500000e+00  1.200000e+01
     vertex -1.744428e+01  3.500000e+00  8.966836e-01
     vertex -1.746834e+01  3.500000e+00  8.567235e-01
   endloop
 endfacet
 facet normal  0.000000e+00  1.000000e+00  0.000000e+00
   outer loop
     vertex -1.800000e+01  3.500000e+00  1.200000e+01
     vertex -1.741914e+01  3.500000e+00  9.359687e-01
     vertex -1.744428e+01  3.500000e+00  8.966836e-01
   endloop
 endfacet
 facet normal  0.000000e+00  1.000000e+00  0.000000e+00
   outer loop
     vertex -1.800000e+01  3.500000e+00  1.200000e+01
     vertex -1.739293e+01  3.500000e+00  9.745492e-01
     vertex -1.741914e+01  3.500000e+00  9.359687e-01
   endloop
 endfacet
 facet normal  0.000000e+00  1.000000e+00  0.000000e+00
   outer loop
     vertex -1.800000e+01  3.500000e+00  1.200000e+01
     vertex -1.736567e+01  3.500000e+00  1.012396e+00
     vertex -1.739293e+01  3.500000e+00  9.745492e-01
   endloop
 endfacet
 facet normal  0.000000e+00  1.000000e+00  0.000000e+00
   outer loop
     vertex -1.800000e+01  3.500000e+00  1.200000e+01
     vertex -1.733738e+01  3.500000e+00  1.049481e+00
     vertex -1.736567e+01  3.500000e+00  1.012396e+00
   endloop
 endfacet
 facet normal  0.000000e+00  1.000000e+00  0.000000e+00
   outer loop
     vertex -1.800000e+01  3.500000e+00  1.200000e+01
     vertex -1.730809e+01  3.500000e+00  1.085776e+00
     vertex -1.733738e+01  3.500000e+00  1.049481e+00
   endloop
 endfacet
 facet normal  0.000000e+00  1.000000e+00  0.000000e+00
   outer loop
     vertex  1.476941e+01  3.500000e+00 -1.172879e+00
     vertex  1.480205e+01  3.500000e+00 -1.206197e+00
     vertex  1.800000e+01  3.500000e+00 -1.200000e+01
   endloop
 endfacet
 facet normal  0.000000e+00  1.000000e+00  0.000000e+00
   outer loop
     vertex  1.483559e+01  3.500000e+00 -1.238608e+00
     vertex  1.800000e+01  3.500000e+00 -1.200000e+01
     vertex  1.480205e+01  3.500000e+00 -1.206197e+00
   endloop
 endfacet
 facet normal  0.000000e+00  1.000000e+00  0.000000e+00
   outer loop
     vertex  1.473769e+01  3.500000e+00 -1.138677e+00
     vertex  1.476941e+01  3.500000e+00 -1.172879e+00
     vertex  1.800000e+01  3.500000e+00 -1.200000e+01
   endloop
 endfacet
 facet normal  0.000000e+00  1.000000e+00  0.000000e+00
   outer loop
     vertex  1.487001e+01  3.500000e+00 -1.270086e+00
     vertex  1.800000e+01  3.500000e+00 -1.200000e+01
     vertex  1.483559e+01  3.500000e+00 -1.238608e+00
   endloop
 endfacet
 facet normal  0.000000e+00  1.000000e+00  0.000000e+00
   outer loop
     vertex  1.470693e+01  3.500000e+00 -1.103618e+00
     vertex  1.473769e+01  3.500000e+00 -1.138677e+00
     vertex  1.800000e+01  3.500000e+00 -1.200000e+01
   endloop
 endfacet
 facet normal  0.000000e+00  1.000000e+00  0.000000e+00
   outer loop
     vertex  1.490528e+01  3.500000e+00 -1.300608e+00
     vertex  1.800000e+01  3.500000e+00 -1.200000e+01
     vertex  1.487001e+01  3.500000e+00 -1.270086e+00
   endloop
 endfacet
 facet normal  0.000000e+00  1.000000e+00  0.000000e+00
   outer loop
     vertex  1.467714e+01  3.500000e+00 -1.067729e+00
     vertex  1.470693e+01  3.500000e+00 -1.103618e+00
     vertex  1.800000e+01  3.500000e+00 -1.200000e+01
   endloop
 endfacet
 facet normal  0.000000e+00  1.000000e+00  0.000000e+00
   outer loop
     vertex  1.494137e+01  3.500000e+00 -1.330152e+00
     vertex  1.800000e+01  3.500000e+00 -1.200000e+01
     vertex  1.490528e+01  3.500000e+00 -1.300608e+00
   endloop
 endfacet
 facet normal  0.000000e+00  1.000000e+00  0.000000e+00
   outer loop
     vertex  1.464835e+01  3.500000e+00 -1.031036e+00
     vertex  1.467714e+01  3.500000e+00 -1.067729e+00
     vertex  1.800000e+01  3.500000e+00 -1.200000e+01
   endloop
 endfacet
 facet normal  0.000000e+00  1.000000e+00  0.000000e+00
   outer loop
     vertex  1.497826e+01  3.500000e+00 -1.358693e+00
     vertex  1.800000e+01  3.500000e+00 -1.200000e+01
     vertex  1.494137e+01  3.500000e+00 -1.330152e+00
   endloop
 endfacet
 facet normal  0.000000e+00  1.000000e+00  0.000000e+00
   outer loop
     vertex  1.462057e+01  3.500000e+00 -9.935661e-01
     vertex  1.800000e+01  3.500000e+00 -1.200000e+01
     vertex -1.800000e+01  3.500000e+00 -1.200000e+01
   endloop
 endfacet
 facet normal  0.000000e+00  1.000000e+00  0.000000e+00
   outer loop
     vertex  1.462057e+01  3.500000e+00 -9.935661e-01
     vertex -1.800000e+01  3.500000e+00 -1.200000e+01
     vertex -1.462057e+01  3.500000e+00 -9.935661e-01
   endloop
 endfacet
 facet normal  0.000000e+00  1.000000e+00  0.000000e+00
   outer loop
     vertex  1.462057e+01  3.500000e+00 -9.935661e-01
     vertex  1.464835e+01  3.500000e+00 -1.031036e+00
     vertex  1.800000e+01  3.500000e+00 -1.200000e+01
   endloop
 endfacet
 facet normal  0.000000e+00  1.000000e+00  0.000000e+00
   outer loop
     vertex  1.501592e+01  3.500000e+00 -1.386212e+00
     vertex  1.800000e+01  3.500000e+00 -1.200000e+01
     vertex  1.497826e+01  3.500000e+00 -1.358693e+00
   endloop
 endfacet
 facet normal  0.000000e+00  1.000000e+00  0.000000e+00
   outer loop
     vertex  1.459383e+01  3.500000e+00 -9.553488e-01
     vertex  1.462057e+01  3.500000e+00 -9.935661e-01
     vertex -1.462057e+01  3.500000e+00 -9.935661e-01
   endloop
 endfacet
 facet normal  0.000000e+00  1.000000e+00  0.000000e+00
   outer loop
     vertex  1.459383e+01  3.500000e+00 -9.553488e-01
     vertex -1.462057e+01  3.500000e+00 -9.935661e-01
     vertex -1.459383e+01  3.500000e+00 -9.553488e-01
   endloop
 endfacet
 facet normal  0.000000e+00  1.000000e+00  0.000000e+00
   outer loop
     vertex  1.505432e+01  3.500000e+00 -1.412688e+00
     vertex  1.800000e+01  3.500000e+00 -1.200000e+01
     vertex  1.501592e+01  3.500000e+00 -1.386212e+00
   endloop
 endfacet
 facet normal  0.000000e+00  1.000000e+00  0.000000e+00
   outer loop
     vertex  1.456815e+01  3.500000e+00 -9.164124e-01
     vertex  1.459383e+01  3.500000e+00 -9.553488e-01
     vertex -1.459383e+01  3.500000e+00 -9.553488e-01
   endloop
 endfacet
 facet normal  0.000000e+00  1.000000e+00  0.000000e+00
   outer loop
     vertex  1.456815e+01  3.500000e+00 -9.164124e-01
     vertex -1.459383e+01  3.500000e+00 -9.553488e-01
     vertex -1.456815e+01  3.500000e+00 -9.164124e-01
   endloop
 endfacet
 facet normal  0.000000e+00  1.000000e+00  0.000000e+00
   outer loop
     vertex  1.509343e+01  3.500000e+00 -1.438100e+00
     vertex  1.800000e+01  3.500000e+00 -1.200000e+01
     vertex  1.505432e+01  3.500000e+00 -1.412688e+00
   endloop
 endfacet
 facet normal  0.000000e+00  1.000000e+00  0.000000e+00
   outer loop
     vertex  1.454355e+01  3.500000e+00 -8.767861e-01
     vertex  1.456815e+01  3.500000e+00 -9.164124e-01
     vertex -1.456815e+01  3.500000e+00 -9.164124e-01
   endloop
 endfacet
 facet normal  0.000000e+00  1.000000e+00  0.000000e+00
   outer loop
     vertex  1.454355e+01  3.500000e+00 -8.767861e-01
     vertex -1.456815e+01  3.500000e+00 -9.164124e-01
     vertex -1.454355e+01  3.500000e+00 -8.767861e-01
   endloop
 endfacet
 facet normal  0.000000e+00  1.000000e+00  0.000000e+00
   outer loop
     vertex  1.513322e+01  3.500000e+00 -1.462430e+00
     vertex  1.800000e+01  3.500000e+00 -1.200000e+01
     vertex  1.509343e+01  3.500000e+00 -1.438100e+00
   endloop
 endfacet
 facet normal  0.000000e+00  1.000000e+00  0.000000e+00
   outer loop
     vertex  1.452004e+01  3.500000e+00 -8.364998e-01
     vertex  1.454355e+01  3.500000e+00 -8.767861e-01
     vertex -1.454355e+01  3.500000e+00 -8.767861e-01
   endloop
 endfacet
 facet normal  0.000000e+00  1.000000e+00  0.000000e+00
   outer loop
     vertex  1.452004e+01  3.500000e+00 -8.364998e-01
     vertex -1.454355e+01  3.500000e+00 -8.767861e-01
     vertex -1.452004e+01  3.500000e+00 -8.364998e-01
   endloop
 endfacet
 facet normal  0.000000e+00  1.000000e+00  0.000000e+00
   outer loop
     vertex  1.517367e+01  3.500000e+00 -1.485658e+00
     vertex  1.800000e+01  3.500000e+00 -1.200000e+01
     vertex  1.513322e+01  3.500000e+00 -1.462430e+00
   endloop
 endfacet
 facet normal  0.000000e+00  1.000000e+00  0.000000e+00
   outer loop
     vertex  1.449765e+01  3.500000e+00 -7.955837e-01
     vertex  1.452004e+01  3.500000e+00 -8.364998e-01
     vertex -1.452004e+01  3.500000e+00 -8.364998e-01
   endloop
 endfacet
 facet normal  0.000000e+00  1.000000e+00  0.000000e+00
   outer loop
     vertex  1.449765e+01  3.500000e+00 -7.955837e-01
     vertex -1.452004e+01  3.500000e+00 -8.364998e-01
     vertex -1.449765e+01  3.500000e+00 -7.955837e-01
   endloop
 endfacet
 facet normal  0.000000e+00  1.000000e+00  0.000000e+00
   outer loop
     vertex  1.521474e+01  3.500000e+00 -1.507769e+00
     vertex  1.800000e+01  3.500000e+00 -1.200000e+01
     vertex  1.517367e+01  3.500000e+00 -1.485658e+00
   endloop
 endfacet
 facet normal  0.000000e+00  1.000000e+00  0.000000e+00
   outer loop
     vertex  1.447639e+01  3.500000e+00 -7.540688e-01
     vertex  1.449765e+01  3.500000e+00 -7.955837e-01
     vertex -1.449765e+01  3.500000e+00 -7.955837e-01
   endloop
 endfacet
 facet normal  0.000000e+00  1.000000e+00  0.000000e+00
   outer loop
     vertex  1.447639e+01  3.500000e+00 -7.540688e-01
     vertex -1.447639e+01  3.500000e+00 -7.540688e-01
     vertex -1.445628e+01  3.500000e+00 -7.119863e-01
   endloop
 endfacet
 facet normal  0.000000e+00  1.000000e+00  0.000000e+00
   outer loop
     vertex  1.447639e+01  3.500000e+00 -7.540688e-01
     vertex -1.449765e+01  3.500000e+00 -7.955837e-01
     vertex -1.447639e+01  3.500000e+00 -7.540688e-01
   endloop
 endfacet
 facet normal  0.000000e+00  1.000000e+00  0.000000e+00
   outer loop
     vertex  1.525640e+01  3.500000e+00 -1.528744e+00
     vertex  1.800000e+01  3.500000e+00 -1.200000e+01
     vertex  1.521474e+01  3.500000e+00 -1.507769e+00
   endloop
 endfacet
 facet normal  0.000000e+00  1.000000e+00  0.000000e+00
   outer loop
     vertex  1.445628e+01  3.500000e+00 -7.119863e-01
     vertex  1.447639e+01  3.500000e+00 -7.540688e-01
     vertex -1.445628e+01  3.500000e+00 -7.119863e-01
   endloop
 endfacet
 facet normal  0.000000e+00  1.000000e+00  0.000000e+00
   outer loop
     vertex  1.445628e+01  3.500000e+00 -7.119863e-01
     vertex -1.445628e+01  3.500000e+00 -7.119863e-01
     vertex -1.443733e+01  3.500000e+00 -6.693678e-01
   endloop
 endfacet
 facet normal  0.000000e+00  1.000000e+00  0.000000e+00
   outer loop
     vertex  1.529862e+01  3.500000e+00 -1.548569e+00
     vertex  1.800000e+01  3.500000e+00 -1.200000e+01
     vertex  1.525640e+01  3.500000e+00 -1.528744e+00
   endloop
 endfacet
 facet normal  0.000000e+00  1.000000e+00  0.000000e+00
   outer loop
     vertex  1.443733e+01  3.500000e+00 -6.693678e-01
     vertex  1.445628e+01  3.500000e+00 -7.119863e-01
     vertex -1.443733e+01  3.500000e+00 -6.693678e-01
   endloop
 endfacet
 facet normal  0.000000e+00  1.000000e+00  0.000000e+00
   outer loop
     vertex  1.534137e+01  3.500000e+00 -1.567228e+00
     vertex  1.800000e+01  3.500000e+00 -1.200000e+01
     vertex  1.529862e+01  3.500000e+00 -1.548569e+00
   endloop
 endfacet
 facet normal  0.000000e+00  1.000000e+00  0.000000e+00
   outer loop
     vertex  1.441955e+01  3.500000e+00 -6.262454e-01
     vertex -1.441955e+01  3.500000e+00 -6.262454e-01
     vertex -1.440297e+01  3.500000e+00 -5.826516e-01
   endloop
 endfacet
 facet normal  0.000000e+00  1.000000e+00  0.000000e+00
   outer loop
     vertex  1.441955e+01  3.500000e+00 -6.262454e-01
     vertex -1.443733e+01  3.500000e+00 -6.693678e-01
     vertex -1.441955e+01  3.500000e+00 -6.262454e-01
   endloop
 endfacet
 facet normal  0.000000e+00  1.000000e+00  0.000000e+00
   outer loop
     vertex  1.441955e+01  3.500000e+00 -6.262454e-01
     vertex  1.443733e+01  3.500000e+00 -6.693678e-01
     vertex -1.443733e+01  3.500000e+00 -6.693678e-01
   endloop
 endfacet
 facet normal  0.000000e+00  1.000000e+00  0.000000e+00
   outer loop
     vertex  1.538461e+01  3.500000e+00 -1.584707e+00
     vertex  1.800000e+01  3.500000e+00 -1.200000e+01
     vertex  1.534137e+01  3.500000e+00 -1.567228e+00
   endloop
 endfacet
 facet normal  0.000000e+00  1.000000e+00  0.000000e+00
   outer loop
     vertex  1.440297e+01  3.500000e+00 -5.826516e-01
     vertex  1.441955e+01  3.500000e+00 -6.262454e-01
     vertex -1.440297e+01  3.500000e+00 -5.826516e-01
   endloop
 endfacet
 facet normal  0.000000e+00  1.000000e+00  0.000000e+00
   outer loop
     vertex  1.542832e+01  3.500000e+00 -1.600993e+00
     vertex  1.800000e+01  3.500000e+00 -1.200000e+01
     vertex  1.538461e+01  3.500000e+00 -1.584707e+00
   endloop
 endfacet
 facet normal  0.000000e+00  1.000000e+00  0.000000e+00
   outer loop
     vertex  1.438758e+01  3.500000e+00 -5.386192e-01
     vertex -1.438758e+01  3.500000e+00 -5.386192e-01
     vertex -1.437341e+01  3.500000e+00 -4.941813e-01
   endloop
 endfacet
 facet normal  0.000000e+00  1.000000e+00  0.000000e+00
   outer loop
     vertex  1.438758e+01  3.500000e+00 -5.386192e-01
     vertex -1.440297e+01  3.500000e+00 -5.826516e-01
     vertex -1.438758e+01  3.500000e+00 -5.386192e-01
   endloop
 endfacet
 facet normal  0.000000e+00  1.000000e+00  0.000000e+00
   outer loop
     vertex  1.438758e+01  3.500000e+00 -5.386192e-01
     vertex  1.440297e+01  3.500000e+00 -5.826516e-01
     vertex -1.440297e+01  3.500000e+00 -5.826516e-01
   endloop
 endfacet
 facet normal  0.000000e+00  1.000000e+00  0.000000e+00
   outer loop
     vertex  1.547245e+01  3.500000e+00 -1.616074e+00
     vertex  1.800000e+01  3.500000e+00 -1.200000e+01
     vertex  1.542832e+01  3.500000e+00 -1.600993e+00
   endloop
 endfacet
 facet normal  0.000000e+00  1.000000e+00  0.000000e+00
   outer loop
     vertex  1.437341e+01  3.500000e+00 -4.941813e-01
     vertex  1.438758e+01  3.500000e+00 -5.386192e-01
     vertex -1.437341e+01  3.500000e+00 -4.941813e-01
   endloop
 endfacet
 facet normal  0.000000e+00  1.000000e+00  0.000000e+00
   outer loop
     vertex  1.437341e+01  3.500000e+00 -4.941813e-01
     vertex -1.437341e+01  3.500000e+00 -4.941813e-01
     vertex -1.436047e+01  3.500000e+00 -4.493715e-01
   endloop
 endfacet
 facet normal  0.000000e+00  1.000000e+00  0.000000e+00
   outer loop
     vertex  1.551699e+01  3.500000e+00 -1.629938e+00
     vertex  1.800000e+01  3.500000e+00 -1.200000e+01
     vertex  1.547245e+01  3.500000e+00 -1.616074e+00
   endloop
 endfacet
 facet normal  0.000000e+00  1.000000e+00  0.000000e+00
   outer loop
     vertex  1.436047e+01  3.500000e+00 -4.493715e-01
     vertex  1.437341e+01  3.500000e+00 -4.941813e-01
     vertex -1.436047e+01  3.500000e+00 -4.493715e-01
   endloop
 endfacet
 facet normal  0.000000e+00  1.000000e+00  0.000000e+00
   outer loop
     vertex  1.556189e+01  3.500000e+00 -1.642576e+00
     vertex  1.800000e+01  3.500000e+00 -1.200000e+01
     vertex  1.551699e+01  3.500000e+00 -1.629938e+00
   endloop
 endfacet
 facet normal  0.000000e+00  1.000000e+00  0.000000e+00
   outer loop
     vertex  1.434876e+01  3.500000e+00 -4.042233e-01
     vertex -1.436047e+01  3.500000e+00 -4.493715e-01
     vertex -1.434876e+01  3.500000e+00 -4.042233e-01
   endloop
 endfacet
 facet normal  0.000000e+00  1.000000e+00  0.000000e+00
   outer loop
     vertex  1.434876e+01  3.500000e+00 -4.042233e-01
     vertex  1.436047e+01  3.500000e+00 -4.493715e-01
     vertex -1.436047e+01  3.500000e+00 -4.493715e-01
   endloop
 endfacet
 facet normal  0.000000e+00  1.000000e+00  0.000000e+00
   outer loop
     vertex  1.560711e+01  3.500000e+00 -1.653977e+00
     vertex  1.800000e+01  3.500000e+00 -1.200000e+01
     vertex  1.556189e+01  3.500000e+00 -1.642576e+00
   endloop
 endfacet
 facet normal  0.000000e+00  1.000000e+00  0.000000e+00
   outer loop
     vertex  1.433829e+01  3.500000e+00 -3.587709e-01
     vertex  1.434876e+01  3.500000e+00 -4.042233e-01
     vertex -1.434876e+01  3.500000e+00 -4.042233e-01
   endloop
 endfacet
 facet normal  0.000000e+00  1.000000e+00  0.000000e+00
   outer loop
     vertex  1.433829e+01  3.500000e+00 -3.587709e-01
     vertex -1.433829e+01  3.500000e+00 -3.587709e-01
     vertex -1.432907e+01  3.500000e+00 -3.130484e-01
   endloop
 endfacet
 facet normal  0.000000e+00  1.000000e+00  0.000000e+00
   outer loop
     vertex  1.433829e+01  3.500000e+00 -3.587709e-01
     vertex -1.434876e+01  3.500000e+00 -4.042233e-01
     vertex -1.433829e+01  3.500000e+00 -3.587709e-01
   endloop
 endfacet
 facet normal  0.000000e+00  1.000000e+00  0.000000e+00
   outer loop
     vertex  1.565264e+01  3.500000e+00 -1.664133e+00
     vertex  1.800000e+01  3.500000e+00 -1.200000e+01
     vertex  1.560711e+01  3.500000e+00 -1.653977e+00
   endloop
 endfacet
 facet normal  0.000000e+00  1.000000e+00  0.000000e+00
   outer loop
     vertex  1.432907e+01  3.500000e+00 -3.130484e-01
     vertex  1.433829e+01  3.500000e+00 -3.587709e-01
     vertex -1.432907e+01  3.500000e+00 -3.130484e-01
   endloop
 endfacet
 facet normal  0.000000e+00  1.000000e+00  0.000000e+00
   outer loop
     vertex  1.569842e+01  3.500000e+00 -1.673036e+00
     vertex  1.800000e+01  3.500000e+00 -1.200000e+01
     vertex  1.565264e+01  3.500000e+00 -1.664133e+00
   endloop
 endfacet
 facet normal  0.000000e+00  1.000000e+00  0.000000e+00
   outer loop
     vertex  1.432111e+01  3.500000e+00 -2.670903e-01
     vertex -1.432907e+01  3.500000e+00 -3.130484e-01
     vertex -1.432111e+01  3.500000e+00 -2.670903e-01
   endloop
 endfacet
 facet normal  0.000000e+00  1.000000e+00  0.000000e+00
   outer loop
     vertex  1.432111e+01  3.500000e+00 -2.670903e-01
     vertex  1.432907e+01  3.500000e+00 -3.130484e-01
     vertex -1.432907e+01  3.500000e+00 -3.130484e-01
   endloop
 endfacet
 facet normal  0.000000e+00  1.000000e+00  0.000000e+00
   outer loop
     vertex  1.574443e+01  3.500000e+00 -1.680680e+00
     vertex  1.800000e+01  3.500000e+00 -1.200000e+01
     vertex  1.569842e+01  3.500000e+00 -1.673036e+00
   endloop
 endfacet
 facet normal  0.000000e+00  1.000000e+00  0.000000e+00
   outer loop
     vertex  1.431442e+01  3.500000e+00 -2.209311e-01
     vertex  1.432111e+01  3.500000e+00 -2.670903e-01
     vertex -1.432111e+01  3.500000e+00 -2.670903e-01
   endloop
 endfacet
 facet normal  0.000000e+00  1.000000e+00  0.000000e+00
   outer loop
     vertex  1.431442e+01  3.500000e+00 -2.209311e-01
     vertex -1.432111e+01  3.500000e+00 -2.670903e-01
     vertex -1.431442e+01  3.500000e+00 -2.209311e-01
   endloop
 endfacet
 facet normal  0.000000e+00  1.000000e+00  0.000000e+00
   outer loop
     vertex  1.579064e+01  3.500000e+00 -1.687059e+00
     vertex  1.800000e+01  3.500000e+00 -1.200000e+01
     vertex  1.574443e+01  3.500000e+00 -1.680680e+00
   endloop
 endfacet
 facet normal  0.000000e+00  1.000000e+00  0.000000e+00
   outer loop
     vertex  1.430899e+01  3.500000e+00 -1.746055e-01
     vertex  1.431442e+01  3.500000e+00 -2.209311e-01
     vertex -1.431442e+01  3.500000e+00 -2.209311e-01
   endloop
 endfacet
 facet normal  0.000000e+00  1.000000e+00  0.000000e+00
   outer loop
     vertex  1.430899e+01  3.500000e+00 -1.746055e-01
     vertex -1.430899e+01  3.500000e+00 -1.746055e-01
     vertex -1.430484e+01  3.500000e+00 -1.281486e-01
   endloop
 endfacet
 facet normal  0.000000e+00  1.000000e+00  0.000000e+00
   outer loop
     vertex  1.430899e+01  3.500000e+00 -1.746055e-01
     vertex -1.431442e+01  3.500000e+00 -2.209311e-01
     vertex -1.430899e+01  3.500000e+00 -1.746055e-01
   endloop
 endfacet
 facet normal  0.000000e+00  1.000000e+00  0.000000e+00
   outer loop
     vertex  1.583700e+01  3.500000e+00 -1.692167e+00
     vertex  1.800000e+01  3.500000e+00 -1.200000e+01
     vertex  1.579064e+01  3.500000e+00 -1.687059e+00
   endloop
 endfacet
 facet normal  0.000000e+00  1.000000e+00  0.000000e+00
   outer loop
     vertex  1.430484e+01  3.500000e+00 -1.281486e-01
     vertex  1.430899e+01  3.500000e+00 -1.746055e-01
     vertex -1.430484e+01  3.500000e+00 -1.281486e-01
   endloop
 endfacet
 facet normal  0.000000e+00  1.000000e+00  0.000000e+00
   outer loop
     vertex  1.588348e+01  3.500000e+00 -1.696002e+00
     vertex  1.800000e+01  3.500000e+00 -1.200000e+01
     vertex  1.583700e+01  3.500000e+00 -1.692167e+00
   endloop
 endfacet
 facet normal  0.000000e+00  1.000000e+00  0.000000e+00
   outer loop
     vertex  1.430196e+01  3.500000e+00 -8.159517e-02
     vertex  1.430484e+01  3.500000e+00 -1.281486e-01
     vertex -1.430484e+01  3.500000e+00 -1.281486e-01
   endloop
 endfacet
 facet normal  0.000000e+00  1.000000e+00  0.000000e+00
   outer loop
     vertex  1.430196e+01  3.500000e+00 -8.159517e-02
     vertex -1.430484e+01  3.500000e+00 -1.281486e-01
     vertex -1.430196e+01  3.500000e+00 -8.159517e-02
   endloop
 endfacet
 facet normal  0.000000e+00  1.000000e+00  0.000000e+00
   outer loop
     vertex  1.593005e+01  3.500000e+00 -1.698560e+00
     vertex  1.800000e+01  3.500000e+00 -1.200000e+01
     vertex  1.588348e+01  3.500000e+00 -1.696002e+00
   endloop
 endfacet
 facet normal  0.000000e+00  1.000000e+00  0.000000e+00
   outer loop
     vertex  1.430036e+01  3.500000e+00 -3.498033e-02
     vertex  1.430196e+01  3.500000e+00 -8.159517e-02
     vertex -1.430196e+01  3.500000e+00 -8.159517e-02
   endloop
 endfacet
 facet normal  0.000000e+00  1.000000e+00  0.000000e+00
   outer loop
     vertex  1.430036e+01  3.500000e+00 -3.498033e-02
     vertex -1.430196e+01  3.500000e+00 -8.159517e-02
     vertex -1.430036e+01  3.500000e+00 -3.498033e-02
   endloop
 endfacet
 facet normal  0.000000e+00  1.000000e+00  0.000000e+00
   outer loop
     vertex  1.597668e+01  3.500000e+00 -1.699840e+00
     vertex  1.800000e+01  3.500000e+00 -1.200000e+01
     vertex  1.593005e+01  3.500000e+00 -1.698560e+00
   endloop
 endfacet
 facet normal  0.000000e+00  1.000000e+00  0.000000e+00
   outer loop
     vertex  1.430004e+01  3.500000e+00  1.166084e-02
     vertex  1.430036e+01  3.500000e+00 -3.498033e-02
     vertex -1.430036e+01  3.500000e+00 -3.498033e-02
   endloop
 endfacet
 facet normal  0.000000e+00  1.000000e+00  0.000000e+00
   outer loop
     vertex  1.430004e+01  3.500000e+00  1.166084e-02
     vertex -1.430004e+01  3.500000e+00  1.166084e-02
     vertex -1.430100e+01  3.500000e+00  5.829324e-02
   endloop
 endfacet
 facet normal  0.000000e+00  1.000000e+00  0.000000e+00
   outer loop
     vertex  1.430004e+01  3.500000e+00  1.166084e-02
     vertex -1.430036e+01  3.500000e+00 -3.498033e-02
     vertex -1.430004e+01  3.500000e+00  1.166084e-02
   endloop
 endfacet
 facet normal  0.000000e+00  1.000000e+00  0.000000e+00
   outer loop
     vertex  1.602332e+01  3.500000e+00 -1.699840e+00
     vertex  1.800000e+01  3.500000e+00 -1.200000e+01
     vertex  1.597668e+01  3.500000e+00 -1.699840e+00
   endloop
 endfacet
 facet normal  0.000000e+00  1.000000e+00  0.000000e+00
   outer loop
     vertex  1.430100e+01  3.500000e+00  5.829324e-02
     vertex -1.430100e+01  3.500000e+00  5.829324e-02
     vertex -1.430324e+01  3.500000e+00  1.048818e-01
   endloop
 endfacet
 facet normal  0.000000e+00  1.000000e+00  0.000000e+00
   outer loop
     vertex  1.430100e+01  3.500000e+00  5.829324e-02
     vertex  1.430004e+01  3.500000e+00  1.166084e-02
     vertex -1.430100e+01  3.500000e+00  5.829324e-02
   endloop
 endfacet
 facet normal  0.000000e+00  1.000000e+00  0.000000e+00
   outer loop
     vertex  1.606995e+01  3.500000e+00 -1.698560e+00
     vertex  1.800000e+01  3.500000e+00 -1.200000e+01
     vertex  1.602332e+01  3.500000e+00 -1.699840e+00
   endloop
 endfacet
 facet normal  0.000000e+00  1.000000e+00  0.000000e+00
   outer loop
     vertex  1.430324e+01  3.500000e+00  1.048818e-01
     vertex -1.430324e+01  3.500000e+00  1.048818e-01
     vertex -1.430675e+01  3.500000e+00  1.513913e-01
   endloop
 endfacet
 facet normal  0.000000e+00  1.000000e+00  0.000000e+00
   outer loop
     vertex  1.430324e+01  3.500000e+00  1.048818e-01
     vertex  1.430100e+01  3.500000e+00  5.829324e-02
     vertex -1.430324e+01  3.500000e+00  1.048818e-01
   endloop
 endfacet
 facet normal  0.000000e+00  1.000000e+00  0.000000e+00
   outer loop
     vertex  1.611652e+01  3.500000e+00 -1.696002e+00
     vertex  1.800000e+01  3.500000e+00 -1.200000e+01
     vertex  1.606995e+01  3.500000e+00 -1.698560e+00
   endloop
 endfacet
 facet normal  0.000000e+00  1.000000e+00  0.000000e+00
   outer loop
     vertex  1.430675e+01  3.500000e+00  1.513913e-01
     vertex  1.430324e+01  3.500000e+00  1.048818e-01
     vertex -1.430675e+01  3.500000e+00  1.513913e-01
   endloop
 endfacet
 facet normal  0.000000e+00  1.000000e+00  0.000000e+00
   outer loop
     vertex  1.616300e+01  3.500000e+00 -1.692167e+00
     vertex  1.800000e+01  3.500000e+00 -1.200000e+01
     vertex  1.611652e+01  3.500000e+00 -1.696002e+00
   endloop
 endfacet
 facet normal  0.000000e+00  1.000000e+00  0.000000e+00
   outer loop
     vertex  1.431154e+01  3.500000e+00  1.977869e-01
     vertex  1.430675e+01  3.500000e+00  1.513913e-01
     vertex -1.430675e+01  3.500000e+00  1.513913e-01
   endloop
 endfacet
 facet normal  0.000000e+00  1.000000e+00  0.000000e+00
   outer loop
     vertex  1.431154e+01  3.500000e+00  1.977869e-01
     vertex -1.430675e+01  3.500000e+00  1.513913e-01
     vertex -1.431154e+01  3.500000e+00  1.977869e-01
   endloop
 endfacet
 facet normal  0.000000e+00  1.000000e+00  0.000000e+00
   outer loop
     vertex  1.620936e+01  3.500000e+00 -1.687059e+00
     vertex  1.800000e+01  3.500000e+00 -1.200000e+01
     vertex  1.616300e+01  3.500000e+00 -1.692167e+00
   endloop
 endfacet
 facet normal  0.000000e+00  1.000000e+00  0.000000e+00
   outer loop
     vertex  1.431761e+01  3.500000e+00  2.440336e-01
     vertex -1.431761e+01  3.500000e+00  2.440336e-01
     vertex -1.432493e+01  3.500000e+00  2.900966e-01
   endloop
 endfacet
 facet normal  0.000000e+00  1.000000e+00  0.000000e+00
   outer loop
     vertex  1.431761e+01  3.500000e+00  2.440336e-01
     vertex -1.431154e+01  3.500000e+00  1.977869e-01
     vertex -1.431761e+01  3.500000e+00  2.440336e-01
   endloop
 endfacet
 facet normal  0.000000e+00  1.000000e+00  0.000000e+00
   outer loop
     vertex  1.431761e+01  3.500000e+00  2.440336e-01
     vertex  1.431154e+01  3.500000e+00  1.977869e-01
     vertex -1.431154e+01  3.500000e+00  1.977869e-01
   endloop
 endfacet
 facet normal  0.000000e+00  1.000000e+00  0.000000e+00
   outer loop
     vertex  1.625557e+01  3.500000e+00 -1.680680e+00
     vertex  1.800000e+01  3.500000e+00 -1.200000e+01
     vertex  1.620936e+01  3.500000e+00 -1.687059e+00
   endloop
 endfacet
 facet normal  0.000000e+00  1.000000e+00  0.000000e+00
   outer loop
     vertex  1.432493e+01  3.500000e+00  2.900966e-01
     vertex  1.431761e+01  3.500000e+00  2.440336e-01
     vertex -1.432493e+01  3.500000e+00  2.900966e-01
   endloop
 endfacet
 facet normal  0.000000e+00  1.000000e+00  0.000000e+00
   outer loop
     vertex  1.630158e+01  3.500000e+00 -1.673036e+00
     vertex  1.800000e+01  3.500000e+00 -1.200000e+01
     vertex  1.625557e+01  3.500000e+00 -1.680680e+00
   endloop
 endfacet
 facet normal  0.000000e+00  1.000000e+00  0.000000e+00
   outer loop
     vertex  1.433352e+01  3.500000e+00  3.359413e-01
     vertex  1.432493e+01  3.500000e+00  2.900966e-01
     vertex -1.432493e+01  3.500000e+00  2.900966e-01
   endloop
 endfacet
 facet normal  0.000000e+00  1.000000e+00  0.000000e+00
   outer loop
     vertex  1.433352e+01  3.500000e+00  3.359413e-01
     vertex -1.433352e+01  3.500000e+00  3.359413e-01
     vertex -1.434337e+01  3.500000e+00  3.815330e-01
   endloop
 endfacet
 facet normal  0.000000e+00  1.000000e+00  0.000000e+00
   outer loop
     vertex  1.433352e+01  3.500000e+00  3.359413e-01
     vertex -1.432493e+01  3.500000e+00  2.900966e-01
     vertex -1.433352e+01  3.500000e+00  3.359413e-01
   endloop
 endfacet
 facet normal  0.000000e+00  1.000000e+00  0.000000e+00
   outer loop
     vertex  1.634736e+01  3.500000e+00 -1.664133e+00
     vertex  1.800000e+01  3.500000e+00 -1.200000e+01
     vertex  1.630158e+01  3.500000e+00 -1.673036e+00
   endloop
 endfacet
 facet normal  0.000000e+00  1.000000e+00  0.000000e+00
   outer loop
     vertex  1.434337e+01  3.500000e+00  3.815330e-01
     vertex  1.433352e+01  3.500000e+00  3.359413e-01
     vertex -1.434337e+01  3.500000e+00  3.815330e-01
   endloop
 endfacet
 facet normal  0.000000e+00  1.000000e+00  0.000000e+00
   outer loop
     vertex  1.639289e+01  3.500000e+00 -1.653977e+00
     vertex  1.800000e+01  3.500000e+00 -1.200000e+01
     vertex  1.634736e+01  3.500000e+00 -1.664133e+00
   endloop
 endfacet
 facet normal  0.000000e+00  1.000000e+00  0.000000e+00
   outer loop
     vertex  1.435446e+01  3.500000e+00  4.268376e-01
     vertex -1.434337e+01  3.500000e+00  3.815330e-01
     vertex -1.435446e+01  3.500000e+00  4.268376e-01
   endloop
 endfacet
 facet normal  0.000000e+00  1.000000e+00  0.000000e+00
   outer loop
     vertex  1.435446e+01  3.500000e+00  4.268376e-01
     vertex  1.434337e+01  3.500000e+00  3.815330e-01
     vertex -1.434337e+01  3.500000e+00  3.815330e-01
   endloop
 endfacet
 facet normal  0.000000e+00  1.000000e+00  0.000000e+00
   outer loop
     vertex  1.643811e+01  3.500000e+00 -1.642576e+00
     vertex  1.800000e+01  3.500000e+00 -1.200000e+01
     vertex  1.639289e+01  3.500000e+00 -1.653977e+00
   endloop
 endfacet
 facet normal  0.000000e+00  1.000000e+00  0.000000e+00
   outer loop
     vertex  1.436679e+01  3.500000e+00  4.718208e-01
     vertex -1.435446e+01  3.500000e+00  4.268376e-01
     vertex -1.436679e+01  3.500000e+00  4.718208e-01
   endloop
 endfacet
 facet normal  0.000000e+00  1.000000e+00  0.000000e+00
   outer loop
     vertex  1.436679e+01  3.500000e+00  4.718208e-01
     vertex  1.435446e+01  3.500000e+00  4.268376e-01
     vertex -1.435446e+01  3.500000e+00  4.268376e-01
   endloop
 endfacet
 facet normal  0.000000e+00  1.000000e+00  0.000000e+00
   outer loop
     vertex  1.648301e+01  3.500000e+00 -1.629938e+00
     vertex  1.800000e+01  3.500000e+00 -1.200000e+01
     vertex  1.643811e+01  3.500000e+00 -1.642576e+00
   endloop
 endfacet
 facet normal  0.000000e+00  1.000000e+00  0.000000e+00
   outer loop
     vertex  1.438035e+01  3.500000e+00  5.164489e-01
     vertex -1.438035e+01  3.500000e+00  5.164489e-01
     vertex -1.439512e+01  3.500000e+00  5.606882e-01
   endloop
 endfacet
 facet normal  0.000000e+00  1.000000e+00  0.000000e+00
   outer loop
     vertex  1.438035e+01  3.500000e+00  5.164489e-01
     vertex -1.436679e+01  3.500000e+00  4.718208e-01
     vertex -1.438035e+01  3.500000e+00  5.164489e-01
   endloop
 endfacet
 facet normal  0.000000e+00  1.000000e+00  0.000000e+00
   outer loop
     vertex  1.438035e+01  3.500000e+00  5.164489e-01
     vertex  1.436679e+01  3.500000e+00  4.718208e-01
     vertex -1.436679e+01  3.500000e+00  4.718208e-01
   endloop
 endfacet
 facet normal  0.000000e+00  1.000000e+00  0.000000e+00
   outer loop
     vertex  1.652755e+01  3.500000e+00 -1.616074e+00
     vertex  1.800000e+01  3.500000e+00 -1.200000e+01
     vertex  1.648301e+01  3.500000e+00 -1.629938e+00
   endloop
 endfacet
 facet normal  0.000000e+00  1.000000e+00  0.000000e+00
   outer loop
     vertex  1.439512e+01  3.500000e+00  5.606882e-01
     vertex -1.439512e+01  3.500000e+00  5.606882e-01
     vertex -1.441111e+01  3.500000e+00  6.045054e-01
   endloop
 endfacet
 facet normal  0.000000e+00  1.000000e+00  0.000000e+00
   outer loop
     vertex  1.439512e+01  3.500000e+00  5.606882e-01
     vertex  1.438035e+01  3.500000e+00  5.164489e-01
     vertex -1.439512e+01  3.500000e+00  5.606882e-01
   endloop
 endfacet
 facet normal  0.000000e+00  1.000000e+00  0.000000e+00
   outer loop
     vertex  1.657168e+01  3.500000e+00 -1.600993e+00
     vertex  1.800000e+01  3.500000e+00 -1.200000e+01
     vertex  1.652755e+01  3.500000e+00 -1.616074e+00
   endloop
 endfacet
 facet normal  0.000000e+00  1.000000e+00  0.000000e+00
   outer loop
     vertex  1.441111e+01  3.500000e+00  6.045054e-01
     vertex -1.441111e+01  3.500000e+00  6.045054e-01
     vertex -1.442829e+01  3.500000e+00  6.478676e-01
   endloop
 endfacet
 facet normal  0.000000e+00  1.000000e+00  0.000000e+00
   outer loop
     vertex  1.441111e+01  3.500000e+00  6.045054e-01
     vertex  1.439512e+01  3.500000e+00  5.606882e-01
     vertex -1.441111e+01  3.500000e+00  6.045054e-01
   endloop
 endfacet
 facet normal  0.000000e+00  1.000000e+00  0.000000e+00
   outer loop
     vertex  1.661539e+01  3.500000e+00 -1.584707e+00
     vertex  1.800000e+01  3.500000e+00 -1.200000e+01
     vertex  1.657168e+01  3.500000e+00 -1.600993e+00
   endloop
 endfacet
 facet normal  0.000000e+00  1.000000e+00  0.000000e+00
   outer loop
     vertex  1.442829e+01  3.500000e+00  6.478676e-01
     vertex  1.441111e+01  3.500000e+00  6.045054e-01
     vertex -1.442829e+01  3.500000e+00  6.478676e-01
   endloop
 endfacet
 facet normal  0.000000e+00  1.000000e+00  0.000000e+00
   outer loop
     vertex  1.665863e+01  3.500000e+00 -1.567228e+00
     vertex  1.800000e+01  3.500000e+00 -1.200000e+01
     vertex  1.661539e+01  3.500000e+00 -1.584707e+00
   endloop
 endfacet
 facet normal  0.000000e+00  1.000000e+00  0.000000e+00
   outer loop
     vertex  1.444666e+01  3.500000e+00  6.907420e-01
     vertex -1.442829e+01  3.500000e+00  6.478676e-01
     vertex -1.444666e+01  3.500000e+00  6.907420e-01
   endloop
 endfacet
 facet normal  0.000000e+00  1.000000e+00  0.000000e+00
   outer loop
     vertex  1.444666e+01  3.500000e+00  6.907420e-01
     vertex  1.442829e+01  3.500000e+00  6.478676e-01
     vertex -1.442829e+01  3.500000e+00  6.478676e-01
   endloop
 endfacet
 facet normal  0.000000e+00  1.000000e+00  0.000000e+00
   outer loop
     vertex  1.670138e+01  3.500000e+00 -1.548569e+00
     vertex  1.800000e+01  3.500000e+00 -1.200000e+01
     vertex  1.665863e+01  3.500000e+00 -1.567228e+00
   endloop
 endfacet
 facet normal  0.000000e+00  1.000000e+00  0.000000e+00
   outer loop
     vertex  1.446619e+01  3.500000e+00  7.330965e-01
     vertex -1.446619e+01  3.500000e+00  7.330965e-01
     vertex -1.448688e+01  3.500000e+00  7.748992e-01
   endloop
 endfacet
 facet normal  0.000000e+00  1.000000e+00  0.000000e+00
   outer loop
     vertex  1.446619e+01  3.500000e+00  7.330965e-01
     vertex -1.444666e+01  3.500000e+00  6.907420e-01
     vertex -1.446619e+01  3.500000e+00  7.330965e-01
   endloop
 endfacet
 facet normal  0.000000e+00  1.000000e+00  0.000000e+00
   outer loop
     vertex  1.446619e+01  3.500000e+00  7.330965e-01
     vertex  1.444666e+01  3.500000e+00  6.907420e-01
     vertex -1.444666e+01  3.500000e+00  6.907420e-01
   endloop
 endfacet
 facet normal  0.000000e+00  1.000000e+00  0.000000e+00
   outer loop
     vertex  1.674360e+01  3.500000e+00 -1.528744e+00
     vertex  1.800000e+01  3.500000e+00 -1.200000e+01
     vertex  1.670138e+01  3.500000e+00 -1.548569e+00
   endloop
 endfacet
 facet normal  0.000000e+00  1.000000e+00  0.000000e+00
   outer loop
     vertex  1.448688e+01  3.500000e+00  7.748992e-01
     vertex  1.446619e+01  3.500000e+00  7.330965e-01
     vertex -1.448688e+01  3.500000e+00  7.748992e-01
   endloop
 endfacet
 facet normal  0.000000e+00  1.000000e+00  0.000000e+00
   outer loop
     vertex  1.678526e+01  3.500000e+00 -1.507769e+00
     vertex  1.800000e+01  3.500000e+00 -1.200000e+01
     vertex  1.674360e+01  3.500000e+00 -1.528744e+00
   endloop
 endfacet
 facet normal  0.000000e+00  1.000000e+00  0.000000e+00
   outer loop
     vertex  1.450871e+01  3.500000e+00  8.161185e-01
     vertex -1.448688e+01  3.500000e+00  7.748992e-01
     vertex -1.450871e+01  3.500000e+00  8.161185e-01
   endloop
 endfacet
 facet normal  0.000000e+00  1.000000e+00  0.000000e+00
   outer loop
     vertex  1.450871e+01  3.500000e+00  8.161185e-01
     vertex  1.448688e+01  3.500000e+00  7.748992e-01
     vertex -1.448688e+01  3.500000e+00  7.748992e-01
   endloop
 endfacet
 facet normal  0.000000e+00  1.000000e+00  0.000000e+00
   outer loop
     vertex  1.682633e+01  3.500000e+00 -1.485658e+00
     vertex  1.800000e+01  3.500000e+00 -1.200000e+01
     vertex  1.678526e+01  3.500000e+00 -1.507769e+00
   endloop
 endfacet
 facet normal  0.000000e+00  1.000000e+00  0.000000e+00
   outer loop
     vertex  1.453166e+01  3.500000e+00  8.567235e-01
     vertex -1.453166e+01  3.500000e+00  8.567235e-01
     vertex -1.455572e+01  3.500000e+00  8.966836e-01
   endloop
 endfacet
 facet normal  0.000000e+00  1.000000e+00  0.000000e+00
   outer loop
     vertex  1.453166e+01  3.500000e+00  8.567235e-01
     vertex -1.450871e+01  3.500000e+00  8.161185e-01
     vertex -1.453166e+01  3.500000e+00  8.567235e-01
   endloop
 endfacet
 facet normal  0.000000e+00  1.000000e+00  0.000000e+00
   outer loop
     vertex  1.453166e+01  3.500000e+00  8.567235e-01
     vertex  1.450871e+01  3.500000e+00  8.161185e-01
     vertex -1.450871e+01  3.500000e+00  8.161185e-01
   endloop
 endfacet
 facet normal  0.000000e+00  1.000000e+00  0.000000e+00
   outer loop
     vertex  1.686678e+01  3.500000e+00 -1.462430e+00
     vertex  1.800000e+01  3.500000e+00 -1.200000e+01
     vertex  1.682633e+01  3.500000e+00 -1.485658e+00
   endloop
 endfacet
 facet normal  0.000000e+00  1.000000e+00  0.000000e+00
   outer loop
     vertex  1.455572e+01  3.500000e+00  8.966836e-01
     vertex  1.453166e+01  3.500000e+00  8.567235e-01
     vertex -1.455572e+01  3.500000e+00  8.966836e-01
   endloop
 endfacet
 facet normal  0.000000e+00  1.000000e+00  0.000000e+00
   outer loop
     vertex  1.690657e+01  3.500000e+00 -1.438100e+00
     vertex  1.800000e+01  3.500000e+00 -1.200000e+01
     vertex  1.686678e+01  3.500000e+00 -1.462430e+00
   endloop
 endfacet
 facet normal  0.000000e+00  1.000000e+00  0.000000e+00
   outer loop
     vertex  1.458086e+01  3.500000e+00  9.359687e-01
     vertex -1.455572e+01  3.500000e+00  8.966836e-01
     vertex -1.458086e+01  3.500000e+00  9.359687e-01
   endloop
 endfacet
 facet normal  0.000000e+00  1.000000e+00  0.000000e+00
   outer loop
     vertex  1.458086e+01  3.500000e+00  9.359687e-01
     vertex  1.455572e+01  3.500000e+00  8.966836e-01
     vertex -1.455572e+01  3.500000e+00  8.966836e-01
   endloop
 endfacet
 facet normal  0.000000e+00  1.000000e+00  0.000000e+00
   outer loop
     vertex  1.694568e+01  3.500000e+00 -1.412688e+00
     vertex  1.800000e+01  3.500000e+00 -1.200000e+01
     vertex  1.690657e+01  3.500000e+00 -1.438100e+00
   endloop
 endfacet
 facet normal  0.000000e+00  1.000000e+00  0.000000e+00
   outer loop
     vertex  1.460707e+01  3.500000e+00  9.745492e-01
     vertex  1.458086e+01  3.500000e+00  9.359687e-01
     vertex -1.458086e+01  3.500000e+00  9.359687e-01
   endloop
 endfacet
 facet normal  0.000000e+00  1.000000e+00  0.000000e+00
   outer loop
     vertex  1.460707e+01  3.500000e+00  9.745492e-01
     vertex -1.458086e+01  3.500000e+00  9.359687e-01
     vertex -1.460707e+01  3.500000e+00  9.745492e-01
   endloop
 endfacet
 facet normal  0.000000e+00  1.000000e+00  0.000000e+00
   outer loop
     vertex  1.460707e+01  3.500000e+00  9.745492e-01
     vertex -1.460707e+01  3.500000e+00  9.745492e-01
     vertex -1.800000e+01  3.500000e+00  1.200000e+01
   endloop
 endfacet
 facet normal  0.000000e+00  1.000000e+00  0.000000e+00
   outer loop
     vertex  1.698408e+01  3.500000e+00 -1.386212e+00
     vertex  1.800000e+01  3.500000e+00 -1.200000e+01
     vertex  1.694568e+01  3.500000e+00 -1.412688e+00
   endloop
 endfacet
 facet normal  0.000000e+00  1.000000e+00  0.000000e+00
   outer loop
     vertex  1.702174e+01  3.500000e+00 -1.358693e+00
     vertex  1.800000e+01  3.500000e+00 -1.200000e+01
     vertex  1.698408e+01  3.500000e+00 -1.386212e+00
   endloop
 endfacet
 facet normal  0.000000e+00  1.000000e+00  0.000000e+00
   outer loop
     vertex  1.705863e+01  3.500000e+00 -1.330152e+00
     vertex  1.800000e+01  3.500000e+00 -1.200000e+01
     vertex  1.702174e+01  3.500000e+00 -1.358693e+00
   endloop
 endfacet
 facet normal  0.000000e+00  1.000000e+00  0.000000e+00
   outer loop
     vertex  1.709472e+01  3.500000e+00 -1.300608e+00
     vertex  1.800000e+01  3.500000e+00 -1.200000e+01
     vertex  1.705863e+01  3.500000e+00 -1.330152e+00
   endloop
 endfacet
 facet normal  0.000000e+00  1.000000e+00  0.000000e+00
   outer loop
     vertex  1.712999e+01  3.500000e+00 -1.270086e+00
     vertex  1.800000e+01  3.500000e+00 -1.200000e+01
     vertex  1.709472e+01  3.500000e+00 -1.300608e+00
   endloop
 endfacet
 facet normal  0.000000e+00  1.000000e+00  0.000000e+00
   outer loop
     vertex  1.716441e+01  3.500000e+00 -1.238608e+00
     vertex  1.800000e+01  3.500000e+00 -1.200000e+01
     vertex  1.712999e+01  3.500000e+00 -1.270086e+00
   endloop
 endfacet
 facet normal  0.000000e+00  1.000000e+00  0.000000e+00
   outer loop
     vertex  1.719795e+01  3.500000e+00 -1.206197e+00
     vertex  1.800000e+01  3.500000e+00 -1.200000e+01
     vertex  1.716441e+01  3.500000e+00 -1.238608e+00
   endloop
 endfacet
 facet normal  0.000000e+00  1.000000e+00  0.000000e+00
   outer loop
     vertex  1.723059e+01  3.500000e+00 -1.172879e+00
     vertex  1.800000e+01  3.500000e+00 -1.200000e+01
     vertex  1.719795e+01  3.500000e+00 -1.206197e+00
   endloop
 endfacet
 facet normal  0.000000e+00  1.000000e+00  0.000000e+00
   outer loop
     vertex  1.726231e+01  3.500000e+00 -1.138677e+00
     vertex  1.800000e+01  3.500000e+00 -1.200000e+01
     vertex  1.723059e+01  3.500000e+00 -1.172879e+00
   endloop
 endfacet
 facet normal  0.000000e+00  1.000000e+00  0.000000e+00
   outer loop
     vertex  1.729307e+01  3.500000e+00 -1.103618e+00
     vertex  1.800000e+01  3.500000e+00 -1.200000e+01
     vertex  1.726231e+01  3.500000e+00 -1.138677e+00
   endloop
 endfacet
 facet normal  0.000000e+00  1.000000e+00  0.000000e+00
   outer loop
     vertex  1.732286e+01  3.500000e+00 -1.067729e+00
     vertex  1.800000e+01  3.500000e+00 -1.200000e+01
     vertex  1.729307e+01  3.500000e+00 -1.103618e+00
   endloop
 endfacet
 facet normal  0.000000e+00  1.000000e+00  0.000000e+00
   outer loop
     vertex  1.735165e+01  3.500000e+00 -1.031036e+00
     vertex  1.800000e+01  3.500000e+00 -1.200000e+01
     vertex  1.732286e+01  3.500000e+00 -1.067729e+00
   endloop
 endfacet
 facet normal  0.000000e+00  1.000000e+00  0.000000e+00
   outer loop
     vertex  1.737943e+01  3.500000e+00 -9.935661e-01
     vertex  1.800000e+01  3.500000e+00 -1.200000e+01
     vertex  1.735165e+01  3.500000e+00 -1.031036e+00
   endloop
 endfacet
 facet normal  0.000000e+00  1.000000e+00  0.000000e+00
   outer loop
     vertex  1.740617e+01  3.500000e+00 -9.553488e-01
     vertex  1.800000e+01  3.500000e+00 -1.200000e+01
     vertex  1.737943e+01  3.500000e+00 -9.935661e-01
   endloop
 endfacet
 facet normal  0.000000e+00  1.000000e+00  0.000000e+00
   outer loop
     vertex  1.743185e+01  3.500000e+00 -9.164124e-01
     vertex  1.800000e+01  3.500000e+00 -1.200000e+01
     vertex  1.740617e+01  3.500000e+00 -9.553488e-01
   endloop
 endfacet
 facet normal  0.000000e+00  1.000000e+00  0.000000e+00
   outer loop
     vertex  1.745645e+01  3.500000e+00 -8.767861e-01
     vertex  1.800000e+01  3.500000e+00 -1.200000e+01
     vertex  1.743185e+01  3.500000e+00 -9.164124e-01
   endloop
 endfacet
 facet normal  0.000000e+00  1.000000e+00  0.000000e+00
   outer loop
     vertex  1.747996e+01  3.500000e+00 -8.364998e-01
     vertex  1.800000e+01  3.500000e+00 -1.200000e+01
     vertex  1.745645e+01  3.500000e+00 -8.767861e-01
   endloop
 endfacet
 facet normal  0.000000e+00  1.000000e+00  0.000000e+00
   outer loop
     vertex  1.750235e+01  3.500000e+00 -7.955837e-01
     vertex  1.800000e+01  3.500000e+00 -1.200000e+01
     vertex  1.747996e+01  3.500000e+00 -8.364998e-01
   endloop
 endfacet
 facet normal  0.000000e+00  1.000000e+00  0.000000e+00
   outer loop
     vertex  1.752361e+01  3.500000e+00 -7.540688e-01
     vertex  1.800000e+01  3.500000e+00 -1.200000e+01
     vertex  1.750235e+01  3.500000e+00 -7.955837e-01
   endloop
 endfacet
 facet normal  0.000000e+00  1.000000e+00  0.000000e+00
   outer loop
     vertex  1.754372e+01  3.500000e+00 -7.119863e-01
     vertex  1.800000e+01  3.500000e+00 -1.200000e+01
     vertex  1.752361e+01  3.500000e+00 -7.540688e-01
   endloop
 endfacet
 facet normal  0.000000e+00  1.000000e+00  0.000000e+00
   outer loop
     vertex  1.756267e+01  3.500000e+00 -6.693678e-01
     vertex  1.800000e+01  3.500000e+00 -1.200000e+01
     vertex  1.754372e+01  3.500000e+00 -7.119863e-01
   endloop
 endfacet
 facet normal  0.000000e+00  1.000000e+00  0.000000e+00
   outer loop
     vertex  1.758045e+01  3.500000e+00 -6.262454e-01
     vertex  1.800000e+01  3.500000e+00 -1.200000e+01
     vertex  1.756267e+01  3.500000e+00 -6.693678e-01
   endloop
 endfacet
 facet normal  0.000000e+00  1.000000e+00  0.000000e+00
   outer loop
     vertex  1.759703e+01  3.500000e+00 -5.826516e-01
     vertex  1.800000e+01  3.500000e+00 -1.200000e+01
     vertex  1.758045e+01  3.500000e+00 -6.262454e-01
   endloop
 endfacet
 facet normal  0.000000e+00  1.000000e+00  0.000000e+00
   outer loop
     vertex  1.761242e+01  3.500000e+00 -5.386192e-01
     vertex  1.800000e+01  3.500000e+00 -1.200000e+01
     vertex  1.759703e+01  3.500000e+00 -5.826516e-01
   endloop
 endfacet
 facet normal  0.000000e+00  1.000000e+00  0.000000e+00
   outer loop
     vertex  1.762659e+01  3.500000e+00 -4.941813e-01
     vertex  1.800000e+01  3.500000e+00 -1.200000e+01
     vertex  1.761242e+01  3.500000e+00 -5.386192e-01
   endloop
 endfacet
 facet normal  0.000000e+00  1.000000e+00  0.000000e+00
   outer loop
     vertex  1.763953e+01  3.500000e+00 -4.493715e-01
     vertex  1.800000e+01  3.500000e+00 -1.200000e+01
     vertex  1.762659e+01  3.500000e+00 -4.941813e-01
   endloop
 endfacet
 facet normal  0.000000e+00  1.000000e+00  0.000000e+00
   outer loop
     vertex  1.800000e+01  3.500000e+00  1.200000e+01
     vertex  1.463433e+01  3.500000e+00  1.012396e+00
     vertex  1.460707e+01  3.500000e+00  9.745492e-01
   endloop
 endfacet
 facet normal  0.000000e+00  1.000000e+00  0.000000e+00
   outer loop
     vertex  1.800000e+01  3.500000e+00  1.200000e+01
     vertex  1.460707e+01  3.500000e+00  9.745492e-01
     vertex -1.800000e+01  3.500000e+00  1.200000e+01
   endloop
 endfacet
 facet normal  0.000000e+00  1.000000e+00  0.000000e+00
   outer loop
     vertex  1.800000e+01  3.500000e+00  1.200000e+01
     vertex  1.466262e+01  3.500000e+00  1.049481e+00
     vertex  1.463433e+01  3.500000e+00  1.012396e+00
   endloop
 endfacet
 facet normal  0.000000e+00  1.000000e+00  0.000000e+00
   outer loop
     vertex  1.800000e+01  3.500000e+00  1.200000e+01
     vertex  1.469191e+01  3.500000e+00  1.085776e+00
     vertex  1.466262e+01  3.500000e+00  1.049481e+00
   endloop
 endfacet
 facet normal  0.000000e+00  1.000000e+00  0.000000e+00
   outer loop
     vertex  1.800000e+01  3.500000e+00  1.200000e+01
     vertex  1.472219e+01  3.500000e+00  1.121253e+00
     vertex  1.469191e+01  3.500000e+00  1.085776e+00
   endloop
 endfacet
 facet normal  0.000000e+00  1.000000e+00  0.000000e+00
   outer loop
     vertex  1.800000e+01  3.500000e+00  1.200000e+01
     vertex  1.475343e+01  3.500000e+00  1.155887e+00
     vertex  1.472219e+01  3.500000e+00  1.121253e+00
   endloop
 endfacet
 facet normal  0.000000e+00  1.000000e+00  0.000000e+00
   outer loop
     vertex  1.800000e+01  3.500000e+00  1.200000e+01
     vertex  1.478561e+01  3.500000e+00  1.189650e+00
     vertex  1.475343e+01  3.500000e+00  1.155887e+00
   endloop
 endfacet
 facet normal  0.000000e+00  1.000000e+00  0.000000e+00
   outer loop
     vertex  1.800000e+01  3.500000e+00  1.200000e+01
     vertex  1.481871e+01  3.500000e+00  1.222518e+00
     vertex  1.478561e+01  3.500000e+00  1.189650e+00
   endloop
 endfacet
 facet normal  0.000000e+00  1.000000e+00  0.000000e+00
   outer loop
     vertex  1.800000e+01  3.500000e+00  1.200000e+01
     vertex  1.485269e+01  3.500000e+00  1.254465e+00
     vertex  1.481871e+01  3.500000e+00  1.222518e+00
   endloop
 endfacet
 facet normal  0.000000e+00  1.000000e+00  0.000000e+00
   outer loop
     vertex  1.800000e+01  3.500000e+00  1.200000e+01
     vertex  1.488754e+01  3.500000e+00  1.285468e+00
     vertex  1.485269e+01  3.500000e+00  1.254465e+00
   endloop
 endfacet
 facet normal  0.000000e+00  1.000000e+00  0.000000e+00
   outer loop
     vertex  1.800000e+01  3.500000e+00  1.200000e+01
     vertex  1.604664e+01  3.500000e+00  1.699360e+00
     vertex  1.600000e+01  3.500000e+00  1.700000e+00
   endloop
 endfacet
 facet normal  0.000000e+00  1.000000e+00  0.000000e+00
   outer loop
     vertex  1.800000e+01  3.500000e+00  1.200000e+01
     vertex  1.492322e+01  3.500000e+00  1.315504e+00
     vertex  1.488754e+01  3.500000e+00  1.285468e+00
   endloop
 endfacet
 facet normal  0.000000e+00  1.000000e+00  0.000000e+00
   outer loop
     vertex  1.800000e+01  3.500000e+00  1.200000e+01
     vertex  1.609324e+01  3.500000e+00  1.697441e+00
     vertex  1.604664e+01  3.500000e+00  1.699360e+00
   endloop
 endfacet
 facet normal  0.000000e+00  1.000000e+00  0.000000e+00
   outer loop
     vertex  1.800000e+01  3.500000e+00  1.200000e+01
     vertex  1.495972e+01  3.500000e+00  1.344549e+00
     vertex  1.492322e+01  3.500000e+00  1.315504e+00
   endloop
 endfacet
 facet normal  0.000000e+00  1.000000e+00  0.000000e+00
   outer loop
     vertex  1.800000e+01  3.500000e+00  1.200000e+01
     vertex  1.613977e+01  3.500000e+00  1.694244e+00
     vertex  1.609324e+01  3.500000e+00  1.697441e+00
   endloop
 endfacet
 facet normal  0.000000e+00  1.000000e+00  0.000000e+00
   outer loop
     vertex  1.800000e+01  3.500000e+00  1.200000e+01
     vertex  1.499700e+01  3.500000e+00  1.372582e+00
     vertex  1.495972e+01  3.500000e+00  1.344549e+00
   endloop
 endfacet
 facet normal  0.000000e+00  1.000000e+00  0.000000e+00
   outer loop
     vertex  1.800000e+01  3.500000e+00  1.200000e+01
     vertex  1.618620e+01  3.500000e+00  1.689772e+00
     vertex  1.613977e+01  3.500000e+00  1.694244e+00
   endloop
 endfacet
 facet normal  0.000000e+00  1.000000e+00  0.000000e+00
   outer loop
     vertex  1.800000e+01  3.500000e+00  1.200000e+01
     vertex  1.503503e+01  3.500000e+00  1.399582e+00
     vertex  1.499700e+01  3.500000e+00  1.372582e+00
   endloop
 endfacet
 facet normal  0.000000e+00  1.000000e+00  0.000000e+00
   outer loop
     vertex  1.800000e+01  3.500000e+00  1.200000e+01
     vertex  1.623249e+01  3.500000e+00  1.684028e+00
     vertex  1.618620e+01  3.500000e+00  1.689772e+00
   endloop
 endfacet
 facet normal  0.000000e+00  1.000000e+00  0.000000e+00
   outer loop
     vertex  1.800000e+01  3.500000e+00  1.200000e+01
     vertex  1.507379e+01  3.500000e+00  1.425528e+00
     vertex  1.503503e+01  3.500000e+00  1.399582e+00
   endloop
 endfacet
 facet normal  0.000000e+00  1.000000e+00  0.000000e+00
   outer loop
     vertex  1.800000e+01  3.500000e+00  1.200000e+01
     vertex  1.627860e+01  3.500000e+00  1.677016e+00
     vertex  1.623249e+01  3.500000e+00  1.684028e+00
   endloop
 endfacet
 facet normal  0.000000e+00  1.000000e+00  0.000000e+00
   outer loop
     vertex  1.800000e+01  3.500000e+00  1.200000e+01
     vertex  1.511324e+01  3.500000e+00  1.450401e+00
     vertex  1.507379e+01  3.500000e+00  1.425528e+00
   endloop
 endfacet
 facet normal  0.000000e+00  1.000000e+00  0.000000e+00
   outer loop
     vertex  1.800000e+01  3.500000e+00  1.200000e+01
     vertex  1.632450e+01  3.500000e+00  1.668741e+00
     vertex  1.627860e+01  3.500000e+00  1.677016e+00
   endloop
 endfacet
 facet normal  0.000000e+00  1.000000e+00  0.000000e+00
   outer loop
     vertex  1.800000e+01  3.500000e+00  1.200000e+01
     vertex  1.515337e+01  3.500000e+00  1.474183e+00
     vertex  1.511324e+01  3.500000e+00  1.450401e+00
   endloop
 endfacet
 facet normal  0.000000e+00  1.000000e+00  0.000000e+00
   outer loop
     vertex  1.800000e+01  3.500000e+00  1.200000e+01
     vertex  1.637016e+01  3.500000e+00  1.659211e+00
     vertex  1.632450e+01  3.500000e+00  1.668741e+00
   endloop
 endfacet
 facet normal  0.000000e+00  1.000000e+00  0.000000e+00
   outer loop
     vertex  1.800000e+01  3.500000e+00  1.200000e+01
     vertex  1.519413e+01  3.500000e+00  1.496854e+00
     vertex  1.515337e+01  3.500000e+00  1.474183e+00
   endloop
 endfacet
 facet normal  0.000000e+00  1.000000e+00  0.000000e+00
   outer loop
     vertex  1.800000e+01  3.500000e+00  1.200000e+01
     vertex  1.641554e+01  3.500000e+00  1.648431e+00
     vertex  1.637016e+01  3.500000e+00  1.659211e+00
   endloop
 endfacet
 facet normal  0.000000e+00  1.000000e+00  0.000000e+00
   outer loop
     vertex  1.800000e+01  3.500000e+00  1.200000e+01
     vertex  1.523550e+01  3.500000e+00  1.518399e+00
     vertex  1.519413e+01  3.500000e+00  1.496854e+00
   endloop
 endfacet
 facet normal  0.000000e+00  1.000000e+00  0.000000e+00
   outer loop
     vertex  1.800000e+01  3.500000e+00  1.200000e+01
     vertex  1.646061e+01  3.500000e+00  1.636411e+00
     vertex  1.641554e+01  3.500000e+00  1.648431e+00
   endloop
 endfacet
 facet normal  0.000000e+00  1.000000e+00  0.000000e+00
   outer loop
     vertex  1.800000e+01  3.500000e+00  1.200000e+01
     vertex  1.527744e+01  3.500000e+00  1.538801e+00
     vertex  1.523550e+01  3.500000e+00  1.518399e+00
   endloop
 endfacet
 facet normal  0.000000e+00  1.000000e+00  0.000000e+00
   outer loop
     vertex  1.800000e+01  3.500000e+00  1.200000e+01
     vertex  1.650533e+01  3.500000e+00  1.623159e+00
     vertex  1.646061e+01  3.500000e+00  1.636411e+00
   endloop
 endfacet
 facet normal  0.000000e+00  1.000000e+00  0.000000e+00
   outer loop
     vertex  1.800000e+01  3.500000e+00  1.200000e+01
     vertex  1.531993e+01  3.500000e+00  1.558045e+00
     vertex  1.527744e+01  3.500000e+00  1.538801e+00
   endloop
 endfacet
 facet normal  0.000000e+00  1.000000e+00  0.000000e+00
   outer loop
     vertex  1.800000e+01  3.500000e+00  1.200000e+01
     vertex  1.654967e+01  3.500000e+00  1.608685e+00
     vertex  1.650533e+01  3.500000e+00  1.623159e+00
   endloop
 endfacet
 facet normal  0.000000e+00  1.000000e+00  0.000000e+00
   outer loop
     vertex  1.800000e+01  3.500000e+00  1.200000e+01
     vertex  1.536293e+01  3.500000e+00  1.576115e+00
     vertex  1.531993e+01  3.500000e+00  1.558045e+00
   endloop
 endfacet
 facet normal  0.000000e+00  1.000000e+00  0.000000e+00
   outer loop
     vertex  1.800000e+01  3.500000e+00  1.200000e+01
     vertex  1.659359e+01  3.500000e+00  1.593000e+00
     vertex  1.654967e+01  3.500000e+00  1.608685e+00
   endloop
 endfacet
 facet normal  0.000000e+00  1.000000e+00  0.000000e+00
   outer loop
     vertex  1.800000e+01  3.500000e+00  1.200000e+01
     vertex  1.540641e+01  3.500000e+00  1.593000e+00
     vertex  1.536293e+01  3.500000e+00  1.576115e+00
   endloop
 endfacet
 facet normal  0.000000e+00  1.000000e+00  0.000000e+00
   outer loop
     vertex  1.800000e+01  3.500000e+00  1.200000e+01
     vertex  1.663707e+01  3.500000e+00  1.576115e+00
     vertex  1.659359e+01  3.500000e+00  1.593000e+00
   endloop
 endfacet
 facet normal  0.000000e+00  1.000000e+00  0.000000e+00
   outer loop
     vertex  1.800000e+01  3.500000e+00  1.200000e+01
     vertex  1.545033e+01  3.500000e+00  1.608685e+00
     vertex  1.540641e+01  3.500000e+00  1.593000e+00
   endloop
 endfacet
 facet normal  0.000000e+00  1.000000e+00  0.000000e+00
   outer loop
     vertex  1.800000e+01  3.500000e+00  1.200000e+01
     vertex  1.668007e+01  3.500000e+00  1.558045e+00
     vertex  1.663707e+01  3.500000e+00  1.576115e+00
   endloop
 endfacet
 facet normal  0.000000e+00  1.000000e+00  0.000000e+00
   outer loop
     vertex  1.800000e+01  3.500000e+00  1.200000e+01
     vertex  1.549467e+01  3.500000e+00  1.623159e+00
     vertex  1.545033e+01  3.500000e+00  1.608685e+00
   endloop
 endfacet
 facet normal  0.000000e+00  1.000000e+00  0.000000e+00
   outer loop
     vertex  1.800000e+01  3.500000e+00  1.200000e+01
     vertex  1.672256e+01  3.500000e+00  1.538801e+00
     vertex  1.668007e+01  3.500000e+00  1.558045e+00
   endloop
 endfacet
 facet normal  0.000000e+00  1.000000e+00  0.000000e+00
   outer loop
     vertex  1.800000e+01  3.500000e+00  1.200000e+01
     vertex  1.553939e+01  3.500000e+00  1.636411e+00
     vertex  1.549467e+01  3.500000e+00  1.623159e+00
   endloop
 endfacet
 facet normal  0.000000e+00  1.000000e+00  0.000000e+00
   outer loop
     vertex  1.800000e+01  3.500000e+00  1.200000e+01
     vertex  1.676450e+01  3.500000e+00  1.518399e+00
     vertex  1.672256e+01  3.500000e+00  1.538801e+00
   endloop
 endfacet
 facet normal  0.000000e+00  1.000000e+00  0.000000e+00
   outer loop
     vertex  1.800000e+01  3.500000e+00  1.200000e+01
     vertex  1.558446e+01  3.500000e+00  1.648431e+00
     vertex  1.553939e+01  3.500000e+00  1.636411e+00
   endloop
 endfacet
 facet normal  0.000000e+00  1.000000e+00  0.000000e+00
   outer loop
     vertex  1.800000e+01  3.500000e+00  1.200000e+01
     vertex  1.680587e+01  3.500000e+00  1.496854e+00
     vertex  1.676450e+01  3.500000e+00  1.518399e+00
   endloop
 endfacet
 facet normal  0.000000e+00  1.000000e+00  0.000000e+00
   outer loop
     vertex  1.800000e+01  3.500000e+00  1.200000e+01
     vertex  1.562984e+01  3.500000e+00  1.659211e+00
     vertex  1.558446e+01  3.500000e+00  1.648431e+00
   endloop
 endfacet
 facet normal  0.000000e+00  1.000000e+00  0.000000e+00
   outer loop
     vertex  1.800000e+01  3.500000e+00  1.200000e+01
     vertex  1.684663e+01  3.500000e+00  1.474183e+00
     vertex  1.680587e+01  3.500000e+00  1.496854e+00
   endloop
 endfacet
 facet normal  0.000000e+00  1.000000e+00  0.000000e+00
   outer loop
     vertex  1.800000e+01  3.500000e+00  1.200000e+01
     vertex  1.567550e+01  3.500000e+00  1.668741e+00
     vertex  1.562984e+01  3.500000e+00  1.659211e+00
   endloop
 endfacet
 facet normal  0.000000e+00  1.000000e+00  0.000000e+00
   outer loop
     vertex  1.800000e+01  3.500000e+00  1.200000e+01
     vertex  1.688676e+01  3.500000e+00  1.450401e+00
     vertex  1.684663e+01  3.500000e+00  1.474183e+00
   endloop
 endfacet
 facet normal  0.000000e+00  1.000000e+00  0.000000e+00
   outer loop
     vertex  1.800000e+01  3.500000e+00  1.200000e+01
     vertex  1.572140e+01  3.500000e+00  1.677016e+00
     vertex  1.567550e+01  3.500000e+00  1.668741e+00
   endloop
 endfacet
 facet normal  0.000000e+00  1.000000e+00  0.000000e+00
   outer loop
     vertex  1.800000e+01  3.500000e+00  1.200000e+01
     vertex  1.692621e+01  3.500000e+00  1.425528e+00
     vertex  1.688676e+01  3.500000e+00  1.450401e+00
   endloop
 endfacet
 facet normal  0.000000e+00  1.000000e+00  0.000000e+00
   outer loop
     vertex  1.800000e+01  3.500000e+00  1.200000e+01
     vertex  1.576751e+01  3.500000e+00  1.684028e+00
     vertex  1.572140e+01  3.500000e+00  1.677016e+00
   endloop
 endfacet
 facet normal  0.000000e+00  1.000000e+00  0.000000e+00
   outer loop
     vertex  1.800000e+01  3.500000e+00  1.200000e+01
     vertex  1.696497e+01  3.500000e+00  1.399582e+00
     vertex  1.692621e+01  3.500000e+00  1.425528e+00
   endloop
 endfacet
 facet normal  0.000000e+00  1.000000e+00  0.000000e+00
   outer loop
     vertex  1.800000e+01  3.500000e+00  1.200000e+01
     vertex  1.581380e+01  3.500000e+00  1.689772e+00
     vertex  1.576751e+01  3.500000e+00  1.684028e+00
   endloop
 endfacet
 facet normal  0.000000e+00  1.000000e+00  0.000000e+00
   outer loop
     vertex  1.800000e+01  3.500000e+00  1.200000e+01
     vertex  1.700300e+01  3.500000e+00  1.372582e+00
     vertex  1.696497e+01  3.500000e+00  1.399582e+00
   endloop
 endfacet
 facet normal  0.000000e+00  1.000000e+00  0.000000e+00
   outer loop
     vertex  1.800000e+01  3.500000e+00  1.200000e+01
     vertex  1.586023e+01  3.500000e+00  1.694244e+00
     vertex  1.581380e+01  3.500000e+00  1.689772e+00
   endloop
 endfacet
 facet normal  0.000000e+00  1.000000e+00  0.000000e+00
   outer loop
     vertex  1.800000e+01  3.500000e+00  1.200000e+01
     vertex  1.704028e+01  3.500000e+00  1.344549e+00
     vertex  1.700300e+01  3.500000e+00  1.372582e+00
   endloop
 endfacet
 facet normal  0.000000e+00  1.000000e+00  0.000000e+00
   outer loop
     vertex  1.800000e+01  3.500000e+00  1.200000e+01
     vertex  1.590676e+01  3.500000e+00  1.697441e+00
     vertex  1.586023e+01  3.500000e+00  1.694244e+00
   endloop
 endfacet
 facet normal  0.000000e+00  1.000000e+00  0.000000e+00
   outer loop
     vertex  1.800000e+01  3.500000e+00  1.200000e+01
     vertex  1.707678e+01  3.500000e+00  1.315504e+00
     vertex  1.704028e+01  3.500000e+00  1.344549e+00
   endloop
 endfacet
 facet normal  0.000000e+00  1.000000e+00  0.000000e+00
   outer loop
     vertex  1.800000e+01  3.500000e+00  1.200000e+01
     vertex  1.595336e+01  3.500000e+00  1.699360e+00
     vertex  1.590676e+01  3.500000e+00  1.697441e+00
   endloop
 endfacet
 facet normal  0.000000e+00  1.000000e+00  0.000000e+00
   outer loop
     vertex  1.800000e+01  3.500000e+00  1.200000e+01
     vertex  1.711246e+01  3.500000e+00  1.285468e+00
     vertex  1.707678e+01  3.500000e+00  1.315504e+00
   endloop
 endfacet
 facet normal  0.000000e+00  1.000000e+00  0.000000e+00
   outer loop
     vertex  1.800000e+01  3.500000e+00  1.200000e+01
     vertex  1.600000e+01  3.500000e+00  1.700000e+00
     vertex  1.595336e+01  3.500000e+00  1.699360e+00
   endloop
 endfacet
 facet normal  0.000000e+00  1.000000e+00  0.000000e+00
   outer loop
     vertex  1.800000e+01  3.500000e+00  1.200000e+01
     vertex  1.714731e+01  3.500000e+00  1.254465e+00
     vertex  1.711246e+01  3.500000e+00  1.285468e+00
   endloop
 endfacet
 facet normal  0.000000e+00  1.000000e+00  0.000000e+00
   outer loop
     vertex  1.800000e+01  3.500000e+00  1.200000e+01
     vertex  1.718129e+01  3.500000e+00  1.222518e+00
     vertex  1.714731e+01  3.500000e+00  1.254465e+00
   endloop
 endfacet
 facet normal  0.000000e+00  1.000000e+00  0.000000e+00
   outer loop
     vertex  1.800000e+01  3.500000e+00  1.200000e+01
     vertex  1.721439e+01  3.500000e+00  1.189650e+00
     vertex  1.718129e+01  3.500000e+00  1.222518e+00
   endloop
 endfacet
 facet normal  0.000000e+00  1.000000e+00  0.000000e+00
   outer loop
     vertex  1.800000e+01  3.500000e+00  1.200000e+01
     vertex  1.724657e+01  3.500000e+00  1.155887e+00
     vertex  1.721439e+01  3.500000e+00  1.189650e+00
   endloop
 endfacet
 facet normal  0.000000e+00  1.000000e+00  0.000000e+00
   outer loop
     vertex  1.800000e+01  3.500000e+00  1.200000e+01
     vertex  1.727781e+01  3.500000e+00  1.121253e+00
     vertex  1.724657e+01  3.500000e+00  1.155887e+00
   endloop
 endfacet
 facet normal  0.000000e+00  1.000000e+00  0.000000e+00
   outer loop
     vertex  1.800000e+01  3.500000e+00  1.200000e+01
     vertex  1.730809e+01  3.500000e+00  1.085776e+00
     vertex  1.727781e+01  3.500000e+00  1.121253e+00
   endloop
 endfacet
 facet normal  0.000000e+00  1.000000e+00  0.000000e+00
   outer loop
     vertex  1.800000e+01  3.500000e+00  1.200000e+01
     vertex  1.733738e+01  3.500000e+00  1.049481e+00
     vertex  1.730809e+01  3.500000e+00  1.085776e+00
   endloop
 endfacet
 facet normal  0.000000e+00  1.000000e+00  0.000000e+00
   outer loop
     vertex  1.800000e+01  3.500000e+00  1.200000e+01
     vertex  1.736567e+01  3.500000e+00  1.012396e+00
     vertex  1.733738e+01  3.500000e+00  1.049481e+00
   endloop
 endfacet
 facet normal  0.000000e+00  1.000000e+00  0.000000e+00
   outer loop
     vertex  1.800000e+01  3.500000e+00  1.200000e+01
     vertex  1.739293e+01  3.500000e+00  9.745492e-01
     vertex  1.736567e+01  3.500000e+00  1.012396e+00
   endloop
 endfacet
 facet normal  0.000000e+00  1.000000e+00  0.000000e+00
   outer loop
     vertex  1.800000e+01  3.500000e+00  1.200000e+01
     vertex  1.741914e+01  3.500000e+00  9.359687e-01
     vertex  1.739293e+01  3.500000e+00  9.745492e-01
   endloop
 endfacet
 facet normal  0.000000e+00  1.000000e+00  0.000000e+00
   outer loop
     vertex  1.800000e+01  3.500000e+00  1.200000e+01
     vertex  1.744428e+01  3.500000e+00  8.966836e-01
     vertex  1.741914e+01  3.500000e+00  9.359687e-01
   endloop
 endfacet
 facet normal  0.000000e+00  1.000000e+00  0.000000e+00
   outer loop
     vertex  1.800000e+01  3.500000e+00  1.200000e+01
     vertex  1.746834e+01  3.500000e+00  8.567235e-01
     vertex  1.744428e+01  3.500000e+00  8.966836e-01
   endloop
 endfacet
 facet normal  0.000000e+00  1.000000e+00  0.000000e+00
   outer loop
     vertex  1.800000e+01  3.500000e+00  1.200000e+01
     vertex  1.749129e+01  3.500000e+00  8.161185e-01
     vertex  1.746834e+01  3.500000e+00  8.567235e-01
   endloop
 endfacet
 facet normal  0.000000e+00  1.000000e+00  0.000000e+00
   outer loop
     vertex  1.800000e+01  3.500000e+00  1.200000e+01
     vertex  1.751312e+01  3.500000e+00  7.748992e-01
     vertex  1.749129e+01  3.500000e+00  8.161185e-01
   endloop
 endfacet
 facet normal  0.000000e+00  1.000000e+00  0.000000e+00
   outer loop
     vertex  1.800000e+01  3.500000e+00  1.200000e+01
     vertex  1.753381e+01  3.500000e+00  7.330965e-01
     vertex  1.751312e+01  3.500000e+00  7.748992e-01
   endloop
 endfacet
 facet normal  0.000000e+00  1.000000e+00  0.000000e+00
   outer loop
     vertex  1.800000e+01  3.500000e+00  1.200000e+01
     vertex  1.755334e+01  3.500000e+00  6.907420e-01
     vertex  1.753381e+01  3.500000e+00  7.330965e-01
   endloop
 endfacet
 facet normal  0.000000e+00  1.000000e+00  0.000000e+00
   outer loop
     vertex  1.800000e+01  3.500000e+00  1.200000e+01
     vertex  1.757171e+01  3.500000e+00  6.478676e-01
     vertex  1.755334e+01  3.500000e+00  6.907420e-01
   endloop
 endfacet
 facet normal  0.000000e+00  1.000000e+00  0.000000e+00
   outer loop
     vertex  1.800000e+01  3.500000e+00  1.200000e+01
     vertex  1.758889e+01  3.500000e+00  6.045054e-01
     vertex  1.757171e+01  3.500000e+00  6.478676e-01
   endloop
 endfacet
 facet normal  0.000000e+00  1.000000e+00  0.000000e+00
   outer loop
     vertex  1.800000e+01  3.500000e+00  1.200000e+01
     vertex  1.760488e+01  3.500000e+00  5.606882e-01
     vertex  1.758889e+01  3.500000e+00  6.045054e-01
   endloop
 endfacet
 facet normal  0.000000e+00  1.000000e+00  0.000000e+00
   outer loop
     vertex  1.800000e+01  3.500000e+00  1.200000e+01
     vertex  1.761965e+01  3.500000e+00  5.164489e-01
     vertex  1.760488e+01  3.500000e+00  5.606882e-01
   endloop
 endfacet
 facet normal  0.000000e+00  1.000000e+00  0.000000e+00
   outer loop
     vertex  1.800000e+01  3.500000e+00  1.200000e+01
     vertex  1.763321e+01  3.500000e+00  4.718208e-01
     vertex  1.761965e+01  3.500000e+00  5.164489e-01
   endloop
 endfacet
 facet normal  0.000000e+00  1.000000e+00  0.000000e+00
   outer loop
     vertex -1.800000e+01  3.500000e+00 -1.200000e+01
     vertex -1.800000e+01  3.500000e+00  1.200000e+01
     vertex -1.769996e+01  3.500000e+00  1.166084e-02
   endloop
 endfacet
 facet normal  0.000000e+00  1.000000e+00 -0.000000e+00
   outer loop
     vertex -1.769996e+01  3.500000e+00  1.166084e-02
     vertex -1.800000e+01  3.500000e+00  1.200000e+01
     vertex -1.769900e+01  3.500000e+00  5.829324e-02
   endloop
 endfacet
 facet normal  0.000000e+00  1.000000e+00  0.000000e+00
   outer loop
     vertex -1.800000e+01  3.500000e+00 -1.200000e+01
     vertex -1.769996e+01  3.500000e+00  1.166084e-02
     vertex -1.769964e+01  3.500000e+00 -3.498033e-02
   endloop
 endfacet
 facet normal  0.000000e+00  1.000000e+00  0.000000e+00
   outer loop
     vertex  1.800000e+01  3.500000e+00  1.200000e+01
     vertex  1.800000e+01  3.500000e+00 -1.200000e+01
     vertex  1.769996e+01  3.500000e+00  1.166084e-02
   endloop
 endfacet
 facet normal  0.000000e+00  1.000000e+00  0.000000e+00
   outer loop
     vertex  1.769996e+01  3.500000e+00  1.166084e-02
     vertex  1.800000e+01  3.500000e+00 -1.200000e+01
     vertex  1.769964e+01  3.500000e+00 -3.498033e-02
   endloop
 endfacet
 facet normal  0.000000e+00  1.000000e+00  0.000000e+00
   outer loop
     vertex  1.769964e+01  3.500000e+00 -3.498033e-02
     vertex  1.800000e+01  3.500000e+00 -1.200000e+01
     vertex  1.769804e+01  3.500000e+00 -8.159517e-02
   endloop
 endfacet
 facet normal  0.000000e+00  1.000000e+00  0.000000e+00
   outer loop
     vertex  1.769804e+01  3.500000e+00 -8.159517e-02
     vertex  1.800000e+01  3.500000e+00 -1.200000e+01
     vertex  1.769516e+01  3.500000e+00 -1.281486e-01
   endloop
 endfacet
 facet normal  0.000000e+00  1.000000e+00  0.000000e+00
   outer loop
     vertex  1.769516e+01  3.500000e+00 -1.281486e-01
     vertex  1.800000e+01  3.500000e+00 -1.200000e+01
     vertex  1.769101e+01  3.500000e+00 -1.746055e-01
   endloop
 endfacet
 facet normal  0.000000e+00  1.000000e+00  0.000000e+00
   outer loop
     vertex  1.769101e+01  3.500000e+00 -1.746055e-01
     vertex  1.800000e+01  3.500000e+00 -1.200000e+01
     vertex  1.768558e+01  3.500000e+00 -2.209311e-01
   endloop
 endfacet
 facet normal  0.000000e+00  1.000000e+00  0.000000e+00
   outer loop
     vertex  1.768558e+01  3.500000e+00 -2.209311e-01
     vertex  1.800000e+01  3.500000e+00 -1.200000e+01
     vertex  1.767889e+01  3.500000e+00 -2.670903e-01
   endloop
 endfacet
 facet normal  0.000000e+00  1.000000e+00  0.000000e+00
   outer loop
     vertex  1.767889e+01  3.500000e+00 -2.670903e-01
     vertex  1.800000e+01  3.500000e+00 -1.200000e+01
     vertex  1.767093e+01  3.500000e+00 -3.130484e-01
   endloop
 endfacet
 facet normal  0.000000e+00  1.000000e+00  0.000000e+00
   outer loop
     vertex  1.767093e+01  3.500000e+00 -3.130484e-01
     vertex  1.800000e+01  3.500000e+00 -1.200000e+01
     vertex  1.766171e+01  3.500000e+00 -3.587709e-01
   endloop
 endfacet
 facet normal  0.000000e+00  1.000000e+00  0.000000e+00
   outer loop
     vertex  1.766171e+01  3.500000e+00 -3.587709e-01
     vertex  1.800000e+01  3.500000e+00 -1.200000e+01
     vertex  1.765124e+01  3.500000e+00 -4.042233e-01
   endloop
 endfacet
 facet normal  0.000000e+00  1.000000e+00  0.000000e+00
   outer loop
     vertex  1.765124e+01  3.500000e+00 -4.042233e-01
     vertex  1.800000e+01  3.500000e+00 -1.200000e+01
     vertex  1.763953e+01  3.500000e+00 -4.493715e-01
   endloop
 endfacet
 facet normal  0.000000e+00  1.000000e+00  0.000000e+00
   outer loop
     vertex  1.800000e+01  3.500000e+00  1.200000e+01
     vertex  1.769996e+01  3.500000e+00  1.166084e-02
     vertex  1.769900e+01  3.500000e+00  5.829324e-02
   endloop
 endfacet
 facet normal  0.000000e+00  1.000000e+00  0.000000e+00
   outer loop
     vertex  1.800000e+01  3.500000e+00  1.200000e+01
     vertex  1.769900e+01  3.500000e+00  5.829324e-02
     vertex  1.769676e+01  3.500000e+00  1.048818e-01
   endloop
 endfacet
 facet normal  0.000000e+00  1.000000e+00  0.000000e+00
   outer loop
     vertex  1.800000e+01  3.500000e+00  1.200000e+01
     vertex  1.769676e+01  3.500000e+00  1.048818e-01
     vertex  1.769325e+01  3.500000e+00  1.513913e-01
   endloop
 endfacet
 facet normal  0.000000e+00  1.000000e+00  0.000000e+00
   outer loop
     vertex  1.800000e+01  3.500000e+00  1.200000e+01
     vertex  1.769325e+01  3.500000e+00  1.513913e-01
     vertex  1.768846e+01  3.500000e+00  1.977869e-01
   endloop
 endfacet
 facet normal  0.000000e+00  1.000000e+00  0.000000e+00
   outer loop
     vertex  1.800000e+01  3.500000e+00  1.200000e+01
     vertex  1.768846e+01  3.500000e+00  1.977869e-01
     vertex  1.768239e+01  3.500000e+00  2.440336e-01
   endloop
 endfacet
 facet normal  0.000000e+00  1.000000e+00  0.000000e+00
   outer loop
     vertex  1.800000e+01  3.500000e+00  1.200000e+01
     vertex  1.768239e+01  3.500000e+00  2.440336e-01
     vertex  1.767507e+01  3.500000e+00  2.900966e-01
   endloop
 endfacet
 facet normal  0.000000e+00  1.000000e+00  0.000000e+00
   outer loop
     vertex  1.800000e+01  3.500000e+00  1.200000e+01
     vertex  1.767507e+01  3.500000e+00  2.900966e-01
     vertex  1.766648e+01  3.500000e+00  3.359413e-01
   endloop
 endfacet
 facet normal  0.000000e+00  1.000000e+00  0.000000e+00
   outer loop
     vertex  1.800000e+01  3.500000e+00  1.200000e+01
     vertex  1.766648e+01  3.500000e+00  3.359413e-01
     vertex  1.765663e+01  3.500000e+00  3.815330e-01
   endloop
 endfacet
 facet normal  0.000000e+00  1.000000e+00  0.000000e+00
   outer loop
     vertex  1.800000e+01  3.500000e+00  1.200000e+01
     vertex  1.765663e+01  3.500000e+00  3.815330e-01
     vertex  1.764554e+01  3.500000e+00  4.268376e-01
   endloop
 endfacet
 facet normal  0.000000e+00  1.000000e+00  0.000000e+00
   outer loop
     vertex  1.800000e+01  3.500000e+00  1.200000e+01
     vertex  1.764554e+01  3.500000e+00  4.268376e-01
     vertex  1.763321e+01  3.500000e+00  4.718208e-01
   endloop
 endfacet
 facet normal  0.000000e+00  0.000000e+00 -1.000000e+00
   outer loop
     vertex  1.800000e+01  0.000000e+00 -1.200000e+01
     vertex -1.800000e+01  0.000000e+00 -1.200000e+01
     vertex -1.800000e+01  3.500000e+00 -1.200000e+01
   endloop
 endfacet
 facet normal -0.000000e+00 -0.000000e+00 -1.000000e+00
   outer loop
     vertex  1.800000e+01  3.500000e+00 -1.200000e+01
     vertex  1.800000e+01  0.000000e+00 -1.200000e+01
     vertex -1.800000e+01  3.500000e+00 -1.200000e+01
   endloop
 endfacet
 facet normal  1.000000e+00  0.000000e+00  0.000000e+00
   outer loop
     vertex  1.800000e+01  0.000000e+00  1.200000e+01
     vertex  1.800000e+01  0.000000e+00 -1.200000e+01
     vertex  1.800000e+01  3.500000e+00 -1.200000e+01
   endloop
 endfacet
 facet normal  1.000000e+00 -0.000000e+00  0.000000e+00
   outer loop
     vertex  1.800000e+01  0.000000e+00  1.200000e+01
     vertex  1.800000e+01  3.500000e+00 -1.200000e+01
     vertex  1.800000e+01  3.500000e+00  1.200000e+01
   endloop
 endfacet
 facet normal -1.371831e-02  0.000000e+00 -9.999059e-01
   outer loop
     vertex -1.595336e+01  3.500000e+00  1.699360e+00
     vertex -1.600000e+01  0.000000e+00  1.700000e+00
     vertex -1.600000e+01  3.500000e+00  1.700000e+00
   endloop
 endfacet
 facet normal -1.371831e-02 -0.000000e+00 -9.999059e-01
   outer loop
     vertex -1.595336e+01  3.500000e+00  1.699360e+00
     vertex -1.595336e+01  0.000000e+00  1.699360e+00
     vertex -1.600000e+01  0.000000e+00  1.700000e+00
   endloop
 endfacet
 facet normal -4.114462e-02 -0.000000e+00 -9.991532e-01
   outer loop
     vertex -1.590676e+01  3.500000e+00  1.697441e+00
     vertex -1.590676e+01  0.000000e+00  1.697441e+00
     vertex -1.595336e+01  0.000000e+00  1.699360e+00
   endloop
 endfacet
 facet normal -4.114462e-02  0.000000e+00 -9.991532e-01
   outer loop
     vertex -1.590676e+01  3.500000e+00  1.697441e+00
     vertex -1.595336e+01  0.000000e+00  1.699360e+00
     vertex -1.595336e+01  3.500000e+00  1.699360e+00
   endloop
 endfacet
 facet normal -6.853995e-02 -0.000000e+00 -9.976484e-01
   outer loop
     vertex -1.586023e+01  3.500000e+00  1.694244e+00
     vertex -1.586023e+01  0.000000e+00  1.694244e+00
     vertex -1.590676e+01  0.000000e+00  1.697441e+00
   endloop
 endfacet
 facet normal -6.853995e-02  0.000000e+00 -9.976484e-01
   outer loop
     vertex -1.586023e+01  3.500000e+00  1.694244e+00
     vertex -1.590676e+01  0.000000e+00  1.697441e+00
     vertex -1.590676e+01  3.500000e+00  1.697441e+00
   endloop
 endfacet
 facet normal -9.588368e-02 -0.000000e+00 -9.953925e-01
   outer loop
     vertex -1.581380e+01  3.500000e+00  1.689772e+00
     vertex -1.581380e+01  0.000000e+00  1.689772e+00
     vertex -1.586023e+01  0.000000e+00  1.694244e+00
   endloop
 endfacet
 facet normal -9.588368e-02  0.000000e+00 -9.953925e-01
   outer loop
     vertex -1.581380e+01  3.500000e+00  1.689772e+00
     vertex -1.586023e+01  0.000000e+00  1.694244e+00
     vertex -1.586023e+01  3.500000e+00  1.694244e+00
   endloop
 endfacet
 facet normal -1.231552e-01 -0.000000e+00 -9.923874e-01
   outer loop
     vertex -1.576751e+01  3.500000e+00  1.684028e+00
     vertex -1.576751e+01  0.000000e+00  1.684028e+00
     vertex -1.581380e+01  0.000000e+00  1.689772e+00
   endloop
 endfacet
 facet normal -1.231552e-01  0.000000e+00 -9.923874e-01
   outer loop
     vertex -1.576751e+01  3.500000e+00  1.684028e+00
     vertex -1.581380e+01  0.000000e+00  1.689772e+00
     vertex -1.581380e+01  3.500000e+00  1.689772e+00
   endloop
 endfacet
 facet normal -1.503341e-01 -0.000000e+00 -9.886353e-01
   outer loop
     vertex -1.572140e+01  3.500000e+00  1.677016e+00
     vertex -1.572140e+01  0.000000e+00  1.677016e+00
     vertex -1.576751e+01  0.000000e+00  1.684028e+00
   endloop
 endfacet
 facet normal -1.503341e-01  0.000000e+00 -9.886353e-01
   outer loop
     vertex -1.572140e+01  3.500000e+00  1.677016e+00
     vertex -1.576751e+01  0.000000e+00  1.684028e+00
     vertex -1.576751e+01  3.500000e+00  1.684028e+00
   endloop
 endfacet
 facet normal -1.773998e-01 -0.000000e+00 -9.841389e-01
   outer loop
     vertex -1.567550e+01  3.500000e+00  1.668741e+00
     vertex -1.567550e+01  0.000000e+00  1.668741e+00
     vertex -1.572140e+01  0.000000e+00  1.677016e+00
   endloop
 endfacet
 facet normal -1.773998e-01  0.000000e+00 -9.841389e-01
   outer loop
     vertex -1.567550e+01  3.500000e+00  1.668741e+00
     vertex -1.572140e+01  0.000000e+00  1.677016e+00
     vertex -1.572140e+01  3.500000e+00  1.677016e+00
   endloop
 endfacet
 facet normal -2.043319e-01 -0.000000e+00 -9.789017e-01
   outer loop
     vertex -1.562984e+01  3.500000e+00  1.659211e+00
     vertex -1.562984e+01  0.000000e+00  1.659211e+00
     vertex -1.567550e+01  0.000000e+00  1.668741e+00
   endloop
 endfacet
 facet normal -2.043319e-01  0.000000e+00 -9.789017e-01
   outer loop
     vertex -1.562984e+01  3.500000e+00  1.659211e+00
     vertex -1.567550e+01  0.000000e+00  1.668741e+00
     vertex -1.567550e+01  3.500000e+00  1.668741e+00
   endloop
 endfacet
 facet normal -2.311102e-01 -0.000000e+00 -9.729276e-01
   outer loop
     vertex -1.558446e+01  3.500000e+00  1.648431e+00
     vertex -1.558446e+01  0.000000e+00  1.648431e+00
     vertex -1.562984e+01  0.000000e+00  1.659211e+00
   endloop
 endfacet
 facet normal -2.311102e-01  0.000000e+00 -9.729276e-01
   outer loop
     vertex -1.558446e+01  3.500000e+00  1.648431e+00
     vertex -1.562984e+01  0.000000e+00  1.659211e+00
     vertex -1.562984e+01  3.500000e+00  1.659211e+00
   endloop
 endfacet
 facet normal -2.577146e-01  0.000000e+00 -9.662211e-01
   outer loop
     vertex -1.553939e+01  3.500000e+00  1.636411e+00
     vertex -1.558446e+01  0.000000e+00  1.648431e+00
     vertex -1.558446e+01  3.500000e+00  1.648431e+00
   endloop
 endfacet
 facet normal -2.577146e-01 -0.000000e+00 -9.662211e-01
   outer loop
     vertex -1.553939e+01  3.500000e+00  1.636411e+00
     vertex -1.553939e+01  0.000000e+00  1.636411e+00
     vertex -1.558446e+01  0.000000e+00  1.648431e+00
   endloop
 endfacet
 facet normal -2.841250e-01 -0.000000e+00 -9.587873e-01
   outer loop
     vertex -1.553939e+01  3.500000e+00  1.636411e+00
     vertex -1.549467e+01  0.000000e+00  1.623159e+00
     vertex -1.553939e+01  0.000000e+00  1.636411e+00
   endloop
 endfacet
 facet normal -2.841250e-01 -0.000000e+00 -9.587873e-01
   outer loop
     vertex -1.549467e+01  3.500000e+00  1.623159e+00
     vertex -1.549467e+01  0.000000e+00  1.623159e+00
     vertex -1.553939e+01  3.500000e+00  1.636411e+00
   endloop
 endfacet
 facet normal -3.103214e-01  0.000000e+00 -9.506317e-01
   outer loop
     vertex -1.545033e+01  3.500000e+00  1.608685e+00
     vertex -1.549467e+01  0.000000e+00  1.623159e+00
     vertex -1.549467e+01  3.500000e+00  1.623159e+00
   endloop
 endfacet
 facet normal -3.103214e-01 -0.000000e+00 -9.506317e-01
   outer loop
     vertex -1.545033e+01  3.500000e+00  1.608685e+00
     vertex -1.545033e+01  0.000000e+00  1.608685e+00
     vertex -1.549467e+01  0.000000e+00  1.623159e+00
   endloop
 endfacet
 facet normal -3.362843e-01 -0.000000e+00 -9.417605e-01
   outer loop
     vertex -1.545033e+01  3.500000e+00  1.608685e+00
     vertex -1.540641e+01  0.000000e+00  1.593000e+00
     vertex -1.545033e+01  0.000000e+00  1.608685e+00
   endloop
 endfacet
 facet normal -3.362843e-01 -0.000000e+00 -9.417605e-01
   outer loop
     vertex -1.540641e+01  3.500000e+00  1.593000e+00
     vertex -1.540641e+01  0.000000e+00  1.593000e+00
     vertex -1.545033e+01  3.500000e+00  1.608685e+00
   endloop
 endfacet
 facet normal -3.619940e-01  0.000000e+00 -9.321804e-01
   outer loop
     vertex -1.536293e+01  3.500000e+00  1.576115e+00
     vertex -1.540641e+01  0.000000e+00  1.593000e+00
     vertex -1.540641e+01  3.500000e+00  1.593000e+00
   endloop
 endfacet
 facet normal -3.619940e-01 -0.000000e+00 -9.321804e-01
   outer loop
     vertex -1.536293e+01  3.500000e+00  1.576115e+00
     vertex -1.536293e+01  0.000000e+00  1.576115e+00
     vertex -1.540641e+01  0.000000e+00  1.593000e+00
   endloop
 endfacet
 facet normal -3.874313e-01  0.000000e+00 -9.218986e-01
   outer loop
     vertex -1.531993e+01  3.500000e+00  1.558045e+00
     vertex -1.536293e+01  0.000000e+00  1.576115e+00
     vertex -1.536293e+01  3.500000e+00  1.576115e+00
   endloop
 endfacet
 facet normal -3.874313e-01 -0.000000e+00 -9.218986e-01
   outer loop
     vertex -1.531993e+01  3.500000e+00  1.558045e+00
     vertex -1.531993e+01  0.000000e+00  1.558045e+00
     vertex -1.536293e+01  0.000000e+00  1.576115e+00
   endloop
 endfacet
 facet normal -4.125769e-01  0.000000e+00 -9.109228e-01
   outer loop
     vertex -1.527744e+01  3.500000e+00  1.538801e+00
     vertex -1.531993e+01  0.000000e+00  1.558045e+00
     vertex -1.531993e+01  3.500000e+00  1.558045e+00
   endloop
 endfacet
 facet normal -4.125769e-01 -0.000000e+00 -9.109228e-01
   outer loop
     vertex -1.527744e+01  3.500000e+00  1.538801e+00
     vertex -1.527744e+01  0.000000e+00  1.538801e+00
     vertex -1.531993e+01  0.000000e+00  1.558045e+00
   endloop
 endfacet
 facet normal -4.374119e-01 -0.000000e+00 -8.992613e-01
   outer loop
     vertex -1.527744e+01  3.500000e+00  1.538801e+00
     vertex -1.523550e+01  0.000000e+00  1.518399e+00
     vertex -1.527744e+01  0.000000e+00  1.538801e+00
   endloop
 endfacet
 facet normal -4.374119e-01 -0.000000e+00 -8.992613e-01
   outer loop
     vertex -1.523550e+01  3.500000e+00  1.518399e+00
     vertex -1.523550e+01  0.000000e+00  1.518399e+00
     vertex -1.527744e+01  3.500000e+00  1.538801e+00
   endloop
 endfacet
 facet normal -4.619176e-01 -0.000000e+00 -8.869228e-01
   outer loop
     vertex -1.523550e+01  3.500000e+00  1.518399e+00
     vertex -1.519413e+01  0.000000e+00  1.496854e+00
     vertex -1.523550e+01  0.000000e+00  1.518399e+00
   endloop
 endfacet
 facet normal -4.619176e-01 -0.000000e+00 -8.869228e-01
   outer loop
     vertex -1.519413e+01  3.500000e+00  1.496854e+00
     vertex -1.519413e+01  0.000000e+00  1.496854e+00
     vertex -1.523550e+01  3.500000e+00  1.518399e+00
   endloop
 endfacet
 facet normal -4.860756e-01  0.000000e+00 -8.739167e-01
   outer loop
     vertex -1.515337e+01  3.500000e+00  1.474183e+00
     vertex -1.519413e+01  0.000000e+00  1.496854e+00
     vertex -1.519413e+01  3.500000e+00  1.496854e+00
   endloop
 endfacet
 facet normal -4.860756e-01 -0.000000e+00 -8.739167e-01
   outer loop
     vertex -1.515337e+01  3.500000e+00  1.474183e+00
     vertex -1.515337e+01  0.000000e+00  1.474183e+00
     vertex -1.519413e+01  0.000000e+00  1.496854e+00
   endloop
 endfacet
 facet normal -5.098678e-01  0.000000e+00 -8.602528e-01
   outer loop
     vertex -1.511324e+01  3.500000e+00  1.450401e+00
     vertex -1.515337e+01  0.000000e+00  1.474183e+00
     vertex -1.515337e+01  3.500000e+00  1.474183e+00
   endloop
 endfacet
 facet normal -5.098678e-01 -0.000000e+00 -8.602528e-01
   outer loop
     vertex -1.511324e+01  3.500000e+00  1.450401e+00
     vertex -1.511324e+01  0.000000e+00  1.450401e+00
     vertex -1.515337e+01  0.000000e+00  1.474183e+00
   endloop
 endfacet
 facet normal -5.332761e-01  0.000000e+00 -8.459413e-01
   outer loop
     vertex -1.507379e+01  3.500000e+00  1.425528e+00
     vertex -1.511324e+01  0.000000e+00  1.450401e+00
     vertex -1.511324e+01  3.500000e+00  1.450401e+00
   endloop
 endfacet
 facet normal -5.332761e-01 -0.000000e+00 -8.459413e-01
   outer loop
     vertex -1.507379e+01  3.500000e+00  1.425528e+00
     vertex -1.507379e+01  0.000000e+00  1.425528e+00
     vertex -1.511324e+01  0.000000e+00  1.450401e+00
   endloop
 endfacet
 facet normal -5.562829e-01 -0.000000e+00 -8.309929e-01
   outer loop
     vertex -1.503503e+01  3.500000e+00  1.399582e+00
     vertex -1.503503e+01  0.000000e+00  1.399582e+00
     vertex -1.507379e+01  0.000000e+00  1.425528e+00
   endloop
 endfacet
 facet normal -5.562829e-01  0.000000e+00 -8.309929e-01
   outer loop
     vertex -1.503503e+01  3.500000e+00  1.399582e+00
     vertex -1.507379e+01  0.000000e+00  1.425528e+00
     vertex -1.507379e+01  3.500000e+00  1.425528e+00
   endloop
 endfacet
 facet normal -5.788711e-01 -0.000000e+00 -8.154191e-01
   outer loop
     vertex -1.499700e+01  3.500000e+00  1.372582e+00
     vertex -1.499700e+01  0.000000e+00  1.372582e+00
     vertex -1.503503e+01  0.000000e+00  1.399582e+00
   endloop
 endfacet
 facet normal -5.788711e-01  0.000000e+00 -8.154191e-01
   outer loop
     vertex -1.499700e+01  3.500000e+00  1.372582e+00
     vertex -1.503503e+01  0.000000e+00  1.399582e+00
     vertex -1.503503e+01  3.500000e+00  1.399582e+00
   endloop
 endfacet
 facet normal -6.010234e-01 -0.000000e+00 -7.992314e-01
   outer loop
     vertex -1.495972e+01  3.500000e+00  1.344549e+00
     vertex -1.495972e+01  0.000000e+00  1.344549e+00
     vertex -1.499700e+01  0.000000e+00  1.372582e+00
   endloop
 endfacet
 facet normal -6.010234e-01  0.000000e+00 -7.992314e-01
   outer loop
     vertex -1.495972e+01  3.500000e+00  1.344549e+00
     vertex -1.499700e+01  0.000000e+00  1.372582e+00
     vertex -1.499700e+01  3.500000e+00  1.372582e+00
   endloop
 endfacet
 facet normal -6.227234e-01 -0.000000e+00 -7.824421e-01
   outer loop
     vertex -1.492322e+01  3.500000e+00  1.315504e+00
     vertex -1.492322e+01  0.000000e+00  1.315504e+00
     vertex -1.495972e+01  0.000000e+00  1.344549e+00
   endloop
 endfacet
 facet normal -6.227234e-01  0.000000e+00 -7.824421e-01
   outer loop
     vertex -1.492322e+01  3.500000e+00  1.315504e+00
     vertex -1.495972e+01  0.000000e+00  1.344549e+00
     vertex -1.495972e+01  3.500000e+00  1.344549e+00
   endloop
 endfacet
 facet normal -6.439545e-01 -0.000000e+00 -7.650637e-01
   outer loop
     vertex -1.488754e+01  3.500000e+00  1.285468e+00
     vertex -1.488754e+01  0.000000e+00  1.285468e+00
     vertex -1.492322e+01  0.000000e+00  1.315504e+00
   endloop
 endfacet
 facet normal -6.439545e-01  0.000000e+00 -7.650637e-01
   outer loop
     vertex -1.488754e+01  3.500000e+00  1.285468e+00
     vertex -1.492322e+01  0.000000e+00  1.315504e+00
     vertex -1.492322e+01  3.500000e+00  1.315504e+00
   endloop
 endfacet
 facet normal -6.647010e-01 -0.000000e+00 -7.471095e-01
   outer loop
     vertex -1.485269e+01  3.500000e+00  1.254465e+00
     vertex -1.485269e+01  0.000000e+00  1.254465e+00
     vertex -1.488754e+01  0.000000e+00  1.285468e+00
   endloop
 endfacet
 facet normal -6.647010e-01  0.000000e+00 -7.471095e-01
   outer loop
     vertex -1.485269e+01  3.500000e+00  1.254465e+00
     vertex -1.488754e+01  0.000000e+00  1.285468e+00
     vertex -1.488754e+01  3.500000e+00  1.285468e+00
   endloop
 endfacet
 facet normal -6.849470e-01 -0.000000e+00 -7.285929e-01
   outer loop
     vertex -1.481871e+01  3.500000e+00  1.222518e+00
     vertex -1.481871e+01  0.000000e+00  1.222518e+00
     vertex -1.485269e+01  0.000000e+00  1.254465e+00
   endloop
 endfacet
 facet normal -6.849470e-01  0.000000e+00 -7.285929e-01
   outer loop
     vertex -1.481871e+01  3.500000e+00  1.222518e+00
     vertex -1.485269e+01  0.000000e+00  1.254465e+00
     vertex -1.485269e+01  3.500000e+00  1.254465e+00
   endloop
 endfacet
 facet normal -7.046775e-01 -0.000000e+00 -7.095278e-01
   outer loop
     vertex -1.478561e+01  3.500000e+00  1.189650e+00
     vertex -1.478561e+01  0.000000e+00  1.189650e+00
     vertex -1.481871e+01  0.000000e+00  1.222518e+00
   endloop
 endfacet
 facet normal -7.046775e-01  0.000000e+00 -7.095278e-01
   outer loop
     vertex -1.478561e+01  3.500000e+00  1.189650e+00
     vertex -1.481871e+01  0.000000e+00  1.222518e+00
     vertex -1.481871e+01  3.500000e+00  1.222518e+00
   endloop
 endfacet
 facet normal -7.238775e-01 -0.000000e+00 -6.899286e-01
   outer loop
     vertex -1.475343e+01  3.500000e+00  1.155887e+00
     vertex -1.475343e+01  0.000000e+00  1.155887e+00
     vertex -1.478561e+01  0.000000e+00  1.189650e+00
   endloop
 endfacet
 facet normal -7.238775e-01  0.000000e+00 -6.899286e-01
   outer loop
     vertex -1.475343e+01  3.500000e+00  1.155887e+00
     vertex -1.478561e+01  0.000000e+00  1.189650e+00
     vertex -1.478561e+01  3.500000e+00  1.189650e+00
   endloop
 endfacet
 facet normal -7.425325e-01 -0.000000e+00 -6.698100e-01
   outer loop
     vertex -1.472219e+01  3.500000e+00  1.121253e+00
     vertex -1.472219e+01  0.000000e+00  1.121253e+00
     vertex -1.475343e+01  0.000000e+00  1.155887e+00
   endloop
 endfacet
 facet normal -7.606287e-01 -0.000000e+00 -6.491872e-01
   outer loop
     vertex -1.472219e+01  3.500000e+00  1.121253e+00
     vertex -1.469191e+01  0.000000e+00  1.085776e+00
     vertex -1.472219e+01  0.000000e+00  1.121253e+00
   endloop
 endfacet
 facet normal -7.425325e-01  0.000000e+00 -6.698100e-01
   outer loop
     vertex -1.472219e+01  3.500000e+00  1.121253e+00
     vertex -1.475343e+01  0.000000e+00  1.155887e+00
     vertex -1.475343e+01  3.500000e+00  1.155887e+00
   endloop
 endfacet
 facet normal -7.606287e-01 -0.000000e+00 -6.491872e-01
   outer loop
     vertex -1.469191e+01  3.500000e+00  1.085776e+00
     vertex -1.469191e+01  0.000000e+00  1.085776e+00
     vertex -1.472219e+01  3.500000e+00  1.121253e+00
   endloop
 endfacet
 facet normal -7.781522e-01 -0.000000e+00 -6.280757e-01
   outer loop
     vertex -1.466262e+01  3.500000e+00  1.049481e+00
     vertex -1.466262e+01  0.000000e+00  1.049481e+00
     vertex -1.469191e+01  0.000000e+00  1.085776e+00
   endloop
 endfacet
 facet normal -7.950900e-01 -0.000000e+00 -6.064915e-01
   outer loop
     vertex -1.466262e+01  3.500000e+00  1.049481e+00
     vertex -1.463433e+01  0.000000e+00  1.012396e+00
     vertex -1.466262e+01  0.000000e+00  1.049481e+00
   endloop
 endfacet
 facet normal -7.781522e-01  0.000000e+00 -6.280757e-01
   outer loop
     vertex -1.466262e+01  3.500000e+00  1.049481e+00
     vertex -1.469191e+01  0.000000e+00  1.085776e+00
     vertex -1.469191e+01  3.500000e+00  1.085776e+00
   endloop
 endfacet
 facet normal -7.950900e-01 -0.000000e+00 -6.064915e-01
   outer loop
     vertex -1.463433e+01  3.500000e+00  1.012396e+00
     vertex -1.463433e+01  0.000000e+00  1.012396e+00
     vertex -1.466262e+01  3.500000e+00  1.049481e+00
   endloop
 endfacet
 facet normal -8.114292e-01  0.000000e+00 -5.844507e-01
   outer loop
     vertex -1.460707e+01  3.500000e+00  9.745492e-01
     vertex -1.463433e+01  0.000000e+00  1.012396e+00
     vertex -1.463433e+01  3.500000e+00  1.012396e+00
   endloop
 endfacet
 facet normal -8.114292e-01 -0.000000e+00 -5.844507e-01
   outer loop
     vertex -1.460707e+01  3.500000e+00  9.745492e-01
     vertex -1.460707e+01  0.000000e+00  9.745492e-01
     vertex -1.463433e+01  0.000000e+00  1.012396e+00
   endloop
 endfacet
 facet normal -8.271577e-01 -0.000000e+00 -5.619699e-01
   outer loop
     vertex -1.458086e+01  3.500000e+00  9.359687e-01
     vertex -1.458086e+01  0.000000e+00  9.359687e-01
     vertex -1.460707e+01  0.000000e+00  9.745492e-01
   endloop
 endfacet
 facet normal -8.422635e-01 -0.000000e+00 -5.390661e-01
   outer loop
     vertex -1.458086e+01  3.500000e+00  9.359687e-01
     vertex -1.455572e+01  0.000000e+00  8.966836e-01
     vertex -1.458086e+01  0.000000e+00  9.359687e-01
   endloop
 endfacet
 facet normal -8.271577e-01  0.000000e+00 -5.619699e-01
   outer loop
     vertex -1.458086e+01  3.500000e+00  9.359687e-01
     vertex -1.460707e+01  0.000000e+00  9.745492e-01
     vertex -1.460707e+01  3.500000e+00  9.745492e-01
   endloop
 endfacet
 facet normal -8.422635e-01 -0.000000e+00 -5.390661e-01
   outer loop
     vertex -1.455572e+01  3.500000e+00  8.966836e-01
     vertex -1.455572e+01  0.000000e+00  8.966836e-01
     vertex -1.458086e+01  3.500000e+00  9.359687e-01
   endloop
 endfacet
 facet normal -8.567352e-01  0.000000e+00 -5.157565e-01
   outer loop
     vertex -1.453166e+01  3.500000e+00  8.567235e-01
     vertex -1.455572e+01  0.000000e+00  8.966836e-01
     vertex -1.455572e+01  3.500000e+00  8.966836e-01
   endloop
 endfacet
 facet normal -8.567352e-01 -0.000000e+00 -5.157565e-01
   outer loop
     vertex -1.453166e+01  3.500000e+00  8.567235e-01
     vertex -1.453166e+01  0.000000e+00  8.567235e-01
     vertex -1.455572e+01  0.000000e+00  8.966836e-01
   endloop
 endfacet
 facet normal -8.705620e-01  0.000000e+00 -4.920587e-01
   outer loop
     vertex -1.450871e+01  3.500000e+00  8.161185e-01
     vertex -1.453166e+01  0.000000e+00  8.567235e-01
     vertex -1.453166e+01  3.500000e+00  8.567235e-01
   endloop
 endfacet
 facet normal -8.705620e-01 -0.000000e+00 -4.920587e-01
   outer loop
     vertex -1.450871e+01  3.500000e+00  8.161185e-01
     vertex -1.450871e+01  0.000000e+00  8.161185e-01
     vertex -1.453166e+01  0.000000e+00  8.567235e-01
   endloop
 endfacet
 facet normal -8.837335e-01 -0.000000e+00 -4.679904e-01
   outer loop
     vertex -1.450871e+01  3.500000e+00  8.161185e-01
     vertex -1.448688e+01  0.000000e+00  7.748992e-01
     vertex -1.450871e+01  0.000000e+00  8.161185e-01
   endloop
 endfacet
 facet normal -8.837335e-01 -0.000000e+00 -4.679904e-01
   outer loop
     vertex -1.448688e+01  3.500000e+00  7.748992e-01
     vertex -1.448688e+01  0.000000e+00  7.748992e-01
     vertex -1.450871e+01  3.500000e+00  8.161185e-01
   endloop
 endfacet
 facet normal -8.962398e-01  0.000000e+00 -4.435699e-01
   outer loop
     vertex -1.446619e+01  3.500000e+00  7.330965e-01
     vertex -1.448688e+01  0.000000e+00  7.748992e-01
     vertex -1.448688e+01  3.500000e+00  7.748992e-01
   endloop
 endfacet
 facet normal -8.962398e-01 -0.000000e+00 -4.435699e-01
   outer loop
     vertex -1.446619e+01  3.500000e+00  7.330965e-01
     vertex -1.446619e+01  0.000000e+00  7.330965e-01
     vertex -1.448688e+01  0.000000e+00  7.748992e-01
   endloop
 endfacet
 facet normal -9.080714e-01 -0.000000e+00 -4.188155e-01
   outer loop
     vertex -1.446619e+01  3.500000e+00  7.330965e-01
     vertex -1.444666e+01  0.000000e+00  6.907420e-01
     vertex -1.446619e+01  0.000000e+00  7.330965e-01
   endloop
 endfacet
 facet normal -9.080714e-01 -0.000000e+00 -4.188155e-01
   outer loop
     vertex -1.444666e+01  3.500000e+00  6.907420e-01
     vertex -1.444666e+01  0.000000e+00  6.907420e-01
     vertex -1.446619e+01  3.500000e+00  7.330965e-01
   endloop
 endfacet
 facet normal -9.192194e-01  0.000000e+00 -3.937458e-01
   outer loop
     vertex -1.442829e+01  3.500000e+00  6.478676e-01
     vertex -1.444666e+01  0.000000e+00  6.907420e-01
     vertex -1.444666e+01  3.500000e+00  6.907420e-01
   endloop
 endfacet
 facet normal -9.192194e-01 -0.000000e+00 -3.937458e-01
   outer loop
     vertex -1.442829e+01  3.500000e+00  6.478676e-01
     vertex -1.442829e+01  0.000000e+00  6.478676e-01
     vertex -1.444666e+01  0.000000e+00  6.907420e-01
   endloop
 endfacet
 facet normal -9.296754e-01 -0.000000e+00 -3.683796e-01
   outer loop
     vertex -1.442829e+01  3.500000e+00  6.478676e-01
     vertex -1.441111e+01  0.000000e+00  6.045054e-01
     vertex -1.442829e+01  0.000000e+00  6.478676e-01
   endloop
 endfacet
 facet normal -9.296754e-01 -0.000000e+00 -3.683796e-01
   outer loop
     vertex -1.441111e+01  3.500000e+00  6.045054e-01
     vertex -1.441111e+01  0.000000e+00  6.045054e-01
     vertex -1.442829e+01  3.500000e+00  6.478676e-01
   endloop
 endfacet
 facet normal -9.394317e-01 -0.000000e+00 -3.427362e-01
   outer loop
     vertex -1.441111e+01  3.500000e+00  6.045054e-01
     vertex -1.439512e+01  0.000000e+00  5.606882e-01
     vertex -1.441111e+01  0.000000e+00  6.045054e-01
   endloop
 endfacet
 facet normal -9.394317e-01 -0.000000e+00 -3.427362e-01
   outer loop
     vertex -1.439512e+01  3.500000e+00  5.606882e-01
     vertex -1.439512e+01  0.000000e+00  5.606882e-01
     vertex -1.441111e+01  3.500000e+00  6.045054e-01
   endloop
 endfacet
 facet normal -9.484807e-01  0.000000e+00 -3.168348e-01
   outer loop
     vertex -1.438035e+01  3.500000e+00  5.164489e-01
     vertex -1.439512e+01  0.000000e+00  5.606882e-01
     vertex -1.439512e+01  3.500000e+00  5.606882e-01
   endloop
 endfacet
 facet normal -9.484807e-01 -0.000000e+00 -3.168348e-01
   outer loop
     vertex -1.438035e+01  3.500000e+00  5.164489e-01
     vertex -1.438035e+01  0.000000e+00  5.164489e-01
     vertex -1.439512e+01  0.000000e+00  5.606882e-01
   endloop
 endfacet
 facet normal -9.568158e-01 -0.000000e+00 -2.906949e-01
   outer loop
     vertex -1.438035e+01  3.500000e+00  5.164489e-01
     vertex -1.436679e+01  0.000000e+00  4.718208e-01
     vertex -1.438035e+01  0.000000e+00  5.164489e-01
   endloop
 endfacet
 facet normal -9.568158e-01 -0.000000e+00 -2.906949e-01
   outer loop
     vertex -1.436679e+01  3.500000e+00  4.718208e-01
     vertex -1.436679e+01  0.000000e+00  4.718208e-01
     vertex -1.438035e+01  3.500000e+00  5.164489e-01
   endloop
 endfacet
 facet normal -9.644306e-01 -0.000000e+00 -2.643362e-01
   outer loop
     vertex -1.436679e+01  3.500000e+00  4.718208e-01
     vertex -1.435446e+01  0.000000e+00  4.268376e-01
     vertex -1.436679e+01  0.000000e+00  4.718208e-01
   endloop
 endfacet
 facet normal -9.644306e-01 -0.000000e+00 -2.643362e-01
   outer loop
     vertex -1.435446e+01  3.500000e+00  4.268376e-01
     vertex -1.435446e+01  0.000000e+00  4.268376e-01
     vertex -1.436679e+01  3.500000e+00  4.718208e-01
   endloop
 endfacet
 facet normal -9.713194e-01  0.000000e+00 -2.377784e-01
   outer loop
     vertex -1.434337e+01  3.500000e+00  3.815330e-01
     vertex -1.435446e+01  0.000000e+00  4.268376e-01
     vertex -1.435446e+01  3.500000e+00  4.268376e-01
   endloop
 endfacet
 facet normal -9.713194e-01 -0.000000e+00 -2.377784e-01
   outer loop
     vertex -1.434337e+01  3.500000e+00  3.815330e-01
     vertex -1.434337e+01  0.000000e+00  3.815330e-01
     vertex -1.435446e+01  0.000000e+00  4.268376e-01
   endloop
 endfacet
 facet normal -9.774771e-01 -0.000000e+00 -2.110417e-01
   outer loop
     vertex -1.434337e+01  3.500000e+00  3.815330e-01
     vertex -1.433352e+01  0.000000e+00  3.359413e-01
     vertex -1.434337e+01  0.000000e+00  3.815330e-01
   endloop
 endfacet
 facet normal -9.774771e-01 -0.000000e+00 -2.110417e-01
   outer loop
     vertex -1.433352e+01  3.500000e+00  3.359413e-01
     vertex -1.433352e+01  0.000000e+00  3.359413e-01
     vertex -1.434337e+01  3.500000e+00  3.815330e-01
   endloop
 endfacet
 facet normal -9.828989e-01  0.000000e+00 -1.841461e-01
   outer loop
     vertex -1.432493e+01  3.500000e+00  2.900966e-01
     vertex -1.433352e+01  0.000000e+00  3.359413e-01
     vertex -1.433352e+01  3.500000e+00  3.359413e-01
   endloop
 endfacet
 facet normal -9.828989e-01 -0.000000e+00 -1.841461e-01
   outer loop
     vertex -1.432493e+01  3.500000e+00  2.900966e-01
     vertex -1.432493e+01  0.000000e+00  2.900966e-01
     vertex -1.433352e+01  0.000000e+00  3.359413e-01
   endloop
 endfacet
 facet normal -9.875808e-01 -0.000000e+00 -1.571119e-01
   outer loop
     vertex -1.432493e+01  3.500000e+00  2.900966e-01
     vertex -1.431761e+01  0.000000e+00  2.440336e-01
     vertex -1.432493e+01  0.000000e+00  2.900966e-01
   endloop
 endfacet
 facet normal -9.875808e-01 -0.000000e+00 -1.571119e-01
   outer loop
     vertex -1.431761e+01  3.500000e+00  2.440336e-01
     vertex -1.431761e+01  0.000000e+00  2.440336e-01
     vertex -1.432493e+01  3.500000e+00  2.900966e-01
   endloop
 endfacet
 facet normal -9.915193e-01 -0.000000e+00 -1.299594e-01
   outer loop
     vertex -1.431761e+01  3.500000e+00  2.440336e-01
     vertex -1.431154e+01  0.000000e+00  1.977869e-01
     vertex -1.431761e+01  0.000000e+00  2.440336e-01
   endloop
 endfacet
 facet normal -9.915193e-01 -0.000000e+00 -1.299594e-01
   outer loop
     vertex -1.431154e+01  3.500000e+00  1.977869e-01
     vertex -1.431154e+01  0.000000e+00  1.977869e-01
     vertex -1.431761e+01  3.500000e+00  2.440336e-01
   endloop
 endfacet
 facet normal -9.947114e-01  0.000000e+00 -1.027091e-01
   outer loop
     vertex -1.430675e+01  3.500000e+00  1.513913e-01
     vertex -1.431154e+01  0.000000e+00  1.977869e-01
     vertex -1.431154e+01  3.500000e+00  1.977869e-01
   endloop
 endfacet
 facet normal -9.947114e-01 -0.000000e+00 -1.027091e-01
   outer loop
     vertex -1.430675e+01  3.500000e+00  1.513913e-01
     vertex -1.430675e+01  0.000000e+00  1.513913e-01
     vertex -1.431154e+01  0.000000e+00  1.977869e-01
   endloop
 endfacet
 facet normal -9.971548e-01 -0.000000e+00 -7.538152e-02
   outer loop
     vertex -1.430675e+01  3.500000e+00  1.513913e-01
     vertex -1.430324e+01  0.000000e+00  1.048818e-01
     vertex -1.430675e+01  0.000000e+00  1.513913e-01
   endloop
 endfacet
 facet normal -9.971548e-01 -0.000000e+00 -7.538152e-02
   outer loop
     vertex -1.430324e+01  3.500000e+00  1.048818e-01
     vertex -1.430324e+01  0.000000e+00  1.048818e-01
     vertex -1.430675e+01  3.500000e+00  1.513913e-01
   endloop
 endfacet
 facet normal -9.988475e-01  0.000000e+00 -4.799716e-02
   outer loop
     vertex -1.430100e+01  3.500000e+00  5.829324e-02
     vertex -1.430324e+01  0.000000e+00  1.048818e-01
     vertex -1.430324e+01  3.500000e+00  1.048818e-01
   endloop
 endfacet
 facet normal -9.988475e-01 -0.000000e+00 -4.799716e-02
   outer loop
     vertex -1.430100e+01  3.500000e+00  5.829324e-02
     vertex -1.430100e+01  0.000000e+00  5.829324e-02
     vertex -1.430324e+01  0.000000e+00  1.048818e-01
   endloop
 endfacet
 facet normal -9.997883e-01 -0.000000e+00 -2.057667e-02
   outer loop
     vertex -1.430004e+01  3.500000e+00  1.166084e-02
     vertex -1.430004e+01  0.000000e+00  1.166084e-02
     vertex -1.430100e+01  0.000000e+00  5.829324e-02
   endloop
 endfacet
 facet normal -9.997883e-01  0.000000e+00 -2.057667e-02
   outer loop
     vertex -1.430004e+01  3.500000e+00  1.166084e-02
     vertex -1.430100e+01  0.000000e+00  5.829324e-02
     vertex -1.430100e+01  3.500000e+00  5.829324e-02
   endloop
 endfacet
 facet normal -9.999765e-01  0.000000e+00  6.859319e-03
   outer loop
     vertex -1.430036e+01  3.500000e+00 -3.498033e-02
     vertex -1.430036e+01  0.000000e+00 -3.498033e-02
     vertex -1.430004e+01  0.000000e+00  1.166084e-02
   endloop
 endfacet
 facet normal -9.999765e-01  0.000000e+00  6.859319e-03
   outer loop
     vertex -1.430036e+01  3.500000e+00 -3.498033e-02
     vertex -1.430004e+01  0.000000e+00  1.166084e-02
     vertex -1.430004e+01  3.500000e+00  1.166084e-02
   endloop
 endfacet
 facet normal -9.994119e-01  0.000000e+00  3.429014e-02
   outer loop
     vertex -1.430196e+01  3.500000e+00 -8.159517e-02
     vertex -1.430196e+01  0.000000e+00 -8.159517e-02
     vertex -1.430036e+01  0.000000e+00 -3.498033e-02
   endloop
 endfacet
 facet normal -9.994119e-01  0.000000e+00  3.429014e-02
   outer loop
     vertex -1.430196e+01  3.500000e+00 -8.159517e-02
     vertex -1.430036e+01  0.000000e+00 -3.498033e-02
     vertex -1.430036e+01  3.500000e+00 -3.498033e-02
   endloop
 endfacet
 facet normal -9.980950e-01  0.000000e+00  6.169515e-02
   outer loop
     vertex -1.430484e+01  3.500000e+00 -1.281486e-01
     vertex -1.430484e+01  0.000000e+00 -1.281486e-01
     vertex -1.430196e+01  0.000000e+00 -8.159517e-02
   endloop
 endfacet
 facet normal -9.980950e-01  0.000000e+00  6.169515e-02
   outer loop
     vertex -1.430484e+01  3.500000e+00 -1.281486e-01
     vertex -1.430196e+01  0.000000e+00 -8.159517e-02
     vertex -1.430196e+01  3.500000e+00 -8.159517e-02
   endloop
 endfacet
 facet normal -9.960268e-01  0.000000e+00  8.905371e-02
   outer loop
     vertex -1.430899e+01  3.500000e+00 -1.746055e-01
     vertex -1.430484e+01  0.000000e+00 -1.281486e-01
     vertex -1.430484e+01  3.500000e+00 -1.281486e-01
   endloop
 endfacet
 facet normal -9.960268e-01  0.000000e+00  8.905371e-02
   outer loop
     vertex -1.430899e+01  3.500000e+00 -1.746055e-01
     vertex -1.430899e+01  0.000000e+00 -1.746055e-01
     vertex -1.430484e+01  0.000000e+00 -1.281486e-01
   endloop
 endfacet
 facet normal -9.932088e-01  0.000000e+00  1.163452e-01
   outer loop
     vertex -1.431442e+01  3.500000e+00 -2.209311e-01
     vertex -1.430899e+01  0.000000e+00 -1.746055e-01
     vertex -1.430899e+01  3.500000e+00 -1.746055e-01
   endloop
 endfacet
 facet normal -9.932088e-01  0.000000e+00  1.163452e-01
   outer loop
     vertex -1.431442e+01  3.500000e+00 -2.209311e-01
     vertex -1.431442e+01  0.000000e+00 -2.209311e-01
     vertex -1.430899e+01  0.000000e+00 -1.746055e-01
   endloop
 endfacet
 facet normal -9.896432e-01  0.000000e+00  1.435492e-01
   outer loop
     vertex -1.432111e+01  3.500000e+00 -2.670903e-01
     vertex -1.431442e+01  0.000000e+00 -2.209311e-01
     vertex -1.431442e+01  3.500000e+00 -2.209311e-01
   endloop
 endfacet
 facet normal -9.896432e-01  0.000000e+00  1.435492e-01
   outer loop
     vertex -1.432111e+01  3.500000e+00 -2.670903e-01
     vertex -1.432111e+01  0.000000e+00 -2.670903e-01
     vertex -1.431442e+01  0.000000e+00 -2.209311e-01
   endloop
 endfacet
 facet normal -9.853326e-01  0.000000e+00  1.706451e-01
   outer loop
     vertex -1.432907e+01  3.500000e+00 -3.130484e-01
     vertex -1.432111e+01  0.000000e+00 -2.670903e-01
     vertex -1.432111e+01  3.500000e+00 -2.670903e-01
   endloop
 endfacet
 facet normal -9.853326e-01  0.000000e+00  1.706451e-01
   outer loop
     vertex -1.432907e+01  3.500000e+00 -3.130484e-01
     vertex -1.432907e+01  0.000000e+00 -3.130484e-01
     vertex -1.432111e+01  0.000000e+00 -2.670903e-01
   endloop
 endfacet
 facet normal -9.802802e-01  0.000000e+00  1.976125e-01
   outer loop
     vertex -1.432907e+01  3.500000e+00 -3.130484e-01
     vertex -1.433829e+01  0.000000e+00 -3.587709e-01
     vertex -1.432907e+01  0.000000e+00 -3.130484e-01
   endloop
 endfacet
 facet normal -9.802802e-01  0.000000e+00  1.976125e-01
   outer loop
     vertex -1.433829e+01  3.500000e+00 -3.587709e-01
     vertex -1.433829e+01  0.000000e+00 -3.587709e-01
     vertex -1.432907e+01  3.500000e+00 -3.130484e-01
   endloop
 endfacet
 facet normal -9.744899e-01  0.000000e+00  2.244312e-01
   outer loop
     vertex -1.434876e+01  3.500000e+00 -4.042233e-01
     vertex -1.433829e+01  0.000000e+00 -3.587709e-01
     vertex -1.433829e+01  3.500000e+00 -3.587709e-01
   endloop
 endfacet
 facet normal -9.744899e-01  0.000000e+00  2.244312e-01
   outer loop
     vertex -1.434876e+01  3.500000e+00 -4.042233e-01
     vertex -1.434876e+01  0.000000e+00 -4.042233e-01
     vertex -1.433829e+01  0.000000e+00 -3.587709e-01
   endloop
 endfacet
 facet normal -9.679661e-01  0.000000e+00  2.510809e-01
   outer loop
     vertex -1.434876e+01  3.500000e+00 -4.042233e-01
     vertex -1.436047e+01  0.000000e+00 -4.493715e-01
     vertex -1.434876e+01  0.000000e+00 -4.042233e-01
   endloop
 endfacet
 facet normal -9.679661e-01  0.000000e+00  2.510809e-01
   outer loop
     vertex -1.436047e+01  3.500000e+00 -4.493715e-01
     vertex -1.436047e+01  0.000000e+00 -4.493715e-01
     vertex -1.434876e+01  3.500000e+00 -4.042233e-01
   endloop
 endfacet
 facet normal -9.607136e-01  0.000000e+00  2.775416e-01
   outer loop
     vertex -1.436047e+01  3.500000e+00 -4.493715e-01
     vertex -1.437341e+01  0.000000e+00 -4.941813e-01
     vertex -1.436047e+01  0.000000e+00 -4.493715e-01
   endloop
 endfacet
 facet normal -9.607136e-01  0.000000e+00  2.775416e-01
   outer loop
     vertex -1.437341e+01  3.500000e+00 -4.941813e-01
     vertex -1.437341e+01  0.000000e+00 -4.941813e-01
     vertex -1.436047e+01  3.500000e+00 -4.493715e-01
   endloop
 endfacet
 facet normal -9.527379e-01  0.000000e+00  3.037934e-01
   outer loop
     vertex -1.438758e+01  3.500000e+00 -5.386192e-01
     vertex -1.437341e+01  0.000000e+00 -4.941813e-01
     vertex -1.437341e+01  3.500000e+00 -4.941813e-01
   endloop
 endfacet
 facet normal -9.527379e-01  0.000000e+00  3.037934e-01
   outer loop
     vertex -1.438758e+01  3.500000e+00 -5.386192e-01
     vertex -1.438758e+01  0.000000e+00 -5.386192e-01
     vertex -1.437341e+01  0.000000e+00 -4.941813e-01
   endloop
 endfacet
 facet normal -9.440450e-01  0.000000e+00  3.298166e-01
   outer loop
     vertex -1.438758e+01  3.500000e+00 -5.386192e-01
     vertex -1.440297e+01  0.000000e+00 -5.826516e-01
     vertex -1.438758e+01  0.000000e+00 -5.386192e-01
   endloop
 endfacet
 facet normal -9.440450e-01  0.000000e+00  3.298166e-01
   outer loop
     vertex -1.440297e+01  3.500000e+00 -5.826516e-01
     vertex -1.440297e+01  0.000000e+00 -5.826516e-01
     vertex -1.438758e+01  3.500000e+00 -5.386192e-01
   endloop
 endfacet
 facet normal -9.346415e-01  0.000000e+00  3.555914e-01
   outer loop
     vertex -1.441955e+01  3.500000e+00 -6.262454e-01
     vertex -1.440297e+01  0.000000e+00 -5.826516e-01
     vertex -1.440297e+01  3.500000e+00 -5.826516e-01
   endloop
 endfacet
 facet normal -9.346415e-01  0.000000e+00  3.555914e-01
   outer loop
     vertex -1.441955e+01  3.500000e+00 -6.262454e-01
     vertex -1.441955e+01  0.000000e+00 -6.262454e-01
     vertex -1.440297e+01  0.000000e+00 -5.826516e-01
   endloop
 endfacet
 facet normal -9.245344e-01  0.000000e+00  3.810986e-01
   outer loop
     vertex -1.443733e+01  3.500000e+00 -6.693678e-01
     vertex -1.441955e+01  0.000000e+00 -6.262454e-01
     vertex -1.441955e+01  3.500000e+00 -6.262454e-01
   endloop
 endfacet
 facet normal -9.245344e-01  0.000000e+00  3.810986e-01
   outer loop
     vertex -1.443733e+01  3.500000e+00 -6.693678e-01
     vertex -1.443733e+01  0.000000e+00 -6.693678e-01
     vertex -1.441955e+01  0.000000e+00 -6.262454e-01
   endloop
 endfacet
 facet normal -9.137314e-01  0.000000e+00  4.063188e-01
   outer loop
     vertex -1.445628e+01  3.500000e+00 -7.119863e-01
     vertex -1.445628e+01  0.000000e+00 -7.119863e-01
     vertex -1.443733e+01  0.000000e+00 -6.693678e-01
   endloop
 endfacet
 facet normal -9.137314e-01  0.000000e+00  4.063188e-01
   outer loop
     vertex -1.445628e+01  3.500000e+00 -7.119863e-01
     vertex -1.443733e+01  0.000000e+00 -6.693678e-01
     vertex -1.443733e+01  3.500000e+00 -6.693678e-01
   endloop
 endfacet
 facet normal -9.022405e-01  0.000000e+00  4.312333e-01
   outer loop
     vertex -1.447639e+01  3.500000e+00 -7.540688e-01
     vertex -1.447639e+01  0.000000e+00 -7.540688e-01
     vertex -1.445628e+01  0.000000e+00 -7.119863e-01
   endloop
 endfacet
 facet normal -9.022405e-01  0.000000e+00  4.312333e-01
   outer loop
     vertex -1.447639e+01  3.500000e+00 -7.540688e-01
     vertex -1.445628e+01  0.000000e+00 -7.119863e-01
     vertex -1.445628e+01  3.500000e+00 -7.119863e-01
   endloop
 endfacet
 facet normal -8.900704e-01  0.000000e+00  4.558231e-01
   outer loop
     vertex -1.449765e+01  3.500000e+00 -7.955837e-01
     vertex -1.449765e+01  0.000000e+00 -7.955837e-01
     vertex -1.447639e+01  0.000000e+00 -7.540688e-01
   endloop
 endfacet
 facet normal -8.900704e-01  0.000000e+00  4.558231e-01
   outer loop
     vertex -1.449765e+01  3.500000e+00 -7.955837e-01
     vertex -1.447639e+01  0.000000e+00 -7.540688e-01
     vertex -1.447639e+01  3.500000e+00 -7.540688e-01
   endloop
 endfacet
 facet normal -8.772303e-01  0.000000e+00  4.800697e-01
   outer loop
     vertex -1.452004e+01  3.500000e+00 -8.364998e-01
     vertex -1.452004e+01  0.000000e+00 -8.364998e-01
     vertex -1.449765e+01  0.000000e+00 -7.955837e-01
   endloop
 endfacet
 facet normal -8.772303e-01  0.000000e+00  4.800697e-01
   outer loop
     vertex -1.452004e+01  3.500000e+00 -8.364998e-01
     vertex -1.449765e+01  0.000000e+00 -7.955837e-01
     vertex -1.449765e+01  3.500000e+00 -7.955837e-01
   endloop
 endfacet
 facet normal -8.637299e-01  0.000000e+00  5.039550e-01
   outer loop
     vertex -1.454355e+01  3.500000e+00 -8.767861e-01
     vertex -1.454355e+01  0.000000e+00 -8.767861e-01
     vertex -1.452004e+01  0.000000e+00 -8.364998e-01
   endloop
 endfacet
 facet normal -8.495793e-01  0.000000e+00  5.274609e-01
   outer loop
     vertex -1.454355e+01  3.500000e+00 -8.767861e-01
     vertex -1.456815e+01  0.000000e+00 -9.164124e-01
     vertex -1.454355e+01  0.000000e+00 -8.767861e-01
   endloop
 endfacet
 facet normal -8.637299e-01  0.000000e+00  5.039550e-01
   outer loop
     vertex -1.454355e+01  3.500000e+00 -8.767861e-01
     vertex -1.452004e+01  0.000000e+00 -8.364998e-01
     vertex -1.452004e+01  3.500000e+00 -8.364998e-01
   endloop
 endfacet
 facet normal -8.495793e-01  0.000000e+00  5.274609e-01
   outer loop
     vertex -1.456815e+01  3.500000e+00 -9.164124e-01
     vertex -1.456815e+01  0.000000e+00 -9.164124e-01
     vertex -1.454355e+01  3.500000e+00 -8.767861e-01
   endloop
 endfacet
 facet normal -8.347891e-01  0.000000e+00  5.505698e-01
   outer loop
     vertex -1.459383e+01  3.500000e+00 -9.553488e-01
     vertex -1.459383e+01  0.000000e+00 -9.553488e-01
     vertex -1.456815e+01  0.000000e+00 -9.164124e-01
   endloop
 endfacet
 facet normal -8.193706e-01  0.000000e+00  5.732642e-01
   outer loop
     vertex -1.459383e+01  3.500000e+00 -9.553488e-01
     vertex -1.462057e+01  0.000000e+00 -9.935661e-01
     vertex -1.459383e+01  0.000000e+00 -9.553488e-01
   endloop
 endfacet
 facet normal -8.347891e-01  0.000000e+00  5.505698e-01
   outer loop
     vertex -1.459383e+01  3.500000e+00 -9.553488e-01
     vertex -1.456815e+01  0.000000e+00 -9.164124e-01
     vertex -1.456815e+01  3.500000e+00 -9.164124e-01
   endloop
 endfacet
 facet normal -8.033352e-01  0.000000e+00  5.955271e-01
   outer loop
     vertex -1.462057e+01  3.500000e+00 -9.935661e-01
     vertex -1.464835e+01  0.000000e+00 -1.031036e+00
     vertex -1.462057e+01  0.000000e+00 -9.935661e-01
   endloop
 endfacet
 facet normal -8.193706e-01  0.000000e+00  5.732642e-01
   outer loop
     vertex -1.462057e+01  3.500000e+00 -9.935661e-01
     vertex -1.462057e+01  0.000000e+00 -9.935661e-01
     vertex -1.459383e+01  3.500000e+00 -9.553488e-01
   endloop
 endfacet
 facet normal -8.033352e-01  0.000000e+00  5.955271e-01
   outer loop
     vertex -1.464835e+01  3.500000e+00 -1.031036e+00
     vertex -1.464835e+01  0.000000e+00 -1.031036e+00
     vertex -1.462057e+01  3.500000e+00 -9.935661e-01
   endloop
 endfacet
 facet normal -7.866951e-01  0.000000e+00  6.173417e-01
   outer loop
     vertex -1.467714e+01  3.500000e+00 -1.067729e+00
     vertex -1.467714e+01  0.000000e+00 -1.067729e+00
     vertex -1.464835e+01  0.000000e+00 -1.031036e+00
   endloop
 endfacet
 facet normal -7.866951e-01  0.000000e+00  6.173417e-01
   outer loop
     vertex -1.467714e+01  3.500000e+00 -1.067729e+00
     vertex -1.464835e+01  0.000000e+00 -1.031036e+00
     vertex -1.464835e+01  3.500000e+00 -1.031036e+00
   endloop
 endfacet
 facet normal -7.694628e-01  0.000000e+00  6.386916e-01
   outer loop
     vertex -1.470693e+01  3.500000e+00 -1.103618e+00
     vertex -1.470693e+01  0.000000e+00 -1.103618e+00
     vertex -1.467714e+01  0.000000e+00 -1.067729e+00
   endloop
 endfacet
 facet normal -7.516513e-01  0.000000e+00  6.595607e-01
   outer loop
     vertex -1.470693e+01  3.500000e+00 -1.103618e+00
     vertex -1.473769e+01  0.000000e+00 -1.138677e+00
     vertex -1.470693e+01  0.000000e+00 -1.103618e+00
   endloop
 endfacet
 facet normal -7.694628e-01  0.000000e+00  6.386916e-01
   outer loop
     vertex -1.470693e+01  3.500000e+00 -1.103618e+00
     vertex -1.467714e+01  0.000000e+00 -1.067729e+00
     vertex -1.467714e+01  3.500000e+00 -1.067729e+00
   endloop
 endfacet
 facet normal -7.516513e-01  0.000000e+00  6.595607e-01
   outer loop
     vertex -1.473769e+01  3.500000e+00 -1.138677e+00
     vertex -1.473769e+01  0.000000e+00 -1.138677e+00
     vertex -1.470693e+01  3.500000e+00 -1.103618e+00
   endloop
 endfacet
 facet normal -7.332740e-01  0.000000e+00  6.799333e-01
   outer loop
     vertex -1.476941e+01  3.500000e+00 -1.172879e+00
     vertex -1.476941e+01  0.000000e+00 -1.172879e+00
     vertex -1.473769e+01  0.000000e+00 -1.138677e+00
   endloop
 endfacet
 facet normal -7.332740e-01  0.000000e+00  6.799333e-01
   outer loop
     vertex -1.476941e+01  3.500000e+00 -1.172879e+00
     vertex -1.473769e+01  0.000000e+00 -1.138677e+00
     vertex -1.473769e+01  3.500000e+00 -1.138677e+00
   endloop
 endfacet
 facet normal -7.143447e-01  0.000000e+00  6.997940e-01
   outer loop
     vertex -1.480205e+01  3.500000e+00 -1.206197e+00
     vertex -1.480205e+01  0.000000e+00 -1.206197e+00
     vertex -1.476941e+01  0.000000e+00 -1.172879e+00
   endloop
 endfacet
 facet normal -7.143447e-01  0.000000e+00  6.997940e-01
   outer loop
     vertex -1.480205e+01  3.500000e+00 -1.206197e+00
     vertex -1.476941e+01  0.000000e+00 -1.172879e+00
     vertex -1.476941e+01  3.500000e+00 -1.172879e+00
   endloop
 endfacet
 facet normal -6.948776e-01  0.000000e+00  7.191280e-01
   outer loop
     vertex -1.483559e+01  3.500000e+00 -1.238608e+00
     vertex -1.480205e+01  0.000000e+00 -1.206197e+00
     vertex -1.480205e+01  3.500000e+00 -1.206197e+00
   endloop
 endfacet
 facet normal -6.948776e-01  0.000000e+00  7.191280e-01
   outer loop
     vertex -1.483559e+01  3.500000e+00 -1.238608e+00
     vertex -1.483559e+01  0.000000e+00 -1.238608e+00
     vertex -1.480205e+01  0.000000e+00 -1.206197e+00
   endloop
 endfacet
 facet normal -6.748875e-01  0.000000e+00  7.379206e-01
   outer loop
     vertex -1.483559e+01  3.500000e+00 -1.238608e+00
     vertex -1.487001e+01  0.000000e+00 -1.270086e+00
     vertex -1.483559e+01  0.000000e+00 -1.238608e+00
   endloop
 endfacet
 facet normal -6.748875e-01  0.000000e+00  7.379206e-01
   outer loop
     vertex -1.487001e+01  3.500000e+00 -1.270086e+00
     vertex -1.487001e+01  0.000000e+00 -1.270086e+00
     vertex -1.483559e+01  3.500000e+00 -1.238608e+00
   endloop
 endfacet
 facet normal -6.543893e-01  0.000000e+00  7.561578e-01
   outer loop
     vertex -1.490528e+01  3.500000e+00 -1.300608e+00
     vertex -1.487001e+01  0.000000e+00 -1.270086e+00
     vertex -1.487001e+01  3.500000e+00 -1.270086e+00
   endloop
 endfacet
 facet normal -6.543893e-01  0.000000e+00  7.561578e-01
   outer loop
     vertex -1.490528e+01  3.500000e+00 -1.300608e+00
     vertex -1.490528e+01  0.000000e+00 -1.300608e+00
     vertex -1.487001e+01  0.000000e+00 -1.270086e+00
   endloop
 endfacet
 facet normal -6.333986e-01  0.000000e+00  7.738257e-01
   outer loop
     vertex -1.490528e+01  3.500000e+00 -1.300608e+00
     vertex -1.494137e+01  0.000000e+00 -1.330152e+00
     vertex -1.490528e+01  0.000000e+00 -1.300608e+00
   endloop
 endfacet
 facet normal -6.333986e-01  0.000000e+00  7.738257e-01
   outer loop
     vertex -1.494137e+01  3.500000e+00 -1.330152e+00
     vertex -1.494137e+01  0.000000e+00 -1.330152e+00
     vertex -1.490528e+01  3.500000e+00 -1.300608e+00
   endloop
 endfacet
 facet normal -6.119310e-01  0.000000e+00  7.909112e-01
   outer loop
     vertex -1.497826e+01  3.500000e+00 -1.358693e+00
     vertex -1.494137e+01  0.000000e+00 -1.330152e+00
     vertex -1.494137e+01  3.500000e+00 -1.330152e+00
   endloop
 endfacet
 facet normal -6.119310e-01  0.000000e+00  7.909112e-01
   outer loop
     vertex -1.497826e+01  3.500000e+00 -1.358693e+00
     vertex -1.497826e+01  0.000000e+00 -1.358693e+00
     vertex -1.494137e+01  0.000000e+00 -1.330152e+00
   endloop
 endfacet
 facet normal -5.900028e-01  0.000000e+00  8.074012e-01
   outer loop
     vertex -1.501592e+01  3.500000e+00 -1.386212e+00
     vertex -1.501592e+01  0.000000e+00 -1.386212e+00
     vertex -1.497826e+01  0.000000e+00 -1.358693e+00
   endloop
 endfacet
 facet normal -5.676304e-01  0.000000e+00  8.232835e-01
   outer loop
     vertex -1.501592e+01  3.500000e+00 -1.386212e+00
     vertex -1.505432e+01  0.000000e+00 -1.412688e+00
     vertex -1.501592e+01  0.000000e+00 -1.386212e+00
   endloop
 endfacet
 facet normal -5.900028e-01  0.000000e+00  8.074012e-01
   outer loop
     vertex -1.501592e+01  3.500000e+00 -1.386212e+00
     vertex -1.497826e+01  0.000000e+00 -1.358693e+00
     vertex -1.497826e+01  3.500000e+00 -1.358693e+00
   endloop
 endfacet
 facet normal -5.676304e-01  0.000000e+00  8.232835e-01
   outer loop
     vertex -1.505432e+01  3.500000e+00 -1.412688e+00
     vertex -1.505432e+01  0.000000e+00 -1.412688e+00
     vertex -1.501592e+01  3.500000e+00 -1.386212e+00
   endloop
 endfacet
 facet normal -5.448308e-01  0.000000e+00  8.385460e-01
   outer loop
     vertex -1.509343e+01  3.500000e+00 -1.438100e+00
     vertex -1.505432e+01  0.000000e+00 -1.412688e+00
     vertex -1.505432e+01  3.500000e+00 -1.412688e+00
   endloop
 endfacet
 facet normal -5.448308e-01  0.000000e+00  8.385460e-01
   outer loop
     vertex -1.509343e+01  3.500000e+00 -1.438100e+00
     vertex -1.509343e+01  0.000000e+00 -1.438100e+00
     vertex -1.505432e+01  0.000000e+00 -1.412688e+00
   endloop
 endfacet
 facet normal -5.216210e-01  0.000000e+00  8.531773e-01
   outer loop
     vertex -1.513322e+01  3.500000e+00 -1.462430e+00
     vertex -1.513322e+01  0.000000e+00 -1.462430e+00
     vertex -1.509343e+01  0.000000e+00 -1.438100e+00
   endloop
 endfacet
 facet normal -5.216210e-01  0.000000e+00  8.531773e-01
   outer loop
     vertex -1.513322e+01  3.500000e+00 -1.462430e+00
     vertex -1.509343e+01  0.000000e+00 -1.438100e+00
     vertex -1.509343e+01  3.500000e+00 -1.438100e+00
   endloop
 endfacet
 facet normal -4.980186e-01  0.000000e+00  8.671664e-01
   outer loop
     vertex -1.517367e+01  3.500000e+00 -1.485658e+00
     vertex -1.517367e+01  0.000000e+00 -1.485658e+00
     vertex -1.513322e+01  0.000000e+00 -1.462430e+00
   endloop
 endfacet
 facet normal -4.740412e-01  0.000000e+00  8.805026e-01
   outer loop
     vertex -1.517367e+01  3.500000e+00 -1.485658e+00
     vertex -1.521474e+01  0.000000e+00 -1.507769e+00
     vertex -1.517367e+01  0.000000e+00 -1.485658e+00
   endloop
 endfacet
 facet normal -4.980186e-01  0.000000e+00  8.671664e-01
   outer loop
     vertex -1.517367e+01  3.500000e+00 -1.485658e+00
     vertex -1.513322e+01  0.000000e+00 -1.462430e+00
     vertex -1.513322e+01  3.500000e+00 -1.462430e+00
   endloop
 endfacet
 facet normal -4.740412e-01  0.000000e+00  8.805026e-01
   outer loop
     vertex -1.521474e+01  3.500000e+00 -1.507769e+00
     vertex -1.521474e+01  0.000000e+00 -1.507769e+00
     vertex -1.517367e+01  3.500000e+00 -1.485658e+00
   endloop
 endfacet
 facet normal -4.497071e-01  0.000000e+00  8.931761e-01
   outer loop
     vertex -1.525640e+01  3.500000e+00 -1.528744e+00
     vertex -1.525640e+01  0.000000e+00 -1.528744e+00
     vertex -1.521474e+01  0.000000e+00 -1.507769e+00
   endloop
 endfacet
 facet normal -4.497071e-01  0.000000e+00  8.931761e-01
   outer loop
     vertex -1.525640e+01  3.500000e+00 -1.528744e+00
     vertex -1.521474e+01  0.000000e+00 -1.507769e+00
     vertex -1.521474e+01  3.500000e+00 -1.507769e+00
   endloop
 endfacet
 facet normal -4.250344e-01  0.000000e+00  9.051772e-01
   outer loop
     vertex -1.529862e+01  3.500000e+00 -1.548569e+00
     vertex -1.529862e+01  0.000000e+00 -1.548569e+00
     vertex -1.525640e+01  0.000000e+00 -1.528744e+00
   endloop
 endfacet
 facet normal -4.250344e-01  0.000000e+00  9.051772e-01
   outer loop
     vertex -1.529862e+01  3.500000e+00 -1.548569e+00
     vertex -1.525640e+01  0.000000e+00 -1.528744e+00
     vertex -1.525640e+01  3.500000e+00 -1.528744e+00
   endloop
 endfacet
 facet normal -4.000417e-01  0.000000e+00  9.164969e-01
   outer loop
     vertex -1.534137e+01  3.500000e+00 -1.567228e+00
     vertex -1.534137e+01  0.000000e+00 -1.567228e+00
     vertex -1.529862e+01  0.000000e+00 -1.548569e+00
   endloop
 endfacet
 facet normal -4.000417e-01  0.000000e+00  9.164969e-01
   outer loop
     vertex -1.534137e+01  3.500000e+00 -1.567228e+00
     vertex -1.529862e+01  0.000000e+00 -1.548569e+00
     vertex -1.529862e+01  3.500000e+00 -1.548569e+00
   endloop
 endfacet
 facet normal -3.747479e-01  0.000000e+00  9.271267e-01
   outer loop
     vertex -1.538461e+01  3.500000e+00 -1.584707e+00
     vertex -1.538461e+01  0.000000e+00 -1.584707e+00
     vertex -1.534137e+01  0.000000e+00 -1.567228e+00
   endloop
 endfacet
 facet normal -3.747479e-01  0.000000e+00  9.271267e-01
   outer loop
     vertex -1.538461e+01  3.500000e+00 -1.584707e+00
     vertex -1.534137e+01  0.000000e+00 -1.567228e+00
     vertex -1.534137e+01  3.500000e+00 -1.567228e+00
   endloop
 endfacet
 facet normal -3.491720e-01  0.000000e+00  9.370586e-01
   outer loop
     vertex -1.542832e+01  3.500000e+00 -1.600993e+00
     vertex -1.542832e+01  0.000000e+00 -1.600993e+00
     vertex -1.538461e+01  0.000000e+00 -1.584707e+00
   endloop
 endfacet
 facet normal -3.491720e-01  0.000000e+00  9.370586e-01
   outer loop
     vertex -1.542832e+01  3.500000e+00 -1.600993e+00
     vertex -1.538461e+01  0.000000e+00 -1.584707e+00
     vertex -1.538461e+01  3.500000e+00 -1.584707e+00
   endloop
 endfacet
 facet normal -3.233333e-01  0.000000e+00  9.462851e-01
   outer loop
     vertex -1.547245e+01  3.500000e+00 -1.616074e+00
     vertex -1.547245e+01  0.000000e+00 -1.616074e+00
     vertex -1.542832e+01  0.000000e+00 -1.600993e+00
   endloop
 endfacet
 facet normal -3.233333e-01  0.000000e+00  9.462851e-01
   outer loop
     vertex -1.547245e+01  3.500000e+00 -1.616074e+00
     vertex -1.542832e+01  0.000000e+00 -1.600993e+00
     vertex -1.542832e+01  3.500000e+00 -1.600993e+00
   endloop
 endfacet
 facet normal -2.972512e-01  0.000000e+00  9.547993e-01
   outer loop
     vertex -1.551699e+01  3.500000e+00 -1.629938e+00
     vertex -1.551699e+01  0.000000e+00 -1.629938e+00
     vertex -1.547245e+01  0.000000e+00 -1.616074e+00
   endloop
 endfacet
 facet normal -2.972512e-01  0.000000e+00  9.547993e-01
   outer loop
     vertex -1.551699e+01  3.500000e+00 -1.629938e+00
     vertex -1.547245e+01  0.000000e+00 -1.616074e+00
     vertex -1.547245e+01  3.500000e+00 -1.616074e+00
   endloop
 endfacet
 facet normal -2.709453e-01  0.000000e+00  9.625948e-01
   outer loop
     vertex -1.556189e+01  3.500000e+00 -1.642576e+00
     vertex -1.556189e+01  0.000000e+00 -1.642576e+00
     vertex -1.551699e+01  0.000000e+00 -1.629938e+00
   endloop
 endfacet
 facet normal -2.709453e-01  0.000000e+00  9.625948e-01
   outer loop
     vertex -1.556189e+01  3.500000e+00 -1.642576e+00
     vertex -1.551699e+01  0.000000e+00 -1.629938e+00
     vertex -1.551699e+01  3.500000e+00 -1.629938e+00
   endloop
 endfacet
 facet normal -2.444354e-01  0.000000e+00  9.696656e-01
   outer loop
     vertex -1.560711e+01  3.500000e+00 -1.653977e+00
     vertex -1.560711e+01  0.000000e+00 -1.653977e+00
     vertex -1.556189e+01  0.000000e+00 -1.642576e+00
   endloop
 endfacet
 facet normal -2.177416e-01  0.000000e+00  9.760065e-01
   outer loop
     vertex -1.560711e+01  3.500000e+00 -1.653977e+00
     vertex -1.565264e+01  0.000000e+00 -1.664133e+00
     vertex -1.560711e+01  0.000000e+00 -1.653977e+00
   endloop
 endfacet
 facet normal -2.444354e-01  0.000000e+00  9.696656e-01
   outer loop
     vertex -1.560711e+01  3.500000e+00 -1.653977e+00
     vertex -1.556189e+01  0.000000e+00 -1.642576e+00
     vertex -1.556189e+01  3.500000e+00 -1.642576e+00
   endloop
 endfacet
 facet normal -2.177416e-01  0.000000e+00  9.760065e-01
   outer loop
     vertex -1.565264e+01  3.500000e+00 -1.664133e+00
     vertex -1.565264e+01  0.000000e+00 -1.664133e+00
     vertex -1.560711e+01  3.500000e+00 -1.653977e+00
   endloop
 endfacet
 facet normal -1.908838e-01  0.000000e+00  9.816126e-01
   outer loop
     vertex -1.569842e+01  3.500000e+00 -1.673036e+00
     vertex -1.569842e+01  0.000000e+00 -1.673036e+00
     vertex -1.565264e+01  0.000000e+00 -1.664133e+00
   endloop
 endfacet
 facet normal -1.908838e-01  0.000000e+00  9.816126e-01
   outer loop
     vertex -1.569842e+01  3.500000e+00 -1.673036e+00
     vertex -1.565264e+01  0.000000e+00 -1.664133e+00
     vertex -1.565264e+01  3.500000e+00 -1.664133e+00
   endloop
 endfacet
 facet normal -1.638824e-01  0.000000e+00  9.864799e-01
   outer loop
     vertex -1.574443e+01  3.500000e+00 -1.680680e+00
     vertex -1.574443e+01  0.000000e+00 -1.680680e+00
     vertex -1.569842e+01  0.000000e+00 -1.673036e+00
   endloop
 endfacet
 facet normal -1.638824e-01  0.000000e+00  9.864799e-01
   outer loop
     vertex -1.574443e+01  3.500000e+00 -1.680680e+00
     vertex -1.569842e+01  0.000000e+00 -1.673036e+00
     vertex -1.569842e+01  3.500000e+00 -1.673036e+00
   endloop
 endfacet
 facet normal -1.367575e-01  0.000000e+00  9.906046e-01
   outer loop
     vertex -1.579064e+01  3.500000e+00 -1.687059e+00
     vertex -1.579064e+01  0.000000e+00 -1.687059e+00
     vertex -1.574443e+01  0.000000e+00 -1.680680e+00
   endloop
 endfacet
 facet normal -1.367575e-01  0.000000e+00  9.906046e-01
   outer loop
     vertex -1.579064e+01  3.500000e+00 -1.687059e+00
     vertex -1.574443e+01  0.000000e+00 -1.680680e+00
     vertex -1.574443e+01  3.500000e+00 -1.680680e+00
   endloop
 endfacet
 facet normal -1.095298e-01  0.000000e+00  9.939835e-01
   outer loop
     vertex -1.583700e+01  3.500000e+00 -1.692167e+00
     vertex -1.579064e+01  0.000000e+00 -1.687059e+00
     vertex -1.579064e+01  3.500000e+00 -1.687059e+00
   endloop
 endfacet
 facet normal -1.095298e-01  0.000000e+00  9.939835e-01
   outer loop
     vertex -1.583700e+01  3.500000e+00 -1.692167e+00
     vertex -1.583700e+01  0.000000e+00 -1.692167e+00
     vertex -1.579064e+01  0.000000e+00 -1.687059e+00
   endloop
 endfacet
 facet normal -8.221955e-02  0.000000e+00  9.966142e-01
   outer loop
     vertex -1.588348e+01  3.500000e+00 -1.696002e+00
     vertex -1.583700e+01  0.000000e+00 -1.692167e+00
     vertex -1.583700e+01  3.500000e+00 -1.692167e+00
   endloop
 endfacet
 facet normal -8.221955e-02  0.000000e+00  9.966142e-01
   outer loop
     vertex -1.588348e+01  3.500000e+00 -1.696002e+00
     vertex -1.588348e+01  0.000000e+00 -1.696002e+00
     vertex -1.583700e+01  0.000000e+00 -1.692167e+00
   endloop
 endfacet
 facet normal -5.484744e-02  0.000000e+00  9.984947e-01
   outer loop
     vertex -1.588348e+01  3.500000e+00 -1.696002e+00
     vertex -1.593005e+01  0.000000e+00 -1.698560e+00
     vertex -1.588348e+01  0.000000e+00 -1.696002e+00
   endloop
 endfacet
 facet normal -5.484744e-02  0.000000e+00  9.984947e-01
   outer loop
     vertex -1.593005e+01  3.500000e+00 -1.698560e+00
     vertex -1.593005e+01  0.000000e+00 -1.698560e+00
     vertex -1.588348e+01  3.500000e+00 -1.696002e+00
   endloop
 endfacet
 facet normal -2.743405e-02  0.000000e+00  9.996236e-01
   outer loop
     vertex -1.597668e+01  3.500000e+00 -1.699840e+00
     vertex -1.593005e+01  0.000000e+00 -1.698560e+00
     vertex -1.593005e+01  3.500000e+00 -1.698560e+00
   endloop
 endfacet
 facet normal -2.743405e-02  0.000000e+00  9.996236e-01
   outer loop
     vertex -1.597668e+01  3.500000e+00 -1.699840e+00
     vertex -1.597668e+01  0.000000e+00 -1.699840e+00
     vertex -1.593005e+01  0.000000e+00 -1.698560e+00
   endloop
 endfacet
 facet normal  4.760587e-15  0.000000e+00  1.000000e+00
   outer loop
     vertex -1.602332e+01  3.500000e+00 -1.699840e+00
     vertex -1.597668e+01  0.000000e+00 -1.699840e+00
     vertex -1.597668e+01  3.500000e+00 -1.699840e+00
   endloop
 endfacet
 facet normal  4.760587e-15  0.000000e+00  1.000000e+00
   outer loop
     vertex -1.602332e+01  3.500000e+00 -1.699840e+00
     vertex -1.602332e+01  0.000000e+00 -1.699840e+00
     vertex -1.597668e+01  0.000000e+00 -1.699840e+00
   endloop
 endfacet
 facet normal  2.743405e-02  0.000000e+00  9.996236e-01
   outer loop
     vertex -1.606995e+01  3.500000e+00 -1.698560e+00
     vertex -1.602332e+01  0.000000e+00 -1.699840e+00
     vertex -1.602332e+01  3.500000e+00 -1.699840e+00
   endloop
 endfacet
 facet normal  2.743405e-02  0.000000e+00  9.996236e-01
   outer loop
     vertex -1.606995e+01  3.500000e+00 -1.698560e+00
     vertex -1.606995e+01  0.000000e+00 -1.698560e+00
     vertex -1.602332e+01  0.000000e+00 -1.699840e+00
   endloop
 endfacet
 facet normal  5.484744e-02  0.000000e+00  9.984947e-01
   outer loop
     vertex -1.611652e+01  3.500000e+00 -1.696002e+00
     vertex -1.606995e+01  0.000000e+00 -1.698560e+00
     vertex -1.606995e+01  3.500000e+00 -1.698560e+00
   endloop
 endfacet
 facet normal  5.484744e-02  0.000000e+00  9.984947e-01
   outer loop
     vertex -1.611652e+01  3.500000e+00 -1.696002e+00
     vertex -1.611652e+01  0.000000e+00 -1.696002e+00
     vertex -1.606995e+01  0.000000e+00 -1.698560e+00
   endloop
 endfacet
 facet normal  8.221955e-02  0.000000e+00  9.966142e-01
   outer loop
     vertex -1.616300e+01  3.500000e+00 -1.692167e+00
     vertex -1.611652e+01  0.000000e+00 -1.696002e+00
     vertex -1.611652e+01  3.500000e+00 -1.696002e+00
   endloop
 endfacet
 facet normal  8.221955e-02  0.000000e+00  9.966142e-01
   outer loop
     vertex -1.616300e+01  3.500000e+00 -1.692167e+00
     vertex -1.616300e+01  0.000000e+00 -1.692167e+00
     vertex -1.611652e+01  0.000000e+00 -1.696002e+00
   endloop
 endfacet
 facet normal  1.095298e-01  0.000000e+00  9.939835e-01
   outer loop
     vertex -1.620936e+01  3.500000e+00 -1.687059e+00
     vertex -1.616300e+01  0.000000e+00 -1.692167e+00
     vertex -1.616300e+01  3.500000e+00 -1.692167e+00
   endloop
 endfacet
 facet normal  1.095298e-01  0.000000e+00  9.939835e-01
   outer loop
     vertex -1.620936e+01  3.500000e+00 -1.687059e+00
     vertex -1.620936e+01  0.000000e+00 -1.687059e+00
     vertex -1.616300e+01  0.000000e+00 -1.692167e+00
   endloop
 endfacet
 facet normal  1.367575e-01  0.000000e+00  9.906046e-01
   outer loop
     vertex -1.620936e+01  3.500000e+00 -1.687059e+00
     vertex -1.625557e+01  0.000000e+00 -1.680680e+00
     vertex -1.620936e+01  0.000000e+00 -1.687059e+00
   endloop
 endfacet
 facet normal  1.367575e-01  0.000000e+00  9.906046e-01
   outer loop
     vertex -1.625557e+01  3.500000e+00 -1.680680e+00
     vertex -1.625557e+01  0.000000e+00 -1.680680e+00
     vertex -1.620936e+01  3.500000e+00 -1.687059e+00
   endloop
 endfacet
 facet normal  1.638824e-01  0.000000e+00  9.864799e-01
   outer loop
     vertex -1.630158e+01  3.500000e+00 -1.673036e+00
     vertex -1.625557e+01  0.000000e+00 -1.680680e+00
     vertex -1.625557e+01  3.500000e+00 -1.680680e+00
   endloop
 endfacet
 facet normal  1.638824e-01  0.000000e+00  9.864799e-01
   outer loop
     vertex -1.630158e+01  3.500000e+00 -1.673036e+00
     vertex -1.630158e+01  0.000000e+00 -1.673036e+00
     vertex -1.625557e+01  0.000000e+00 -1.680680e+00
   endloop
 endfacet
 facet normal  1.908838e-01  0.000000e+00  9.816126e-01
   outer loop
     vertex -1.634736e+01  3.500000e+00 -1.664133e+00
     vertex -1.630158e+01  0.000000e+00 -1.673036e+00
     vertex -1.630158e+01  3.500000e+00 -1.673036e+00
   endloop
 endfacet
 facet normal  1.908838e-01  0.000000e+00  9.816126e-01
   outer loop
     vertex -1.634736e+01  3.500000e+00 -1.664133e+00
     vertex -1.634736e+01  0.000000e+00 -1.664133e+00
     vertex -1.630158e+01  0.000000e+00 -1.673036e+00
   endloop
 endfacet
 facet normal  2.177416e-01  0.000000e+00  9.760065e-01
   outer loop
     vertex -1.639289e+01  3.500000e+00 -1.653977e+00
     vertex -1.639289e+01  0.000000e+00 -1.653977e+00
     vertex -1.634736e+01  0.000000e+00 -1.664133e+00
   endloop
 endfacet
 facet normal  2.177416e-01  0.000000e+00  9.760065e-01
   outer loop
     vertex -1.639289e+01  3.500000e+00 -1.653977e+00
     vertex -1.634736e+01  0.000000e+00 -1.664133e+00
     vertex -1.634736e+01  3.500000e+00 -1.664133e+00
   endloop
 endfacet
 facet normal  2.444354e-01  0.000000e+00  9.696656e-01
   outer loop
     vertex -1.639289e+01  3.500000e+00 -1.653977e+00
     vertex -1.643811e+01  0.000000e+00 -1.642576e+00
     vertex -1.639289e+01  0.000000e+00 -1.653977e+00
   endloop
 endfacet
 facet normal  2.444354e-01  0.000000e+00  9.696656e-01
   outer loop
     vertex -1.643811e+01  3.500000e+00 -1.642576e+00
     vertex -1.643811e+01  0.000000e+00 -1.642576e+00
     vertex -1.639289e+01  3.500000e+00 -1.653977e+00
   endloop
 endfacet
 facet normal  2.709453e-01  0.000000e+00  9.625948e-01
   outer loop
     vertex -1.648301e+01  3.500000e+00 -1.629938e+00
     vertex -1.648301e+01  0.000000e+00 -1.629938e+00
     vertex -1.643811e+01  0.000000e+00 -1.642576e+00
   endloop
 endfacet
 facet normal  2.709453e-01  0.000000e+00  9.625948e-01
   outer loop
     vertex -1.648301e+01  3.500000e+00 -1.629938e+00
     vertex -1.643811e+01  0.000000e+00 -1.642576e+00
     vertex -1.643811e+01  3.500000e+00 -1.642576e+00
   endloop
 endfacet
 facet normal  2.972512e-01  0.000000e+00  9.547993e-01
   outer loop
     vertex -1.652755e+01  3.500000e+00 -1.616074e+00
     vertex -1.652755e+01  0.000000e+00 -1.616074e+00
     vertex -1.648301e+01  0.000000e+00 -1.629938e+00
   endloop
 endfacet
 facet normal  2.972512e-01  0.000000e+00  9.547993e-01
   outer loop
     vertex -1.652755e+01  3.500000e+00 -1.616074e+00
     vertex -1.648301e+01  0.000000e+00 -1.629938e+00
     vertex -1.648301e+01  3.500000e+00 -1.629938e+00
   endloop
 endfacet
 facet normal  3.233333e-01  0.000000e+00  9.462851e-01
   outer loop
     vertex -1.657168e+01  3.500000e+00 -1.600993e+00
     vertex -1.657168e+01  0.000000e+00 -1.600993e+00
     vertex -1.652755e+01  0.000000e+00 -1.616074e+00
   endloop
 endfacet
 facet normal  3.233333e-01  0.000000e+00  9.462851e-01
   outer loop
     vertex -1.657168e+01  3.500000e+00 -1.600993e+00
     vertex -1.652755e+01  0.000000e+00 -1.616074e+00
     vertex -1.652755e+01  3.500000e+00 -1.616074e+00
   endloop
 endfacet
 facet normal  3.491720e-01  0.000000e+00  9.370586e-01
   outer loop
     vertex -1.661539e+01  3.500000e+00 -1.584707e+00
     vertex -1.661539e+01  0.000000e+00 -1.584707e+00
     vertex -1.657168e+01  0.000000e+00 -1.600993e+00
   endloop
 endfacet
 facet normal  3.491720e-01  0.000000e+00  9.370586e-01
   outer loop
     vertex -1.661539e+01  3.500000e+00 -1.584707e+00
     vertex -1.657168e+01  0.000000e+00 -1.600993e+00
     vertex -1.657168e+01  3.500000e+00 -1.600993e+00
   endloop
 endfacet
 facet normal  3.747479e-01  0.000000e+00  9.271267e-01
   outer loop
     vertex -1.665863e+01  3.500000e+00 -1.567228e+00
     vertex -1.665863e+01  0.000000e+00 -1.567228e+00
     vertex -1.661539e+01  0.000000e+00 -1.584707e+00
   endloop
 endfacet
 facet normal  3.747479e-01  0.000000e+00  9.271267e-01
   outer loop
     vertex -1.665863e+01  3.500000e+00 -1.567228e+00
     vertex -1.661539e+01  0.000000e+00 -1.584707e+00
     vertex -1.661539e+01  3.500000e+00 -1.584707e+00
   endloop
 endfacet
 facet normal  4.000417e-01  0.000000e+00  9.164969e-01
   outer loop
     vertex -1.670138e+01  3.500000e+00 -1.548569e+00
     vertex -1.670138e+01  0.000000e+00 -1.548569e+00
     vertex -1.665863e+01  0.000000e+00 -1.567228e+00
   endloop
 endfacet
 facet normal  4.000417e-01  0.000000e+00  9.164969e-01
   outer loop
     vertex -1.670138e+01  3.500000e+00 -1.548569e+00
     vertex -1.665863e+01  0.000000e+00 -1.567228e+00
     vertex -1.665863e+01  3.500000e+00 -1.567228e+00
   endloop
 endfacet
 facet normal  4.250344e-01  0.000000e+00  9.051772e-01
   outer loop
     vertex -1.674360e+01  3.500000e+00 -1.528744e+00
     vertex -1.674360e+01  0.000000e+00 -1.528744e+00
     vertex -1.670138e+01  0.000000e+00 -1.548569e+00
   endloop
 endfacet
 facet normal  4.250344e-01  0.000000e+00  9.051772e-01
   outer loop
     vertex -1.674360e+01  3.500000e+00 -1.528744e+00
     vertex -1.670138e+01  0.000000e+00 -1.548569e+00
     vertex -1.670138e+01  3.500000e+00 -1.548569e+00
   endloop
 endfacet
 facet normal  4.497071e-01  0.000000e+00  8.931761e-01
   outer loop
     vertex -1.678526e+01  3.500000e+00 -1.507769e+00
     vertex -1.678526e+01  0.000000e+00 -1.507769e+00
     vertex -1.674360e+01  0.000000e+00 -1.528744e+00
   endloop
 endfacet
 facet normal  4.497071e-01  0.000000e+00  8.931761e-01
   outer loop
     vertex -1.678526e+01  3.500000e+00 -1.507769e+00
     vertex -1.674360e+01  0.000000e+00 -1.528744e+00
     vertex -1.674360e+01  3.500000e+00 -1.528744e+00
   endloop
 endfacet
 facet normal  4.740412e-01  0.000000e+00  8.805026e-01
   outer loop
     vertex -1.682633e+01  3.500000e+00 -1.485658e+00
     vertex -1.682633e+01  0.000000e+00 -1.485658e+00
     vertex -1.678526e+01  0.000000e+00 -1.507769e+00
   endloop
 endfacet
 facet normal  4.740412e-01  0.000000e+00  8.805026e-01
   outer loop
     vertex -1.682633e+01  3.500000e+00 -1.485658e+00
     vertex -1.678526e+01  0.000000e+00 -1.507769e+00
     vertex -1.678526e+01  3.500000e+00 -1.507769e+00
   endloop
 endfacet
 facet normal  4.980186e-01  0.000000e+00  8.671664e-01
   outer loop
     vertex -1.686678e+01  3.500000e+00 -1.462430e+00
     vertex -1.686678e+01  0.000000e+00 -1.462430e+00
     vertex -1.682633e+01  0.000000e+00 -1.485658e+00
   endloop
 endfacet
 facet normal  4.980186e-01  0.000000e+00  8.671664e-01
   outer loop
     vertex -1.686678e+01  3.500000e+00 -1.462430e+00
     vertex -1.682633e+01  0.000000e+00 -1.485658e+00
     vertex -1.682633e+01  3.500000e+00 -1.485658e+00
   endloop
 endfacet
 facet normal  5.216210e-01  0.000000e+00  8.531773e-01
   outer loop
     vertex -1.690657e+01  3.500000e+00 -1.438100e+00
     vertex -1.690657e+01  0.000000e+00 -1.438100e+00
     vertex -1.686678e+01  0.000000e+00 -1.462430e+00
   endloop
 endfacet
 facet normal  5.216210e-01  0.000000e+00  8.531773e-01
   outer loop
     vertex -1.690657e+01  3.500000e+00 -1.438100e+00
     vertex -1.686678e+01  0.000000e+00 -1.462430e+00
     vertex -1.686678e+01  3.500000e+00 -1.462430e+00
   endloop
 endfacet
 facet normal  5.448308e-01  0.000000e+00  8.385460e-01
   outer loop
     vertex -1.694568e+01  3.500000e+00 -1.412688e+00
     vertex -1.694568e+01  0.000000e+00 -1.412688e+00
     vertex -1.690657e+01  0.000000e+00 -1.438100e+00
   endloop
 endfacet
 facet normal  5.448308e-01  0.000000e+00  8.385460e-01
   outer loop
     vertex -1.694568e+01  3.500000e+00 -1.412688e+00
     vertex -1.690657e+01  0.000000e+00 -1.438100e+00
     vertex -1.690657e+01  3.500000e+00 -1.438100e+00
   endloop
 endfacet
 facet normal  5.676304e-01  0.000000e+00  8.232835e-01
   outer loop
     vertex -1.698408e+01  3.500000e+00 -1.386212e+00
     vertex -1.694568e+01  0.000000e+00 -1.412688e+00
     vertex -1.694568e+01  3.500000e+00 -1.412688e+00
   endloop
 endfacet
 facet normal  5.676304e-01  0.000000e+00  8.232835e-01
   outer loop
     vertex -1.698408e+01  3.500000e+00 -1.386212e+00
     vertex -1.698408e+01  0.000000e+00 -1.386212e+00
     vertex -1.694568e+01  0.000000e+00 -1.412688e+00
   endloop
 endfacet
 facet normal  5.900028e-01  0.000000e+00  8.074012e-01
   outer loop
     vertex -1.702174e+01  3.500000e+00 -1.358693e+00
     vertex -1.698408e+01  0.000000e+00 -1.386212e+00
     vertex -1.698408e+01  3.500000e+00 -1.386212e+00
   endloop
 endfacet
 facet normal  5.900028e-01  0.000000e+00  8.074012e-01
   outer loop
     vertex -1.702174e+01  3.500000e+00 -1.358693e+00
     vertex -1.702174e+01  0.000000e+00 -1.358693e+00
     vertex -1.698408e+01  0.000000e+00 -1.386212e+00
   endloop
 endfacet
 facet normal  6.119310e-01  0.000000e+00  7.909112e-01
   outer loop
     vertex -1.705863e+01  3.500000e+00 -1.330152e+00
     vertex -1.702174e+01  0.000000e+00 -1.358693e+00
     vertex -1.702174e+01  3.500000e+00 -1.358693e+00
   endloop
 endfacet
 facet normal  6.119310e-01  0.000000e+00  7.909112e-01
   outer loop
     vertex -1.705863e+01  3.500000e+00 -1.330152e+00
     vertex -1.705863e+01  0.000000e+00 -1.330152e+00
     vertex -1.702174e+01  0.000000e+00 -1.358693e+00
   endloop
 endfacet
 facet normal  6.333986e-01  0.000000e+00  7.738257e-01
   outer loop
     vertex -1.709472e+01  3.500000e+00 -1.300608e+00
     vertex -1.705863e+01  0.000000e+00 -1.330152e+00
     vertex -1.705863e+01  3.500000e+00 -1.330152e+00
   endloop
 endfacet
 facet normal  6.333986e-01  0.000000e+00  7.738257e-01
   outer loop
     vertex -1.709472e+01  3.500000e+00 -1.300608e+00
     vertex -1.709472e+01  0.000000e+00 -1.300608e+00
     vertex -1.705863e+01  0.000000e+00 -1.330152e+00
   endloop
 endfacet
 facet normal  6.543893e-01  0.000000e+00  7.561578e-01
   outer loop
     vertex -1.712999e+01  3.500000e+00 -1.270086e+00
     vertex -1.709472e+01  0.000000e+00 -1.300608e+00
     vertex -1.709472e+01  3.500000e+00 -1.300608e+00
   endloop
 endfacet
 facet normal  6.543893e-01  0.000000e+00  7.561578e-01
   outer loop
     vertex -1.712999e+01  3.500000e+00 -1.270086e+00
     vertex -1.712999e+01  0.000000e+00 -1.270086e+00
     vertex -1.709472e+01  0.000000e+00 -1.300608e+00
   endloop
 endfacet
 facet normal  6.748875e-01  0.000000e+00  7.379206e-01
   outer loop
     vertex -1.716441e+01  3.500000e+00 -1.238608e+00
     vertex -1.712999e+01  0.000000e+00 -1.270086e+00
     vertex -1.712999e+01  3.500000e+00 -1.270086e+00
   endloop
 endfacet
 facet normal  6.748875e-01  0.000000e+00  7.379206e-01
   outer loop
     vertex -1.716441e+01  3.500000e+00 -1.238608e+00
     vertex -1.716441e+01  0.000000e+00 -1.238608e+00
     vertex -1.712999e+01  0.000000e+00 -1.270086e+00
   endloop
 endfacet
 facet normal  6.948776e-01  0.000000e+00  7.191280e-01
   outer loop
     vertex -1.719795e+01  3.500000e+00 -1.206197e+00
     vertex -1.716441e+01  0.000000e+00 -1.238608e+00
     vertex -1.716441e+01  3.500000e+00 -1.238608e+00
   endloop
 endfacet
 facet normal  6.948776e-01  0.000000e+00  7.191280e-01
   outer loop
     vertex -1.719795e+01  3.500000e+00 -1.206197e+00
     vertex -1.719795e+01  0.000000e+00 -1.206197e+00
     vertex -1.716441e+01  0.000000e+00 -1.238608e+00
   endloop
 endfacet
 facet normal  7.143447e-01  0.000000e+00  6.997940e-01
   outer loop
     vertex -1.723059e+01  3.500000e+00 -1.172879e+00
     vertex -1.719795e+01  0.000000e+00 -1.206197e+00
     vertex -1.719795e+01  3.500000e+00 -1.206197e+00
   endloop
 endfacet
 facet normal  7.143447e-01  0.000000e+00  6.997940e-01
   outer loop
     vertex -1.723059e+01  3.500000e+00 -1.172879e+00
     vertex -1.723059e+01  0.000000e+00 -1.172879e+00
     vertex -1.719795e+01  0.000000e+00 -1.206197e+00
   endloop
 endfacet
 facet normal  7.332740e-01  0.000000e+00  6.799333e-01
   outer loop
     vertex -1.726231e+01  3.500000e+00 -1.138677e+00
     vertex -1.723059e+01  0.000000e+00 -1.172879e+00
     vertex -1.723059e+01  3.500000e+00 -1.172879e+00
   endloop
 endfacet
 facet normal  7.332740e-01  0.000000e+00  6.799333e-01
   outer loop
     vertex -1.726231e+01  3.500000e+00 -1.138677e+00
     vertex -1.726231e+01  0.000000e+00 -1.138677e+00
     vertex -1.723059e+01  0.000000e+00 -1.172879e+00
   endloop
 endfacet
 facet normal  7.516513e-01  0.000000e+00  6.595607e-01
   outer loop
     vertex -1.729307e+01  3.500000e+00 -1.103618e+00
     vertex -1.726231e+01  0.000000e+00 -1.138677e+00
     vertex -1.726231e+01  3.500000e+00 -1.138677e+00
   endloop
 endfacet
 facet normal  7.516513e-01  0.000000e+00  6.595607e-01
   outer loop
     vertex -1.729307e+01  3.500000e+00 -1.103618e+00
     vertex -1.729307e+01  0.000000e+00 -1.103618e+00
     vertex -1.726231e+01  0.000000e+00 -1.138677e+00
   endloop
 endfacet
 facet normal  7.694628e-01  0.000000e+00  6.386916e-01
   outer loop
     vertex -1.732286e+01  3.500000e+00 -1.067729e+00
     vertex -1.729307e+01  0.000000e+00 -1.103618e+00
     vertex -1.729307e+01  3.500000e+00 -1.103618e+00
   endloop
 endfacet
 facet normal  7.694628e-01  0.000000e+00  6.386916e-01
   outer loop
     vertex -1.732286e+01  3.500000e+00 -1.067729e+00
     vertex -1.732286e+01  0.000000e+00 -1.067729e+00
     vertex -1.729307e+01  0.000000e+00 -1.103618e+00
   endloop
 endfacet
 facet normal  7.866951e-01  0.000000e+00  6.173417e-01
   outer loop
     vertex -1.735165e+01  3.500000e+00 -1.031036e+00
     vertex -1.732286e+01  0.000000e+00 -1.067729e+00
     vertex -1.732286e+01  3.500000e+00 -1.067729e+00
   endloop
 endfacet
 facet normal  7.866951e-01  0.000000e+00  6.173417e-01
   outer loop
     vertex -1.735165e+01  3.500000e+00 -1.031036e+00
     vertex -1.735165e+01  0.000000e+00 -1.031036e+00
     vertex -1.732286e+01  0.000000e+00 -1.067729e+00
   endloop
 endfacet
 facet normal  8.033352e-01  0.000000e+00  5.955271e-01
   outer loop
     vertex -1.737943e+01  3.500000e+00 -9.935661e-01
     vertex -1.735165e+01  0.000000e+00 -1.031036e+00
     vertex -1.735165e+01  3.500000e+00 -1.031036e+00
   endloop
 endfacet
 facet normal  8.033352e-01  0.000000e+00  5.955271e-01
   outer loop
     vertex -1.737943e+01  3.500000e+00 -9.935661e-01
     vertex -1.737943e+01  0.000000e+00 -9.935661e-01
     vertex -1.735165e+01  0.000000e+00 -1.031036e+00
   endloop
 endfacet
 facet normal  8.193706e-01  0.000000e+00  5.732642e-01
   outer loop
     vertex -1.740617e+01  3.500000e+00 -9.553488e-01
     vertex -1.737943e+01  0.000000e+00 -9.935661e-01
     vertex -1.737943e+01  3.500000e+00 -9.935661e-01
   endloop
 endfacet
 facet normal  8.193706e-01  0.000000e+00  5.732642e-01
   outer loop
     vertex -1.740617e+01  3.500000e+00 -9.553488e-01
     vertex -1.740617e+01  0.000000e+00 -9.553488e-01
     vertex -1.737943e+01  0.000000e+00 -9.935661e-01
   endloop
 endfacet
 facet normal  8.347891e-01  0.000000e+00  5.505698e-01
   outer loop
     vertex -1.743185e+01  3.500000e+00 -9.164124e-01
     vertex -1.740617e+01  0.000000e+00 -9.553488e-01
     vertex -1.740617e+01  3.500000e+00 -9.553488e-01
   endloop
 endfacet
 facet normal  8.347891e-01  0.000000e+00  5.505698e-01
   outer loop
     vertex -1.743185e+01  3.500000e+00 -9.164124e-01
     vertex -1.743185e+01  0.000000e+00 -9.164124e-01
     vertex -1.740617e+01  0.000000e+00 -9.553488e-01
   endloop
 endfacet
 facet normal  8.495793e-01  0.000000e+00  5.274609e-01
   outer loop
     vertex -1.743185e+01  3.500000e+00 -9.164124e-01
     vertex -1.745645e+01  0.000000e+00 -8.767861e-01
     vertex -1.743185e+01  0.000000e+00 -9.164124e-01
   endloop
 endfacet
 facet normal  8.495793e-01  0.000000e+00  5.274609e-01
   outer loop
     vertex -1.745645e+01  3.500000e+00 -8.767861e-01
     vertex -1.745645e+01  0.000000e+00 -8.767861e-01
     vertex -1.743185e+01  3.500000e+00 -9.164124e-01
   endloop
 endfacet
 facet normal  8.637299e-01  0.000000e+00  5.039550e-01
   outer loop
     vertex -1.747996e+01  3.500000e+00 -8.364998e-01
     vertex -1.745645e+01  0.000000e+00 -8.767861e-01
     vertex -1.745645e+01  3.500000e+00 -8.767861e-01
   endloop
 endfacet
 facet normal  8.637299e-01  0.000000e+00  5.039550e-01
   outer loop
     vertex -1.747996e+01  3.500000e+00 -8.364998e-01
     vertex -1.747996e+01  0.000000e+00 -8.364998e-01
     vertex -1.745645e+01  0.000000e+00 -8.767861e-01
   endloop
 endfacet
 facet normal  8.772303e-01  0.000000e+00  4.800697e-01
   outer loop
     vertex -1.750235e+01  3.500000e+00 -7.955837e-01
     vertex -1.747996e+01  0.000000e+00 -8.364998e-01
     vertex -1.747996e+01  3.500000e+00 -8.364998e-01
   endloop
 endfacet
 facet normal  8.772303e-01  0.000000e+00  4.800697e-01
   outer loop
     vertex -1.750235e+01  3.500000e+00 -7.955837e-01
     vertex -1.750235e+01  0.000000e+00 -7.955837e-01
     vertex -1.747996e+01  0.000000e+00 -8.364998e-01
   endloop
 endfacet
 facet normal  8.900704e-01  0.000000e+00  4.558231e-01
   outer loop
     vertex -1.752361e+01  3.500000e+00 -7.540688e-01
     vertex -1.750235e+01  0.000000e+00 -7.955837e-01
     vertex -1.750235e+01  3.500000e+00 -7.955837e-01
   endloop
 endfacet
 facet normal  8.900704e-01  0.000000e+00  4.558231e-01
   outer loop
     vertex -1.752361e+01  3.500000e+00 -7.540688e-01
     vertex -1.752361e+01  0.000000e+00 -7.540688e-01
     vertex -1.750235e+01  0.000000e+00 -7.955837e-01
   endloop
 endfacet
 facet normal  9.022405e-01  0.000000e+00  4.312333e-01
   outer loop
     vertex -1.754372e+01  3.500000e+00 -7.119863e-01
     vertex -1.752361e+01  0.000000e+00 -7.540688e-01
     vertex -1.752361e+01  3.500000e+00 -7.540688e-01
   endloop
 endfacet
 facet normal  9.022405e-01  0.000000e+00  4.312333e-01
   outer loop
     vertex -1.754372e+01  3.500000e+00 -7.119863e-01
     vertex -1.754372e+01  0.000000e+00 -7.119863e-01
     vertex -1.752361e+01  0.000000e+00 -7.540688e-01
   endloop
 endfacet
 facet normal  9.137314e-01  0.000000e+00  4.063188e-01
   outer loop
     vertex -1.756267e+01  3.500000e+00 -6.693678e-01
     vertex -1.754372e+01  0.000000e+00 -7.119863e-01
     vertex -1.754372e+01  3.500000e+00 -7.119863e-01
   endloop
 endfacet
 facet normal  9.137314e-01  0.000000e+00  4.063188e-01
   outer loop
     vertex -1.756267e+01  3.500000e+00 -6.693678e-01
     vertex -1.756267e+01  0.000000e+00 -6.693678e-01
     vertex -1.754372e+01  0.000000e+00 -7.119863e-01
   endloop
 endfacet
 facet normal  9.245344e-01  0.000000e+00  3.810986e-01
   outer loop
     vertex -1.758045e+01  3.500000e+00 -6.262454e-01
     vertex -1.758045e+01  0.000000e+00 -6.262454e-01
     vertex -1.756267e+01  0.000000e+00 -6.693678e-01
   endloop
 endfacet
 facet normal  9.245344e-01  0.000000e+00  3.810986e-01
   outer loop
     vertex -1.758045e+01  3.500000e+00 -6.262454e-01
     vertex -1.756267e+01  0.000000e+00 -6.693678e-01
     vertex -1.756267e+01  3.500000e+00 -6.693678e-01
   endloop
 endfacet
 facet normal  9.346415e-01  0.000000e+00  3.555914e-01
   outer loop
     vertex -1.759703e+01  3.500000e+00 -5.826516e-01
     vertex -1.759703e+01  0.000000e+00 -5.826516e-01
     vertex -1.758045e+01  0.000000e+00 -6.262454e-01
   endloop
 endfacet
 facet normal  9.346415e-01  0.000000e+00  3.555914e-01
   outer loop
     vertex -1.759703e+01  3.500000e+00 -5.826516e-01
     vertex -1.758045e+01  0.000000e+00 -6.262454e-01
     vertex -1.758045e+01  3.500000e+00 -6.262454e-01
   endloop
 endfacet
 facet normal  9.440450e-01  0.000000e+00  3.298166e-01
   outer loop
     vertex -1.761242e+01  3.500000e+00 -5.386192e-01
     vertex -1.761242e+01  0.000000e+00 -5.386192e-01
     vertex -1.759703e+01  0.000000e+00 -5.826516e-01
   endloop
 endfacet
 facet normal  9.527379e-01  0.000000e+00  3.037934e-01
   outer loop
     vertex -1.761242e+01  3.500000e+00 -5.386192e-01
     vertex -1.762659e+01  0.000000e+00 -4.941813e-01
     vertex -1.761242e+01  0.000000e+00 -5.386192e-01
   endloop
 endfacet
 facet normal  9.440450e-01  0.000000e+00  3.298166e-01
   outer loop
     vertex -1.761242e+01  3.500000e+00 -5.386192e-01
     vertex -1.759703e+01  0.000000e+00 -5.826516e-01
     vertex -1.759703e+01  3.500000e+00 -5.826516e-01
   endloop
 endfacet
 facet normal  9.527379e-01  0.000000e+00  3.037934e-01
   outer loop
     vertex -1.762659e+01  3.500000e+00 -4.941813e-01
     vertex -1.762659e+01  0.000000e+00 -4.941813e-01
     vertex -1.761242e+01  3.500000e+00 -5.386192e-01
   endloop
 endfacet
 facet normal  9.607136e-01  0.000000e+00  2.775416e-01
   outer loop
     vertex -1.763953e+01  3.500000e+00 -4.493715e-01
     vertex -1.762659e+01  0.000000e+00 -4.941813e-01
     vertex -1.762659e+01  3.500000e+00 -4.941813e-01
   endloop
 endfacet
 facet normal  9.607136e-01  0.000000e+00  2.775416e-01
   outer loop
     vertex -1.763953e+01  3.500000e+00 -4.493715e-01
     vertex -1.763953e+01  0.000000e+00 -4.493715e-01
     vertex -1.762659e+01  0.000000e+00 -4.941813e-01
   endloop
 endfacet
 facet normal  9.679661e-01  0.000000e+00  2.510809e-01
   outer loop
     vertex -1.765124e+01  3.500000e+00 -4.042233e-01
     vertex -1.763953e+01  0.000000e+00 -4.493715e-01
     vertex -1.763953e+01  3.500000e+00 -4.493715e-01
   endloop
 endfacet
 facet normal  9.679661e-01  0.000000e+00  2.510809e-01
   outer loop
     vertex -1.765124e+01  3.500000e+00 -4.042233e-01
     vertex -1.765124e+01  0.000000e+00 -4.042233e-01
     vertex -1.763953e+01  0.000000e+00 -4.493715e-01
   endloop
 endfacet
 facet normal  9.744899e-01  0.000000e+00  2.244312e-01
   outer loop
     vertex -1.766171e+01  3.500000e+00 -3.587709e-01
     vertex -1.765124e+01  0.000000e+00 -4.042233e-01
     vertex -1.765124e+01  3.500000e+00 -4.042233e-01
   endloop
 endfacet
 facet normal  9.744899e-01  0.000000e+00  2.244312e-01
   outer loop
     vertex -1.766171e+01  3.500000e+00 -3.587709e-01
     vertex -1.766171e+01  0.000000e+00 -3.587709e-01
     vertex -1.765124e+01  0.000000e+00 -4.042233e-01
   endloop
 endfacet
 facet normal  9.802802e-01  0.000000e+00  1.976125e-01
   outer loop
     vertex -1.766171e+01  3.500000e+00 -3.587709e-01
     vertex -1.767093e+01  0.000000e+00 -3.130484e-01
     vertex -1.766171e+01  0.000000e+00 -3.587709e-01
   endloop
 endfacet
 facet normal  9.802802e-01  0.000000e+00  1.976125e-01
   outer loop
     vertex -1.767093e+01  3.500000e+00 -3.130484e-01
     vertex -1.767093e+01  0.000000e+00 -3.130484e-01
     vertex -1.766171e+01  3.500000e+00 -3.587709e-01
   endloop
 endfacet
 facet normal  9.853326e-01  0.000000e+00  1.706451e-01
   outer loop
     vertex -1.767889e+01  3.500000e+00 -2.670903e-01
     vertex -1.767093e+01  0.000000e+00 -3.130484e-01
     vertex -1.767093e+01  3.500000e+00 -3.130484e-01
   endloop
 endfacet
 facet normal  9.853326e-01  0.000000e+00  1.706451e-01
   outer loop
     vertex -1.767889e+01  3.500000e+00 -2.670903e-01
     vertex -1.767889e+01  0.000000e+00 -2.670903e-01
     vertex -1.767093e+01  0.000000e+00 -3.130484e-01
   endloop
 endfacet
 facet normal  9.896432e-01  0.000000e+00  1.435492e-01
   outer loop
     vertex -1.768558e+01  3.500000e+00 -2.209311e-01
     vertex -1.767889e+01  0.000000e+00 -2.670903e-01
     vertex -1.767889e+01  3.500000e+00 -2.670903e-01
   endloop
 endfacet
 facet normal  9.896432e-01  0.000000e+00  1.435492e-01
   outer loop
     vertex -1.768558e+01  3.500000e+00 -2.209311e-01
     vertex -1.768558e+01  0.000000e+00 -2.209311e-01
     vertex -1.767889e+01  0.000000e+00 -2.670903e-01
   endloop
 endfacet
 facet normal  9.932088e-01  0.000000e+00  1.163452e-01
   outer loop
     vertex -1.768558e+01  3.500000e+00 -2.209311e-01
     vertex -1.769101e+01  0.000000e+00 -1.746055e-01
     vertex -1.768558e+01  0.000000e+00 -2.209311e-01
   endloop
 endfacet
 facet normal  9.932088e-01  0.000000e+00  1.163452e-01
   outer loop
     vertex -1.769101e+01  3.500000e+00 -1.746055e-01
     vertex -1.769101e+01  0.000000e+00 -1.746055e-01
     vertex -1.768558e+01  3.500000e+00 -2.209311e-01
   endloop
 endfacet
 facet normal  9.960268e-01  0.000000e+00  8.905371e-02
   outer loop
     vertex -1.769516e+01  3.500000e+00 -1.281486e-01
     vertex -1.769101e+01  0.000000e+00 -1.746055e-01
     vertex -1.769101e+01  3.500000e+00 -1.746055e-01
   endloop
 endfacet
 facet normal  9.960268e-01  0.000000e+00  8.905371e-02
   outer loop
     vertex -1.769516e+01  3.500000e+00 -1.281486e-01
     vertex -1.769516e+01  0.000000e+00 -1.281486e-01
     vertex -1.769101e+01  0.000000e+00 -1.746055e-01
   endloop
 endfacet
 facet normal  9.980950e-01  0.000000e+00  6.169515e-02
   outer loop
     vertex -1.769516e+01  3.500000e+00 -1.281486e-01
     vertex -1.769804e+01  0.000000e+00 -8.159517e-02
     vertex -1.769516e+01  0.000000e+00 -1.281486e-01
   endloop
 endfacet
 facet normal  9.980950e-01  0.000000e+00  6.169515e-02
   outer loop
     vertex -1.769804e+01  3.500000e+00 -8.159517e-02
     vertex -1.769804e+01  0.000000e+00 -8.159517e-02
     vertex -1.769516e+01  3.500000e+00 -1.281486e-01
   endloop
 endfacet
 facet normal  9.994119e-01  0.000000e+00  3.429014e-02
   outer loop
     vertex -1.769964e+01  3.500000e+00 -3.498033e-02
     vertex -1.769804e+01  0.000000e+00 -8.159517e-02
     vertex -1.769804e+01  3.500000e+00 -8.159517e-02
   endloop
 endfacet
 facet normal  9.994119e-01  0.000000e+00  3.429014e-02
   outer loop
     vertex -1.769964e+01  3.500000e+00 -3.498033e-02
     vertex -1.769964e+01  0.000000e+00 -3.498033e-02
     vertex -1.769804e+01  0.000000e+00 -8.159517e-02
   endloop
 endfacet
 facet normal  9.999765e-01  0.000000e+00  6.859319e-03
   outer loop
     vertex -1.769996e+01  3.500000e+00  1.166084e-02
     vertex -1.769964e+01  0.000000e+00 -3.498033e-02
     vertex -1.769964e+01  3.500000e+00 -3.498033e-02
   endloop
 endfacet
 facet normal  9.999765e-01  0.000000e+00  6.859319e-03
   outer loop
     vertex -1.769996e+01  3.500000e+00  1.166084e-02
     vertex -1.769996e+01  0.000000e+00  1.166084e-02
     vertex -1.769964e+01  0.000000e+00 -3.498033e-02
   endloop
 endfacet
 facet normal  9.997883e-01  0.000000e+00 -2.057667e-02
   outer loop
     vertex -1.769996e+01  3.500000e+00  1.166084e-02
     vertex -1.769900e+01  0.000000e+00  5.829324e-02
     vertex -1.769996e+01  0.000000e+00  1.166084e-02
   endloop
 endfacet
 facet normal  9.988475e-01  0.000000e+00 -4.799716e-02
   outer loop
     vertex -1.769900e+01  3.500000e+00  5.829324e-02
     vertex -1.769676e+01  0.000000e+00  1.048818e-01
     vertex -1.769900e+01  0.000000e+00  5.829324e-02
   endloop
 endfacet
 facet normal  9.997883e-01  0.000000e+00 -2.057667e-02
   outer loop
     vertex -1.769900e+01  3.500000e+00  5.829324e-02
     vertex -1.769900e+01  0.000000e+00  5.829324e-02
     vertex -1.769996e+01  3.500000e+00  1.166084e-02
   endloop
 endfacet
 facet normal  9.988475e-01  0.000000e+00 -4.799716e-02
   outer loop
     vertex -1.769676e+01  3.500000e+00  1.048818e-01
     vertex -1.769676e+01  0.000000e+00  1.048818e-01
     vertex -1.769900e+01  3.500000e+00  5.829324e-02
   endloop
 endfacet
 facet normal  9.971548e-01  0.000000e+00 -7.538152e-02
   outer loop
     vertex -1.769325e+01  3.500000e+00  1.513913e-01
     vertex -1.769325e+01  0.000000e+00  1.513913e-01
     vertex -1.769676e+01  0.000000e+00  1.048818e-01
   endloop
 endfacet
 facet normal  9.971548e-01  0.000000e+00 -7.538152e-02
   outer loop
     vertex -1.769325e+01  3.500000e+00  1.513913e-01
     vertex -1.769676e+01  0.000000e+00  1.048818e-01
     vertex -1.769676e+01  3.500000e+00  1.048818e-01
   endloop
 endfacet
 facet normal  9.947114e-01  0.000000e+00 -1.027091e-01
   outer loop
     vertex -1.768846e+01  3.500000e+00  1.977869e-01
     vertex -1.768846e+01  0.000000e+00  1.977869e-01
     vertex -1.769325e+01  0.000000e+00  1.513913e-01
   endloop
 endfacet
 facet normal  9.915193e-01  0.000000e+00 -1.299594e-01
   outer loop
     vertex -1.768846e+01  3.500000e+00  1.977869e-01
     vertex -1.768239e+01  0.000000e+00  2.440336e-01
     vertex -1.768846e+01  0.000000e+00  1.977869e-01
   endloop
 endfacet
 facet normal  9.947114e-01  0.000000e+00 -1.027091e-01
   outer loop
     vertex -1.768846e+01  3.500000e+00  1.977869e-01
     vertex -1.769325e+01  0.000000e+00  1.513913e-01
     vertex -1.769325e+01  3.500000e+00  1.513913e-01
   endloop
 endfacet
 facet normal  9.915193e-01  0.000000e+00 -1.299594e-01
   outer loop
     vertex -1.768239e+01  3.500000e+00  2.440336e-01
     vertex -1.768239e+01  0.000000e+00  2.440336e-01
     vertex -1.768846e+01  3.500000e+00  1.977869e-01
   endloop
 endfacet
 facet normal  9.875808e-01  0.000000e+00 -1.571119e-01
   outer loop
     vertex -1.767507e+01  3.500000e+00  2.900966e-01
     vertex -1.767507e+01  0.000000e+00  2.900966e-01
     vertex -1.768239e+01  0.000000e+00  2.440336e-01
   endloop
 endfacet
 facet normal  9.875808e-01  0.000000e+00 -1.571119e-01
   outer loop
     vertex -1.767507e+01  3.500000e+00  2.900966e-01
     vertex -1.768239e+01  0.000000e+00  2.440336e-01
     vertex -1.768239e+01  3.500000e+00  2.440336e-01
   endloop
 endfacet
 facet normal  9.828989e-01  0.000000e+00 -1.841461e-01
   outer loop
     vertex -1.766648e+01  3.500000e+00  3.359413e-01
     vertex -1.766648e+01  0.000000e+00  3.359413e-01
     vertex -1.767507e+01  0.000000e+00  2.900966e-01
   endloop
 endfacet
 facet normal  9.828989e-01  0.000000e+00 -1.841461e-01
   outer loop
     vertex -1.766648e+01  3.500000e+00  3.359413e-01
     vertex -1.767507e+01  0.000000e+00  2.900966e-01
     vertex -1.767507e+01  3.500000e+00  2.900966e-01
   endloop
 endfacet
 facet normal  9.774771e-01  0.000000e+00 -2.110417e-01
   outer loop
     vertex -1.765663e+01  3.500000e+00  3.815330e-01
     vertex -1.765663e+01  0.000000e+00  3.815330e-01
     vertex -1.766648e+01  0.000000e+00  3.359413e-01
   endloop
 endfacet
 facet normal  9.774771e-01  0.000000e+00 -2.110417e-01
   outer loop
     vertex -1.765663e+01  3.500000e+00  3.815330e-01
     vertex -1.766648e+01  0.000000e+00  3.359413e-01
     vertex -1.766648e+01  3.500000e+00  3.359413e-01
   endloop
 endfacet
 facet normal  9.713194e-01  0.000000e+00 -2.377784e-01
   outer loop
     vertex -1.764554e+01  3.500000e+00  4.268376e-01
     vertex -1.764554e+01  0.000000e+00  4.268376e-01
     vertex -1.765663e+01  0.000000e+00  3.815330e-01
   endloop
 endfacet
 facet normal  9.713194e-01  0.000000e+00 -2.377784e-01
   outer loop
     vertex -1.764554e+01  3.500000e+00  4.268376e-01
     vertex -1.765663e+01  0.000000e+00  3.815330e-01
     vertex -1.765663e+01  3.500000e+00  3.815330e-01
   endloop
 endfacet
 facet normal  9.644306e-01  0.000000e+00 -2.643362e-01
   outer loop
     vertex -1.763321e+01  3.500000e+00  4.718208e-01
     vertex -1.763321e+01  0.000000e+00  4.718208e-01
     vertex -1.764554e+01  0.000000e+00  4.268376e-01
   endloop
 endfacet
 facet normal  9.644306e-01  0.000000e+00 -2.643362e-01
   outer loop
     vertex -1.763321e+01  3.500000e+00  4.718208e-01
     vertex -1.764554e+01  0.000000e+00  4.268376e-01
     vertex -1.764554e+01  3.500000e+00  4.268376e-01
   endloop
 endfacet
 facet normal  9.568158e-01  0.000000e+00 -2.906949e-01
   outer loop
     vertex -1.761965e+01  3.500000e+00  5.164489e-01
     vertex -1.761965e+01  0.000000e+00  5.164489e-01
     vertex -1.763321e+01  0.000000e+00  4.718208e-01
   endloop
 endfacet
 facet normal  9.484807e-01  0.000000e+00 -3.168348e-01
   outer loop
     vertex -1.761965e+01  3.500000e+00  5.164489e-01
     vertex -1.760488e+01  0.000000e+00  5.606882e-01
     vertex -1.761965e+01  0.000000e+00  5.164489e-01
   endloop
 endfacet
 facet normal  9.568158e-01  0.000000e+00 -2.906949e-01
   outer loop
     vertex -1.761965e+01  3.500000e+00  5.164489e-01
     vertex -1.763321e+01  0.000000e+00  4.718208e-01
     vertex -1.763321e+01  3.500000e+00  4.718208e-01
   endloop
 endfacet
 facet normal  9.394317e-01  0.000000e+00 -3.427362e-01
   outer loop
     vertex -1.760488e+01  3.500000e+00  5.606882e-01
     vertex -1.758889e+01  0.000000e+00  6.045054e-01
     vertex -1.760488e+01  0.000000e+00  5.606882e-01
   endloop
 endfacet
 facet normal  9.484807e-01  0.000000e+00 -3.168348e-01
   outer loop
     vertex -1.760488e+01  3.500000e+00  5.606882e-01
     vertex -1.760488e+01  0.000000e+00  5.606882e-01
     vertex -1.761965e+01  3.500000e+00  5.164489e-01
   endloop
 endfacet
 facet normal  9.394317e-01  0.000000e+00 -3.427362e-01
   outer loop
     vertex -1.758889e+01  3.500000e+00  6.045054e-01
     vertex -1.758889e+01  0.000000e+00  6.045054e-01
     vertex -1.760488e+01  3.500000e+00  5.606882e-01
   endloop
 endfacet
 facet normal  9.296754e-01  0.000000e+00 -3.683796e-01
   outer loop
     vertex -1.757171e+01  3.500000e+00  6.478676e-01
     vertex -1.757171e+01  0.000000e+00  6.478676e-01
     vertex -1.758889e+01  0.000000e+00  6.045054e-01
   endloop
 endfacet
 facet normal  9.192194e-01  0.000000e+00 -3.937458e-01
   outer loop
     vertex -1.757171e+01  3.500000e+00  6.478676e-01
     vertex -1.755334e+01  0.000000e+00  6.907420e-01
     vertex -1.757171e+01  0.000000e+00  6.478676e-01
   endloop
 endfacet
 facet normal  9.296754e-01  0.000000e+00 -3.683796e-01
   outer loop
     vertex -1.757171e+01  3.500000e+00  6.478676e-01
     vertex -1.758889e+01  0.000000e+00  6.045054e-01
     vertex -1.758889e+01  3.500000e+00  6.045054e-01
   endloop
 endfacet
 facet normal  9.192194e-01  0.000000e+00 -3.937458e-01
   outer loop
     vertex -1.755334e+01  3.500000e+00  6.907420e-01
     vertex -1.755334e+01  0.000000e+00  6.907420e-01
     vertex -1.757171e+01  3.500000e+00  6.478676e-01
   endloop
 endfacet
 facet normal  9.080714e-01  0.000000e+00 -4.188155e-01
   outer loop
     vertex -1.753381e+01  3.500000e+00  7.330965e-01
     vertex -1.755334e+01  0.000000e+00  6.907420e-01
     vertex -1.755334e+01  3.500000e+00  6.907420e-01
   endloop
 endfacet
 facet normal  9.080714e-01  0.000000e+00 -4.188155e-01
   outer loop
     vertex -1.753381e+01  3.500000e+00  7.330965e-01
     vertex -1.753381e+01  0.000000e+00  7.330965e-01
     vertex -1.755334e+01  0.000000e+00  6.907420e-01
   endloop
 endfacet
 facet normal  8.962398e-01  0.000000e+00 -4.435699e-01
   outer loop
     vertex -1.751312e+01  3.500000e+00  7.748992e-01
     vertex -1.753381e+01  0.000000e+00  7.330965e-01
     vertex -1.753381e+01  3.500000e+00  7.330965e-01
   endloop
 endfacet
 facet normal  8.962398e-01  0.000000e+00 -4.435699e-01
   outer loop
     vertex -1.751312e+01  3.500000e+00  7.748992e-01
     vertex -1.751312e+01  0.000000e+00  7.748992e-01
     vertex -1.753381e+01  0.000000e+00  7.330965e-01
   endloop
 endfacet
 facet normal  8.837335e-01  0.000000e+00 -4.679904e-01
   outer loop
     vertex -1.751312e+01  3.500000e+00  7.748992e-01
     vertex -1.749129e+01  0.000000e+00  8.161185e-01
     vertex -1.751312e+01  0.000000e+00  7.748992e-01
   endloop
 endfacet
 facet normal  8.837335e-01  0.000000e+00 -4.679904e-01
   outer loop
     vertex -1.749129e+01  3.500000e+00  8.161185e-01
     vertex -1.749129e+01  0.000000e+00  8.161185e-01
     vertex -1.751312e+01  3.500000e+00  7.748992e-01
   endloop
 endfacet
 facet normal  8.705620e-01  0.000000e+00 -4.920587e-01
   outer loop
     vertex -1.746834e+01  3.500000e+00  8.567235e-01
     vertex -1.746834e+01  0.000000e+00  8.567235e-01
     vertex -1.749129e+01  0.000000e+00  8.161185e-01
   endloop
 endfacet
 facet normal  8.567352e-01  0.000000e+00 -5.157565e-01
   outer loop
     vertex -1.746834e+01  3.500000e+00  8.567235e-01
     vertex -1.744428e+01  0.000000e+00  8.966836e-01
     vertex -1.746834e+01  0.000000e+00  8.567235e-01
   endloop
 endfacet
 facet normal  8.705620e-01  0.000000e+00 -4.920587e-01
   outer loop
     vertex -1.746834e+01  3.500000e+00  8.567235e-01
     vertex -1.749129e+01  0.000000e+00  8.161185e-01
     vertex -1.749129e+01  3.500000e+00  8.161185e-01
   endloop
 endfacet
 facet normal  8.422635e-01  0.000000e+00 -5.390661e-01
   outer loop
     vertex -1.744428e+01  3.500000e+00  8.966836e-01
     vertex -1.741914e+01  0.000000e+00  9.359687e-01
     vertex -1.744428e+01  0.000000e+00  8.966836e-01
   endloop
 endfacet
 facet normal  8.567352e-01  0.000000e+00 -5.157565e-01
   outer loop
     vertex -1.744428e+01  3.500000e+00  8.966836e-01
     vertex -1.744428e+01  0.000000e+00  8.966836e-01
     vertex -1.746834e+01  3.500000e+00  8.567235e-01
   endloop
 endfacet
 facet normal  8.422635e-01  0.000000e+00 -5.390661e-01
   outer loop
     vertex -1.741914e+01  3.500000e+00  9.359687e-01
     vertex -1.741914e+01  0.000000e+00  9.359687e-01
     vertex -1.744428e+01  3.500000e+00  8.966836e-01
   endloop
 endfacet
 facet normal  8.271577e-01  0.000000e+00 -5.619699e-01
   outer loop
     vertex -1.739293e+01  3.500000e+00  9.745492e-01
     vertex -1.739293e+01  0.000000e+00  9.745492e-01
     vertex -1.741914e+01  0.000000e+00  9.359687e-01
   endloop
 endfacet
 facet normal  8.271577e-01  0.000000e+00 -5.619699e-01
   outer loop
     vertex -1.739293e+01  3.500000e+00  9.745492e-01
     vertex -1.741914e+01  0.000000e+00  9.359687e-01
     vertex -1.741914e+01  3.500000e+00  9.359687e-01
   endloop
 endfacet
 facet normal  8.114292e-01  0.000000e+00 -5.844507e-01
   outer loop
     vertex -1.736567e+01  3.500000e+00  1.012396e+00
     vertex -1.736567e+01  0.000000e+00  1.012396e+00
     vertex -1.739293e+01  0.000000e+00  9.745492e-01
   endloop
 endfacet
 facet normal  7.950900e-01  0.000000e+00 -6.064915e-01
   outer loop
     vertex -1.736567e+01  3.500000e+00  1.012396e+00
     vertex -1.733738e+01  0.000000e+00  1.049481e+00
     vertex -1.736567e+01  0.000000e+00  1.012396e+00
   endloop
 endfacet
 facet normal  8.114292e-01  0.000000e+00 -5.844507e-01
   outer loop
     vertex -1.736567e+01  3.500000e+00  1.012396e+00
     vertex -1.739293e+01  0.000000e+00  9.745492e-01
     vertex -1.739293e+01  3.500000e+00  9.745492e-01
   endloop
 endfacet
 facet normal  7.950900e-01  0.000000e+00 -6.064915e-01
   outer loop
     vertex -1.733738e+01  3.500000e+00  1.049481e+00
     vertex -1.733738e+01  0.000000e+00  1.049481e+00
     vertex -1.736567e+01  3.500000e+00  1.012396e+00
   endloop
 endfacet
 facet normal  7.781522e-01  0.000000e+00 -6.280757e-01
   outer loop
     vertex -1.730809e+01  3.500000e+00  1.085776e+00
     vertex -1.730809e+01  0.000000e+00  1.085776e+00
     vertex -1.733738e+01  0.000000e+00  1.049481e+00
   endloop
 endfacet
 facet normal  7.606287e-01  0.000000e+00 -6.491872e-01
   outer loop
     vertex -1.730809e+01  3.500000e+00  1.085776e+00
     vertex -1.727781e+01  0.000000e+00  1.121253e+00
     vertex -1.730809e+01  0.000000e+00  1.085776e+00
   endloop
 endfacet
 facet normal  7.781522e-01  0.000000e+00 -6.280757e-01
   outer loop
     vertex -1.730809e+01  3.500000e+00  1.085776e+00
     vertex -1.733738e+01  0.000000e+00  1.049481e+00
     vertex -1.733738e+01  3.500000e+00  1.049481e+00
   endloop
 endfacet
 facet normal  7.606287e-01  0.000000e+00 -6.491872e-01
   outer loop
     vertex -1.727781e+01  3.500000e+00  1.121253e+00
     vertex -1.727781e+01  0.000000e+00  1.121253e+00
     vertex -1.730809e+01  3.500000e+00  1.085776e+00
   endloop
 endfacet
 facet normal  7.425325e-01  0.000000e+00 -6.698100e-01
   outer loop
     vertex -1.727781e+01  3.500000e+00  1.121253e+00
     vertex -1.724657e+01  0.000000e+00  1.155887e+00
     vertex -1.727781e+01  0.000000e+00  1.121253e+00
   endloop
 endfacet
 facet normal  7.425325e-01  0.000000e+00 -6.698100e-01
   outer loop
     vertex -1.724657e+01  3.500000e+00  1.155887e+00
     vertex -1.724657e+01  0.000000e+00  1.155887e+00
     vertex -1.727781e+01  3.500000e+00  1.121253e+00
   endloop
 endfacet
 facet normal  7.238775e-01  0.000000e+00 -6.899286e-01
   outer loop
     vertex -1.721439e+01  3.500000e+00  1.189650e+00
     vertex -1.721439e+01  0.000000e+00  1.189650e+00
     vertex -1.724657e+01  0.000000e+00  1.155887e+00
   endloop
 endfacet
 facet normal  7.046775e-01  0.000000e+00 -7.095278e-01
   outer loop
     vertex -1.721439e+01  3.500000e+00  1.189650e+00
     vertex -1.718129e+01  0.000000e+00  1.222518e+00
     vertex -1.721439e+01  0.000000e+00  1.189650e+00
   endloop
 endfacet
 facet normal  7.238775e-01  0.000000e+00 -6.899286e-01
   outer loop
     vertex -1.721439e+01  3.500000e+00  1.189650e+00
     vertex -1.724657e+01  0.000000e+00  1.155887e+00
     vertex -1.724657e+01  3.500000e+00  1.155887e+00
   endloop
 endfacet
 facet normal  6.849470e-01  0.000000e+00 -7.285929e-01
   outer loop
     vertex -1.718129e+01  3.500000e+00  1.222518e+00
     vertex -1.714731e+01  0.000000e+00  1.254465e+00
     vertex -1.718129e+01  0.000000e+00  1.222518e+00
   endloop
 endfacet
 facet normal  7.046775e-01  0.000000e+00 -7.095278e-01
   outer loop
     vertex -1.718129e+01  3.500000e+00  1.222518e+00
     vertex -1.718129e+01  0.000000e+00  1.222518e+00
     vertex -1.721439e+01  3.500000e+00  1.189650e+00
   endloop
 endfacet
 facet normal  6.849470e-01  0.000000e+00 -7.285929e-01
   outer loop
     vertex -1.714731e+01  3.500000e+00  1.254465e+00
     vertex -1.714731e+01  0.000000e+00  1.254465e+00
     vertex -1.718129e+01  3.500000e+00  1.222518e+00
   endloop
 endfacet
 facet normal  6.647010e-01  0.000000e+00 -7.471095e-01
   outer loop
     vertex -1.711246e+01  3.500000e+00  1.285468e+00
     vertex -1.711246e+01  0.000000e+00  1.285468e+00
     vertex -1.714731e+01  0.000000e+00  1.254465e+00
   endloop
 endfacet
 facet normal  6.439545e-01  0.000000e+00 -7.650637e-01
   outer loop
     vertex -1.711246e+01  3.500000e+00  1.285468e+00
     vertex -1.707678e+01  0.000000e+00  1.315504e+00
     vertex -1.711246e+01  0.000000e+00  1.285468e+00
   endloop
 endfacet
 facet normal  6.647010e-01  0.000000e+00 -7.471095e-01
   outer loop
     vertex -1.711246e+01  3.500000e+00  1.285468e+00
     vertex -1.714731e+01  0.000000e+00  1.254465e+00
     vertex -1.714731e+01  3.500000e+00  1.254465e+00
   endloop
 endfacet
 facet normal  6.227234e-01  0.000000e+00 -7.824421e-01
   outer loop
     vertex -1.707678e+01  3.500000e+00  1.315504e+00
     vertex -1.704028e+01  0.000000e+00  1.344549e+00
     vertex -1.707678e+01  0.000000e+00  1.315504e+00
   endloop
 endfacet
 facet normal  6.439545e-01  0.000000e+00 -7.650637e-01
   outer loop
     vertex -1.707678e+01  3.500000e+00  1.315504e+00
     vertex -1.707678e+01  0.000000e+00  1.315504e+00
     vertex -1.711246e+01  3.500000e+00  1.285468e+00
   endloop
 endfacet
 facet normal  6.227234e-01  0.000000e+00 -7.824421e-01
   outer loop
     vertex -1.704028e+01  3.500000e+00  1.344549e+00
     vertex -1.704028e+01  0.000000e+00  1.344549e+00
     vertex -1.707678e+01  3.500000e+00  1.315504e+00
   endloop
 endfacet
 facet normal  6.010234e-01  0.000000e+00 -7.992314e-01
   outer loop
     vertex -1.700300e+01  3.500000e+00  1.372582e+00
     vertex -1.700300e+01  0.000000e+00  1.372582e+00
     vertex -1.704028e+01  0.000000e+00  1.344549e+00
   endloop
 endfacet
 facet normal  6.010234e-01  0.000000e+00 -7.992314e-01
   outer loop
     vertex -1.700300e+01  3.500000e+00  1.372582e+00
     vertex -1.704028e+01  0.000000e+00  1.344549e+00
     vertex -1.704028e+01  3.500000e+00  1.344549e+00
   endloop
 endfacet
 facet normal  5.788711e-01  0.000000e+00 -8.154191e-01
   outer loop
     vertex -1.696497e+01  3.500000e+00  1.399582e+00
     vertex -1.696497e+01  0.000000e+00  1.399582e+00
     vertex -1.700300e+01  0.000000e+00  1.372582e+00
   endloop
 endfacet
 facet normal  5.562829e-01  0.000000e+00 -8.309929e-01
   outer loop
     vertex -1.696497e+01  3.500000e+00  1.399582e+00
     vertex -1.692621e+01  0.000000e+00  1.425528e+00
     vertex -1.696497e+01  0.000000e+00  1.399582e+00
   endloop
 endfacet
 facet normal  5.788711e-01  0.000000e+00 -8.154191e-01
   outer loop
     vertex -1.696497e+01  3.500000e+00  1.399582e+00
     vertex -1.700300e+01  0.000000e+00  1.372582e+00
     vertex -1.700300e+01  3.500000e+00  1.372582e+00
   endloop
 endfacet
 facet normal  5.562829e-01  0.000000e+00 -8.309929e-01
   outer loop
     vertex -1.692621e+01  3.500000e+00  1.425528e+00
     vertex -1.692621e+01  0.000000e+00  1.425528e+00
     vertex -1.696497e+01  3.500000e+00  1.399582e+00
   endloop
 endfacet
 facet normal  5.332761e-01  0.000000e+00 -8.459413e-01
   outer loop
     vertex -1.688676e+01  3.500000e+00  1.450401e+00
     vertex -1.688676e+01  0.000000e+00  1.450401e+00
     vertex -1.692621e+01  0.000000e+00  1.425528e+00
   endloop
 endfacet
 facet normal  5.098678e-01  0.000000e+00 -8.602528e-01
   outer loop
     vertex -1.688676e+01  3.500000e+00  1.450401e+00
     vertex -1.684663e+01  0.000000e+00  1.474183e+00
     vertex -1.688676e+01  0.000000e+00  1.450401e+00
   endloop
 endfacet
 facet normal  5.332761e-01  0.000000e+00 -8.459413e-01
   outer loop
     vertex -1.688676e+01  3.500000e+00  1.450401e+00
     vertex -1.692621e+01  0.000000e+00  1.425528e+00
     vertex -1.692621e+01  3.500000e+00  1.425528e+00
   endloop
 endfacet
 facet normal  4.860756e-01  0.000000e+00 -8.739167e-01
   outer loop
     vertex -1.684663e+01  3.500000e+00  1.474183e+00
     vertex -1.680587e+01  0.000000e+00  1.496854e+00
     vertex -1.684663e+01  0.000000e+00  1.474183e+00
   endloop
 endfacet
 facet normal  5.098678e-01  0.000000e+00 -8.602528e-01
   outer loop
     vertex -1.684663e+01  3.500000e+00  1.474183e+00
     vertex -1.684663e+01  0.000000e+00  1.474183e+00
     vertex -1.688676e+01  3.500000e+00  1.450401e+00
   endloop
 endfacet
 facet normal  4.860756e-01  0.000000e+00 -8.739167e-01
   outer loop
     vertex -1.680587e+01  3.500000e+00  1.496854e+00
     vertex -1.680587e+01  0.000000e+00  1.496854e+00
     vertex -1.684663e+01  3.500000e+00  1.474183e+00
   endloop
 endfacet
 facet normal  4.619176e-01  0.000000e+00 -8.869228e-01
   outer loop
     vertex -1.676450e+01  3.500000e+00  1.518399e+00
     vertex -1.680587e+01  0.000000e+00  1.496854e+00
     vertex -1.680587e+01  3.500000e+00  1.496854e+00
   endloop
 endfacet
 facet normal  4.619176e-01  0.000000e+00 -8.869228e-01
   outer loop
     vertex -1.676450e+01  3.500000e+00  1.518399e+00
     vertex -1.676450e+01  0.000000e+00  1.518399e+00
     vertex -1.680587e+01  0.000000e+00  1.496854e+00
   endloop
 endfacet
 facet normal  4.374119e-01  0.000000e+00 -8.992613e-01
   outer loop
     vertex -1.672256e+01  3.500000e+00  1.538801e+00
     vertex -1.676450e+01  0.000000e+00  1.518399e+00
     vertex -1.676450e+01  3.500000e+00  1.518399e+00
   endloop
 endfacet
 facet normal  4.374119e-01  0.000000e+00 -8.992613e-01
   outer loop
     vertex -1.672256e+01  3.500000e+00  1.538801e+00
     vertex -1.672256e+01  0.000000e+00  1.538801e+00
     vertex -1.676450e+01  0.000000e+00  1.518399e+00
   endloop
 endfacet
 facet normal  4.125769e-01  0.000000e+00 -9.109228e-01
   outer loop
     vertex -1.668007e+01  3.500000e+00  1.558045e+00
     vertex -1.672256e+01  0.000000e+00  1.538801e+00
     vertex -1.672256e+01  3.500000e+00  1.538801e+00
   endloop
 endfacet
 facet normal  4.125769e-01  0.000000e+00 -9.109228e-01
   outer loop
     vertex -1.668007e+01  3.500000e+00  1.558045e+00
     vertex -1.668007e+01  0.000000e+00  1.558045e+00
     vertex -1.672256e+01  0.000000e+00  1.538801e+00
   endloop
 endfacet
 facet normal  3.874313e-01  0.000000e+00 -9.218986e-01
   outer loop
     vertex -1.663707e+01  3.500000e+00  1.576115e+00
     vertex -1.668007e+01  0.000000e+00  1.558045e+00
     vertex -1.668007e+01  3.500000e+00  1.558045e+00
   endloop
 endfacet
 facet normal  3.874313e-01  0.000000e+00 -9.218986e-01
   outer loop
     vertex -1.663707e+01  3.500000e+00  1.576115e+00
     vertex -1.663707e+01  0.000000e+00  1.576115e+00
     vertex -1.668007e+01  0.000000e+00  1.558045e+00
   endloop
 endfacet
 facet normal  3.619940e-01  0.000000e+00 -9.321804e-01
   outer loop
     vertex -1.663707e+01  3.500000e+00  1.576115e+00
     vertex -1.659359e+01  0.000000e+00  1.593000e+00
     vertex -1.663707e+01  0.000000e+00  1.576115e+00
   endloop
 endfacet
 facet normal  3.619940e-01  0.000000e+00 -9.321804e-01
   outer loop
     vertex -1.659359e+01  3.500000e+00  1.593000e+00
     vertex -1.659359e+01  0.000000e+00  1.593000e+00
     vertex -1.663707e+01  3.500000e+00  1.576115e+00
   endloop
 endfacet
 facet normal  3.362843e-01  0.000000e+00 -9.417605e-01
   outer loop
     vertex -1.659359e+01  3.500000e+00  1.593000e+00
     vertex -1.654967e+01  0.000000e+00  1.608685e+00
     vertex -1.659359e+01  0.000000e+00  1.593000e+00
   endloop
 endfacet
 facet normal  3.362843e-01  0.000000e+00 -9.417605e-01
   outer loop
     vertex -1.654967e+01  3.500000e+00  1.608685e+00
     vertex -1.654967e+01  0.000000e+00  1.608685e+00
     vertex -1.659359e+01  3.500000e+00  1.593000e+00
   endloop
 endfacet
 facet normal  3.103214e-01  0.000000e+00 -9.506317e-01
   outer loop
     vertex -1.650533e+01  3.500000e+00  1.623159e+00
     vertex -1.654967e+01  0.000000e+00  1.608685e+00
     vertex -1.654967e+01  3.500000e+00  1.608685e+00
   endloop
 endfacet
 facet normal  3.103214e-01  0.000000e+00 -9.506317e-01
   outer loop
     vertex -1.650533e+01  3.500000e+00  1.623159e+00
     vertex -1.650533e+01  0.000000e+00  1.623159e+00
     vertex -1.654967e+01  0.000000e+00  1.608685e+00
   endloop
 endfacet
 facet normal  2.841250e-01  0.000000e+00 -9.587873e-01
   outer loop
     vertex -1.650533e+01  3.500000e+00  1.623159e+00
     vertex -1.646061e+01  0.000000e+00  1.636411e+00
     vertex -1.650533e+01  0.000000e+00  1.623159e+00
   endloop
 endfacet
 facet normal  2.841250e-01  0.000000e+00 -9.587873e-01
   outer loop
     vertex -1.646061e+01  3.500000e+00  1.636411e+00
     vertex -1.646061e+01  0.000000e+00  1.636411e+00
     vertex -1.650533e+01  3.500000e+00  1.623159e+00
   endloop
 endfacet
 facet normal  2.577146e-01  0.000000e+00 -9.662211e-01
   outer loop
     vertex -1.641554e+01  3.500000e+00  1.648431e+00
     vertex -1.646061e+01  0.000000e+00  1.636411e+00
     vertex -1.646061e+01  3.500000e+00  1.636411e+00
   endloop
 endfacet
 facet normal  2.577146e-01  0.000000e+00 -9.662211e-01
   outer loop
     vertex -1.641554e+01  3.500000e+00  1.648431e+00
     vertex -1.641554e+01  0.000000e+00  1.648431e+00
     vertex -1.646061e+01  0.000000e+00  1.636411e+00
   endloop
 endfacet
 facet normal  2.311102e-01  0.000000e+00 -9.729276e-01
   outer loop
     vertex -1.641554e+01  3.500000e+00  1.648431e+00
     vertex -1.637016e+01  0.000000e+00  1.659211e+00
     vertex -1.641554e+01  0.000000e+00  1.648431e+00
   endloop
 endfacet
 facet normal  2.311102e-01  0.000000e+00 -9.729276e-01
   outer loop
     vertex -1.637016e+01  3.500000e+00  1.659211e+00
     vertex -1.637016e+01  0.000000e+00  1.659211e+00
     vertex -1.641554e+01  3.500000e+00  1.648431e+00
   endloop
 endfacet
 facet normal  2.043319e-01  0.000000e+00 -9.789017e-01
   outer loop
     vertex -1.632450e+01  3.500000e+00  1.668741e+00
     vertex -1.637016e+01  0.000000e+00  1.659211e+00
     vertex -1.637016e+01  3.500000e+00  1.659211e+00
   endloop
 endfacet
 facet normal  2.043319e-01  0.000000e+00 -9.789017e-01
   outer loop
     vertex -1.632450e+01  3.500000e+00  1.668741e+00
     vertex -1.632450e+01  0.000000e+00  1.668741e+00
     vertex -1.637016e+01  0.000000e+00  1.659211e+00
   endloop
 endfacet
 facet normal  1.773998e-01  0.000000e+00 -9.841389e-01
   outer loop
     vertex -1.627860e+01  3.500000e+00  1.677016e+00
     vertex -1.632450e+01  0.000000e+00  1.668741e+00
     vertex -1.632450e+01  3.500000e+00  1.668741e+00
   endloop
 endfacet
 facet normal  1.773998e-01  0.000000e+00 -9.841389e-01
   outer loop
     vertex -1.627860e+01  3.500000e+00  1.677016e+00
     vertex -1.627860e+01  0.000000e+00  1.677016e+00
     vertex -1.632450e+01  0.000000e+00  1.668741e+00
   endloop
 endfacet
 facet normal  1.503341e-01  0.000000e+00 -9.886353e-01
   outer loop
     vertex -1.627860e+01  3.500000e+00  1.677016e+00
     vertex -1.623249e+01  0.000000e+00  1.684028e+00
     vertex -1.627860e+01  0.000000e+00  1.677016e+00
   endloop
 endfacet
 facet normal  1.231552e-01  0.000000e+00 -9.923874e-01
   outer loop
     vertex -1.623249e+01  3.500000e+00  1.684028e+00
     vertex -1.618620e+01  0.000000e+00  1.689772e+00
     vertex -1.623249e+01  0.000000e+00  1.684028e+00
   endloop
 endfacet
 facet normal  1.503341e-01  0.000000e+00 -9.886353e-01
   outer loop
     vertex -1.623249e+01  3.500000e+00  1.684028e+00
     vertex -1.623249e+01  0.000000e+00  1.684028e+00
     vertex -1.627860e+01  3.500000e+00  1.677016e+00
   endloop
 endfacet
 facet normal  1.231552e-01  0.000000e+00 -9.923874e-01
   outer loop
     vertex -1.618620e+01  3.500000e+00  1.689772e+00
     vertex -1.618620e+01  0.000000e+00  1.689772e+00
     vertex -1.623249e+01  3.500000e+00  1.684028e+00
   endloop
 endfacet
 facet normal  9.588368e-02  0.000000e+00 -9.953925e-01
   outer loop
     vertex -1.613977e+01  3.500000e+00  1.694244e+00
     vertex -1.613977e+01  0.000000e+00  1.694244e+00
     vertex -1.618620e+01  0.000000e+00  1.689772e+00
   endloop
 endfacet
 facet normal  6.853995e-02  0.000000e+00 -9.976484e-01
   outer loop
     vertex -1.613977e+01  3.500000e+00  1.694244e+00
     vertex -1.609324e+01  0.000000e+00  1.697441e+00
     vertex -1.613977e+01  0.000000e+00  1.694244e+00
   endloop
 endfacet
 facet normal  9.588368e-02  0.000000e+00 -9.953925e-01
   outer loop
     vertex -1.613977e+01  3.500000e+00  1.694244e+00
     vertex -1.618620e+01  0.000000e+00  1.689772e+00
     vertex -1.618620e+01  3.500000e+00  1.689772e+00
   endloop
 endfacet
 facet normal  6.853995e-02  0.000000e+00 -9.976484e-01
   outer loop
     vertex -1.609324e+01  3.500000e+00  1.697441e+00
     vertex -1.609324e+01  0.000000e+00  1.697441e+00
     vertex -1.613977e+01  3.500000e+00  1.694244e+00
   endloop
 endfacet
 facet normal  4.114462e-02  0.000000e+00 -9.991532e-01
   outer loop
     vertex -1.604664e+01  3.500000e+00  1.699360e+00
     vertex -1.604664e+01  0.000000e+00  1.699360e+00
     vertex -1.609324e+01  0.000000e+00  1.697441e+00
   endloop
 endfacet
 facet normal  4.114462e-02  0.000000e+00 -9.991532e-01
   outer loop
     vertex -1.604664e+01  3.500000e+00  1.699360e+00
     vertex -1.609324e+01  0.000000e+00  1.697441e+00
     vertex -1.609324e+01  3.500000e+00  1.697441e+00
   endloop
 endfacet
 facet normal  1.371831e-02  0.000000e+00 -9.999059e-01
   outer loop
     vertex -1.600000e+01  3.500000e+00  1.700000e+00
     vertex -1.604664e+01  0.000000e+00  1.699360e+00
     vertex -1.604664e+01  3.500000e+00  1.699360e+00
   endloop
 endfacet
 facet normal  1.371831e-02  0.000000e+00 -9.999059e-01
   outer loop
     vertex -1.600000e+01  3.500000e+00  1.700000e+00
     vertex -1.600000e+01  0.000000e+00  1.700000e+00
     vertex -1.604664e+01  0.000000e+00  1.699360e+00
   endloop
 endfacet
 facet normal  0.000000e+00  0.000000e+00  1.000000e+00
   outer loop
     vertex  4.000000e+00  0.000000e+00  5.500000e+00
     vertex -4.000000e+00  0.000000e+00  5.500000e+00
     vertex -4.000000e+00 -8.800000e+01  5.500000e+00
   endloop
 endfacet
 facet normal  0.000000e+00  0.000000e+00  1.000000e+00
   outer loop
     vertex  4.000000e+00  0.000000e+00  5.500000e+00
     vertex -4.000000e+00 -8.800000e+01  5.500000e+00
     vertex  4.000000e+00 -8.800000e+01  5.500000e+00
   endloop
 endfacet
 facet normal -1.000000e+00  0.000000e+00  0.000000e+00
   outer loop
     vertex -4.000000e+00 -8.800000e+01 -5.500000e+00
     vertex -4.000000e+00  0.000000e+00  5.500000e+00
     vertex -4.000000e+00  0.000000e+00 -5.500000e+00
   endloop
 endfacet
 facet normal -1.000000e+00  0.000000e+00  0.000000e+00
   outer loop
     vertex -4.000000e+00 -8.800000e+01  5.500000e+00
     vertex -4.000000e+00  0.000000e+00  5.500000e+00
     vertex -4.000000e+00 -8.800000e+01 -5.500000e+00
   endloop
 endfacet
 facet normal  1.000000e+00  0.000000e+00  0.000000e+00
   outer loop
     vertex  4.000000e+00 -8.800000e+01 -5.500000e+00
     vertex  4.000000e+00  0.000000e+00 -5.500000e+00
     vertex  4.000000e+00  0.000000e+00  5.500000e+00
   endloop
 endfacet
 facet normal  1.000000e+00 -0.000000e+00  0.000000e+00
   outer loop
     vertex  4.000000e+00 -8.800000e+01  5.500000e+00
     vertex  4.000000e+00 -8.800000e+01 -5.500000e+00
     vertex  4.000000e+00  0.000000e+00  5.500000e+00
   endloop
 endfacet
 facet normal -0.000000e+00  0.000000e+00 -1.000000e+00
   outer loop
     vertex  4.000000e+00  0.000000e+00 -5.500000e+00
     vertex -4.000000e+00 -8.800000e+01 -5.500000e+00
     vertex -4.000000e+00  0.000000e+00 -5.500000e+00
   endloop
 endfacet
 facet normal  0.000000e+00 -0.000000e+00 -1.000000e+00
   outer loop
     vertex  4.000000e+00  0.000000e+00 -5.500000e+00
     vertex  4.000000e+00 -8.800000e+01 -5.500000e+00
     vertex -4.000000e+00 -8.800000e+01 -5.500000e+00
   endloop
 endfacet
 facet normal -1.371831e-02  0.000000e+00 -9.999059e-01
   outer loop
     vertex  1.604664e+01  3.500000e+00  1.699360e+00
     vertex  1.600000e+01  0.000000e+00  1.700000e+00
     vertex  1.600000e+01  3.500000e+00  1.700000e+00
   endloop
 endfacet
 facet normal -1.371831e-02 -0.000000e+00 -9.999059e-01
   outer loop
     vertex  1.604664e+01  3.500000e+00  1.699360e+00
     vertex  1.604664e+01  0.000000e+00  1.699360e+00
     vertex  1.600000e+01  0.000000e+00  1.700000e+00
   endloop
 endfacet
 facet normal -4.114462e-02 -0.000000e+00 -9.991532e-01
   outer loop
     vertex  1.609324e+01  3.500000e+00  1.697441e+00
     vertex  1.609324e+01  0.000000e+00  1.697441e+00
     vertex  1.604664e+01  0.000000e+00  1.699360e+00
   endloop
 endfacet
 facet normal -4.114462e-02  0.000000e+00 -9.991532e-01
   outer loop
     vertex  1.609324e+01  3.500000e+00  1.697441e+00
     vertex  1.604664e+01  0.000000e+00  1.699360e+00
     vertex  1.604664e+01  3.500000e+00  1.699360e+00
   endloop
 endfacet
 facet normal -6.853995e-02 -0.000000e+00 -9.976484e-01
   outer loop
     vertex  1.613977e+01  3.500000e+00  1.694244e+00
     vertex  1.613977e+01  0.000000e+00  1.694244e+00
     vertex  1.609324e+01  0.000000e+00  1.697441e+00
   endloop
 endfacet
 facet normal -6.853995e-02  0.000000e+00 -9.976484e-01
   outer loop
     vertex  1.613977e+01  3.500000e+00  1.694244e+00
     vertex  1.609324e+01  0.000000e+00  1.697441e+00
     vertex  1.609324e+01  3.500000e+00  1.697441e+00
   endloop
 endfacet
 facet normal -9.588368e-02 -0.000000e+00 -9.953925e-01
   outer loop
     vertex  1.618620e+01  3.500000e+00  1.689772e+00
     vertex  1.618620e+01  0.000000e+00  1.689772e+00
     vertex  1.613977e+01  0.000000e+00  1.694244e+00
   endloop
 endfacet
 facet normal -9.588368e-02  0.000000e+00 -9.953925e-01
   outer loop
     vertex  1.618620e+01  3.500000e+00  1.689772e+00
     vertex  1.613977e+01  0.000000e+00  1.694244e+00
     vertex  1.613977e+01  3.500000e+00  1.694244e+00
   endloop
 endfacet
 facet normal -1.231552e-01 -0.000000e+00 -9.923874e-01
   outer loop
     vertex  1.623249e+01  3.500000e+00  1.684028e+00
     vertex  1.623249e+01  0.000000e+00  1.684028e+00
     vertex  1.618620e+01  0.000000e+00  1.689772e+00
   endloop
 endfacet
 facet normal -1.231552e-01  0.000000e+00 -9.923874e-01
   outer loop
     vertex  1.623249e+01  3.500000e+00  1.684028e+00
     vertex  1.618620e+01  0.000000e+00  1.689772e+00
     vertex  1.618620e+01  3.500000e+00  1.689772e+00
   endloop
 endfacet
 facet normal -1.503341e-01 -0.000000e+00 -9.886353e-01
   outer loop
     vertex  1.627860e+01  3.500000e+00  1.677016e+00
     vertex  1.627860e+01  0.000000e+00  1.677016e+00
     vertex  1.623249e+01  0.000000e+00  1.684028e+00
   endloop
 endfacet
 facet normal -1.503341e-01  0.000000e+00 -9.886353e-01
   outer loop
     vertex  1.627860e+01  3.500000e+00  1.677016e+00
     vertex  1.623249e+01  0.000000e+00  1.684028e+00
     vertex  1.623249e+01  3.500000e+00  1.684028e+00
   endloop
 endfacet
 facet normal -1.773998e-01 -0.000000e+00 -9.841389e-01
   outer loop
     vertex  1.632450e+01  3.500000e+00  1.668741e+00
     vertex  1.632450e+01  0.000000e+00  1.668741e+00
     vertex  1.627860e+01  0.000000e+00  1.677016e+00
   endloop
 endfacet
 facet normal -1.773998e-01  0.000000e+00 -9.841389e-01
   outer loop
     vertex  1.632450e+01  3.500000e+00  1.668741e+00
     vertex  1.627860e+01  0.000000e+00  1.677016e+00
     vertex  1.627860e+01  3.500000e+00  1.677016e+00
   endloop
 endfacet
 facet normal -2.043319e-01 -0.000000e+00 -9.789017e-01
   outer loop
     vertex  1.637016e+01  3.500000e+00  1.659211e+00
     vertex  1.637016e+01  0.000000e+00  1.659211e+00
     vertex  1.632450e+01  0.000000e+00  1.668741e+00
   endloop
 endfacet
 facet normal -2.043319e-01  0.000000e+00 -9.789017e-01
   outer loop
     vertex  1.637016e+01  3.500000e+00  1.659211e+00
     vertex  1.632450e+01  0.000000e+00  1.668741e+00
     vertex  1.632450e+01  3.500000e+00  1.668741e+00
   endloop
 endfacet
 facet normal -2.311102e-01 -0.000000e+00 -9.729276e-01
   outer loop
     vertex  1.641554e+01  3.500000e+00  1.648431e+00
     vertex  1.641554e+01  0.000000e+00  1.648431e+00
     vertex  1.637016e+01  0.000000e+00  1.659211e+00
   endloop
 endfacet
 facet normal -2.311102e-01  0.000000e+00 -9.729276e-01
   outer loop
     vertex  1.641554e+01  3.500000e+00  1.648431e+00
     vertex  1.637016e+01  0.000000e+00  1.659211e+00
     vertex  1.637016e+01  3.500000e+00  1.659211e+00
   endloop
 endfacet
 facet normal -2.577146e-01  0.000000e+00 -9.662211e-01
   outer loop
     vertex  1.646061e+01  3.500000e+00  1.636411e+00
     vertex  1.641554e+01  0.000000e+00  1.648431e+00
     vertex  1.641554e+01  3.500000e+00  1.648431e+00
   endloop
 endfacet
 facet normal -2.577146e-01 -0.000000e+00 -9.662211e-01
   outer loop
     vertex  1.646061e+01  3.500000e+00  1.636411e+00
     vertex  1.646061e+01  0.000000e+00  1.636411e+00
     vertex  1.641554e+01  0.000000e+00  1.648431e+00
   endloop
 endfacet
 facet normal -2.841250e-01 -0.000000e+00 -9.587873e-01
   outer loop
     vertex  1.646061e+01  3.500000e+00  1.636411e+00
     vertex  1.650533e+01  0.000000e+00  1.623159e+00
     vertex  1.646061e+01  0.000000e+00  1.636411e+00
   endloop
 endfacet
 facet normal -2.841250e-01 -0.000000e+00 -9.587873e-01
   outer loop
     vertex  1.650533e+01  3.500000e+00  1.623159e+00
     vertex  1.650533e+01  0.000000e+00  1.623159e+00
     vertex  1.646061e+01  3.500000e+00  1.636411e+00
   endloop
 endfacet
 facet normal -3.103214e-01  0.000000e+00 -9.506317e-01
   outer loop
     vertex  1.654967e+01  3.500000e+00  1.608685e+00
     vertex  1.650533e+01  0.000000e+00  1.623159e+00
     vertex  1.650533e+01  3.500000e+00  1.623159e+00
   endloop
 endfacet
 facet normal -3.103214e-01 -0.000000e+00 -9.506317e-01
   outer loop
     vertex  1.654967e+01  3.500000e+00  1.608685e+00
     vertex  1.654967e+01  0.000000e+00  1.608685e+00
     vertex  1.650533e+01  0.000000e+00  1.623159e+00
   endloop
 endfacet
 facet normal -3.362843e-01 -0.000000e+00 -9.417605e-01
   outer loop
     vertex  1.654967e+01  3.500000e+00  1.608685e+00
     vertex  1.659359e+01  0.000000e+00  1.593000e+00
     vertex  1.654967e+01  0.000000e+00  1.608685e+00
   endloop
 endfacet
 facet normal -3.362843e-01 -0.000000e+00 -9.417605e-01
   outer loop
     vertex  1.659359e+01  3.500000e+00  1.593000e+00
     vertex  1.659359e+01  0.000000e+00  1.593000e+00
     vertex  1.654967e+01  3.500000e+00  1.608685e+00
   endloop
 endfacet
 facet normal -3.619940e-01  0.000000e+00 -9.321804e-01
   outer loop
     vertex  1.663707e+01  3.500000e+00  1.576115e+00
     vertex  1.659359e+01  0.000000e+00  1.593000e+00
     vertex  1.659359e+01  3.500000e+00  1.593000e+00
   endloop
 endfacet
 facet normal -3.619940e-01 -0.000000e+00 -9.321804e-01
   outer loop
     vertex  1.663707e+01  3.500000e+00  1.576115e+00
     vertex  1.663707e+01  0.000000e+00  1.576115e+00
     vertex  1.659359e+01  0.000000e+00  1.593000e+00
   endloop
 endfacet
 facet normal -3.874313e-01  0.000000e+00 -9.218986e-01
   outer loop
     vertex  1.668007e+01  3.500000e+00  1.558045e+00
     vertex  1.663707e+01  0.000000e+00  1.576115e+00
     vertex  1.663707e+01  3.500000e+00  1.576115e+00
   endloop
 endfacet
 facet normal -3.874313e-01 -0.000000e+00 -9.218986e-01
   outer loop
     vertex  1.668007e+01  3.500000e+00  1.558045e+00
     vertex  1.668007e+01  0.000000e+00  1.558045e+00
     vertex  1.663707e+01  0.000000e+00  1.576115e+00
   endloop
 endfacet
 facet normal -4.125769e-01  0.000000e+00 -9.109228e-01
   outer loop
     vertex  1.672256e+01  3.500000e+00  1.538801e+00
     vertex  1.668007e+01  0.000000e+00  1.558045e+00
     vertex  1.668007e+01  3.500000e+00  1.558045e+00
   endloop
 endfacet
 facet normal -4.125769e-01 -0.000000e+00 -9.109228e-01
   outer loop
     vertex  1.672256e+01  3.500000e+00  1.538801e+00
     vertex  1.672256e+01  0.000000e+00  1.538801e+00
     vertex  1.668007e+01  0.000000e+00  1.558045e+00
   endloop
 endfacet
 facet normal -4.374119e-01 -0.000000e+00 -8.992613e-01
   outer loop
     vertex  1.672256e+01  3.500000e+00  1.538801e+00
     vertex  1.676450e+01  0.000000e+00  1.518399e+00
     vertex  1.672256e+01  0.000000e+00  1.538801e+00
   endloop
 endfacet
 facet normal -4.374119e-01 -0.000000e+00 -8.992613e-01
   outer loop
     vertex  1.676450e+01  3.500000e+00  1.518399e+00
     vertex  1.676450e+01  0.000000e+00  1.518399e+00
     vertex  1.672256e+01  3.500000e+00  1.538801e+00
   endloop
 endfacet
 facet normal -4.619176e-01 -0.000000e+00 -8.869228e-01
   outer loop
     vertex  1.676450e+01  3.500000e+00  1.518399e+00
     vertex  1.680587e+01  0.000000e+00  1.496854e+00
     vertex  1.676450e+01  0.000000e+00  1.518399e+00
   endloop
 endfacet
 facet normal -4.619176e-01 -0.000000e+00 -8.869228e-01
   outer loop
     vertex  1.680587e+01  3.500000e+00  1.496854e+00
     vertex  1.680587e+01  0.000000e+00  1.496854e+00
     vertex  1.676450e+01  3.500000e+00  1.518399e+00
   endloop
 endfacet
 facet normal -4.860756e-01  0.000000e+00 -8.739167e-01
   outer loop
     vertex  1.684663e+01  3.500000e+00  1.474183e+00
     vertex  1.680587e+01  0.000000e+00  1.496854e+00
     vertex  1.680587e+01  3.500000e+00  1.496854e+00
   endloop
 endfacet
 facet normal -4.860756e-01 -0.000000e+00 -8.739167e-01
   outer loop
     vertex  1.684663e+01  3.500000e+00  1.474183e+00
     vertex  1.684663e+01  0.000000e+00  1.474183e+00
     vertex  1.680587e+01  0.000000e+00  1.496854e+00
   endloop
 endfacet
 facet normal -5.098678e-01  0.000000e+00 -8.602528e-01
   outer loop
     vertex  1.688676e+01  3.500000e+00  1.450401e+00
     vertex  1.684663e+01  0.000000e+00  1.474183e+00
     vertex  1.684663e+01  3.500000e+00  1.474183e+00
   endloop
 endfacet
 facet normal -5.098678e-01 -0.000000e+00 -8.602528e-01
   outer loop
     vertex  1.688676e+01  3.500000e+00  1.450401e+00
     vertex  1.688676e+01  0.000000e+00  1.450401e+00
     vertex  1.684663e+01  0.000000e+00  1.474183e+00
   endloop
 endfacet
 facet normal -5.332761e-01  0.000000e+00 -8.459413e-01
   outer loop
     vertex  1.692621e+01  3.500000e+00  1.425528e+00
     vertex  1.688676e+01  0.000000e+00  1.450401e+00
     vertex  1.688676e+01  3.500000e+00  1.450401e+00
   endloop
 endfacet
 facet normal -5.332761e-01 -0.000000e+00 -8.459413e-01
   outer loop
     vertex  1.692621e+01  3.500000e+00  1.425528e+00
     vertex  1.692621e+01  0.000000e+00  1.425528e+00
     vertex  1.688676e+01  0.000000e+00  1.450401e+00
   endloop
 endfacet
 facet normal -5.562829e-01 -0.000000e+00 -8.309929e-01
   outer loop
     vertex  1.696497e+01  3.500000e+00  1.399582e+00
     vertex  1.696497e+01  0.000000e+00  1.399582e+00
     vertex  1.692621e+01  0.000000e+00  1.425528e+00
   endloop
 endfacet
 facet normal -5.562829e-01  0.000000e+00 -8.309929e-01
   outer loop
     vertex  1.696497e+01  3.500000e+00  1.399582e+00
     vertex  1.692621e+01  0.000000e+00  1.425528e+00
     vertex  1.692621e+01  3.500000e+00  1.425528e+00
   endloop
 endfacet
 facet normal -5.788711e-01 -0.000000e+00 -8.154191e-01
   outer loop
     vertex  1.700300e+01  3.500000e+00  1.372582e+00
     vertex  1.700300e+01  0.000000e+00  1.372582e+00
     vertex  1.696497e+01  0.000000e+00  1.399582e+00
   endloop
 endfacet
 facet normal -5.788711e-01  0.000000e+00 -8.154191e-01
   outer loop
     vertex  1.700300e+01  3.500000e+00  1.372582e+00
     vertex  1.696497e+01  0.000000e+00  1.399582e+00
     vertex  1.696497e+01  3.500000e+00  1.399582e+00
   endloop
 endfacet
 facet normal -6.010234e-01 -0.000000e+00 -7.992314e-01
   outer loop
     vertex  1.704028e+01  3.500000e+00  1.344549e+00
     vertex  1.704028e+01  0.000000e+00  1.344549e+00
     vertex  1.700300e+01  0.000000e+00  1.372582e+00
   endloop
 endfacet
 facet normal -6.010234e-01  0.000000e+00 -7.992314e-01
   outer loop
     vertex  1.704028e+01  3.500000e+00  1.344549e+00
     vertex  1.700300e+01  0.000000e+00  1.372582e+00
     vertex  1.700300e+01  3.500000e+00  1.372582e+00
   endloop
 endfacet
 facet normal -6.227234e-01 -0.000000e+00 -7.824421e-01
   outer loop
     vertex  1.707678e+01  3.500000e+00  1.315504e+00
     vertex  1.707678e+01  0.000000e+00  1.315504e+00
     vertex  1.704028e+01  0.000000e+00  1.344549e+00
   endloop
 endfacet
 facet normal -6.227234e-01  0.000000e+00 -7.824421e-01
   outer loop
     vertex  1.707678e+01  3.500000e+00  1.315504e+00
     vertex  1.704028e+01  0.000000e+00  1.344549e+00
     vertex  1.704028e+01  3.500000e+00  1.344549e+00
   endloop
 endfacet
 facet normal -6.439545e-01 -0.000000e+00 -7.650637e-01
   outer loop
     vertex  1.711246e+01  3.500000e+00  1.285468e+00
     vertex  1.711246e+01  0.000000e+00  1.285468e+00
     vertex  1.707678e+01  0.000000e+00  1.315504e+00
   endloop
 endfacet
 facet normal -6.439545e-01  0.000000e+00 -7.650637e-01
   outer loop
     vertex  1.711246e+01  3.500000e+00  1.285468e+00
     vertex  1.707678e+01  0.000000e+00  1.315504e+00
     vertex  1.707678e+01  3.500000e+00  1.315504e+00
   endloop
 endfacet
 facet normal -6.647010e-01 -0.000000e+00 -7.471095e-01
   outer loop
     vertex  1.714731e+01  3.500000e+00  1.254465e+00
     vertex  1.714731e+01  0.000000e+00  1.254465e+00
     vertex  1.711246e+01  0.000000e+00  1.285468e+00
   endloop
 endfacet
 facet normal -6.647010e-01  0.000000e+00 -7.471095e-01
   outer loop
     vertex  1.714731e+01  3.500000e+00  1.254465e+00
     vertex  1.711246e+01  0.000000e+00  1.285468e+00
     vertex  1.711246e+01  3.500000e+00  1.285468e+00
   endloop
 endfacet
 facet normal -6.849470e-01 -0.000000e+00 -7.285929e-01
   outer loop
     vertex  1.718129e+01  3.500000e+00  1.222518e+00
     vertex  1.718129e+01  0.000000e+00  1.222518e+00
     vertex  1.714731e+01  0.000000e+00  1.254465e+00
   endloop
 endfacet
 facet normal -6.849470e-01  0.000000e+00 -7.285929e-01
   outer loop
     vertex  1.718129e+01  3.500000e+00  1.222518e+00
     vertex  1.714731e+01  0.000000e+00  1.254465e+00
     vertex  1.714731e+01  3.500000e+00  1.254465e+00
   endloop
 endfacet
 facet normal -7.046775e-01 -0.000000e+00 -7.095278e-01
   outer loop
     vertex  1.721439e+01  3.500000e+00  1.189650e+00
     vertex  1.721439e+01  0.000000e+00  1.189650e+00
     vertex  1.718129e+01  0.000000e+00  1.222518e+00
   endloop
 endfacet
 facet normal -7.046775e-01  0.000000e+00 -7.095278e-01
   outer loop
     vertex  1.721439e+01  3.500000e+00  1.189650e+00
     vertex  1.718129e+01  0.000000e+00  1.222518e+00
     vertex  1.718129e+01  3.500000e+00  1.222518e+00
   endloop
 endfacet
 facet normal -7.238775e-01 -0.000000e+00 -6.899286e-01
   outer loop
     vertex  1.724657e+01  3.500000e+00  1.155887e+00
     vertex  1.724657e+01  0.000000e+00  1.155887e+00
     vertex  1.721439e+01  0.000000e+00  1.189650e+00
   endloop
 endfacet
 facet normal -7.238775e-01  0.000000e+00 -6.899286e-01
   outer loop
     vertex  1.724657e+01  3.500000e+00  1.155887e+00
     vertex  1.721439e+01  0.000000e+00  1.189650e+00
     vertex  1.721439e+01  3.500000e+00  1.189650e+00
   endloop
 endfacet
 facet normal -7.425325e-01 -0.000000e+00 -6.698100e-01
   outer loop
     vertex  1.727781e+01  3.500000e+00  1.121253e+00
     vertex  1.727781e+01  0.000000e+00  1.121253e+00
     vertex  1.724657e+01  0.000000e+00  1.155887e+00
   endloop
 endfacet
 facet normal -7.606287e-01 -0.000000e+00 -6.491872e-01
   outer loop
     vertex  1.727781e+01  3.500000e+00  1.121253e+00
     vertex  1.730809e+01  0.000000e+00  1.085776e+00
     vertex  1.727781e+01  0.000000e+00  1.121253e+00
   endloop
 endfacet
 facet normal -7.425325e-01  0.000000e+00 -6.698100e-01
   outer loop
     vertex  1.727781e+01  3.500000e+00  1.121253e+00
     vertex  1.724657e+01  0.000000e+00  1.155887e+00
     vertex  1.724657e+01  3.500000e+00  1.155887e+00
   endloop
 endfacet
 facet normal -7.606287e-01 -0.000000e+00 -6.491872e-01
   outer loop
     vertex  1.730809e+01  3.500000e+00  1.085776e+00
     vertex  1.730809e+01  0.000000e+00  1.085776e+00
     vertex  1.727781e+01  3.500000e+00  1.121253e+00
   endloop
 endfacet
 facet normal -7.781522e-01 -0.000000e+00 -6.280757e-01
   outer loop
     vertex  1.733738e+01  3.500000e+00  1.049481e+00
     vertex  1.733738e+01  0.000000e+00  1.049481e+00
     vertex  1.730809e+01  0.000000e+00  1.085776e+00
   endloop
 endfacet
 facet normal -7.950900e-01 -0.000000e+00 -6.064915e-01
   outer loop
     vertex  1.733738e+01  3.500000e+00  1.049481e+00
     vertex  1.736567e+01  0.000000e+00  1.012396e+00
     vertex  1.733738e+01  0.000000e+00  1.049481e+00
   endloop
 endfacet
 facet normal -7.781522e-01  0.000000e+00 -6.280757e-01
   outer loop
     vertex  1.733738e+01  3.500000e+00  1.049481e+00
     vertex  1.730809e+01  0.000000e+00  1.085776e+00
     vertex  1.730809e+01  3.500000e+00  1.085776e+00
   endloop
 endfacet
 facet normal -7.950900e-01 -0.000000e+00 -6.064915e-01
   outer loop
     vertex  1.736567e+01  3.500000e+00  1.012396e+00
     vertex  1.736567e+01  0.000000e+00  1.012396e+00
     vertex  1.733738e+01  3.500000e+00  1.049481e+00
   endloop
 endfacet
 facet normal -8.114292e-01  0.000000e+00 -5.844507e-01
   outer loop
     vertex  1.739293e+01  3.500000e+00  9.745492e-01
     vertex  1.736567e+01  0.000000e+00  1.012396e+00
     vertex  1.736567e+01  3.500000e+00  1.012396e+00
   endloop
 endfacet
 facet normal -8.114292e-01 -0.000000e+00 -5.844507e-01
   outer loop
     vertex  1.739293e+01  3.500000e+00  9.745492e-01
     vertex  1.739293e+01  0.000000e+00  9.745492e-01
     vertex  1.736567e+01  0.000000e+00  1.012396e+00
   endloop
 endfacet
 facet normal -8.271577e-01 -0.000000e+00 -5.619699e-01
   outer loop
     vertex  1.741914e+01  3.500000e+00  9.359687e-01
     vertex  1.741914e+01  0.000000e+00  9.359687e-01
     vertex  1.739293e+01  0.000000e+00  9.745492e-01
   endloop
 endfacet
 facet normal -8.422635e-01 -0.000000e+00 -5.390661e-01
   outer loop
     vertex  1.741914e+01  3.500000e+00  9.359687e-01
     vertex  1.744428e+01  0.000000e+00  8.966836e-01
     vertex  1.741914e+01  0.000000e+00  9.359687e-01
   endloop
 endfacet
 facet normal -8.271577e-01  0.000000e+00 -5.619699e-01
   outer loop
     vertex  1.741914e+01  3.500000e+00  9.359687e-01
     vertex  1.739293e+01  0.000000e+00  9.745492e-01
     vertex  1.739293e+01  3.500000e+00  9.745492e-01
   endloop
 endfacet
 facet normal -8.422635e-01 -0.000000e+00 -5.390661e-01
   outer loop
     vertex  1.744428e+01  3.500000e+00  8.966836e-01
     vertex  1.744428e+01  0.000000e+00  8.966836e-01
     vertex  1.741914e+01  3.500000e+00  9.359687e-01
   endloop
 endfacet
 facet normal -8.567352e-01  0.000000e+00 -5.157565e-01
   outer loop
     vertex  1.746834e+01  3.500000e+00  8.567235e-01
     vertex  1.744428e+01  0.000000e+00  8.966836e-01
     vertex  1.744428e+01  3.500000e+00  8.966836e-01
   endloop
 endfacet
 facet normal -8.567352e-01 -0.000000e+00 -5.157565e-01
   outer loop
     vertex  1.746834e+01  3.500000e+00  8.567235e-01
     vertex  1.746834e+01  0.000000e+00  8.567235e-01
     vertex  1.744428e+01  0.000000e+00  8.966836e-01
   endloop
 endfacet
 facet normal -8.705620e-01  0.000000e+00 -4.920587e-01
   outer loop
     vertex  1.749129e+01  3.500000e+00  8.161185e-01
     vertex  1.746834e+01  0.000000e+00  8.567235e-01
     vertex  1.746834e+01  3.500000e+00  8.567235e-01
   endloop
 endfacet
 facet normal -8.705620e-01 -0.000000e+00 -4.920587e-01
   outer loop
     vertex  1.749129e+01  3.500000e+00  8.161185e-01
     vertex  1.749129e+01  0.000000e+00  8.161185e-01
     vertex  1.746834e+01  0.000000e+00  8.567235e-01
   endloop
 endfacet
 facet normal -8.837335e-01 -0.000000e+00 -4.679904e-01
   outer loop
     vertex  1.749129e+01  3.500000e+00  8.161185e-01
     vertex  1.751312e+01  0.000000e+00  7.748992e-01
     vertex  1.749129e+01  0.000000e+00  8.161185e-01
   endloop
 endfacet
 facet normal -8.837335e-01 -0.000000e+00 -4.679904e-01
   outer loop
     vertex  1.751312e+01  3.500000e+00  7.748992e-01
     vertex  1.751312e+01  0.000000e+00  7.748992e-01
     vertex  1.749129e+01  3.500000e+00  8.161185e-01
   endloop
 endfacet
 facet normal -8.962398e-01  0.000000e+00 -4.435699e-01
   outer loop
     vertex  1.753381e+01  3.500000e+00  7.330965e-01
     vertex  1.751312e+01  0.000000e+00  7.748992e-01
     vertex  1.751312e+01  3.500000e+00  7.748992e-01
   endloop
 endfacet
 facet normal -8.962398e-01 -0.000000e+00 -4.435699e-01
   outer loop
     vertex  1.753381e+01  3.500000e+00  7.330965e-01
     vertex  1.753381e+01  0.000000e+00  7.330965e-01
     vertex  1.751312e+01  0.000000e+00  7.748992e-01
   endloop
 endfacet
 facet normal -9.080714e-01 -0.000000e+00 -4.188155e-01
   outer loop
     vertex  1.753381e+01  3.500000e+00  7.330965e-01
     vertex  1.755334e+01  0.000000e+00  6.907420e-01
     vertex  1.753381e+01  0.000000e+00  7.330965e-01
   endloop
 endfacet
 facet normal -9.080714e-01 -0.000000e+00 -4.188155e-01
   outer loop
     vertex  1.755334e+01  3.500000e+00  6.907420e-01
     vertex  1.755334e+01  0.000000e+00  6.907420e-01
     vertex  1.753381e+01  3.500000e+00  7.330965e-01
   endloop
 endfacet
 facet normal -9.192194e-01  0.000000e+00 -3.937458e-01
   outer loop
     vertex  1.757171e+01  3.500000e+00  6.478676e-01
     vertex  1.755334e+01  0.000000e+00  6.907420e-01
     vertex  1.755334e+01  3.500000e+00  6.907420e-01
   endloop
 endfacet
 facet normal -9.192194e-01 -0.000000e+00 -3.937458e-01
   outer loop
     vertex  1.757171e+01  3.500000e+00  6.478676e-01
     vertex  1.757171e+01  0.000000e+00  6.478676e-01
     vertex  1.755334e+01  0.000000e+00  6.907420e-01
   endloop
 endfacet
 facet normal -9.296754e-01 -0.000000e+00 -3.683796e-01
   outer loop
     vertex  1.757171e+01  3.500000e+00  6.478676e-01
     vertex  1.758889e+01  0.000000e+00  6.045054e-01
     vertex  1.757171e+01  0.000000e+00  6.478676e-01
   endloop
 endfacet
 facet normal -9.296754e-01 -0.000000e+00 -3.683796e-01
   outer loop
     vertex  1.758889e+01  3.500000e+00  6.045054e-01
     vertex  1.758889e+01  0.000000e+00  6.045054e-01
     vertex  1.757171e+01  3.500000e+00  6.478676e-01
   endloop
 endfacet
 facet normal -9.394317e-01 -0.000000e+00 -3.427362e-01
   outer loop
     vertex  1.758889e+01  3.500000e+00  6.045054e-01
     vertex  1.760488e+01  0.000000e+00  5.606882e-01
     vertex  1.758889e+01  0.000000e+00  6.045054e-01
   endloop
 endfacet
 facet normal -9.394317e-01 -0.000000e+00 -3.427362e-01
   outer loop
     vertex  1.760488e+01  3.500000e+00  5.606882e-01
     vertex  1.760488e+01  0.000000e+00  5.606882e-01
     vertex  1.758889e+01  3.500000e+00  6.045054e-01
   endloop
 endfacet
 facet normal -9.484807e-01  0.000000e+00 -3.168348e-01
   outer loop
     vertex  1.761965e+01  3.500000e+00  5.164489e-01
     vertex  1.760488e+01  0.000000e+00  5.606882e-01
     vertex  1.760488e+01  3.500000e+00  5.606882e-01
   endloop
 endfacet
 facet normal -9.484807e-01 -0.000000e+00 -3.168348e-01
   outer loop
     vertex  1.761965e+01  3.500000e+00  5.164489e-01
     vertex  1.761965e+01  0.000000e+00  5.164489e-01
     vertex  1.760488e+01  0.000000e+00  5.606882e-01
   endloop
 endfacet
 facet normal -9.568158e-01 -0.000000e+00 -2.906949e-01
   outer loop
     vertex  1.761965e+01  3.500000e+00  5.164489e-01
     vertex  1.763321e+01  0.000000e+00  4.718208e-01
     vertex  1.761965e+01  0.000000e+00  5.164489e-01
   endloop
 endfacet
 facet normal -9.568158e-01 -0.000000e+00 -2.906949e-01
   outer loop
     vertex  1.763321e+01  3.500000e+00  4.718208e-01
     vertex  1.763321e+01  0.000000e+00  4.718208e-01
     vertex  1.761965e+01  3.500000e+00  5.164489e-01
   endloop
 endfacet
 facet normal -9.644306e-01 -0.000000e+00 -2.643362e-01
   outer loop
     vertex  1.763321e+01  3.500000e+00  4.718208e-01
     vertex  1.764554e+01  0.000000e+00  4.268376e-01
     vertex  1.763321e+01  0.000000e+00  4.718208e-01
   endloop
 endfacet
 facet normal -9.644306e-01 -0.000000e+00 -2.643362e-01
   outer loop
     vertex  1.764554e+01  3.500000e+00  4.268376e-01
     vertex  1.764554e+01  0.000000e+00  4.268376e-01
     vertex  1.763321e+01  3.500000e+00  4.718208e-01
   endloop
 endfacet
 facet normal -9.713194e-01  0.000000e+00 -2.377784e-01
   outer loop
     vertex  1.765663e+01  3.500000e+00  3.815330e-01
     vertex  1.764554e+01  0.000000e+00  4.268376e-01
     vertex  1.764554e+01  3.500000e+00  4.268376e-01
   endloop
 endfacet
 facet normal -9.713194e-01 -0.000000e+00 -2.377784e-01
   outer loop
     vertex  1.765663e+01  3.500000e+00  3.815330e-01
     vertex  1.765663e+01  0.000000e+00  3.815330e-01
     vertex  1.764554e+01  0.000000e+00  4.268376e-01
   endloop
 endfacet
 facet normal -9.774771e-01 -0.000000e+00 -2.110417e-01
   outer loop
     vertex  1.765663e+01  3.500000e+00  3.815330e-01
     vertex  1.766648e+01  0.000000e+00  3.359413e-01
     vertex  1.765663e+01  0.000000e+00  3.815330e-01
   endloop
 endfacet
 facet normal -9.774771e-01 -0.000000e+00 -2.110417e-01
   outer loop
     vertex  1.766648e+01  3.500000e+00  3.359413e-01
     vertex  1.766648e+01  0.000000e+00  3.359413e-01
     vertex  1.765663e+01  3.500000e+00  3.815330e-01
   endloop
 endfacet
 facet normal -9.828989e-01  0.000000e+00 -1.841461e-01
   outer loop
     vertex  1.767507e+01  3.500000e+00  2.900966e-01
     vertex  1.766648e+01  0.000000e+00  3.359413e-01
     vertex  1.766648e+01  3.500000e+00  3.359413e-01
   endloop
 endfacet
 facet normal -9.828989e-01 -0.000000e+00 -1.841461e-01
   outer loop
     vertex  1.767507e+01  3.500000e+00  2.900966e-01
     vertex  1.767507e+01  0.000000e+00  2.900966e-01
     vertex  1.766648e+01  0.000000e+00  3.359413e-01
   endloop
 endfacet
 facet normal -9.875808e-01 -0.000000e+00 -1.571119e-01
   outer loop
     vertex  1.767507e+01  3.500000e+00  2.900966e-01
     vertex  1.768239e+01  0.000000e+00  2.440336e-01
     vertex  1.767507e+01  0.000000e+00  2.900966e-01
   endloop
 endfacet
 facet normal -9.875808e-01 -0.000000e+00 -1.571119e-01
   outer loop
     vertex  1.768239e+01  3.500000e+00  2.440336e-01
     vertex  1.768239e+01  0.000000e+00  2.440336e-01
     vertex  1.767507e+01  3.500000e+00  2.900966e-01
   endloop
 endfacet
 facet normal -9.915193e-01 -0.000000e+00 -1.299594e-01
   outer loop
     vertex  1.768239e+01  3.500000e+00  2.440336e-01
     vertex  1.768846e+01  0.000000e+00  1.977869e-01
     vertex  1.768239e+01  0.000000e+00  2.440336e-01
   endloop
 endfacet
 facet normal -9.915193e-01 -0.000000e+00 -1.299594e-01
   outer loop
     vertex  1.768846e+01  3.500000e+00  1.977869e-01
     vertex  1.768846e+01  0.000000e+00  1.977869e-01
     vertex  1.768239e+01  3.500000e+00  2.440336e-01
   endloop
 endfacet
 facet normal -9.947114e-01  0.000000e+00 -1.027091e-01
   outer loop
     vertex  1.769325e+01  3.500000e+00  1.513913e-01
     vertex  1.768846e+01  0.000000e+00  1.977869e-01
     vertex  1.768846e+01  3.500000e+00  1.977869e-01
   endloop
 endfacet
 facet normal -9.947114e-01 -0.000000e+00 -1.027091e-01
   outer loop
     vertex  1.769325e+01  3.500000e+00  1.513913e-01
     vertex  1.769325e+01  0.000000e+00  1.513913e-01
     vertex  1.768846e+01  0.000000e+00  1.977869e-01
   endloop
 endfacet
 facet normal -9.971548e-01 -0.000000e+00 -7.538152e-02
   outer loop
     vertex  1.769325e+01  3.500000e+00  1.513913e-01
     vertex  1.769676e+01  0.000000e+00  1.048818e-01
     vertex  1.769325e+01  0.000000e+00  1.513913e-01
   endloop
 endfacet
 facet normal -9.971548e-01 -0.000000e+00 -7.538152e-02
   outer loop
     vertex  1.769676e+01  3.500000e+00  1.048818e-01
     vertex  1.769676e+01  0.000000e+00  1.048818e-01
     vertex  1.769325e+01  3.500000e+00  1.513913e-01
   endloop
 endfacet
 facet normal -9.988475e-01  0.000000e+00 -4.799716e-02
   outer loop
     vertex  1.769900e+01  3.500000e+00  5.829324e-02
     vertex  1.769676e+01  0.000000e+00  1.048818e-01
     vertex  1.769676e+01  3.500000e+00  1.048818e-01
   endloop
 endfacet
 facet normal -9.988475e-01 -0.000000e+00 -4.799716e-02
   outer loop
     vertex  1.769900e+01  3.500000e+00  5.829324e-02
     vertex  1.769900e+01  0.000000e+00  5.829324e-02
     vertex  1.769676e+01  0.000000e+00  1.048818e-01
   endloop
 endfacet
 facet normal -9.997883e-01 -0.000000e+00 -2.057667e-02
   outer loop
     vertex  1.769996e+01  3.500000e+00  1.166084e-02
     vertex  1.769996e+01  0.000000e+00  1.166084e-02
     vertex  1.769900e+01  0.000000e+00  5.829324e-02
   endloop
 endfacet
 facet normal -9.997883e-01  0.000000e+00 -2.057667e-02
   outer loop
     vertex  1.769996e+01  3.500000e+00  1.166084e-02
     vertex  1.769900e+01  0.000000e+00  5.829324e-02
     vertex  1.769900e+01  3.500000e+00  5.829324e-02
   endloop
 endfacet
 facet normal -9.999765e-01  0.000000e+00  6.859319e-03
   outer loop
     vertex  1.769964e+01  3.500000e+00 -3.498033e-02
     vertex  1.769964e+01  0.000000e+00 -3.498033e-02
     vertex  1.769996e+01  0.000000e+00  1.166084e-02
   endloop
 endfacet
 facet normal -9.999765e-01  0.000000e+00  6.859319e-03
   outer loop
     vertex  1.769964e+01  3.500000e+00 -3.498033e-02
     vertex  1.769996e+01  0.000000e+00  1.166084e-02
     vertex  1.769996e+01  3.500000e+00  1.166084e-02
   endloop
 endfacet
 facet normal -9.994119e-01  0.000000e+00  3.429014e-02
   outer loop
     vertex  1.769804e+01  3.500000e+00 -8.159517e-02
     vertex  1.769804e+01  0.000000e+00 -8.159517e-02
     vertex  1.769964e+01  0.000000e+00 -3.498033e-02
   endloop
 endfacet
 facet normal -9.994119e-01  0.000000e+00  3.429014e-02
   outer loop
     vertex  1.769804e+01  3.500000e+00 -8.159517e-02
     vertex  1.769964e+01  0.000000e+00 -3.498033e-02
     vertex  1.769964e+01  3.500000e+00 -3.498033e-02
   endloop
 endfacet
 facet normal -9.980950e-01  0.000000e+00  6.169515e-02
   outer loop
     vertex  1.769516e+01  3.500000e+00 -1.281486e-01
     vertex  1.769516e+01  0.000000e+00 -1.281486e-01
     vertex  1.769804e+01  0.000000e+00 -8.159517e-02
   endloop
 endfacet
 facet normal -9.980950e-01  0.000000e+00  6.169515e-02
   outer loop
     vertex  1.769516e+01  3.500000e+00 -1.281486e-01
     vertex  1.769804e+01  0.000000e+00 -8.159517e-02
     vertex  1.769804e+01  3.500000e+00 -8.159517e-02
   endloop
 endfacet
 facet normal -9.960268e-01  0.000000e+00  8.905371e-02
   outer loop
     vertex  1.769101e+01  3.500000e+00 -1.746055e-01
     vertex  1.769516e+01  0.000000e+00 -1.281486e-01
     vertex  1.769516e+01  3.500000e+00 -1.281486e-01
   endloop
 endfacet
 facet normal -9.960268e-01  0.000000e+00  8.905371e-02
   outer loop
     vertex  1.769101e+01  3.500000e+00 -1.746055e-01
     vertex  1.769101e+01  0.000000e+00 -1.746055e-01
     vertex  1.769516e+01  0.000000e+00 -1.281486e-01
   endloop
 endfacet
 facet normal -9.932088e-01  0.000000e+00  1.163452e-01
   outer loop
     vertex  1.768558e+01  3.500000e+00 -2.209311e-01
     vertex  1.769101e+01  0.000000e+00 -1.746055e-01
     vertex  1.769101e+01  3.500000e+00 -1.746055e-01
   endloop
 endfacet
 facet normal -9.932088e-01  0.000000e+00  1.163452e-01
   outer loop
     vertex  1.768558e+01  3.500000e+00 -2.209311e-01
     vertex  1.768558e+01  0.000000e+00 -2.209311e-01
     vertex  1.769101e+01  0.000000e+00 -1.746055e-01
   endloop
 endfacet
 facet normal -9.896432e-01  0.000000e+00  1.435492e-01
   outer loop
     vertex  1.767889e+01  3.500000e+00 -2.670903e-01
     vertex  1.768558e+01  0.000000e+00 -2.209311e-01
     vertex  1.768558e+01  3.500000e+00 -2.209311e-01
   endloop
 endfacet
 facet normal -9.896432e-01  0.000000e+00  1.435492e-01
   outer loop
     vertex  1.767889e+01  3.500000e+00 -2.670903e-01
     vertex  1.767889e+01  0.000000e+00 -2.670903e-01
     vertex  1.768558e+01  0.000000e+00 -2.209311e-01
   endloop
 endfacet
 facet normal -9.853326e-01  0.000000e+00  1.706451e-01
   outer loop
     vertex  1.767093e+01  3.500000e+00 -3.130484e-01
     vertex  1.767889e+01  0.000000e+00 -2.670903e-01
     vertex  1.767889e+01  3.500000e+00 -2.670903e-01
   endloop
 endfacet
 facet normal -9.853326e-01  0.000000e+00  1.706451e-01
   outer loop
     vertex  1.767093e+01  3.500000e+00 -3.130484e-01
     vertex  1.767093e+01  0.000000e+00 -3.130484e-01
     vertex  1.767889e+01  0.000000e+00 -2.670903e-01
   endloop
 endfacet
 facet normal -9.802802e-01  0.000000e+00  1.976125e-01
   outer loop
     vertex  1.767093e+01  3.500000e+00 -3.130484e-01
     vertex  1.766171e+01  0.000000e+00 -3.587709e-01
     vertex  1.767093e+01  0.000000e+00 -3.130484e-01
   endloop
 endfacet
 facet normal -9.802802e-01  0.000000e+00  1.976125e-01
   outer loop
     vertex  1.766171e+01  3.500000e+00 -3.587709e-01
     vertex  1.766171e+01  0.000000e+00 -3.587709e-01
     vertex  1.767093e+01  3.500000e+00 -3.130484e-01
   endloop
 endfacet
 facet normal -9.744899e-01  0.000000e+00  2.244312e-01
   outer loop
     vertex  1.765124e+01  3.500000e+00 -4.042233e-01
     vertex  1.766171e+01  0.000000e+00 -3.587709e-01
     vertex  1.766171e+01  3.500000e+00 -3.587709e-01
   endloop
 endfacet
 facet normal -9.744899e-01  0.000000e+00  2.244312e-01
   outer loop
     vertex  1.765124e+01  3.500000e+00 -4.042233e-01
     vertex  1.765124e+01  0.000000e+00 -4.042233e-01
     vertex  1.766171e+01  0.000000e+00 -3.587709e-01
   endloop
 endfacet
 facet normal -9.679661e-01  0.000000e+00  2.510809e-01
   outer loop
     vertex  1.765124e+01  3.500000e+00 -4.042233e-01
     vertex  1.763953e+01  0.000000e+00 -4.493715e-01
     vertex  1.765124e+01  0.000000e+00 -4.042233e-01
   endloop
 endfacet
 facet normal -9.679661e-01  0.000000e+00  2.510809e-01
   outer loop
     vertex  1.763953e+01  3.500000e+00 -4.493715e-01
     vertex  1.763953e+01  0.000000e+00 -4.493715e-01
     vertex  1.765124e+01  3.500000e+00 -4.042233e-01
   endloop
 endfacet
 facet normal -9.607136e-01  0.000000e+00  2.775416e-01
   outer loop
     vertex  1.763953e+01  3.500000e+00 -4.493715e-01
     vertex  1.762659e+01  0.000000e+00 -4.941813e-01
     vertex  1.763953e+01  0.000000e+00 -4.493715e-01
   endloop
 endfacet
 facet normal -9.607136e-01  0.000000e+00  2.775416e-01
   outer loop
     vertex  1.762659e+01  3.500000e+00 -4.941813e-01
     vertex  1.762659e+01  0.000000e+00 -4.941813e-01
     vertex  1.763953e+01  3.500000e+00 -4.493715e-01
   endloop
 endfacet
 facet normal -9.527379e-01  0.000000e+00  3.037934e-01
   outer loop
     vertex  1.761242e+01  3.500000e+00 -5.386192e-01
     vertex  1.762659e+01  0.000000e+00 -4.941813e-01
     vertex  1.762659e+01  3.500000e+00 -4.941813e-01
   endloop
 endfacet
 facet normal -9.527379e-01  0.000000e+00  3.037934e-01
   outer loop
     vertex  1.761242e+01  3.500000e+00 -5.386192e-01
     vertex  1.761242e+01  0.000000e+00 -5.386192e-01
     vertex  1.762659e+01  0.000000e+00 -4.941813e-01
   endloop
 endfacet
 facet normal -9.440450e-01  0.000000e+00  3.298166e-01
   outer loop
     vertex  1.761242e+01  3.500000e+00 -5.386192e-01
     vertex  1.759703e+01  0.000000e+00 -5.826516e-01
     vertex  1.761242e+01  0.000000e+00 -5.386192e-01
   endloop
 endfacet
 facet normal -9.440450e-01  0.000000e+00  3.298166e-01
   outer loop
     vertex  1.759703e+01  3.500000e+00 -5.826516e-01
     vertex  1.759703e+01  0.000000e+00 -5.826516e-01
     vertex  1.761242e+01  3.500000e+00 -5.386192e-01
   endloop
 endfacet
 facet normal -9.346415e-01  0.000000e+00  3.555914e-01
   outer loop
     vertex  1.758045e+01  3.500000e+00 -6.262454e-01
     vertex  1.759703e+01  0.000000e+00 -5.826516e-01
     vertex  1.759703e+01  3.500000e+00 -5.826516e-01
   endloop
 endfacet
 facet normal -9.346415e-01  0.000000e+00  3.555914e-01
   outer loop
     vertex  1.758045e+01  3.500000e+00 -6.262454e-01
     vertex  1.758045e+01  0.000000e+00 -6.262454e-01
     vertex  1.759703e+01  0.000000e+00 -5.826516e-01
   endloop
 endfacet
 facet normal -9.245344e-01  0.000000e+00  3.810986e-01
   outer loop
     vertex  1.756267e+01  3.500000e+00 -6.693678e-01
     vertex  1.758045e+01  0.000000e+00 -6.262454e-01
     vertex  1.758045e+01  3.500000e+00 -6.262454e-01
   endloop
 endfacet
 facet normal -9.245344e-01  0.000000e+00  3.810986e-01
   outer loop
     vertex  1.756267e+01  3.500000e+00 -6.693678e-01
     vertex  1.756267e+01  0.000000e+00 -6.693678e-01
     vertex  1.758045e+01  0.000000e+00 -6.262454e-01
   endloop
 endfacet
 facet normal -9.137314e-01  0.000000e+00  4.063188e-01
   outer loop
     vertex  1.754372e+01  3.500000e+00 -7.119863e-01
     vertex  1.754372e+01  0.000000e+00 -7.119863e-01
     vertex  1.756267e+01  0.000000e+00 -6.693678e-01
   endloop
 endfacet
 facet normal -9.137314e-01  0.000000e+00  4.063188e-01
   outer loop
     vertex  1.754372e+01  3.500000e+00 -7.119863e-01
     vertex  1.756267e+01  0.000000e+00 -6.693678e-01
     vertex  1.756267e+01  3.500000e+00 -6.693678e-01
   endloop
 endfacet
 facet normal -9.022405e-01  0.000000e+00  4.312333e-01
   outer loop
     vertex  1.752361e+01  3.500000e+00 -7.540688e-01
     vertex  1.752361e+01  0.000000e+00 -7.540688e-01
     vertex  1.754372e+01  0.000000e+00 -7.119863e-01
   endloop
 endfacet
 facet normal -9.022405e-01  0.000000e+00  4.312333e-01
   outer loop
     vertex  1.752361e+01  3.500000e+00 -7.540688e-01
     vertex  1.754372e+01  0.000000e+00 -7.119863e-01
     vertex  1.754372e+01  3.500000e+00 -7.119863e-01
   endloop
 endfacet
 facet normal -8.900704e-01  0.000000e+00  4.558231e-01
   outer loop
     vertex  1.750235e+01  3.500000e+00 -7.955837e-01
     vertex  1.750235e+01  0.000000e+00 -7.955837e-01
     vertex  1.752361e+01  0.000000e+00 -7.540688e-01
   endloop
 endfacet
 facet normal -8.900704e-01  0.000000e+00  4.558231e-01
   outer loop
     vertex  1.750235e+01  3.500000e+00 -7.955837e-01
     vertex  1.752361e+01  0.000000e+00 -7.540688e-01
     vertex  1.752361e+01  3.500000e+00 -7.540688e-01
   endloop
 endfacet
 facet normal -8.772303e-01  0.000000e+00  4.800697e-01
   outer loop
     vertex  1.747996e+01  3.500000e+00 -8.364998e-01
     vertex  1.747996e+01  0.000000e+00 -8.364998e-01
     vertex  1.750235e+01  0.000000e+00 -7.955837e-01
   endloop
 endfacet
 facet normal -8.772303e-01  0.000000e+00  4.800697e-01
   outer loop
     vertex  1.747996e+01  3.500000e+00 -8.364998e-01
     vertex  1.750235e+01  0.000000e+00 -7.955837e-01
     vertex  1.750235e+01  3.500000e+00 -7.955837e-01
   endloop
 endfacet
 facet normal -8.637299e-01  0.000000e+00  5.039550e-01
   outer loop
     vertex  1.745645e+01  3.500000e+00 -8.767861e-01
     vertex  1.745645e+01  0.000000e+00 -8.767861e-01
     vertex  1.747996e+01  0.000000e+00 -8.364998e-01
   endloop
 endfacet
 facet normal -8.495793e-01  0.000000e+00  5.274609e-01
   outer loop
     vertex  1.745645e+01  3.500000e+00 -8.767861e-01
     vertex  1.743185e+01  0.000000e+00 -9.164124e-01
     vertex  1.745645e+01  0.000000e+00 -8.767861e-01
   endloop
 endfacet
 facet normal -8.637299e-01  0.000000e+00  5.039550e-01
   outer loop
     vertex  1.745645e+01  3.500000e+00 -8.767861e-01
     vertex  1.747996e+01  0.000000e+00 -8.364998e-01
     vertex  1.747996e+01  3.500000e+00 -8.364998e-01
   endloop
 endfacet
 facet normal -8.495793e-01  0.000000e+00  5.274609e-01
   outer loop
     vertex  1.743185e+01  3.500000e+00 -9.164124e-01
     vertex  1.743185e+01  0.000000e+00 -9.164124e-01
     vertex  1.745645e+01  3.500000e+00 -8.767861e-01
   endloop
 endfacet
 facet normal -8.347891e-01  0.000000e+00  5.505698e-01
   outer loop
     vertex  1.740617e+01  3.500000e+00 -9.553488e-01
     vertex  1.740617e+01  0.000000e+00 -9.553488e-01
     vertex  1.743185e+01  0.000000e+00 -9.164124e-01
   endloop
 endfacet
 facet normal -8.193706e-01  0.000000e+00  5.732642e-01
   outer loop
     vertex  1.740617e+01  3.500000e+00 -9.553488e-01
     vertex  1.737943e+01  0.000000e+00 -9.935661e-01
     vertex  1.740617e+01  0.000000e+00 -9.553488e-01
   endloop
 endfacet
 facet normal -8.347891e-01  0.000000e+00  5.505698e-01
   outer loop
     vertex  1.740617e+01  3.500000e+00 -9.553488e-01
     vertex  1.743185e+01  0.000000e+00 -9.164124e-01
     vertex  1.743185e+01  3.500000e+00 -9.164124e-01
   endloop
 endfacet
 facet normal -8.033352e-01  0.000000e+00  5.955271e-01
   outer loop
     vertex  1.737943e+01  3.500000e+00 -9.935661e-01
     vertex  1.735165e+01  0.000000e+00 -1.031036e+00
     vertex  1.737943e+01  0.000000e+00 -9.935661e-01
   endloop
 endfacet
 facet normal -8.193706e-01  0.000000e+00  5.732642e-01
   outer loop
     vertex  1.737943e+01  3.500000e+00 -9.935661e-01
     vertex  1.737943e+01  0.000000e+00 -9.935661e-01
     vertex  1.740617e+01  3.500000e+00 -9.553488e-01
   endloop
 endfacet
 facet normal -8.033352e-01  0.000000e+00  5.955271e-01
   outer loop
     vertex  1.735165e+01  3.500000e+00 -1.031036e+00
     vertex  1.735165e+01  0.000000e+00 -1.031036e+00
     vertex  1.737943e+01  3.500000e+00 -9.935661e-01
   endloop
 endfacet
 facet normal -7.866951e-01  0.000000e+00  6.173417e-01
   outer loop
     vertex  1.732286e+01  3.500000e+00 -1.067729e+00
     vertex  1.732286e+01  0.000000e+00 -1.067729e+00
     vertex  1.735165e+01  0.000000e+00 -1.031036e+00
   endloop
 endfacet
 facet normal -7.866951e-01  0.000000e+00  6.173417e-01
   outer loop
     vertex  1.732286e+01  3.500000e+00 -1.067729e+00
     vertex  1.735165e+01  0.000000e+00 -1.031036e+00
     vertex  1.735165e+01  3.500000e+00 -1.031036e+00
   endloop
 endfacet
 facet normal -7.694628e-01  0.000000e+00  6.386916e-01
   outer loop
     vertex  1.729307e+01  3.500000e+00 -1.103618e+00
     vertex  1.729307e+01  0.000000e+00 -1.103618e+00
     vertex  1.732286e+01  0.000000e+00 -1.067729e+00
   endloop
 endfacet
 facet normal -7.516513e-01  0.000000e+00  6.595607e-01
   outer loop
     vertex  1.729307e+01  3.500000e+00 -1.103618e+00
     vertex  1.726231e+01  0.000000e+00 -1.138677e+00
     vertex  1.729307e+01  0.000000e+00 -1.103618e+00
   endloop
 endfacet
 facet normal -7.694628e-01  0.000000e+00  6.386916e-01
   outer loop
     vertex  1.729307e+01  3.500000e+00 -1.103618e+00
     vertex  1.732286e+01  0.000000e+00 -1.067729e+00
     vertex  1.732286e+01  3.500000e+00 -1.067729e+00
   endloop
 endfacet
 facet normal -7.516513e-01  0.000000e+00  6.595607e-01
   outer loop
     vertex  1.726231e+01  3.500000e+00 -1.138677e+00
     vertex  1.726231e+01  0.000000e+00 -1.138677e+00
     vertex  1.729307e+01  3.500000e+00 -1.103618e+00
   endloop
 endfacet
 facet normal -7.332740e-01  0.000000e+00  6.799333e-01
   outer loop
     vertex  1.723059e+01  3.500000e+00 -1.172879e+00
     vertex  1.723059e+01  0.000000e+00 -1.172879e+00
     vertex  1.726231e+01  0.000000e+00 -1.138677e+00
   endloop
 endfacet
 facet normal -7.332740e-01  0.000000e+00  6.799333e-01
   outer loop
     vertex  1.723059e+01  3.500000e+00 -1.172879e+00
     vertex  1.726231e+01  0.000000e+00 -1.138677e+00
     vertex  1.726231e+01  3.500000e+00 -1.138677e+00
   endloop
 endfacet
 facet normal -7.143447e-01  0.000000e+00  6.997940e-01
   outer loop
     vertex  1.719795e+01  3.500000e+00 -1.206197e+00
     vertex  1.719795e+01  0.000000e+00 -1.206197e+00
     vertex  1.723059e+01  0.000000e+00 -1.172879e+00
   endloop
 endfacet
 facet normal -7.143447e-01  0.000000e+00  6.997940e-01
   outer loop
     vertex  1.719795e+01  3.500000e+00 -1.206197e+00
     vertex  1.723059e+01  0.000000e+00 -1.172879e+00
     vertex  1.723059e+01  3.500000e+00 -1.172879e+00
   endloop
 endfacet
 facet normal -6.948776e-01  0.000000e+00  7.191280e-01
   outer loop
     vertex  1.716441e+01  3.500000e+00 -1.238608e+00
     vertex  1.719795e+01  0.000000e+00 -1.206197e+00
     vertex  1.719795e+01  3.500000e+00 -1.206197e+00
   endloop
 endfacet
 facet normal -6.948776e-01  0.000000e+00  7.191280e-01
   outer loop
     vertex  1.716441e+01  3.500000e+00 -1.238608e+00
     vertex  1.716441e+01  0.000000e+00 -1.238608e+00
     vertex  1.719795e+01  0.000000e+00 -1.206197e+00
   endloop
 endfacet
 facet normal -6.748875e-01  0.000000e+00  7.379206e-01
   outer loop
     vertex  1.716441e+01  3.500000e+00 -1.238608e+00
     vertex  1.712999e+01  0.000000e+00 -1.270086e+00
     vertex  1.716441e+01  0.000000e+00 -1.238608e+00
   endloop
 endfacet
 facet normal -6.748875e-01  0.000000e+00  7.379206e-01
   outer loop
     vertex  1.712999e+01  3.500000e+00 -1.270086e+00
     vertex  1.712999e+01  0.000000e+00 -1.270086e+00
     vertex  1.716441e+01  3.500000e+00 -1.238608e+00
   endloop
 endfacet
 facet normal -6.543893e-01  0.000000e+00  7.561578e-01
   outer loop
     vertex  1.709472e+01  3.500000e+00 -1.300608e+00
     vertex  1.712999e+01  0.000000e+00 -1.270086e+00
     vertex  1.712999e+01  3.500000e+00 -1.270086e+00
   endloop
 endfacet
 facet normal -6.543893e-01  0.000000e+00  7.561578e-01
   outer loop
     vertex  1.709472e+01  3.500000e+00 -1.300608e+00
     vertex  1.709472e+01  0.000000e+00 -1.300608e+00
     vertex  1.712999e+01  0.000000e+00 -1.270086e+00
   endloop
 endfacet
 facet normal -6.333986e-01  0.000000e+00  7.738257e-01
   outer loop
     vertex  1.709472e+01  3.500000e+00 -1.300608e+00
     vertex  1.705863e+01  0.000000e+00 -1.330152e+00
     vertex  1.709472e+01  0.000000e+00 -1.300608e+00
   endloop
 endfacet
 facet normal -6.333986e-01  0.000000e+00  7.738257e-01
   outer loop
     vertex  1.705863e+01  3.500000e+00 -1.330152e+00
     vertex  1.705863e+01  0.000000e+00 -1.330152e+00
     vertex  1.709472e+01  3.500000e+00 -1.300608e+00
   endloop
 endfacet
 facet normal -6.119310e-01  0.000000e+00  7.909112e-01
   outer loop
     vertex  1.702174e+01  3.500000e+00 -1.358693e+00
     vertex  1.705863e+01  0.000000e+00 -1.330152e+00
     vertex  1.705863e+01  3.500000e+00 -1.330152e+00
   endloop
 endfacet
 facet normal -6.119310e-01  0.000000e+00  7.909112e-01
   outer loop
     vertex  1.702174e+01  3.500000e+00 -1.358693e+00
     vertex  1.702174e+01  0.000000e+00 -1.358693e+00
     vertex  1.705863e+01  0.000000e+00 -1.330152e+00
   endloop
 endfacet
 facet normal -5.900028e-01  0.000000e+00  8.074012e-01
   outer loop
     vertex  1.698408e+01  3.500000e+00 -1.386212e+00
     vertex  1.698408e+01  0.000000e+00 -1.386212e+00
     vertex  1.702174e+01  0.000000e+00 -1.358693e+00
   endloop
 endfacet
 facet normal -5.676304e-01  0.000000e+00  8.232835e-01
   outer loop
     vertex  1.698408e+01  3.500000e+00 -1.386212e+00
     vertex  1.694568e+01  0.000000e+00 -1.412688e+00
     vertex  1.698408e+01  0.000000e+00 -1.386212e+00
   endloop
 endfacet
 facet normal -5.900028e-01  0.000000e+00  8.074012e-01
   outer loop
     vertex  1.698408e+01  3.500000e+00 -1.386212e+00
     vertex  1.702174e+01  0.000000e+00 -1.358693e+00
     vertex  1.702174e+01  3.500000e+00 -1.358693e+00
   endloop
 endfacet
 facet normal -5.676304e-01  0.000000e+00  8.232835e-01
   outer loop
     vertex  1.694568e+01  3.500000e+00 -1.412688e+00
     vertex  1.694568e+01  0.000000e+00 -1.412688e+00
     vertex  1.698408e+01  3.500000e+00 -1.386212e+00
   endloop
 endfacet
 facet normal -5.448308e-01  0.000000e+00  8.385460e-01
   outer loop
     vertex  1.690657e+01  3.500000e+00 -1.438100e+00
     vertex  1.694568e+01  0.000000e+00 -1.412688e+00
     vertex  1.694568e+01  3.500000e+00 -1.412688e+00
   endloop
 endfacet
 facet normal -5.448308e-01  0.000000e+00  8.385460e-01
   outer loop
     vertex  1.690657e+01  3.500000e+00 -1.438100e+00
     vertex  1.690657e+01  0.000000e+00 -1.438100e+00
     vertex  1.694568e+01  0.000000e+00 -1.412688e+00
   endloop
 endfacet
 facet normal -5.216210e-01  0.000000e+00  8.531773e-01
   outer loop
     vertex  1.686678e+01  3.500000e+00 -1.462430e+00
     vertex  1.686678e+01  0.000000e+00 -1.462430e+00
     vertex  1.690657e+01  0.000000e+00 -1.438100e+00
   endloop
 endfacet
 facet normal -5.216210e-01  0.000000e+00  8.531773e-01
   outer loop
     vertex  1.686678e+01  3.500000e+00 -1.462430e+00
     vertex  1.690657e+01  0.000000e+00 -1.438100e+00
     vertex  1.690657e+01  3.500000e+00 -1.438100e+00
   endloop
 endfacet
 facet normal -4.980186e-01  0.000000e+00  8.671664e-01
   outer loop
     vertex  1.682633e+01  3.500000e+00 -1.485658e+00
     vertex  1.682633e+01  0.000000e+00 -1.485658e+00
     vertex  1.686678e+01  0.000000e+00 -1.462430e+00
   endloop
 endfacet
 facet normal -4.740412e-01  0.000000e+00  8.805026e-01
   outer loop
     vertex  1.682633e+01  3.500000e+00 -1.485658e+00
     vertex  1.678526e+01  0.000000e+00 -1.507769e+00
     vertex  1.682633e+01  0.000000e+00 -1.485658e+00
   endloop
 endfacet
 facet normal -4.980186e-01  0.000000e+00  8.671664e-01
   outer loop
     vertex  1.682633e+01  3.500000e+00 -1.485658e+00
     vertex  1.686678e+01  0.000000e+00 -1.462430e+00
     vertex  1.686678e+01  3.500000e+00 -1.462430e+00
   endloop
 endfacet
 facet normal -4.740412e-01  0.000000e+00  8.805026e-01
   outer loop
     vertex  1.678526e+01  3.500000e+00 -1.507769e+00
     vertex  1.678526e+01  0.000000e+00 -1.507769e+00
     vertex  1.682633e+01  3.500000e+00 -1.485658e+00
   endloop
 endfacet
 facet normal -4.497071e-01  0.000000e+00  8.931761e-01
   outer loop
     vertex  1.674360e+01  3.500000e+00 -1.528744e+00
     vertex  1.674360e+01  0.000000e+00 -1.528744e+00
     vertex  1.678526e+01  0.000000e+00 -1.507769e+00
   endloop
 endfacet
 facet normal -4.497071e-01  0.000000e+00  8.931761e-01
   outer loop
     vertex  1.674360e+01  3.500000e+00 -1.528744e+00
     vertex  1.678526e+01  0.000000e+00 -1.507769e+00
     vertex  1.678526e+01  3.500000e+00 -1.507769e+00
   endloop
 endfacet
 facet normal -4.250344e-01  0.000000e+00  9.051772e-01
   outer loop
     vertex  1.670138e+01  3.500000e+00 -1.548569e+00
     vertex  1.670138e+01  0.000000e+00 -1.548569e+00
     vertex  1.674360e+01  0.000000e+00 -1.528744e+00
   endloop
 endfacet
 facet normal -4.250344e-01  0.000000e+00  9.051772e-01
   outer loop
     vertex  1.670138e+01  3.500000e+00 -1.548569e+00
     vertex  1.674360e+01  0.000000e+00 -1.528744e+00
     vertex  1.674360e+01  3.500000e+00 -1.528744e+00
   endloop
 endfacet
 facet normal -4.000417e-01  0.000000e+00  9.164969e-01
   outer loop
     vertex  1.665863e+01  3.500000e+00 -1.567228e+00
     vertex  1.665863e+01  0.000000e+00 -1.567228e+00
     vertex  1.670138e+01  0.000000e+00 -1.548569e+00
   endloop
 endfacet
 facet normal -4.000417e-01  0.000000e+00  9.164969e-01
   outer loop
     vertex  1.665863e+01  3.500000e+00 -1.567228e+00
     vertex  1.670138e+01  0.000000e+00 -1.548569e+00
     vertex  1.670138e+01  3.500000e+00 -1.548569e+00
   endloop
 endfacet
 facet normal -3.747479e-01  0.000000e+00  9.271267e-01
   outer loop
     vertex  1.661539e+01  3.500000e+00 -1.584707e+00
     vertex  1.661539e+01  0.000000e+00 -1.584707e+00
     vertex  1.665863e+01  0.000000e+00 -1.567228e+00
   endloop
 endfacet
 facet normal -3.747479e-01  0.000000e+00  9.271267e-01
   outer loop
     vertex  1.661539e+01  3.500000e+00 -1.584707e+00
     vertex  1.665863e+01  0.000000e+00 -1.567228e+00
     vertex  1.665863e+01  3.500000e+00 -1.567228e+00
   endloop
 endfacet
 facet normal -3.491720e-01  0.000000e+00  9.370586e-01
   outer loop
     vertex  1.657168e+01  3.500000e+00 -1.600993e+00
     vertex  1.657168e+01  0.000000e+00 -1.600993e+00
     vertex  1.661539e+01  0.000000e+00 -1.584707e+00
   endloop
 endfacet
 facet normal -3.491720e-01  0.000000e+00  9.370586e-01
   outer loop
     vertex  1.657168e+01  3.500000e+00 -1.600993e+00
     vertex  1.661539e+01  0.000000e+00 -1.584707e+00
     vertex  1.661539e+01  3.500000e+00 -1.584707e+00
   endloop
 endfacet
 facet normal -3.233333e-01  0.000000e+00  9.462851e-01
   outer loop
     vertex  1.652755e+01  3.500000e+00 -1.616074e+00
     vertex  1.652755e+01  0.000000e+00 -1.616074e+00
     vertex  1.657168e+01  0.000000e+00 -1.600993e+00
   endloop
 endfacet
 facet normal -3.233333e-01  0.000000e+00  9.462851e-01
   outer loop
     vertex  1.652755e+01  3.500000e+00 -1.616074e+00
     vertex  1.657168e+01  0.000000e+00 -1.600993e+00
     vertex  1.657168e+01  3.500000e+00 -1.600993e+00
   endloop
 endfacet
 facet normal -2.972512e-01  0.000000e+00  9.547993e-01
   outer loop
     vertex  1.648301e+01  3.500000e+00 -1.629938e+00
     vertex  1.648301e+01  0.000000e+00 -1.629938e+00
     vertex  1.652755e+01  0.000000e+00 -1.616074e+00
   endloop
 endfacet
 facet normal -2.972512e-01  0.000000e+00  9.547993e-01
   outer loop
     vertex  1.648301e+01  3.500000e+00 -1.629938e+00
     vertex  1.652755e+01  0.000000e+00 -1.616074e+00
     vertex  1.652755e+01  3.500000e+00 -1.616074e+00
   endloop
 endfacet
 facet normal -2.709453e-01  0.000000e+00  9.625948e-01
   outer loop
     vertex  1.643811e+01  3.500000e+00 -1.642576e+00
     vertex  1.643811e+01  0.000000e+00 -1.642576e+00
     vertex  1.648301e+01  0.000000e+00 -1.629938e+00
   endloop
 endfacet
 facet normal -2.709453e-01  0.000000e+00  9.625948e-01
   outer loop
     vertex  1.643811e+01  3.500000e+00 -1.642576e+00
     vertex  1.648301e+01  0.000000e+00 -1.629938e+00
     vertex  1.648301e+01  3.500000e+00 -1.629938e+00
   endloop
 endfacet
 facet normal -2.444354e-01  0.000000e+00  9.696656e-01
   outer loop
     vertex  1.639289e+01  3.500000e+00 -1.653977e+00
     vertex  1.639289e+01  0.000000e+00 -1.653977e+00
     vertex  1.643811e+01  0.000000e+00 -1.642576e+00
   endloop
 endfacet
 facet normal -2.177416e-01  0.000000e+00  9.760065e-01
   outer loop
     vertex  1.639289e+01  3.500000e+00 -1.653977e+00
     vertex  1.634736e+01  0.000000e+00 -1.664133e+00
     vertex  1.639289e+01  0.000000e+00 -1.653977e+00
   endloop
 endfacet
 facet normal -2.444354e-01  0.000000e+00  9.696656e-01
   outer loop
     vertex  1.639289e+01  3.500000e+00 -1.653977e+00
     vertex  1.643811e+01  0.000000e+00 -1.642576e+00
     vertex  1.643811e+01  3.500000e+00 -1.642576e+00
   endloop
 endfacet
 facet normal -2.177416e-01  0.000000e+00  9.760065e-01
   outer loop
     vertex  1.634736e+01  3.500000e+00 -1.664133e+00
     vertex  1.634736e+01  0.000000e+00 -1.664133e+00
     vertex  1.639289e+01  3.500000e+00 -1.653977e+00
   endloop
 endfacet
 facet normal -1.908838e-01  0.000000e+00  9.816126e-01
   outer loop
     vertex  1.630158e+01  3.500000e+00 -1.673036e+00
     vertex  1.630158e+01  0.000000e+00 -1.673036e+00
     vertex  1.634736e+01  0.000000e+00 -1.664133e+00
   endloop
 endfacet
 facet normal -1.908838e-01  0.000000e+00  9.816126e-01
   outer loop
     vertex  1.630158e+01  3.500000e+00 -1.673036e+00
     vertex  1.634736e+01  0.000000e+00 -1.664133e+00
     vertex  1.634736e+01  3.500000e+00 -1.664133e+00
   endloop
 endfacet
 facet normal -1.638824e-01  0.000000e+00  9.864799e-01
   outer loop
     vertex  1.625557e+01  3.500000e+00 -1.680680e+00
     vertex  1.625557e+01  0.000000e+00 -1.680680e+00
     vertex  1.630158e+01  0.000000e+00 -1.673036e+00
   endloop
 endfacet
 facet normal -1.638824e-01  0.000000e+00  9.864799e-01
   outer loop
     vertex  1.625557e+01  3.500000e+00 -1.680680e+00
     vertex  1.630158e+01  0.000000e+00 -1.673036e+00
     vertex  1.630158e+01  3.500000e+00 -1.673036e+00
   endloop
 endfacet
 facet normal -1.367575e-01  0.000000e+00  9.906046e-01
   outer loop
     vertex  1.620936e+01  3.500000e+00 -1.687059e+00
     vertex  1.620936e+01  0.000000e+00 -1.687059e+00
     vertex  1.625557e+01  0.000000e+00 -1.680680e+00
   endloop
 endfacet
 facet normal -1.367575e-01  0.000000e+00  9.906046e-01
   outer loop
     vertex  1.620936e+01  3.500000e+00 -1.687059e+00
     vertex  1.625557e+01  0.000000e+00 -1.680680e+00
     vertex  1.625557e+01  3.500000e+00 -1.680680e+00
   endloop
 endfacet
 facet normal -1.095298e-01  0.000000e+00  9.939835e-01
   outer loop
     vertex  1.616300e+01  3.500000e+00 -1.692167e+00
     vertex  1.620936e+01  0.000000e+00 -1.687059e+00
     vertex  1.620936e+01  3.500000e+00 -1.687059e+00
   endloop
 endfacet
 facet normal -1.095298e-01  0.000000e+00  9.939835e-01
   outer loop
     vertex  1.616300e+01  3.500000e+00 -1.692167e+00
     vertex  1.616300e+01  0.000000e+00 -1.692167e+00
     vertex  1.620936e+01  0.000000e+00 -1.687059e+00
   endloop
 endfacet
 facet normal -8.221955e-02  0.000000e+00  9.966142e-01
   outer loop
     vertex  1.611652e+01  3.500000e+00 -1.696002e+00
     vertex  1.616300e+01  0.000000e+00 -1.692167e+00
     vertex  1.616300e+01  3.500000e+00 -1.692167e+00
   endloop
 endfacet
 facet normal -8.221955e-02  0.000000e+00  9.966142e-01
   outer loop
     vertex  1.611652e+01  3.500000e+00 -1.696002e+00
     vertex  1.611652e+01  0.000000e+00 -1.696002e+00
     vertex  1.616300e+01  0.000000e+00 -1.692167e+00
   endloop
 endfacet
 facet normal -5.484744e-02  0.000000e+00  9.984947e-01
   outer loop
     vertex  1.611652e+01  3.500000e+00 -1.696002e+00
     vertex  1.606995e+01  0.000000e+00 -1.698560e+00
     vertex  1.611652e+01  0.000000e+00 -1.696002e+00
   endloop
 endfacet
 facet normal -5.484744e-02  0.000000e+00  9.984947e-01
   outer loop
     vertex  1.606995e+01  3.500000e+00 -1.698560e+00
     vertex  1.606995e+01  0.000000e+00 -1.698560e+00
     vertex  1.611652e+01  3.500000e+00 -1.696002e+00
   endloop
 endfacet
 facet normal -2.743405e-02  0.000000e+00  9.996236e-01
   outer loop
     vertex  1.602332e+01  3.500000e+00 -1.699840e+00
     vertex  1.606995e+01  0.000000e+00 -1.698560e+00
     vertex  1.606995e+01  3.500000e+00 -1.698560e+00
   endloop
 endfacet
 facet normal -2.743405e-02  0.000000e+00  9.996236e-01
   outer loop
     vertex  1.602332e+01  3.500000e+00 -1.699840e+00
     vertex  1.602332e+01  0.000000e+00 -1.699840e+00
     vertex  1.606995e+01  0.000000e+00 -1.698560e+00
   endloop
 endfacet
 facet normal  4.760587e-15  0.000000e+00  1.000000e+00
   outer loop
     vertex  1.597668e+01  3.500000e+00 -1.699840e+00
     vertex  1.602332e+01  0.000000e+00 -1.699840e+00
     vertex  1.602332e+01  3.500000e+00 -1.699840e+00
   endloop
 endfacet
 facet normal  4.760587e-15  0.000000e+00  1.000000e+00
   outer loop
     vertex  1.597668e+01  3.500000e+00 -1.699840e+00
     vertex  1.597668e+01  0.000000e+00 -1.699840e+00
     vertex  1.602332e+01  0.000000e+00 -1.699840e+00
   endloop
 endfacet
 facet normal  2.743405e-02  0.000000e+00  9.996236e-01
   outer loop
     vertex  1.593005e+01  3.500000e+00 -1.698560e+00
     vertex  1.597668e+01  0.000000e+00 -1.699840e+00
     vertex  1.597668e+01  3.500000e+00 -1.699840e+00
   endloop
 endfacet
 facet normal  2.743405e-02  0.000000e+00  9.996236e-01
   outer loop
     vertex  1.593005e+01  3.500000e+00 -1.698560e+00
     vertex  1.593005e+01  0.000000e+00 -1.698560e+00
     vertex  1.597668e+01  0.000000e+00 -1.699840e+00
   endloop
 endfacet
 facet normal  5.484744e-02  0.000000e+00  9.984947e-01
   outer loop
     vertex  1.588348e+01  3.500000e+00 -1.696002e+00
     vertex  1.593005e+01  0.000000e+00 -1.698560e+00
     vertex  1.593005e+01  3.500000e+00 -1.698560e+00
   endloop
 endfacet
 facet normal  5.484744e-02  0.000000e+00  9.984947e-01
   outer loop
     vertex  1.588348e+01  3.500000e+00 -1.696002e+00
     vertex  1.588348e+01  0.000000e+00 -1.696002e+00
     vertex  1.593005e+01  0.000000e+00 -1.698560e+00
   endloop
 endfacet
 facet normal  8.221955e-02  0.000000e+00  9.966142e-01
   outer loop
     vertex  1.583700e+01  3.500000e+00 -1.692167e+00
     vertex  1.588348e+01  0.000000e+00 -1.696002e+00
     vertex  1.588348e+01  3.500000e+00 -1.696002e+00
   endloop
 endfacet
 facet normal  8.221955e-02  0.000000e+00  9.966142e-01
   outer loop
     vertex  1.583700e+01  3.500000e+00 -1.692167e+00
     vertex  1.583700e+01  0.000000e+00 -1.692167e+00
     vertex  1.588348e+01  0.000000e+00 -1.696002e+00
   endloop
 endfacet
 facet normal  1.095298e-01  0.000000e+00  9.939835e-01
   outer loop
     vertex  1.579064e+01  3.500000e+00 -1.687059e+00
     vertex  1.583700e+01  0.000000e+00 -1.692167e+00
     vertex  1.583700e+01  3.500000e+00 -1.692167e+00
   endloop
 endfacet
 facet normal  1.095298e-01  0.000000e+00  9.939835e-01
   outer loop
     vertex  1.579064e+01  3.500000e+00 -1.687059e+00
     vertex  1.579064e+01  0.000000e+00 -1.687059e+00
     vertex  1.583700e+01  0.000000e+00 -1.692167e+00
   endloop
 endfacet
 facet normal  1.367575e-01  0.000000e+00  9.906046e-01
   outer loop
     vertex  1.579064e+01  3.500000e+00 -1.687059e+00
     vertex  1.574443e+01  0.000000e+00 -1.680680e+00
     vertex  1.579064e+01  0.000000e+00 -1.687059e+00
   endloop
 endfacet
 facet normal  1.367575e-01  0.000000e+00  9.906046e-01
   outer loop
     vertex  1.574443e+01  3.500000e+00 -1.680680e+00
     vertex  1.574443e+01  0.000000e+00 -1.680680e+00
     vertex  1.579064e+01  3.500000e+00 -1.687059e+00
   endloop
 endfacet
 facet normal  1.638824e-01  0.000000e+00  9.864799e-01
   outer loop
     vertex  1.569842e+01  3.500000e+00 -1.673036e+00
     vertex  1.574443e+01  0.000000e+00 -1.680680e+00
     vertex  1.574443e+01  3.500000e+00 -1.680680e+00
   endloop
 endfacet
 facet normal  1.638824e-01  0.000000e+00  9.864799e-01
   outer loop
     vertex  1.569842e+01  3.500000e+00 -1.673036e+00
     vertex  1.569842e+01  0.000000e+00 -1.673036e+00
     vertex  1.574443e+01  0.000000e+00 -1.680680e+00
   endloop
 endfacet
 facet normal  1.908838e-01  0.000000e+00  9.816126e-01
   outer loop
     vertex  1.565264e+01  3.500000e+00 -1.664133e+00
     vertex  1.569842e+01  0.000000e+00 -1.673036e+00
     vertex  1.569842e+01  3.500000e+00 -1.673036e+00
   endloop
 endfacet
 facet normal  1.908838e-01  0.000000e+00  9.816126e-01
   outer loop
     vertex  1.565264e+01  3.500000e+00 -1.664133e+00
     vertex  1.565264e+01  0.000000e+00 -1.664133e+00
     vertex  1.569842e+01  0.000000e+00 -1.673036e+00
   endloop
 endfacet
 facet normal  2.177416e-01  0.000000e+00  9.760065e-01
   outer loop
     vertex  1.560711e+01  3.500000e+00 -1.653977e+00
     vertex  1.560711e+01  0.000000e+00 -1.653977e+00
     vertex  1.565264e+01  0.000000e+00 -1.664133e+00
   endloop
 endfacet
 facet normal  2.177416e-01  0.000000e+00  9.760065e-01
   outer loop
     vertex  1.560711e+01  3.500000e+00 -1.653977e+00
     vertex  1.565264e+01  0.000000e+00 -1.664133e+00
     vertex  1.565264e+01  3.500000e+00 -1.664133e+00
   endloop
 endfacet
 facet normal  2.444354e-01  0.000000e+00  9.696656e-01
   outer loop
     vertex  1.560711e+01  3.500000e+00 -1.653977e+00
     vertex  1.556189e+01  0.000000e+00 -1.642576e+00
     vertex  1.560711e+01  0.000000e+00 -1.653977e+00
   endloop
 endfacet
 facet normal  2.444354e-01  0.000000e+00  9.696656e-01
   outer loop
     vertex  1.556189e+01  3.500000e+00 -1.642576e+00
     vertex  1.556189e+01  0.000000e+00 -1.642576e+00
     vertex  1.560711e+01  3.500000e+00 -1.653977e+00
   endloop
 endfacet
 facet normal  2.709453e-01  0.000000e+00  9.625948e-01
   outer loop
     vertex  1.551699e+01  3.500000e+00 -1.629938e+00
     vertex  1.551699e+01  0.000000e+00 -1.629938e+00
     vertex  1.556189e+01  0.000000e+00 -1.642576e+00
   endloop
 endfacet
 facet normal  2.709453e-01  0.000000e+00  9.625948e-01
   outer loop
     vertex  1.551699e+01  3.500000e+00 -1.629938e+00
     vertex  1.556189e+01  0.000000e+00 -1.642576e+00
     vertex  1.556189e+01  3.500000e+00 -1.642576e+00
   endloop
 endfacet
 facet normal  2.972512e-01  0.000000e+00  9.547993e-01
   outer loop
     vertex  1.547245e+01  3.500000e+00 -1.616074e+00
     vertex  1.547245e+01  0.000000e+00 -1.616074e+00
     vertex  1.551699e+01  0.000000e+00 -1.629938e+00
   endloop
 endfacet
 facet normal  2.972512e-01  0.000000e+00  9.547993e-01
   outer loop
     vertex  1.547245e+01  3.500000e+00 -1.616074e+00
     vertex  1.551699e+01  0.000000e+00 -1.629938e+00
     vertex  1.551699e+01  3.500000e+00 -1.629938e+00
   endloop
 endfacet
 facet normal  3.233333e-01  0.000000e+00  9.462851e-01
   outer loop
     vertex  1.542832e+01  3.500000e+00 -1.600993e+00
     vertex  1.542832e+01  0.000000e+00 -1.600993e+00
     vertex  1.547245e+01  0.000000e+00 -1.616074e+00
   endloop
 endfacet
 facet normal  3.233333e-01  0.000000e+00  9.462851e-01
   outer loop
     vertex  1.542832e+01  3.500000e+00 -1.600993e+00
     vertex  1.547245e+01  0.000000e+00 -1.616074e+00
     vertex  1.547245e+01  3.500000e+00 -1.616074e+00
   endloop
 endfacet
 facet normal  3.491720e-01  0.000000e+00  9.370586e-01
   outer loop
     vertex  1.538461e+01  3.500000e+00 -1.584707e+00
     vertex  1.538461e+01  0.000000e+00 -1.584707e+00
     vertex  1.542832e+01  0.000000e+00 -1.600993e+00
   endloop
 endfacet
 facet normal  3.491720e-01  0.000000e+00  9.370586e-01
   outer loop
     vertex  1.538461e+01  3.500000e+00 -1.584707e+00
     vertex  1.542832e+01  0.000000e+00 -1.600993e+00
     vertex  1.542832e+01  3.500000e+00 -1.600993e+00
   endloop
 endfacet
 facet normal  3.747479e-01  0.000000e+00  9.271267e-01
   outer loop
     vertex  1.534137e+01  3.500000e+00 -1.567228e+00
     vertex  1.534137e+01  0.000000e+00 -1.567228e+00
     vertex  1.538461e+01  0.000000e+00 -1.584707e+00
   endloop
 endfacet
 facet normal  3.747479e-01  0.000000e+00  9.271267e-01
   outer loop
     vertex  1.534137e+01  3.500000e+00 -1.567228e+00
     vertex  1.538461e+01  0.000000e+00 -1.584707e+00
     vertex  1.538461e+01  3.500000e+00 -1.584707e+00
   endloop
 endfacet
 facet normal  4.000417e-01  0.000000e+00  9.164969e-01
   outer loop
     vertex  1.529862e+01  3.500000e+00 -1.548569e+00
     vertex  1.529862e+01  0.000000e+00 -1.548569e+00
     vertex  1.534137e+01  0.000000e+00 -1.567228e+00
   endloop
 endfacet
 facet normal  4.000417e-01  0.000000e+00  9.164969e-01
   outer loop
     vertex  1.529862e+01  3.500000e+00 -1.548569e+00
     vertex  1.534137e+01  0.000000e+00 -1.567228e+00
     vertex  1.534137e+01  3.500000e+00 -1.567228e+00
   endloop
 endfacet
 facet normal  4.250344e-01  0.000000e+00  9.051772e-01
   outer loop
     vertex  1.525640e+01  3.500000e+00 -1.528744e+00
     vertex  1.525640e+01  0.000000e+00 -1.528744e+00
     vertex  1.529862e+01  0.000000e+00 -1.548569e+00
   endloop
 endfacet
 facet normal  4.250344e-01  0.000000e+00  9.051772e-01
   outer loop
     vertex  1.525640e+01  3.500000e+00 -1.528744e+00
     vertex  1.529862e+01  0.000000e+00 -1.548569e+00
     vertex  1.529862e+01  3.500000e+00 -1.548569e+00
   endloop
 endfacet
 facet normal  4.497071e-01  0.000000e+00  8.931761e-01
   outer loop
     vertex  1.521474e+01  3.500000e+00 -1.507769e+00
     vertex  1.521474e+01  0.000000e+00 -1.507769e+00
     vertex  1.525640e+01  0.000000e+00 -1.528744e+00
   endloop
 endfacet
 facet normal  4.497071e-01  0.000000e+00  8.931761e-01
   outer loop
     vertex  1.521474e+01  3.500000e+00 -1.507769e+00
     vertex  1.525640e+01  0.000000e+00 -1.528744e+00
     vertex  1.525640e+01  3.500000e+00 -1.528744e+00
   endloop
 endfacet
 facet normal  4.740412e-01  0.000000e+00  8.805026e-01
   outer loop
     vertex  1.517367e+01  3.500000e+00 -1.485658e+00
     vertex  1.517367e+01  0.000000e+00 -1.485658e+00
     vertex  1.521474e+01  0.000000e+00 -1.507769e+00
   endloop
 endfacet
 facet normal  4.740412e-01  0.000000e+00  8.805026e-01
   outer loop
     vertex  1.517367e+01  3.500000e+00 -1.485658e+00
     vertex  1.521474e+01  0.000000e+00 -1.507769e+00
     vertex  1.521474e+01  3.500000e+00 -1.507769e+00
   endloop
 endfacet
 facet normal  4.980186e-01  0.000000e+00  8.671664e-01
   outer loop
     vertex  1.513322e+01  3.500000e+00 -1.462430e+00
     vertex  1.513322e+01  0.000000e+00 -1.462430e+00
     vertex  1.517367e+01  0.000000e+00 -1.485658e+00
   endloop
 endfacet
 facet normal  4.980186e-01  0.000000e+00  8.671664e-01
   outer loop
     vertex  1.513322e+01  3.500000e+00 -1.462430e+00
     vertex  1.517367e+01  0.000000e+00 -1.485658e+00
     vertex  1.517367e+01  3.500000e+00 -1.485658e+00
   endloop
 endfacet
 facet normal  5.216210e-01  0.000000e+00  8.531773e-01
   outer loop
     vertex  1.509343e+01  3.500000e+00 -1.438100e+00
     vertex  1.509343e+01  0.000000e+00 -1.438100e+00
     vertex  1.513322e+01  0.000000e+00 -1.462430e+00
   endloop
 endfacet
 facet normal  5.216210e-01  0.000000e+00  8.531773e-01
   outer loop
     vertex  1.509343e+01  3.500000e+00 -1.438100e+00
     vertex  1.513322e+01  0.000000e+00 -1.462430e+00
     vertex  1.513322e+01  3.500000e+00 -1.462430e+00
   endloop
 endfacet
 facet normal  5.448308e-01  0.000000e+00  8.385460e-01
   outer loop
     vertex  1.505432e+01  3.500000e+00 -1.412688e+00
     vertex  1.505432e+01  0.000000e+00 -1.412688e+00
     vertex  1.509343e+01  0.000000e+00 -1.438100e+00
   endloop
 endfacet
 facet normal  5.448308e-01  0.000000e+00  8.385460e-01
   outer loop
     vertex  1.505432e+01  3.500000e+00 -1.412688e+00
     vertex  1.509343e+01  0.000000e+00 -1.438100e+00
     vertex  1.509343e+01  3.500000e+00 -1.438100e+00
   endloop
 endfacet
 facet normal  5.676304e-01  0.000000e+00  8.232835e-01
   outer loop
     vertex  1.501592e+01  3.500000e+00 -1.386212e+00
     vertex  1.505432e+01  0.000000e+00 -1.412688e+00
     vertex  1.505432e+01  3.500000e+00 -1.412688e+00
   endloop
 endfacet
 facet normal  5.676304e-01  0.000000e+00  8.232835e-01
   outer loop
     vertex  1.501592e+01  3.500000e+00 -1.386212e+00
     vertex  1.501592e+01  0.000000e+00 -1.386212e+00
     vertex  1.505432e+01  0.000000e+00 -1.412688e+00
   endloop
 endfacet
 facet normal  5.900028e-01  0.000000e+00  8.074012e-01
   outer loop
     vertex  1.497826e+01  3.500000e+00 -1.358693e+00
     vertex  1.501592e+01  0.000000e+00 -1.386212e+00
     vertex  1.501592e+01  3.500000e+00 -1.386212e+00
   endloop
 endfacet
 facet normal  5.900028e-01  0.000000e+00  8.074012e-01
   outer loop
     vertex  1.497826e+01  3.500000e+00 -1.358693e+00
     vertex  1.497826e+01  0.000000e+00 -1.358693e+00
     vertex  1.501592e+01  0.000000e+00 -1.386212e+00
   endloop
 endfacet
 facet normal  6.119310e-01  0.000000e+00  7.909112e-01
   outer loop
     vertex  1.494137e+01  3.500000e+00 -1.330152e+00
     vertex  1.497826e+01  0.000000e+00 -1.358693e+00
     vertex  1.497826e+01  3.500000e+00 -1.358693e+00
   endloop
 endfacet
 facet normal  6.119310e-01  0.000000e+00  7.909112e-01
   outer loop
     vertex  1.494137e+01  3.500000e+00 -1.330152e+00
     vertex  1.494137e+01  0.000000e+00 -1.330152e+00
     vertex  1.497826e+01  0.000000e+00 -1.358693e+00
   endloop
 endfacet
 facet normal  6.333986e-01  0.000000e+00  7.738257e-01
   outer loop
     vertex  1.490528e+01  3.500000e+00 -1.300608e+00
     vertex  1.494137e+01  0.000000e+00 -1.330152e+00
     vertex  1.494137e+01  3.500000e+00 -1.330152e+00
   endloop
 endfacet
 facet normal  6.333986e-01  0.000000e+00  7.738257e-01
   outer loop
     vertex  1.490528e+01  3.500000e+00 -1.300608e+00
     vertex  1.490528e+01  0.000000e+00 -1.300608e+00
     vertex  1.494137e+01  0.000000e+00 -1.330152e+00
   endloop
 endfacet
 facet normal  6.543893e-01  0.000000e+00  7.561578e-01
   outer loop
     vertex  1.487001e+01  3.500000e+00 -1.270086e+00
     vertex  1.490528e+01  0.000000e+00 -1.300608e+00
     vertex  1.490528e+01  3.500000e+00 -1.300608e+00
   endloop
 endfacet
 facet normal  6.543893e-01  0.000000e+00  7.561578e-01
   outer loop
     vertex  1.487001e+01  3.500000e+00 -1.270086e+00
     vertex  1.487001e+01  0.000000e+00 -1.270086e+00
     vertex  1.490528e+01  0.000000e+00 -1.300608e+00
   endloop
 endfacet
 facet normal  6.748875e-01  0.000000e+00  7.379206e-01
   outer loop
     vertex  1.483559e+01  3.500000e+00 -1.238608e+00
     vertex  1.487001e+01  0.000000e+00 -1.270086e+00
     vertex  1.487001e+01  3.500000e+00 -1.270086e+00
   endloop
 endfacet
 facet normal  6.748875e-01  0.000000e+00  7.379206e-01
   outer loop
     vertex  1.483559e+01  3.500000e+00 -1.238608e+00
     vertex  1.483559e+01  0.000000e+00 -1.238608e+00
     vertex  1.487001e+01  0.000000e+00 -1.270086e+00
   endloop
 endfacet
 facet normal  6.948776e-01  0.000000e+00  7.191280e-01
   outer loop
     vertex  1.480205e+01  3.500000e+00 -1.206197e+00
     vertex  1.483559e+01  0.000000e+00 -1.238608e+00
     vertex  1.483559e+01  3.500000e+00 -1.238608e+00
   endloop
 endfacet
 facet normal  6.948776e-01  0.000000e+00  7.191280e-01
   outer loop
     vertex  1.480205e+01  3.500000e+00 -1.206197e+00
     vertex  1.480205e+01  0.000000e+00 -1.206197e+00
     vertex  1.483559e+01  0.000000e+00 -1.238608e+00
   endloop
 endfacet
 facet normal  7.143447e-01  0.000000e+00  6.997940e-01
   outer loop
     vertex  1.476941e+01  3.500000e+00 -1.172879e+00
     vertex  1.480205e+01  0.000000e+00 -1.206197e+00
     vertex  1.480205e+01  3.500000e+00 -1.206197e+00
   endloop
 endfacet
 facet normal  7.143447e-01  0.000000e+00  6.997940e-01
   outer loop
     vertex  1.476941e+01  3.500000e+00 -1.172879e+00
     vertex  1.476941e+01  0.000000e+00 -1.172879e+00
     vertex  1.480205e+01  0.000000e+00 -1.206197e+00
   endloop
 endfacet
 facet normal  7.332740e-01  0.000000e+00  6.799333e-01
   outer loop
     vertex  1.473769e+01  3.500000e+00 -1.138677e+00
     vertex  1.476941e+01  0.000000e+00 -1.172879e+00
     vertex  1.476941e+01  3.500000e+00 -1.172879e+00
   endloop
 endfacet
 facet normal  7.332740e-01  0.000000e+00  6.799333e-01
   outer loop
     vertex  1.473769e+01  3.500000e+00 -1.138677e+00
     vertex  1.473769e+01  0.000000e+00 -1.138677e+00
     vertex  1.476941e+01  0.000000e+00 -1.172879e+00
   endloop
 endfacet
 facet normal  7.516513e-01  0.000000e+00  6.595607e-01
   outer loop
     vertex  1.470693e+01  3.500000e+00 -1.103618e+00
     vertex  1.473769e+01  0.000000e+00 -1.138677e+00
     vertex  1.473769e+01  3.500000e+00 -1.138677e+00
   endloop
 endfacet
 facet normal  7.516513e-01  0.000000e+00  6.595607e-01
   outer loop
     vertex  1.470693e+01  3.500000e+00 -1.103618e+00
     vertex  1.470693e+01  0.000000e+00 -1.103618e+00
     vertex  1.473769e+01  0.000000e+00 -1.138677e+00
   endloop
 endfacet
 facet normal  7.694628e-01  0.000000e+00  6.386916e-01
   outer loop
     vertex  1.467714e+01  3.500000e+00 -1.067729e+00
     vertex  1.470693e+01  0.000000e+00 -1.103618e+00
     vertex  1.470693e+01  3.500000e+00 -1.103618e+00
   endloop
 endfacet
 facet normal  7.694628e-01  0.000000e+00  6.386916e-01
   outer loop
     vertex  1.467714e+01  3.500000e+00 -1.067729e+00
     vertex  1.467714e+01  0.000000e+00 -1.067729e+00
     vertex  1.470693e+01  0.000000e+00 -1.103618e+00
   endloop
 endfacet
 facet normal  7.866951e-01  0.000000e+00  6.173417e-01
   outer loop
     vertex  1.464835e+01  3.500000e+00 -1.031036e+00
     vertex  1.467714e+01  0.000000e+00 -1.067729e+00
     vertex  1.467714e+01  3.500000e+00 -1.067729e+00
   endloop
 endfacet
 facet normal  7.866951e-01  0.000000e+00  6.173417e-01
   outer loop
     vertex  1.464835e+01  3.500000e+00 -1.031036e+00
     vertex  1.464835e+01  0.000000e+00 -1.031036e+00
     vertex  1.467714e+01  0.000000e+00 -1.067729e+00
   endloop
 endfacet
 facet normal  8.033352e-01  0.000000e+00  5.955271e-01
   outer loop
     vertex  1.462057e+01  3.500000e+00 -9.935661e-01
     vertex  1.464835e+01  0.000000e+00 -1.031036e+00
     vertex  1.464835e+01  3.500000e+00 -1.031036e+00
   endloop
 endfacet
 facet normal  8.033352e-01  0.000000e+00  5.955271e-01
   outer loop
     vertex  1.462057e+01  3.500000e+00 -9.935661e-01
     vertex  1.462057e+01  0.000000e+00 -9.935661e-01
     vertex  1.464835e+01  0.000000e+00 -1.031036e+00
   endloop
 endfacet
 facet normal  8.193706e-01  0.000000e+00  5.732642e-01
   outer loop
     vertex  1.459383e+01  3.500000e+00 -9.553488e-01
     vertex  1.462057e+01  0.000000e+00 -9.935661e-01
     vertex  1.462057e+01  3.500000e+00 -9.935661e-01
   endloop
 endfacet
 facet normal  8.193706e-01  0.000000e+00  5.732642e-01
   outer loop
     vertex  1.459383e+01  3.500000e+00 -9.553488e-01
     vertex  1.459383e+01  0.000000e+00 -9.553488e-01
     vertex  1.462057e+01  0.000000e+00 -9.935661e-01
   endloop
 endfacet
 facet normal  8.347891e-01  0.000000e+00  5.505698e-01
   outer loop
     vertex  1.456815e+01  3.500000e+00 -9.164124e-01
     vertex  1.459383e+01  0.000000e+00 -9.553488e-01
     vertex  1.459383e+01  3.500000e+00 -9.553488e-01
   endloop
 endfacet
 facet normal  8.347891e-01  0.000000e+00  5.505698e-01
   outer loop
     vertex  1.456815e+01  3.500000e+00 -9.164124e-01
     vertex  1.456815e+01  0.000000e+00 -9.164124e-01
     vertex  1.459383e+01  0.000000e+00 -9.553488e-01
   endloop
 endfacet
 facet normal  8.495793e-01  0.000000e+00  5.274609e-01
   outer loop
     vertex  1.456815e+01  3.500000e+00 -9.164124e-01
     vertex  1.454355e+01  0.000000e+00 -8.767861e-01
     vertex  1.456815e+01  0.000000e+00 -9.164124e-01
   endloop
 endfacet
 facet normal  8.495793e-01  0.000000e+00  5.274609e-01
   outer loop
     vertex  1.454355e+01  3.500000e+00 -8.767861e-01
     vertex  1.454355e+01  0.000000e+00 -8.767861e-01
     vertex  1.456815e+01  3.500000e+00 -9.164124e-01
   endloop
 endfacet
 facet normal  8.637299e-01  0.000000e+00  5.039550e-01
   outer loop
     vertex  1.452004e+01  3.500000e+00 -8.364998e-01
     vertex  1.454355e+01  0.000000e+00 -8.767861e-01
     vertex  1.454355e+01  3.500000e+00 -8.767861e-01
   endloop
 endfacet
 facet normal  8.637299e-01  0.000000e+00  5.039550e-01
   outer loop
     vertex  1.452004e+01  3.500000e+00 -8.364998e-01
     vertex  1.452004e+01  0.000000e+00 -8.364998e-01
     vertex  1.454355e+01  0.000000e+00 -8.767861e-01
   endloop
 endfacet
 facet normal  8.772303e-01  0.000000e+00  4.800697e-01
   outer loop
     vertex  1.449765e+01  3.500000e+00 -7.955837e-01
     vertex  1.452004e+01  0.000000e+00 -8.364998e-01
     vertex  1.452004e+01  3.500000e+00 -8.364998e-01
   endloop
 endfacet
 facet normal  8.772303e-01  0.000000e+00  4.800697e-01
   outer loop
     vertex  1.449765e+01  3.500000e+00 -7.955837e-01
     vertex  1.449765e+01  0.000000e+00 -7.955837e-01
     vertex  1.452004e+01  0.000000e+00 -8.364998e-01
   endloop
 endfacet
 facet normal  8.900704e-01  0.000000e+00  4.558231e-01
   outer loop
     vertex  1.447639e+01  3.500000e+00 -7.540688e-01
     vertex  1.449765e+01  0.000000e+00 -7.955837e-01
     vertex  1.449765e+01  3.500000e+00 -7.955837e-01
   endloop
 endfacet
 facet normal  8.900704e-01  0.000000e+00  4.558231e-01
   outer loop
     vertex  1.447639e+01  3.500000e+00 -7.540688e-01
     vertex  1.447639e+01  0.000000e+00 -7.540688e-01
     vertex  1.449765e+01  0.000000e+00 -7.955837e-01
   endloop
 endfacet
 facet normal  9.022405e-01  0.000000e+00  4.312333e-01
   outer loop
     vertex  1.445628e+01  3.500000e+00 -7.119863e-01
     vertex  1.447639e+01  0.000000e+00 -7.540688e-01
     vertex  1.447639e+01  3.500000e+00 -7.540688e-01
   endloop
 endfacet
 facet normal  9.022405e-01  0.000000e+00  4.312333e-01
   outer loop
     vertex  1.445628e+01  3.500000e+00 -7.119863e-01
     vertex  1.445628e+01  0.000000e+00 -7.119863e-01
     vertex  1.447639e+01  0.000000e+00 -7.540688e-01
   endloop
 endfacet
 facet normal  9.137314e-01  0.000000e+00  4.063188e-01
   outer loop
     vertex  1.443733e+01  3.500000e+00 -6.693678e-01
     vertex  1.445628e+01  0.000000e+00 -7.119863e-01
     vertex  1.445628e+01  3.500000e+00 -7.119863e-01
   endloop
 endfacet
 facet normal  9.137314e-01  0.000000e+00  4.063188e-01
   outer loop
     vertex  1.443733e+01  3.500000e+00 -6.693678e-01
     vertex  1.443733e+01  0.000000e+00 -6.693678e-01
     vertex  1.445628e+01  0.000000e+00 -7.119863e-01
   endloop
 endfacet
 facet normal  9.245344e-01  0.000000e+00  3.810986e-01
   outer loop
     vertex  1.441955e+01  3.500000e+00 -6.262454e-01
     vertex  1.441955e+01  0.000000e+00 -6.262454e-01
     vertex  1.443733e+01  0.000000e+00 -6.693678e-01
   endloop
 endfacet
 facet normal  9.245344e-01  0.000000e+00  3.810986e-01
   outer loop
     vertex  1.441955e+01  3.500000e+00 -6.262454e-01
     vertex  1.443733e+01  0.000000e+00 -6.693678e-01
     vertex  1.443733e+01  3.500000e+00 -6.693678e-01
   endloop
 endfacet
 facet normal  9.346415e-01  0.000000e+00  3.555914e-01
   outer loop
     vertex  1.440297e+01  3.500000e+00 -5.826516e-01
     vertex  1.440297e+01  0.000000e+00 -5.826516e-01
     vertex  1.441955e+01  0.000000e+00 -6.262454e-01
   endloop
 endfacet
 facet normal  9.346415e-01  0.000000e+00  3.555914e-01
   outer loop
     vertex  1.440297e+01  3.500000e+00 -5.826516e-01
     vertex  1.441955e+01  0.000000e+00 -6.262454e-01
     vertex  1.441955e+01  3.500000e+00 -6.262454e-01
   endloop
 endfacet
 facet normal  9.440450e-01  0.000000e+00  3.298166e-01
   outer loop
     vertex  1.438758e+01  3.500000e+00 -5.386192e-01
     vertex  1.438758e+01  0.000000e+00 -5.386192e-01
     vertex  1.440297e+01  0.000000e+00 -5.826516e-01
   endloop
 endfacet
 facet normal  9.527379e-01  0.000000e+00  3.037934e-01
   outer loop
     vertex  1.438758e+01  3.500000e+00 -5.386192e-01
     vertex  1.437341e+01  0.000000e+00 -4.941813e-01
     vertex  1.438758e+01  0.000000e+00 -5.386192e-01
   endloop
 endfacet
 facet normal  9.440450e-01  0.000000e+00  3.298166e-01
   outer loop
     vertex  1.438758e+01  3.500000e+00 -5.386192e-01
     vertex  1.440297e+01  0.000000e+00 -5.826516e-01
     vertex  1.440297e+01  3.500000e+00 -5.826516e-01
   endloop
 endfacet
 facet normal  9.527379e-01  0.000000e+00  3.037934e-01
   outer loop
     vertex  1.437341e+01  3.500000e+00 -4.941813e-01
     vertex  1.437341e+01  0.000000e+00 -4.941813e-01
     vertex  1.438758e+01  3.500000e+00 -5.386192e-01
   endloop
 endfacet
 facet normal  9.607136e-01  0.000000e+00  2.775416e-01
   outer loop
     vertex  1.436047e+01  3.500000e+00 -4.493715e-01
     vertex  1.437341e+01  0.000000e+00 -4.941813e-01
     vertex  1.437341e+01  3.500000e+00 -4.941813e-01
   endloop
 endfacet
 facet normal  9.607136e-01  0.000000e+00  2.775416e-01
   outer loop
     vertex  1.436047e+01  3.500000e+00 -4.493715e-01
     vertex  1.436047e+01  0.000000e+00 -4.493715e-01
     vertex  1.437341e+01  0.000000e+00 -4.941813e-01
   endloop
 endfacet
 facet normal  9.679661e-01  0.000000e+00  2.510809e-01
   outer loop
     vertex  1.434876e+01  3.500000e+00 -4.042233e-01
     vertex  1.436047e+01  0.000000e+00 -4.493715e-01
     vertex  1.436047e+01  3.500000e+00 -4.493715e-01
   endloop
 endfacet
 facet normal  9.679661e-01  0.000000e+00  2.510809e-01
   outer loop
     vertex  1.434876e+01  3.500000e+00 -4.042233e-01
     vertex  1.434876e+01  0.000000e+00 -4.042233e-01
     vertex  1.436047e+01  0.000000e+00 -4.493715e-01
   endloop
 endfacet
 facet normal  9.744899e-01  0.000000e+00  2.244312e-01
   outer loop
     vertex  1.433829e+01  3.500000e+00 -3.587709e-01
     vertex  1.434876e+01  0.000000e+00 -4.042233e-01
     vertex  1.434876e+01  3.500000e+00 -4.042233e-01
   endloop
 endfacet
 facet normal  9.744899e-01  0.000000e+00  2.244312e-01
   outer loop
     vertex  1.433829e+01  3.500000e+00 -3.587709e-01
     vertex  1.433829e+01  0.000000e+00 -3.587709e-01
     vertex  1.434876e+01  0.000000e+00 -4.042233e-01
   endloop
 endfacet
 facet normal  9.802802e-01  0.000000e+00  1.976125e-01
   outer loop
     vertex  1.433829e+01  3.500000e+00 -3.587709e-01
     vertex  1.432907e+01  0.000000e+00 -3.130484e-01
     vertex  1.433829e+01  0.000000e+00 -3.587709e-01
   endloop
 endfacet
 facet normal  9.802802e-01  0.000000e+00  1.976125e-01
   outer loop
     vertex  1.432907e+01  3.500000e+00 -3.130484e-01
     vertex  1.432907e+01  0.000000e+00 -3.130484e-01
     vertex  1.433829e+01  3.500000e+00 -3.587709e-01
   endloop
 endfacet
 facet normal  9.853326e-01  0.000000e+00  1.706451e-01
   outer loop
     vertex  1.432111e+01  3.500000e+00 -2.670903e-01
     vertex  1.432907e+01  0.000000e+00 -3.130484e-01
     vertex  1.432907e+01  3.500000e+00 -3.130484e-01
   endloop
 endfacet
 facet normal  9.853326e-01  0.000000e+00  1.706451e-01
   outer loop
     vertex  1.432111e+01  3.500000e+00 -2.670903e-01
     vertex  1.432111e+01  0.000000e+00 -2.670903e-01
     vertex  1.432907e+01  0.000000e+00 -3.130484e-01
   endloop
 endfacet
 facet normal  9.896432e-01  0.000000e+00  1.435492e-01
   outer loop
     vertex  1.431442e+01  3.500000e+00 -2.209311e-01
     vertex  1.432111e+01  0.000000e+00 -2.670903e-01
     vertex  1.432111e+01  3.500000e+00 -2.670903e-01
   endloop
 endfacet
 facet normal  9.896432e-01  0.000000e+00  1.435492e-01
   outer loop
     vertex  1.431442e+01  3.500000e+00 -2.209311e-01
     vertex  1.431442e+01  0.000000e+00 -2.209311e-01
     vertex  1.432111e+01  0.000000e+00 -2.670903e-01
   endloop
 endfacet
 facet normal  9.932088e-01  0.000000e+00  1.163452e-01
   outer loop
     vertex  1.431442e+01  3.500000e+00 -2.209311e-01
     vertex  1.430899e+01  0.000000e+00 -1.746055e-01
     vertex  1.431442e+01  0.000000e+00 -2.209311e-01
   endloop
 endfacet
 facet normal  9.932088e-01  0.000000e+00  1.163452e-01
   outer loop
     vertex  1.430899e+01  3.500000e+00 -1.746055e-01
     vertex  1.430899e+01  0.000000e+00 -1.746055e-01
     vertex  1.431442e+01  3.500000e+00 -2.209311e-01
   endloop
 endfacet
 facet normal  9.960268e-01  0.000000e+00  8.905371e-02
   outer loop
     vertex  1.430484e+01  3.500000e+00 -1.281486e-01
     vertex  1.430899e+01  0.000000e+00 -1.746055e-01
     vertex  1.430899e+01  3.500000e+00 -1.746055e-01
   endloop
 endfacet
 facet normal  9.960268e-01  0.000000e+00  8.905371e-02
   outer loop
     vertex  1.430484e+01  3.500000e+00 -1.281486e-01
     vertex  1.430484e+01  0.000000e+00 -1.281486e-01
     vertex  1.430899e+01  0.000000e+00 -1.746055e-01
   endloop
 endfacet
 facet normal  9.980950e-01  0.000000e+00  6.169515e-02
   outer loop
     vertex  1.430484e+01  3.500000e+00 -1.281486e-01
     vertex  1.430196e+01  0.000000e+00 -8.159517e-02
     vertex  1.430484e+01  0.000000e+00 -1.281486e-01
   endloop
 endfacet
 facet normal  9.980950e-01  0.000000e+00  6.169515e-02
   outer loop
     vertex  1.430196e+01  3.500000e+00 -8.159517e-02
     vertex  1.430196e+01  0.000000e+00 -8.159517e-02
     vertex  1.430484e+01  3.500000e+00 -1.281486e-01
   endloop
 endfacet
 facet normal  9.994119e-01  0.000000e+00  3.429014e-02
   outer loop
     vertex  1.430036e+01  3.500000e+00 -3.498033e-02
     vertex  1.430196e+01  0.000000e+00 -8.159517e-02
     vertex  1.430196e+01  3.500000e+00 -8.159517e-02
   endloop
 endfacet
 facet normal  9.994119e-01  0.000000e+00  3.429014e-02
   outer loop
     vertex  1.430036e+01  3.500000e+00 -3.498033e-02
     vertex  1.430036e+01  0.000000e+00 -3.498033e-02
     vertex  1.430196e+01  0.000000e+00 -8.159517e-02
   endloop
 endfacet
 facet normal  9.999765e-01  0.000000e+00  6.859319e-03
   outer loop
     vertex  1.430004e+01  3.500000e+00  1.166084e-02
     vertex  1.430036e+01  0.000000e+00 -3.498033e-02
     vertex  1.430036e+01  3.500000e+00 -3.498033e-02
   endloop
 endfacet
 facet normal  9.999765e-01  0.000000e+00  6.859319e-03
   outer loop
     vertex  1.430004e+01  3.500000e+00  1.166084e-02
     vertex  1.430004e+01  0.000000e+00  1.166084e-02
     vertex  1.430036e+01  0.000000e+00 -3.498033e-02
   endloop
 endfacet
 facet normal  9.997883e-01  0.000000e+00 -2.057667e-02
   outer loop
     vertex  1.430004e+01  3.500000e+00  1.166084e-02
     vertex  1.430100e+01  0.000000e+00  5.829324e-02
     vertex  1.430004e+01  0.000000e+00  1.166084e-02
   endloop
 endfacet
 facet normal  9.988475e-01  0.000000e+00 -4.799716e-02
   outer loop
     vertex  1.430100e+01  3.500000e+00  5.829324e-02
     vertex  1.430324e+01  0.000000e+00  1.048818e-01
     vertex  1.430100e+01  0.000000e+00  5.829324e-02
   endloop
 endfacet
 facet normal  9.997883e-01  0.000000e+00 -2.057667e-02
   outer loop
     vertex  1.430100e+01  3.500000e+00  5.829324e-02
     vertex  1.430100e+01  0.000000e+00  5.829324e-02
     vertex  1.430004e+01  3.500000e+00  1.166084e-02
   endloop
 endfacet
 facet normal  9.988475e-01  0.000000e+00 -4.799716e-02
   outer loop
     vertex  1.430324e+01  3.500000e+00  1.048818e-01
     vertex  1.430324e+01  0.000000e+00  1.048818e-01
     vertex  1.430100e+01  3.500000e+00  5.829324e-02
   endloop
 endfacet
 facet normal  9.971548e-01  0.000000e+00 -7.538152e-02
   outer loop
     vertex  1.430675e+01  3.500000e+00  1.513913e-01
     vertex  1.430675e+01  0.000000e+00  1.513913e-01
     vertex  1.430324e+01  0.000000e+00  1.048818e-01
   endloop
 endfacet
 facet normal  9.971548e-01  0.000000e+00 -7.538152e-02
   outer loop
     vertex  1.430675e+01  3.500000e+00  1.513913e-01
     vertex  1.430324e+01  0.000000e+00  1.048818e-01
     vertex  1.430324e+01  3.500000e+00  1.048818e-01
   endloop
 endfacet
 facet normal  9.947114e-01  0.000000e+00 -1.027091e-01
   outer loop
     vertex  1.431154e+01  3.500000e+00  1.977869e-01
     vertex  1.431154e+01  0.000000e+00  1.977869e-01
     vertex  1.430675e+01  0.000000e+00  1.513913e-01
   endloop
 endfacet
 facet normal  9.915193e-01  0.000000e+00 -1.299594e-01
   outer loop
     vertex  1.431154e+01  3.500000e+00  1.977869e-01
     vertex  1.431761e+01  0.000000e+00  2.440336e-01
     vertex  1.431154e+01  0.000000e+00  1.977869e-01
   endloop
 endfacet
 facet normal  9.947114e-01  0.000000e+00 -1.027091e-01
   outer loop
     vertex  1.431154e+01  3.500000e+00  1.977869e-01
     vertex  1.430675e+01  0.000000e+00  1.513913e-01
     vertex  1.430675e+01  3.500000e+00  1.513913e-01
   endloop
 endfacet
 facet normal  9.915193e-01  0.000000e+00 -1.299594e-01
   outer loop
     vertex  1.431761e+01  3.500000e+00  2.440336e-01
     vertex  1.431761e+01  0.000000e+00  2.440336e-01
     vertex  1.431154e+01  3.500000e+00  1.977869e-01
   endloop
 endfacet
 facet normal  9.875808e-01  0.000000e+00 -1.571119e-01
   outer loop
     vertex  1.432493e+01  3.500000e+00  2.900966e-01
     vertex  1.432493e+01  0.000000e+00  2.900966e-01
     vertex  1.431761e+01  0.000000e+00  2.440336e-01
   endloop
 endfacet
 facet normal  9.875808e-01  0.000000e+00 -1.571119e-01
   outer loop
     vertex  1.432493e+01  3.500000e+00  2.900966e-01
     vertex  1.431761e+01  0.000000e+00  2.440336e-01
     vertex  1.431761e+01  3.500000e+00  2.440336e-01
   endloop
 endfacet
 facet normal  9.828989e-01  0.000000e+00 -1.841461e-01
   outer loop
     vertex  1.433352e+01  3.500000e+00  3.359413e-01
     vertex  1.433352e+01  0.000000e+00  3.359413e-01
     vertex  1.432493e+01  0.000000e+00  2.900966e-01
   endloop
 endfacet
 facet normal  9.828989e-01  0.000000e+00 -1.841461e-01
   outer loop
     vertex  1.433352e+01  3.500000e+00  3.359413e-01
     vertex  1.432493e+01  0.000000e+00  2.900966e-01
     vertex  1.432493e+01  3.500000e+00  2.900966e-01
   endloop
 endfacet
 facet normal  9.774771e-01  0.000000e+00 -2.110417e-01
   outer loop
     vertex  1.434337e+01  3.500000e+00  3.815330e-01
     vertex  1.434337e+01  0.000000e+00  3.815330e-01
     vertex  1.433352e+01  0.000000e+00  3.359413e-01
   endloop
 endfacet
 facet normal  9.774771e-01  0.000000e+00 -2.110417e-01
   outer loop
     vertex  1.434337e+01  3.500000e+00  3.815330e-01
     vertex  1.433352e+01  0.000000e+00  3.359413e-01
     vertex  1.433352e+01  3.500000e+00  3.359413e-01
   endloop
 endfacet
 facet normal  9.713194e-01  0.000000e+00 -2.377784e-01
   outer loop
     vertex  1.435446e+01  3.500000e+00  4.268376e-01
     vertex  1.435446e+01  0.000000e+00  4.268376e-01
     vertex  1.434337e+01  0.000000e+00  3.815330e-01
   endloop
 endfacet
 facet normal  9.713194e-01  0.000000e+00 -2.377784e-01
   outer loop
     vertex  1.435446e+01  3.500000e+00  4.268376e-01
     vertex  1.434337e+01  0.000000e+00  3.815330e-01
     vertex  1.434337e+01  3.500000e+00  3.815330e-01
   endloop
 endfacet
 facet normal  9.644306e-01  0.000000e+00 -2.643362e-01
   outer loop
     vertex  1.436679e+01  3.500000e+00  4.718208e-01
     vertex  1.436679e+01  0.000000e+00  4.718208e-01
     vertex  1.435446e+01  0.000000e+00  4.268376e-01
   endloop
 endfacet
 facet normal  9.644306e-01  0.000000e+00 -2.643362e-01
   outer loop
     vertex  1.436679e+01  3.500000e+00  4.718208e-01
     vertex  1.435446e+01  0.000000e+00  4.268376e-01
     vertex  1.435446e+01  3.500000e+00  4.268376e-01
   endloop
 endfacet
 facet normal  9.568158e-01  0.000000e+00 -2.906949e-01
   outer loop
     vertex  1.438035e+01  3.500000e+00  5.164489e-01
     vertex  1.438035e+01  0.000000e+00  5.164489e-01
     vertex  1.436679e+01  0.000000e+00  4.718208e-01
   endloop
 endfacet
 facet normal  9.484807e-01  0.000000e+00 -3.168348e-01
   outer loop
     vertex  1.438035e+01  3.500000e+00  5.164489e-01
     vertex  1.439512e+01  0.000000e+00  5.606882e-01
     vertex  1.438035e+01  0.000000e+00  5.164489e-01
   endloop
 endfacet
 facet normal  9.568158e-01  0.000000e+00 -2.906949e-01
   outer loop
     vertex  1.438035e+01  3.500000e+00  5.164489e-01
     vertex  1.436679e+01  0.000000e+00  4.718208e-01
     vertex  1.436679e+01  3.500000e+00  4.718208e-01
   endloop
 endfacet
 facet normal  9.394317e-01  0.000000e+00 -3.427362e-01
   outer loop
     vertex  1.439512e+01  3.500000e+00  5.606882e-01
     vertex  1.441111e+01  0.000000e+00  6.045054e-01
     vertex  1.439512e+01  0.000000e+00  5.606882e-01
   endloop
 endfacet
 facet normal  9.484807e-01  0.000000e+00 -3.168348e-01
   outer loop
     vertex  1.439512e+01  3.500000e+00  5.606882e-01
     vertex  1.439512e+01  0.000000e+00  5.606882e-01
     vertex  1.438035e+01  3.500000e+00  5.164489e-01
   endloop
 endfacet
 facet normal  9.394317e-01  0.000000e+00 -3.427362e-01
   outer loop
     vertex  1.441111e+01  3.500000e+00  6.045054e-01
     vertex  1.441111e+01  0.000000e+00  6.045054e-01
     vertex  1.439512e+01  3.500000e+00  5.606882e-01
   endloop
 endfacet
 facet normal  9.296754e-01  0.000000e+00 -3.683796e-01
   outer loop
     vertex  1.442829e+01  3.500000e+00  6.478676e-01
     vertex  1.442829e+01  0.000000e+00  6.478676e-01
     vertex  1.441111e+01  0.000000e+00  6.045054e-01
   endloop
 endfacet
 facet normal  9.192194e-01  0.000000e+00 -3.937458e-01
   outer loop
     vertex  1.442829e+01  3.500000e+00  6.478676e-01
     vertex  1.444666e+01  0.000000e+00  6.907420e-01
     vertex  1.442829e+01  0.000000e+00  6.478676e-01
   endloop
 endfacet
 facet normal  9.296754e-01  0.000000e+00 -3.683796e-01
   outer loop
     vertex  1.442829e+01  3.500000e+00  6.478676e-01
     vertex  1.441111e+01  0.000000e+00  6.045054e-01
     vertex  1.441111e+01  3.500000e+00  6.045054e-01
   endloop
 endfacet
 facet normal  9.192194e-01  0.000000e+00 -3.937458e-01
   outer loop
     vertex  1.444666e+01  3.500000e+00  6.907420e-01
     vertex  1.444666e+01  0.000000e+00  6.907420e-01
     vertex  1.442829e+01  3.500000e+00  6.478676e-01
   endloop
 endfacet
 facet normal  9.080714e-01  0.000000e+00 -4.188155e-01
   outer loop
     vertex  1.446619e+01  3.500000e+00  7.330965e-01
     vertex  1.444666e+01  0.000000e+00  6.907420e-01
     vertex  1.444666e+01  3.500000e+00  6.907420e-01
   endloop
 endfacet
 facet normal  9.080714e-01  0.000000e+00 -4.188155e-01
   outer loop
     vertex  1.446619e+01  3.500000e+00  7.330965e-01
     vertex  1.446619e+01  0.000000e+00  7.330965e-01
     vertex  1.444666e+01  0.000000e+00  6.907420e-01
   endloop
 endfacet
 facet normal  8.962398e-01  0.000000e+00 -4.435699e-01
   outer loop
     vertex  1.448688e+01  3.500000e+00  7.748992e-01
     vertex  1.446619e+01  0.000000e+00  7.330965e-01
     vertex  1.446619e+01  3.500000e+00  7.330965e-01
   endloop
 endfacet
 facet normal  8.962398e-01  0.000000e+00 -4.435699e-01
   outer loop
     vertex  1.448688e+01  3.500000e+00  7.748992e-01
     vertex  1.448688e+01  0.000000e+00  7.748992e-01
     vertex  1.446619e+01  0.000000e+00  7.330965e-01
   endloop
 endfacet
 facet normal  8.837335e-01  0.000000e+00 -4.679904e-01
   outer loop
     vertex  1.448688e+01  3.500000e+00  7.748992e-01
     vertex  1.450871e+01  0.000000e+00  8.161185e-01
     vertex  1.448688e+01  0.000000e+00  7.748992e-01
   endloop
 endfacet
 facet normal  8.837335e-01  0.000000e+00 -4.679904e-01
   outer loop
     vertex  1.450871e+01  3.500000e+00  8.161185e-01
     vertex  1.450871e+01  0.000000e+00  8.161185e-01
     vertex  1.448688e+01  3.500000e+00  7.748992e-01
   endloop
 endfacet
 facet normal  8.705620e-01  0.000000e+00 -4.920587e-01
   outer loop
     vertex  1.453166e+01  3.500000e+00  8.567235e-01
     vertex  1.453166e+01  0.000000e+00  8.567235e-01
     vertex  1.450871e+01  0.000000e+00  8.161185e-01
   endloop
 endfacet
 facet normal  8.567352e-01  0.000000e+00 -5.157565e-01
   outer loop
     vertex  1.453166e+01  3.500000e+00  8.567235e-01
     vertex  1.455572e+01  0.000000e+00  8.966836e-01
     vertex  1.453166e+01  0.000000e+00  8.567235e-01
   endloop
 endfacet
 facet normal  8.705620e-01  0.000000e+00 -4.920587e-01
   outer loop
     vertex  1.453166e+01  3.500000e+00  8.567235e-01
     vertex  1.450871e+01  0.000000e+00  8.161185e-01
     vertex  1.450871e+01  3.500000e+00  8.161185e-01
   endloop
 endfacet
 facet normal  8.422635e-01  0.000000e+00 -5.390661e-01
   outer loop
     vertex  1.455572e+01  3.500000e+00  8.966836e-01
     vertex  1.458086e+01  0.000000e+00  9.359687e-01
     vertex  1.455572e+01  0.000000e+00  8.966836e-01
   endloop
 endfacet
 facet normal  8.567352e-01  0.000000e+00 -5.157565e-01
   outer loop
     vertex  1.455572e+01  3.500000e+00  8.966836e-01
     vertex  1.455572e+01  0.000000e+00  8.966836e-01
     vertex  1.453166e+01  3.500000e+00  8.567235e-01
   endloop
 endfacet
 facet normal  8.422635e-01  0.000000e+00 -5.390661e-01
   outer loop
     vertex  1.458086e+01  3.500000e+00  9.359687e-01
     vertex  1.458086e+01  0.000000e+00  9.359687e-01
     vertex  1.455572e+01  3.500000e+00  8.966836e-01
   endloop
 endfacet
 facet normal  8.271577e-01  0.000000e+00 -5.619699e-01
   outer loop
     vertex  1.460707e+01  3.500000e+00  9.745492e-01
     vertex  1.460707e+01  0.000000e+00  9.745492e-01
     vertex  1.458086e+01  0.000000e+00  9.359687e-01
   endloop
 endfacet
 facet normal  8.271577e-01  0.000000e+00 -5.619699e-01
   outer loop
     vertex  1.460707e+01  3.500000e+00  9.745492e-01
     vertex  1.458086e+01  0.000000e+00  9.359687e-01
     vertex  1.458086e+01  3.500000e+00  9.359687e-01
   endloop
 endfacet
 facet normal  8.114292e-01  0.000000e+00 -5.844507e-01
   outer loop
     vertex  1.463433e+01  3.500000e+00  1.012396e+00
     vertex  1.463433e+01  0.000000e+00  1.012396e+00
     vertex  1.460707e+01  0.000000e+00  9.745492e-01
   endloop
 endfacet
 facet normal  7.950900e-01  0.000000e+00 -6.064915e-01
   outer loop
     vertex  1.463433e+01  3.500000e+00  1.012396e+00
     vertex  1.466262e+01  0.000000e+00  1.049481e+00
     vertex  1.463433e+01  0.000000e+00  1.012396e+00
   endloop
 endfacet
 facet normal  8.114292e-01  0.000000e+00 -5.844507e-01
   outer loop
     vertex  1.463433e+01  3.500000e+00  1.012396e+00
     vertex  1.460707e+01  0.000000e+00  9.745492e-01
     vertex  1.460707e+01  3.500000e+00  9.745492e-01
   endloop
 endfacet
 facet normal  7.950900e-01  0.000000e+00 -6.064915e-01
   outer loop
     vertex  1.466262e+01  3.500000e+00  1.049481e+00
     vertex  1.466262e+01  0.000000e+00  1.049481e+00
     vertex  1.463433e+01  3.500000e+00  1.012396e+00
   endloop
 endfacet
 facet normal  7.781522e-01  0.000000e+00 -6.280757e-01
   outer loop
     vertex  1.469191e+01  3.500000e+00  1.085776e+00
     vertex  1.469191e+01  0.000000e+00  1.085776e+00
     vertex  1.466262e+01  0.000000e+00  1.049481e+00
   endloop
 endfacet
 facet normal  7.606287e-01  0.000000e+00 -6.491872e-01
   outer loop
     vertex  1.469191e+01  3.500000e+00  1.085776e+00
     vertex  1.472219e+01  0.000000e+00  1.121253e+00
     vertex  1.469191e+01  0.000000e+00  1.085776e+00
   endloop
 endfacet
 facet normal  7.781522e-01  0.000000e+00 -6.280757e-01
   outer loop
     vertex  1.469191e+01  3.500000e+00  1.085776e+00
     vertex  1.466262e+01  0.000000e+00  1.049481e+00
     vertex  1.466262e+01  3.500000e+00  1.049481e+00
   endloop
 endfacet
 facet normal  7.606287e-01  0.000000e+00 -6.491872e-01
   outer loop
     vertex  1.472219e+01  3.500000e+00  1.121253e+00
     vertex  1.472219e+01  0.000000e+00  1.121253e+00
     vertex  1.469191e+01  3.500000e+00  1.085776e+00
   endloop
 endfacet
 facet normal  7.425325e-01  0.000000e+00 -6.698100e-01
   outer loop
     vertex  1.472219e+01  3.500000e+00  1.121253e+00
     vertex  1.475343e+01  0.000000e+00  1.155887e+00
     vertex  1.472219e+01  0.000000e+00  1.121253e+00
   endloop
 endfacet
 facet normal  7.425325e-01  0.000000e+00 -6.698100e-01
   outer loop
     vertex  1.475343e+01  3.500000e+00  1.155887e+00
     vertex  1.475343e+01  0.000000e+00  1.155887e+00
     vertex  1.472219e+01  3.500000e+00  1.121253e+00
   endloop
 endfacet
 facet normal  7.238775e-01  0.000000e+00 -6.899286e-01
   outer loop
     vertex  1.478561e+01  3.500000e+00  1.189650e+00
     vertex  1.478561e+01  0.000000e+00  1.189650e+00
     vertex  1.475343e+01  0.000000e+00  1.155887e+00
   endloop
 endfacet
 facet normal  7.046775e-01  0.000000e+00 -7.095278e-01
   outer loop
     vertex  1.478561e+01  3.500000e+00  1.189650e+00
     vertex  1.481871e+01  0.000000e+00  1.222518e+00
     vertex  1.478561e+01  0.000000e+00  1.189650e+00
   endloop
 endfacet
 facet normal  7.238775e-01  0.000000e+00 -6.899286e-01
   outer loop
     vertex  1.478561e+01  3.500000e+00  1.189650e+00
     vertex  1.475343e+01  0.000000e+00  1.155887e+00
     vertex  1.475343e+01  3.500000e+00  1.155887e+00
   endloop
 endfacet
 facet normal  6.849470e-01  0.000000e+00 -7.285929e-01
   outer loop
     vertex  1.481871e+01  3.500000e+00  1.222518e+00
     vertex  1.485269e+01  0.000000e+00  1.254465e+00
     vertex  1.481871e+01  0.000000e+00  1.222518e+00
   endloop
 endfacet
 facet normal  7.046775e-01  0.000000e+00 -7.095278e-01
   outer loop
     vertex  1.481871e+01  3.500000e+00  1.222518e+00
     vertex  1.481871e+01  0.000000e+00  1.222518e+00
     vertex  1.478561e+01  3.500000e+00  1.189650e+00
   endloop
 endfacet
 facet normal  6.849470e-01  0.000000e+00 -7.285929e-01
   outer loop
     vertex  1.485269e+01  3.500000e+00  1.254465e+00
     vertex  1.485269e+01  0.000000e+00  1.254465e+00
     vertex  1.481871e+01  3.500000e+00  1.222518e+00
   endloop
 endfacet
 facet normal  6.647010e-01  0.000000e+00 -7.471095e-01
   outer loop
     vertex  1.488754e+01  3.500000e+00  1.285468e+00
     vertex  1.488754e+01  0.000000e+00  1.285468e+00
     vertex  1.485269e+01  0.000000e+00  1.254465e+00
   endloop
 endfacet
 facet normal  6.439545e-01  0.000000e+00 -7.650637e-01
   outer loop
     vertex  1.488754e+01  3.500000e+00  1.285468e+00
     vertex  1.492322e+01  0.000000e+00  1.315504e+00
     vertex  1.488754e+01  0.000000e+00  1.285468e+00
   endloop
 endfacet
 facet normal  6.647010e-01  0.000000e+00 -7.471095e-01
   outer loop
     vertex  1.488754e+01  3.500000e+00  1.285468e+00
     vertex  1.485269e+01  0.000000e+00  1.254465e+00
     vertex  1.485269e+01  3.500000e+00  1.254465e+00
   endloop
 endfacet
 facet normal  6.227234e-01  0.000000e+00 -7.824421e-01
   outer loop
     vertex  1.492322e+01  3.500000e+00  1.315504e+00
     vertex  1.495972e+01  0.000000e+00  1.344549e+00
     vertex  1.492322e+01  0.000000e+00  1.315504e+00
   endloop
 endfacet
 facet normal  6.439545e-01  0.000000e+00 -7.650637e-01
   outer loop
     vertex  1.492322e+01  3.500000e+00  1.315504e+00
     vertex  1.492322e+01  0.000000e+00  1.315504e+00
     vertex  1.488754e+01  3.500000e+00  1.285468e+00
   endloop
 endfacet
 facet normal  6.227234e-01  0.000000e+00 -7.824421e-01
   outer loop
     vertex  1.495972e+01  3.500000e+00  1.344549e+00
     vertex  1.495972e+01  0.000000e+00  1.344549e+00
     vertex  1.492322e+01  3.500000e+00  1.315504e+00
   endloop
 endfacet
 facet normal  6.010234e-01  0.000000e+00 -7.992314e-01
   outer loop
     vertex  1.499700e+01  3.500000e+00  1.372582e+00
     vertex  1.499700e+01  0.000000e+00  1.372582e+00
     vertex  1.495972e+01  0.000000e+00  1.344549e+00
   endloop
 endfacet
 facet normal  6.010234e-01  0.000000e+00 -7.992314e-01
   outer loop
     vertex  1.499700e+01  3.500000e+00  1.372582e+00
     vertex  1.495972e+01  0.000000e+00  1.344549e+00
     vertex  1.495972e+01  3.500000e+00  1.344549e+00
   endloop
 endfacet
 facet normal  5.788711e-01  0.000000e+00 -8.154191e-01
   outer loop
     vertex  1.503503e+01  3.500000e+00  1.399582e+00
     vertex  1.503503e+01  0.000000e+00  1.399582e+00
     vertex  1.499700e+01  0.000000e+00  1.372582e+00
   endloop
 endfacet
 facet normal  5.562829e-01  0.000000e+00 -8.309929e-01
   outer loop
     vertex  1.503503e+01  3.500000e+00  1.399582e+00
     vertex  1.507379e+01  0.000000e+00  1.425528e+00
     vertex  1.503503e+01  0.000000e+00  1.399582e+00
   endloop
 endfacet
 facet normal  5.788711e-01  0.000000e+00 -8.154191e-01
   outer loop
     vertex  1.503503e+01  3.500000e+00  1.399582e+00
     vertex  1.499700e+01  0.000000e+00  1.372582e+00
     vertex  1.499700e+01  3.500000e+00  1.372582e+00
   endloop
 endfacet
 facet normal  5.562829e-01  0.000000e+00 -8.309929e-01
   outer loop
     vertex  1.507379e+01  3.500000e+00  1.425528e+00
     vertex  1.507379e+01  0.000000e+00  1.425528e+00
     vertex  1.503503e+01  3.500000e+00  1.399582e+00
   endloop
 endfacet
 facet normal  5.332761e-01  0.000000e+00 -8.459413e-01
   outer loop
     vertex  1.511324e+01  3.500000e+00  1.450401e+00
     vertex  1.511324e+01  0.000000e+00  1.450401e+00
     vertex  1.507379e+01  0.000000e+00  1.425528e+00
   endloop
 endfacet
 facet normal  5.098678e-01  0.000000e+00 -8.602528e-01
   outer loop
     vertex  1.511324e+01  3.500000e+00  1.450401e+00
     vertex  1.515337e+01  0.000000e+00  1.474183e+00
     vertex  1.511324e+01  0.000000e+00  1.450401e+00
   endloop
 endfacet
 facet normal  5.332761e-01  0.000000e+00 -8.459413e-01
   outer loop
     vertex  1.511324e+01  3.500000e+00  1.450401e+00
     vertex  1.507379e+01  0.000000e+00  1.425528e+00
     vertex  1.507379e+01  3.500000e+00  1.425528e+00
   endloop
 endfacet
 facet normal  4.860756e-01  0.000000e+00 -8.739167e-01
   outer loop
     vertex  1.515337e+01  3.500000e+00  1.474183e+00
     vertex  1.519413e+01  0.000000e+00  1.496854e+00
     vertex  1.515337e+01  0.000000e+00  1.474183e+00
   endloop
 endfacet
 facet normal  5.098678e-01  0.000000e+00 -8.602528e-01
   outer loop
     vertex  1.515337e+01  3.500000e+00  1.474183e+00
     vertex  1.515337e+01  0.000000e+00  1.474183e+00
     vertex  1.511324e+01  3.500000e+00  1.450401e+00
   endloop
 endfacet
 facet normal  4.860756e-01  0.000000e+00 -8.739167e-01
   outer loop
     vertex  1.519413e+01  3.500000e+00  1.496854e+00
     vertex  1.519413e+01  0.000000e+00  1.496854e+00
     vertex  1.515337e+01  3.500000e+00  1.474183e+00
   endloop
 endfacet
 facet normal  4.619176e-01  0.000000e+00 -8.869228e-01
   outer loop
     vertex  1.523550e+01  3.500000e+00  1.518399e+00
     vertex  1.519413e+01  0.000000e+00  1.496854e+00
     vertex  1.519413e+01  3.500000e+00  1.496854e+00
   endloop
 endfacet
 facet normal  4.619176e-01  0.000000e+00 -8.869228e-01
   outer loop
     vertex  1.523550e+01  3.500000e+00  1.518399e+00
     vertex  1.523550e+01  0.000000e+00  1.518399e+00
     vertex  1.519413e+01  0.000000e+00  1.496854e+00
   endloop
 endfacet
 facet normal  4.374119e-01  0.000000e+00 -8.992613e-01
   outer loop
     vertex  1.527744e+01  3.500000e+00  1.538801e+00
     vertex  1.523550e+01  0.000000e+00  1.518399e+00
     vertex  1.523550e+01  3.500000e+00  1.518399e+00
   endloop
 endfacet
 facet normal  4.374119e-01  0.000000e+00 -8.992613e-01
   outer loop
     vertex  1.527744e+01  3.500000e+00  1.538801e+00
     vertex  1.527744e+01  0.000000e+00  1.538801e+00
     vertex  1.523550e+01  0.000000e+00  1.518399e+00
   endloop
 endfacet
 facet normal  4.125769e-01  0.000000e+00 -9.109228e-01
   outer loop
     vertex  1.531993e+01  3.500000e+00  1.558045e+00
     vertex  1.527744e+01  0.000000e+00  1.538801e+00
     vertex  1.527744e+01  3.500000e+00  1.538801e+00
   endloop
 endfacet
 facet normal  4.125769e-01  0.000000e+00 -9.109228e-01
   outer loop
     vertex  1.531993e+01  3.500000e+00  1.558045e+00
     vertex  1.531993e+01  0.000000e+00  1.558045e+00
     vertex  1.527744e+01  0.000000e+00  1.538801e+00
   endloop
 endfacet
 facet normal  3.874313e-01  0.000000e+00 -9.218986e-01
   outer loop
     vertex  1.536293e+01  3.500000e+00  1.576115e+00
     vertex  1.531993e+01  0.000000e+00  1.558045e+00
     vertex  1.531993e+01  3.500000e+00  1.558045e+00
   endloop
 endfacet
 facet normal  3.874313e-01  0.000000e+00 -9.218986e-01
   outer loop
     vertex  1.536293e+01  3.500000e+00  1.576115e+00
     vertex  1.536293e+01  0.000000e+00  1.576115e+00
     vertex  1.531993e+01  0.000000e+00  1.558045e+00
   endloop
 endfacet
 facet normal  3.619940e-01  0.000000e+00 -9.321804e-01
   outer loop
     vertex  1.536293e+01  3.500000e+00  1.576115e+00
     vertex  1.540641e+01  0.000000e+00  1.593000e+00
     vertex  1.536293e+01  0.000000e+00  1.576115e+00
   endloop
 endfacet
 facet normal  3.619940e-01  0.000000e+00 -9.321804e-01
   outer loop
     vertex  1.540641e+01  3.500000e+00  1.593000e+00
     vertex  1.540641e+01  0.000000e+00  1.593000e+00
     vertex  1.536293e+01  3.500000e+00  1.576115e+00
   endloop
 endfacet
 facet normal  3.362843e-01  0.000000e+00 -9.417605e-01
   outer loop
     vertex  1.540641e+01  3.500000e+00  1.593000e+00
     vertex  1.545033e+01  0.000000e+00  1.608685e+00
     vertex  1.540641e+01  0.000000e+00  1.593000e+00
   endloop
 endfacet
 facet normal  3.362843e-01  0.000000e+00 -9.417605e-01
   outer loop
     vertex  1.545033e+01  3.500000e+00  1.608685e+00
     vertex  1.545033e+01  0.000000e+00  1.608685e+00
     vertex  1.540641e+01  3.500000e+00  1.593000e+00
   endloop
 endfacet
 facet normal  3.103214e-01  0.000000e+00 -9.506317e-01
   outer loop
     vertex  1.549467e+01  3.500000e+00  1.623159e+00
     vertex  1.545033e+01  0.000000e+00  1.608685e+00
     vertex  1.545033e+01  3.500000e+00  1.608685e+00
   endloop
 endfacet
 facet normal  3.103214e-01  0.000000e+00 -9.506317e-01
   outer loop
     vertex  1.549467e+01  3.500000e+00  1.623159e+00
     vertex  1.549467e+01  0.000000e+00  1.623159e+00
     vertex  1.545033e+01  0.000000e+00  1.608685e+00
   endloop
 endfacet
 facet normal  2.841250e-01  0.000000e+00 -9.587873e-01
   outer loop
     vertex  1.549467e+01  3.500000e+00  1.623159e+00
     vertex  1.553939e+01  0.000000e+00  1.636411e+00
     vertex  1.549467e+01  0.000000e+00  1.623159e+00
   endloop
 endfacet
 facet normal  2.841250e-01  0.000000e+00 -9.587873e-01
   outer loop
     vertex  1.553939e+01  3.500000e+00  1.636411e+00
     vertex  1.553939e+01  0.000000e+00  1.636411e+00
     vertex  1.549467e+01  3.500000e+00  1.623159e+00
   endloop
 endfacet
 facet normal  2.577146e-01  0.000000e+00 -9.662211e-01
   outer loop
     vertex  1.558446e+01  3.500000e+00  1.648431e+00
     vertex  1.553939e+01  0.000000e+00  1.636411e+00
     vertex  1.553939e+01  3.500000e+00  1.636411e+00
   endloop
 endfacet
 facet normal  2.577146e-01  0.000000e+00 -9.662211e-01
   outer loop
     vertex  1.558446e+01  3.500000e+00  1.648431e+00
     vertex  1.558446e+01  0.000000e+00  1.648431e+00
     vertex  1.553939e+01  0.000000e+00  1.636411e+00
   endloop
 endfacet
 facet normal  2.311102e-01  0.000000e+00 -9.729276e-01
   outer loop
     vertex  1.558446e+01  3.500000e+00  1.648431e+00
     vertex  1.562984e+01  0.000000e+00  1.659211e+00
     vertex  1.558446e+01  0.000000e+00  1.648431e+00
   endloop
 endfacet
 facet normal  2.311102e-01  0.000000e+00 -9.729276e-01
   outer loop
     vertex  1.562984e+01  3.500000e+00  1.659211e+00
     vertex  1.562984e+01  0.000000e+00  1.659211e+00
     vertex  1.558446e+01  3.500000e+00  1.648431e+00
   endloop
 endfacet
 facet normal  2.043319e-01  0.000000e+00 -9.789017e-01
   outer loop
     vertex  1.567550e+01  3.500000e+00  1.668741e+00
     vertex  1.562984e+01  0.000000e+00  1.659211e+00
     vertex  1.562984e+01  3.500000e+00  1.659211e+00
   endloop
 endfacet
 facet normal  2.043319e-01  0.000000e+00 -9.789017e-01
   outer loop
     vertex  1.567550e+01  3.500000e+00  1.668741e+00
     vertex  1.567550e+01  0.000000e+00  1.668741e+00
     vertex  1.562984e+01  0.000000e+00  1.659211e+00
   endloop
 endfacet
 facet normal  1.773998e-01  0.000000e+00 -9.841389e-01
   outer loop
     vertex  1.572140e+01  3.500000e+00  1.677016e+00
     vertex  1.567550e+01  0.000000e+00  1.668741e+00
     vertex  1.567550e+01  3.500000e+00  1.668741e+00
   endloop
 endfacet
 facet normal  1.773998e-01  0.000000e+00 -9.841389e-01
   outer loop
     vertex  1.572140e+01  3.500000e+00  1.677016e+00
     vertex  1.572140e+01  0.000000e+00  1.677016e+00
     vertex  1.567550e+01  0.000000e+00  1.668741e+00
   endloop
 endfacet
 facet normal  1.503341e-01  0.000000e+00 -9.886353e-01
   outer loop
     vertex  1.572140e+01  3.500000e+00  1.677016e+00
     vertex  1.576751e+01  0.000000e+00  1.684028e+00
     vertex  1.572140e+01  0.000000e+00  1.677016e+00
   endloop
 endfacet
 facet normal  1.231552e-01  0.000000e+00 -9.923874e-01
   outer loop
     vertex  1.576751e+01  3.500000e+00  1.684028e+00
     vertex  1.581380e+01  0.000000e+00  1.689772e+00
     vertex  1.576751e+01  0.000000e+00  1.684028e+00
   endloop
 endfacet
 facet normal  1.503341e-01  0.000000e+00 -9.886353e-01
   outer loop
     vertex  1.576751e+01  3.500000e+00  1.684028e+00
     vertex  1.576751e+01  0.000000e+00  1.684028e+00
     vertex  1.572140e+01  3.500000e+00  1.677016e+00
   endloop
 endfacet
 facet normal  1.231552e-01  0.000000e+00 -9.923874e-01
   outer loop
     vertex  1.581380e+01  3.500000e+00  1.689772e+00
     vertex  1.581380e+01  0.000000e+00  1.689772e+00
     vertex  1.576751e+01  3.500000e+00  1.684028e+00
   endloop
 endfacet
 facet normal  9.588368e-02  0.000000e+00 -9.953925e-01
   outer loop
     vertex  1.586023e+01  3.500000e+00  1.694244e+00
     vertex  1.586023e+01  0.000000e+00  1.694244e+00
     vertex  1.581380e+01  0.000000e+00  1.689772e+00
   endloop
 endfacet
 facet normal  6.853995e-02  0.000000e+00 -9.976484e-01
   outer loop
     vertex  1.586023e+01  3.500000e+00  1.694244e+00
     vertex  1.590676e+01  0.000000e+00  1.697441e+00
     vertex  1.586023e+01  0.000000e+00  1.694244e+00
   endloop
 endfacet
 facet normal  9.588368e-02  0.000000e+00 -9.953925e-01
   outer loop
     vertex  1.586023e+01  3.500000e+00  1.694244e+00
     vertex  1.581380e+01  0.000000e+00  1.689772e+00
     vertex  1.581380e+01  3.500000e+00  1.689772e+00
   endloop
 endfacet
 facet normal  6.853995e-02  0.000000e+00 -9.976484e-01
   outer loop
     vertex  1.590676e+01  3.500000e+00  1.697441e+00
     vertex  1.590676e+01  0.000000e+00  1.697441e+00
     vertex  1.586023e+01  3.500000e+00  1.694244e+00
   endloop
 endfacet
 facet normal  4.114462e-02  0.000000e+00 -9.991532e-01
   outer loop
     vertex  1.595336e+01  3.500000e+00  1.699360e+00
     vertex  1.595336e+01  0.000000e+00  1.699360e+00
     vertex  1.590676e+01  0.000000e+00  1.697441e+00
   endloop
 endfacet
 facet normal  4.114462e-02  0.000000e+00 -9.991532e-01
   outer loop
     vertex  1.595336e+01  3.500000e+00  1.699360e+00
     vertex  1.590676e+01  0.000000e+00  1.697441e+00
     vertex  1.590676e+01  3.500000e+00  1.697441e+00
   endloop
 endfacet
 facet normal  1.371831e-02  0.000000e+00 -9.999059e-01
   outer loop
     vertex  1.600000e+01  3.500000e+00  1.700000e+00
     vertex  1.595336e+01  0.000000e+00  1.699360e+00
     vertex  1.595336e+01  3.500000e+00  1.699360e+00
   endloop
 endfacet
 facet normal  1.371831e-02  0.000000e+00 -9.999059e-01
   outer loop
     vertex  1.600000e+01  3.500000e+00  1.700000e+00
     vertex  1.600000e+01  0.000000e+00  1.700000e+00
     vertex  1.595336e+01  0.000000e+00  1.699360e+00
   endloop
 endfacet
 facet normal  0.000000e+00  0.000000e+00  1.000000e+00
   outer loop
     vertex  4.000000e+00 -8.800000e+01  5.500000e+00
     vertex -4.000000e+00 -8.800000e+01  5.500000e+00
     vertex -4.000000e+00 -9.500000e+01  5.500000e+00
   endloop
 endfacet
 facet normal  0.000000e+00  0.000000e+00  1.000000e+00
   outer loop
     vertex  4.000000e+00 -8.800000e+01  5.500000e+00
     vertex -4.000000e+00 -9.500000e+01  5.500000e+00
     vertex  4.000000e+00 -9.500000e+01  5.500000e+00
   endloop
 endfacet
 facet normal  0.000000e+00  1.000000e+00  0.000000e+00
   outer loop
     vertex -5.750000e+00 -8.800000e+01 -1.000000e+01
     vertex -5.750000e+00 -8.800000e+01 -2.950000e+01
     vertex -8.750000e+00 -8.800000e+01 -2.950000e+01
   endloop
 endfacet
 facet normal  0.000000e+00  1.000000e+00  0.000000e+00
   outer loop
     vertex  5.750000e+00 -8.800000e+01 -1.000000e+01
     vertex  8.750000e+00 -8.800000e+01 -2.950000e+01
     vertex  5.750000e+00 -8.800000e+01 -2.950000e+01
   endloop
 endfacet
 facet normal  0.000000e+00  1.000000e+00  0.000000e+00
   outer loop
     vertex -8.750000e+00 -8.800000e+01  5.500000e+00
     vertex -5.750000e+00 -8.800000e+01 -1.000000e+01
     vertex -8.750000e+00 -8.800000e+01 -2.950000e+01
   endloop
 endfacet
 facet normal  0.000000e+00  1.000000e+00  0.000000e+00
   outer loop
     vertex -8.750000e+00 -8.800000e+01  5.500000e+00
     vertex -4.000000e+00 -8.800000e+01 -5.500000e+00
     vertex -5.750000e+00 -8.800000e+01 -1.000000e+01
   endloop
 endfacet
 facet normal  0.000000e+00  1.000000e+00  0.000000e+00
   outer loop
     vertex  4.000000e+00 -8.800000e+01 -5.500000e+00
     vertex  5.750000e+00 -8.800000e+01 -1.000000e+01
     vertex -5.750000e+00 -8.800000e+01 -1.000000e+01
   endloop
 endfacet
 facet normal  0.000000e+00  1.000000e+00  0.000000e+00
   outer loop
     vertex  4.000000e+00 -8.800000e+01 -5.500000e+00
     vertex -5.750000e+00 -8.800000e+01 -1.000000e+01
     vertex -4.000000e+00 -8.800000e+01 -5.500000e+00
   endloop
 endfacet
 facet normal  0.000000e+00  1.000000e+00  0.000000e+00
   outer loop
     vertex -4.000000e+00 -8.800000e+01  5.500000e+00
     vertex -4.000000e+00 -8.800000e+01 -5.500000e+00
     vertex -8.750000e+00 -8.800000e+01  5.500000e+00
   endloop
 endfacet
 facet normal  0.000000e+00  1.000000e+00  0.000000e+00
   outer loop
     vertex  8.750000e+00 -8.800000e+01  5.500000e+00
     vertex  4.000000e+00 -8.800000e+01 -5.500000e+00
     vertex  4.000000e+00 -8.800000e+01  5.500000e+00
   endloop
 endfacet
 facet normal  0.000000e+00  1.000000e+00  0.000000e+00
   outer loop
     vertex  8.750000e+00 -8.800000e+01  5.500000e+00
     vertex  5.750000e+00 -8.800000e+01 -1.000000e+01
     vertex  4.000000e+00 -8.800000e+01 -5.500000e+00
   endloop
 endfacet
 facet normal  0.000000e+00  1.000000e+00  0.000000e+00
   outer loop
     vertex  8.750000e+00 -8.800000e+01  5.500000e+00
     vertex  8.750000e+00 -8.800000e+01 -2.950000e+01
     vertex  5.750000e+00 -8.800000e+01 -1.000000e+01
   endloop
 endfacet
 facet normal  0.000000e+00  0.000000e+00  1.000000e+00
   outer loop
     vertex -8.750000e+00 -8.800000e+01  5.500000e+00
     vertex -8.750000e+00 -1.020000e+02  5.500000e+00
     vertex -4.000000e+00 -9.500000e+01  5.500000e+00
   endloop
 endfacet
 facet normal  0.000000e+00  0.000000e+00  1.000000e+00
   outer loop
     vertex  8.750000e+00 -1.020000e+02  5.500000e+00
     vertex -4.000000e+00 -9.500000e+01  5.500000e+00
     vertex -8.750000e+00 -1.020000e+02  5.500000e+00
   endloop
 endfacet
 facet normal  0.000000e+00  0.000000e+00  1.000000e+00
   outer loop
     vertex -4.000000e+00 -8.800000e+01  5.500000e+00
     vertex -8.750000e+00 -8.800000e+01  5.500000e+00
     vertex -4.000000e+00 -9.500000e+01  5.500000e+00
   endloop
 endfacet
 facet normal  0.000000e+00  0.000000e+00  1.000000e+00
   outer loop
     vertex  4.000000e+00 -9.500000e+01  5.500000e+00
     vertex -4.000000e+00 -9.500000e+01  5.500000e+00
     vertex  8.750000e+00 -1.020000e+02  5.500000e+00
   endloop
 endfacet
 facet normal  0.000000e+00  0.000000e+00  1.000000e+00
   outer loop
     vertex  8.750000e+00 -8.800000e+01  5.500000e+00
     vertex  4.000000e+00 -8.800000e+01  5.500000e+00
     vertex  4.000000e+00 -9.500000e+01  5.500000e+00
   endloop
 endfacet
 facet normal  0.000000e+00  0.000000e+00  1.000000e+00
   outer loop
     vertex  8.750000e+00 -8.800000e+01  5.500000e+00
     vertex  4.000000e+00 -9.500000e+01  5.500000e+00
     vertex  8.750000e+00 -1.020000e+02  5.500000e+00
   endloop
 endfacet
 facet normal -1.000000e+00  0.000000e+00 -0.000000e+00
   outer loop
     vertex -8.750000e+00 -9.384180e+01 -2.460389e+01
     vertex -8.750000e+00 -8.800000e+01 -2.950000e+01
     vertex -8.750000e+00 -9.387252e+01 -2.463524e+01
   endloop
 endfacet
 facet normal -1.000000e+00  0.000000e+00  0.000000e+00
   outer loop
     vertex -8.750000e+00 -9.390408e+01 -2.466575e+01
     vertex -8.750000e+00 -9.387252e+01 -2.463524e+01
     vertex -8.750000e+00 -8.800000e+01 -2.950000e+01
   endloop
 endfacet
 facet normal -1.000000e+00  0.000000e+00 -0.000000e+00
   outer loop
     vertex -8.750000e+00 -9.381195e+01 -2.457170e+01
     vertex -8.750000e+00 -8.800000e+01 -2.950000e+01
     vertex -8.750000e+00 -9.384180e+01 -2.460389e+01
   endloop
 endfacet
 facet normal -1.000000e+00  0.000000e+00  0.000000e+00
   outer loop
     vertex -8.750000e+00 -9.393648e+01 -2.469538e+01
     vertex -8.750000e+00 -9.390408e+01 -2.466575e+01
     vertex -8.750000e+00 -8.800000e+01 -2.950000e+01
   endloop
 endfacet
 facet normal -1.000000e+00  0.000000e+00 -0.000000e+00
   outer loop
     vertex -8.750000e+00 -9.378299e+01 -2.453870e+01
     vertex -8.750000e+00 -8.800000e+01 -2.950000e+01
     vertex -8.750000e+00 -9.381195e+01 -2.457170e+01
   endloop
 endfacet
 facet normal -1.000000e+00  0.000000e+00  0.000000e+00
   outer loop
     vertex -8.750000e+00 -9.396967e+01 -2.472410e+01
     vertex -8.750000e+00 -9.393648e+01 -2.469538e+01
     vertex -8.750000e+00 -8.800000e+01 -2.950000e+01
   endloop
 endfacet
 facet normal -1.000000e+00  0.000000e+00 -0.000000e+00
   outer loop
     vertex -8.750000e+00 -9.375496e+01 -2.450492e+01
     vertex -8.750000e+00 -8.800000e+01 -2.950000e+01
     vertex -8.750000e+00 -9.378299e+01 -2.453870e+01
   endloop
 endfacet
 facet normal -1.000000e+00  0.000000e+00  0.000000e+00
   outer loop
     vertex -8.750000e+00 -9.400364e+01 -2.475191e+01
     vertex -8.750000e+00 -9.396967e+01 -2.472410e+01
     vertex -8.750000e+00 -8.800000e+01 -2.950000e+01
   endloop
 endfacet
 facet normal -1.000000e+00  0.000000e+00 -0.000000e+00
   outer loop
     vertex -8.750000e+00 -9.372786e+01 -2.447039e+01
     vertex -8.750000e+00 -8.800000e+01 -2.950000e+01
     vertex -8.750000e+00 -9.375496e+01 -2.450492e+01
   endloop
 endfacet
 facet normal -1.000000e+00  0.000000e+00  0.000000e+00
   outer loop
     vertex -8.750000e+00 -9.403836e+01 -2.477877e+01
     vertex -8.750000e+00 -9.400364e+01 -2.475191e+01
     vertex -8.750000e+00 -8.800000e+01 -2.950000e+01
   endloop
 endfacet
 facet normal -1.000000e+00  0.000000e+00 -0.000000e+00
   outer loop
     vertex -8.750000e+00 -9.370171e+01 -2.443512e+01
     vertex -8.750000e+00 -8.800000e+01 -2.950000e+01
     vertex -8.750000e+00 -9.372786e+01 -2.447039e+01
   endloop
 endfacet
 facet normal -1.000000e+00  0.000000e+00  0.000000e+00
   outer loop
     vertex -8.750000e+00 -9.407381e+01 -2.480467e+01
     vertex -8.750000e+00 -9.403836e+01 -2.477877e+01
     vertex -8.750000e+00 -8.800000e+01 -2.950000e+01
   endloop
 endfacet
 facet normal -1.000000e+00  0.000000e+00 -0.000000e+00
   outer loop
     vertex -8.750000e+00 -9.367655e+01 -2.439915e+01
     vertex -8.750000e+00 -8.800000e+01 -2.950000e+01
     vertex -8.750000e+00 -9.370171e+01 -2.443512e+01
   endloop
 endfacet
 facet normal -1.000000e+00  0.000000e+00  0.000000e+00
   outer loop
     vertex -8.750000e+00 -9.410995e+01 -2.482959e+01
     vertex -8.750000e+00 -9.407381e+01 -2.480467e+01
     vertex -8.750000e+00 -8.800000e+01 -2.950000e+01
   endloop
 endfacet
 facet normal -1.000000e+00  0.000000e+00 -0.000000e+00
   outer loop
     vertex -8.750000e+00 -9.365238e+01 -2.436251e+01
     vertex -8.750000e+00 -8.800000e+01 -2.950000e+01
     vertex -8.750000e+00 -9.367655e+01 -2.439915e+01
   endloop
 endfacet
 facet normal -1.000000e+00  0.000000e+00  0.000000e+00
   outer loop
     vertex -8.750000e+00 -9.414676e+01 -2.485351e+01
     vertex -8.750000e+00 -9.410995e+01 -2.482959e+01
     vertex -8.750000e+00 -8.800000e+01 -2.950000e+01
   endloop
 endfacet
 facet normal -1.000000e+00  0.000000e+00 -0.000000e+00
   outer loop
     vertex -8.750000e+00 -9.362922e+01 -2.432521e+01
     vertex -8.750000e+00 -8.800000e+01 -2.950000e+01
     vertex -8.750000e+00 -9.365238e+01 -2.436251e+01
   endloop
 endfacet
 facet normal -1.000000e+00  0.000000e+00  0.000000e+00
   outer loop
     vertex -8.750000e+00 -9.418421e+01 -2.487640e+01
     vertex -8.750000e+00 -9.414676e+01 -2.485351e+01
     vertex -8.750000e+00 -8.800000e+01 -2.950000e+01
   endloop
 endfacet
 facet normal -1.000000e+00  0.000000e+00 -0.000000e+00
   outer loop
     vertex -8.750000e+00 -9.360710e+01 -2.428729e+01
     vertex -8.750000e+00 -8.800000e+01 -2.950000e+01
     vertex -8.750000e+00 -9.362922e+01 -2.432521e+01
   endloop
 endfacet
 facet normal -1.000000e+00  0.000000e+00  0.000000e+00
   outer loop
     vertex -8.750000e+00 -9.422228e+01 -2.489827e+01
     vertex -8.750000e+00 -9.418421e+01 -2.487640e+01
     vertex -8.750000e+00 -8.800000e+01 -2.950000e+01
   endloop
 endfacet
 facet normal -1.000000e+00  0.000000e+00 -0.000000e+00
   outer loop
     vertex -8.750000e+00 -9.358603e+01 -2.424878e+01
     vertex -8.750000e+00 -8.800000e+01 -2.950000e+01
     vertex -8.750000e+00 -9.360710e+01 -2.428729e+01
   endloop
 endfacet
 facet normal -1.000000e+00  0.000000e+00  0.000000e+00
   outer loop
     vertex -8.750000e+00 -9.426093e+01 -2.491908e+01
     vertex -8.750000e+00 -9.422228e+01 -2.489827e+01
     vertex -8.750000e+00 -8.800000e+01 -2.950000e+01
   endloop
 endfacet
 facet normal -1.000000e+00  0.000000e+00 -0.000000e+00
   outer loop
     vertex -8.750000e+00 -9.356602e+01 -2.420971e+01
     vertex -8.750000e+00 -8.800000e+01 -2.950000e+01
     vertex -8.750000e+00 -9.358603e+01 -2.424878e+01
   endloop
 endfacet
 facet normal -1.000000e+00  0.000000e+00  0.000000e+00
   outer loop
     vertex -8.750000e+00 -9.430014e+01 -2.493882e+01
     vertex -8.750000e+00 -9.426093e+01 -2.491908e+01
     vertex -8.750000e+00 -8.800000e+01 -2.950000e+01
   endloop
 endfacet
 facet normal -1.000000e+00  0.000000e+00 -0.000000e+00
   outer loop
     vertex -8.750000e+00 -9.354709e+01 -2.417010e+01
     vertex -8.750000e+00 -8.800000e+01 -2.950000e+01
     vertex -8.750000e+00 -9.356602e+01 -2.420971e+01
   endloop
 endfacet
 facet normal -1.000000e+00  0.000000e+00  0.000000e+00
   outer loop
     vertex -8.750000e+00 -9.433988e+01 -2.495748e+01
     vertex -8.750000e+00 -9.430014e+01 -2.493882e+01
     vertex -8.750000e+00 -8.800000e+01 -2.950000e+01
   endloop
 endfacet
 facet normal -1.000000e+00  0.000000e+00 -0.000000e+00
   outer loop
     vertex -8.750000e+00 -9.352925e+01 -2.412999e+01
     vertex -8.750000e+00 -8.800000e+01 -2.950000e+01
     vertex -8.750000e+00 -9.354709e+01 -2.417010e+01
   endloop
 endfacet
 facet normal -1.000000e+00  0.000000e+00  0.000000e+00
   outer loop
     vertex -8.750000e+00 -9.438011e+01 -2.497504e+01
     vertex -8.750000e+00 -9.433988e+01 -2.495748e+01
     vertex -8.750000e+00 -8.800000e+01 -2.950000e+01
   endloop
 endfacet
 facet normal -1.000000e+00  0.000000e+00 -0.000000e+00
   outer loop
     vertex -8.750000e+00 -9.351252e+01 -2.408941e+01
     vertex -8.750000e+00 -8.800000e+01 -2.950000e+01
     vertex -8.750000e+00 -9.352925e+01 -2.412999e+01
   endloop
 endfacet
 facet normal -1.000000e+00  0.000000e+00  0.000000e+00
   outer loop
     vertex -8.750000e+00 -9.442081e+01 -2.499149e+01
     vertex -8.750000e+00 -9.438011e+01 -2.497504e+01
     vertex -8.750000e+00 -8.800000e+01 -2.950000e+01
   endloop
 endfacet
 facet normal -1.000000e+00  0.000000e+00 -0.000000e+00
   outer loop
     vertex -8.750000e+00 -9.349691e+01 -2.404838e+01
     vertex -8.750000e+00 -8.800000e+01 -2.950000e+01
     vertex -8.750000e+00 -9.351252e+01 -2.408941e+01
   endloop
 endfacet
 facet normal -1.000000e+00  0.000000e+00  0.000000e+00
   outer loop
     vertex -8.750000e+00 -9.446195e+01 -2.500682e+01
     vertex -8.750000e+00 -9.442081e+01 -2.499149e+01
     vertex -8.750000e+00 -8.800000e+01 -2.950000e+01
   endloop
 endfacet
 facet normal -1.000000e+00  0.000000e+00 -0.000000e+00
   outer loop
     vertex -8.750000e+00 -9.348243e+01 -2.400694e+01
     vertex -8.750000e+00 -8.800000e+01 -2.950000e+01
     vertex -8.750000e+00 -9.349691e+01 -2.404838e+01
   endloop
 endfacet
 facet normal -1.000000e+00  0.000000e+00  0.000000e+00
   outer loop
     vertex -8.750000e+00 -9.450349e+01 -2.502101e+01
     vertex -8.750000e+00 -9.446195e+01 -2.500682e+01
     vertex -8.750000e+00 -8.800000e+01 -2.950000e+01
   endloop
 endfacet
 facet normal -1.000000e+00  0.000000e+00 -0.000000e+00
   outer loop
     vertex -8.750000e+00 -9.346909e+01 -2.396511e+01
     vertex -8.750000e+00 -8.800000e+01 -2.950000e+01
     vertex -8.750000e+00 -9.348243e+01 -2.400694e+01
   endloop
 endfacet
 facet normal -1.000000e+00  0.000000e+00  0.000000e+00
   outer loop
     vertex -8.750000e+00 -9.454540e+01 -2.503406e+01
     vertex -8.750000e+00 -9.450349e+01 -2.502101e+01
     vertex -8.750000e+00 -8.800000e+01 -2.950000e+01
   endloop
 endfacet
 facet normal -1.000000e+00  0.000000e+00 -0.000000e+00
   outer loop
     vertex -8.750000e+00 -9.345691e+01 -2.392294e+01
     vertex -8.750000e+00 -8.800000e+01 -2.950000e+01
     vertex -8.750000e+00 -9.346909e+01 -2.396511e+01
   endloop
 endfacet
 facet normal -1.000000e+00  0.000000e+00  0.000000e+00
   outer loop
     vertex -8.750000e+00 -9.458766e+01 -2.504595e+01
     vertex -8.750000e+00 -9.454540e+01 -2.503406e+01
     vertex -8.750000e+00 -8.800000e+01 -2.950000e+01
   endloop
 endfacet
 facet normal -1.000000e+00  0.000000e+00 -0.000000e+00
   outer loop
     vertex -8.750000e+00 -9.344589e+01 -2.388045e+01
     vertex -8.750000e+00 -8.800000e+01 -2.950000e+01
     vertex -8.750000e+00 -9.345691e+01 -2.392294e+01
   endloop
 endfacet
 facet normal -1.000000e+00  0.000000e+00  0.000000e+00
   outer loop
     vertex -8.750000e+00 -9.463022e+01 -2.505668e+01
     vertex -8.750000e+00 -9.458766e+01 -2.504595e+01
     vertex -8.750000e+00 -8.800000e+01 -2.950000e+01
   endloop
 endfacet
 facet normal -1.000000e+00  0.000000e+00 -0.000000e+00
   outer loop
     vertex -8.750000e+00 -9.343604e+01 -2.383767e+01
     vertex -8.750000e+00 -8.800000e+01 -2.950000e+01
     vertex -8.750000e+00 -9.344589e+01 -2.388045e+01
   endloop
 endfacet
 facet normal -1.000000e+00  0.000000e+00  0.000000e+00
   outer loop
     vertex -8.750000e+00 -9.467307e+01 -2.506624e+01
     vertex -8.750000e+00 -9.463022e+01 -2.505668e+01
     vertex -8.750000e+00 -8.800000e+01 -2.950000e+01
   endloop
 endfacet
 facet normal -1.000000e+00  0.000000e+00 -0.000000e+00
   outer loop
     vertex -8.750000e+00 -9.342736e+01 -2.379463e+01
     vertex -8.750000e+00 -8.800000e+01 -2.950000e+01
     vertex -8.750000e+00 -9.343604e+01 -2.383767e+01
   endloop
 endfacet
 facet normal -1.000000e+00  0.000000e+00  0.000000e+00
   outer loop
     vertex -8.750000e+00 -9.471616e+01 -2.507462e+01
     vertex -8.750000e+00 -9.467307e+01 -2.506624e+01
     vertex -8.750000e+00 -8.800000e+01 -2.950000e+01
   endloop
 endfacet
 facet normal -1.000000e+00  0.000000e+00 -0.000000e+00
   outer loop
     vertex -8.750000e+00 -9.341987e+01 -2.375138e+01
     vertex -8.750000e+00 -8.800000e+01 -2.950000e+01
     vertex -8.750000e+00 -9.342736e+01 -2.379463e+01
   endloop
 endfacet
 facet normal -1.000000e+00  0.000000e+00  0.000000e+00
   outer loop
     vertex -8.750000e+00 -9.475947e+01 -2.508182e+01
     vertex -8.750000e+00 -9.471616e+01 -2.507462e+01
     vertex -8.750000e+00 -8.800000e+01 -2.950000e+01
   endloop
 endfacet
 facet normal -1.000000e+00  0.000000e+00 -0.000000e+00
   outer loop
     vertex -8.750000e+00 -9.341357e+01 -2.370794e+01
     vertex -8.750000e+00 -8.800000e+01 -2.950000e+01
     vertex -8.750000e+00 -9.341987e+01 -2.375138e+01
   endloop
 endfacet
 facet normal -1.000000e+00  0.000000e+00  0.000000e+00
   outer loop
     vertex -8.750000e+00 -9.480295e+01 -2.508782e+01
     vertex -8.750000e+00 -9.475947e+01 -2.508182e+01
     vertex -8.750000e+00 -8.800000e+01 -2.950000e+01
   endloop
 endfacet
 facet normal -1.000000e+00  0.000000e+00 -0.000000e+00
   outer loop
     vertex -8.750000e+00 -9.340846e+01 -2.366433e+01
     vertex -8.750000e+00 -8.800000e+01 -2.950000e+01
     vertex -8.750000e+00 -9.341357e+01 -2.370794e+01
   endloop
 endfacet
 facet normal -1.000000e+00  0.000000e+00  0.000000e+00
   outer loop
     vertex -8.750000e+00 -9.484659e+01 -2.509263e+01
     vertex -8.750000e+00 -9.480295e+01 -2.508782e+01
     vertex -8.750000e+00 -8.800000e+01 -2.950000e+01
   endloop
 endfacet
 facet normal -1.000000e+00  0.000000e+00 -0.000000e+00
   outer loop
     vertex -8.750000e+00 -9.340455e+01 -2.362061e+01
     vertex -8.750000e+00 -8.800000e+01 -2.950000e+01
     vertex -8.750000e+00 -9.340846e+01 -2.366433e+01
   endloop
 endfacet
 facet normal -1.000000e+00  0.000000e+00  0.000000e+00
   outer loop
     vertex -8.750000e+00 -9.489034e+01 -2.509624e+01
     vertex -8.750000e+00 -9.484659e+01 -2.509263e+01
     vertex -8.750000e+00 -8.800000e+01 -2.950000e+01
   endloop
 endfacet
 facet normal -1.000000e+00  0.000000e+00 -0.000000e+00
   outer loop
     vertex -8.750000e+00 -9.340184e+01 -2.357680e+01
     vertex -8.750000e+00 -8.800000e+01 -2.950000e+01
     vertex -8.750000e+00 -9.340455e+01 -2.362061e+01
   endloop
 endfacet
 facet normal -1.000000e+00  0.000000e+00  0.000000e+00
   outer loop
     vertex -8.750000e+00 -9.493417e+01 -2.509865e+01
     vertex -8.750000e+00 -9.489034e+01 -2.509624e+01
     vertex -8.750000e+00 -8.800000e+01 -2.950000e+01
   endloop
 endfacet
 facet normal -1.000000e+00  0.000000e+00 -0.000000e+00
   outer loop
     vertex -8.750000e+00 -9.340034e+01 -2.353292e+01
     vertex -8.750000e+00 -8.800000e+01 -2.950000e+01
     vertex -8.750000e+00 -9.340184e+01 -2.357680e+01
   endloop
 endfacet
 facet normal -1.000000e+00  0.000000e+00  0.000000e+00
   outer loop
     vertex -8.750000e+00 -9.497805e+01 -2.509985e+01
     vertex -8.750000e+00 -9.493417e+01 -2.509865e+01
     vertex -8.750000e+00 -8.800000e+01 -2.950000e+01
   endloop
 endfacet
 facet normal -1.000000e+00  0.000000e+00 -0.000000e+00
   outer loop
     vertex -8.750000e+00 -9.340004e+01 -2.348903e+01
     vertex -8.750000e+00 -8.800000e+01 -2.950000e+01
     vertex -8.750000e+00 -9.340034e+01 -2.353292e+01
   endloop
 endfacet
 facet normal -1.000000e+00  0.000000e+00  0.000000e+00
   outer loop
     vertex -8.750000e+00 -9.340094e+01 -2.344514e+01
     vertex -8.750000e+00 -8.800000e+01 -2.950000e+01
     vertex -8.750000e+00 -9.340004e+01 -2.348903e+01
   endloop
 endfacet
 facet normal -1.000000e+00  0.000000e+00  0.000000e+00
   outer loop
     vertex -8.750000e+00 -9.340305e+01 -2.340129e+01
     vertex -8.750000e+00 -8.800000e+01 -2.950000e+01
     vertex -8.750000e+00 -9.340094e+01 -2.344514e+01
   endloop
 endfacet
 facet normal -1.000000e+00  0.000000e+00  0.000000e+00
   outer loop
     vertex -8.750000e+00 -9.340636e+01 -2.335751e+01
     vertex -8.750000e+00 -8.800000e+01 -2.950000e+01
     vertex -8.750000e+00 -9.340305e+01 -2.340129e+01
   endloop
 endfacet
 facet normal -1.000000e+00  0.000000e+00  0.000000e+00
   outer loop
     vertex -8.750000e+00 -9.341087e+01 -2.331385e+01
     vertex -8.750000e+00 -8.800000e+01 -2.950000e+01
     vertex -8.750000e+00 -9.340636e+01 -2.335751e+01
   endloop
 endfacet
 facet normal -1.000000e+00  0.000000e+00  0.000000e+00
   outer loop
     vertex -8.750000e+00 -9.341657e+01 -2.327032e+01
     vertex -8.750000e+00 -8.800000e+01 -2.950000e+01
     vertex -8.750000e+00 -9.341087e+01 -2.331385e+01
   endloop
 endfacet
 facet normal -1.000000e+00  0.000000e+00  0.000000e+00
   outer loop
     vertex -8.750000e+00 -9.342347e+01 -2.322697e+01
     vertex -8.750000e+00 -8.800000e+01 -2.950000e+01
     vertex -8.750000e+00 -9.341657e+01 -2.327032e+01
   endloop
 endfacet
 facet normal -1.000000e+00  0.000000e+00  0.000000e+00
   outer loop
     vertex -8.750000e+00 -9.343155e+01 -2.318382e+01
     vertex -8.750000e+00 -8.800000e+01 -2.950000e+01
     vertex -8.750000e+00 -9.342347e+01 -2.322697e+01
   endloop
 endfacet
 facet normal -1.000000e+00  0.000000e+00  0.000000e+00
   outer loop
     vertex -8.750000e+00 -9.344082e+01 -2.314091e+01
     vertex -8.750000e+00 -8.800000e+01 -2.950000e+01
     vertex -8.750000e+00 -9.343155e+01 -2.318382e+01
   endloop
 endfacet
 facet normal -1.000000e+00  0.000000e+00  0.000000e+00
   outer loop
     vertex -8.750000e+00 -9.345125e+01 -2.309827e+01
     vertex -8.750000e+00 -8.800000e+01 -2.950000e+01
     vertex -8.750000e+00 -9.344082e+01 -2.314091e+01
   endloop
 endfacet
 facet normal -1.000000e+00  0.000000e+00  0.000000e+00
   outer loop
     vertex -8.750000e+00 -9.346286e+01 -2.305593e+01
     vertex -8.750000e+00 -8.800000e+01 -2.950000e+01
     vertex -8.750000e+00 -9.345125e+01 -2.309827e+01
   endloop
 endfacet
 facet normal -1.000000e+00  0.000000e+00  0.000000e+00
   outer loop
     vertex -8.750000e+00 -9.347562e+01 -2.301393e+01
     vertex -8.750000e+00 -8.800000e+01 -2.950000e+01
     vertex -8.750000e+00 -9.346286e+01 -2.305593e+01
   endloop
 endfacet
 facet normal -1.000000e+00  0.000000e+00  0.000000e+00
   outer loop
     vertex -8.750000e+00 -9.348953e+01 -2.297229e+01
     vertex -8.750000e+00 -8.800000e+01 -2.950000e+01
     vertex -8.750000e+00 -9.347562e+01 -2.301393e+01
   endloop
 endfacet
 facet normal -1.000000e+00  0.000000e+00  0.000000e+00
   outer loop
     vertex -8.750000e+00 -9.350457e+01 -2.293105e+01
     vertex -8.750000e+00 -8.800000e+01 -2.950000e+01
     vertex -8.750000e+00 -9.348953e+01 -2.297229e+01
   endloop
 endfacet
 facet normal -1.000000e+00  0.000000e+00  0.000000e+00
   outer loop
     vertex -8.750000e+00 -9.352074e+01 -2.289024e+01
     vertex -8.750000e+00 -8.800000e+01 -2.950000e+01
     vertex -8.750000e+00 -9.350457e+01 -2.293105e+01
   endloop
 endfacet
 facet normal -1.000000e+00  0.000000e+00  0.000000e+00
   outer loop
     vertex -8.750000e+00 -9.353803e+01 -2.284989e+01
     vertex -8.750000e+00 -8.800000e+01 -2.950000e+01
     vertex -8.750000e+00 -9.352074e+01 -2.289024e+01
   endloop
 endfacet
 facet normal -1.000000e+00  0.000000e+00  0.000000e+00
   outer loop
     vertex -8.750000e+00 -9.355642e+01 -2.281003e+01
     vertex -8.750000e+00 -8.800000e+01 -2.950000e+01
     vertex -8.750000e+00 -9.353803e+01 -2.284989e+01
   endloop
 endfacet
 facet normal -1.000000e+00  0.000000e+00  0.000000e+00
   outer loop
     vertex -8.750000e+00 -9.357589e+01 -2.277068e+01
     vertex -8.750000e+00 -8.800000e+01 -2.950000e+01
     vertex -8.750000e+00 -9.355642e+01 -2.281003e+01
   endloop
 endfacet
 facet normal -1.000000e+00  0.000000e+00  0.000000e+00
   outer loop
     vertex -8.750000e+00 -9.359643e+01 -2.273189e+01
     vertex -8.750000e+00 -8.800000e+01 -2.950000e+01
     vertex -8.750000e+00 -9.357589e+01 -2.277068e+01
   endloop
 endfacet
 facet normal -1.000000e+00  0.000000e+00  0.000000e+00
   outer loop
     vertex -8.750000e+00 -1.020000e+02 -2.950000e+01
     vertex -8.750000e+00 -9.577772e+01 -2.489827e+01
     vertex -8.750000e+00 -9.573907e+01 -2.491908e+01
   endloop
 endfacet
 facet normal -1.000000e+00  0.000000e+00  0.000000e+00
   outer loop
     vertex -8.750000e+00 -1.020000e+02 -2.950000e+01
     vertex -8.750000e+00 -9.573907e+01 -2.491908e+01
     vertex -8.750000e+00 -9.569986e+01 -2.493882e+01
   endloop
 endfacet
 facet normal -1.000000e+00  0.000000e+00  0.000000e+00
   outer loop
     vertex -8.750000e+00 -1.020000e+02 -2.950000e+01
     vertex -8.750000e+00 -9.569986e+01 -2.493882e+01
     vertex -8.750000e+00 -9.566012e+01 -2.495748e+01
   endloop
 endfacet
 facet normal -1.000000e+00  0.000000e+00  0.000000e+00
   outer loop
     vertex -8.750000e+00 -1.020000e+02 -2.950000e+01
     vertex -8.750000e+00 -9.566012e+01 -2.495748e+01
     vertex -8.750000e+00 -9.561989e+01 -2.497504e+01
   endloop
 endfacet
 facet normal -1.000000e+00  0.000000e+00  0.000000e+00
   outer loop
     vertex -8.750000e+00 -1.020000e+02 -2.950000e+01
     vertex -8.750000e+00 -9.561989e+01 -2.497504e+01
     vertex -8.750000e+00 -9.557919e+01 -2.499149e+01
   endloop
 endfacet
 facet normal -1.000000e+00  0.000000e+00  0.000000e+00
   outer loop
     vertex -8.750000e+00 -1.020000e+02 -2.950000e+01
     vertex -8.750000e+00 -9.557919e+01 -2.499149e+01
     vertex -8.750000e+00 -9.553805e+01 -2.500682e+01
   endloop
 endfacet
 facet normal -1.000000e+00  0.000000e+00  0.000000e+00
   outer loop
     vertex -8.750000e+00 -1.020000e+02 -2.950000e+01
     vertex -8.750000e+00 -9.553805e+01 -2.500682e+01
     vertex -8.750000e+00 -9.549651e+01 -2.502101e+01
   endloop
 endfacet
 facet normal -1.000000e+00  0.000000e+00  0.000000e+00
   outer loop
     vertex -8.750000e+00 -1.020000e+02 -2.950000e+01
     vertex -8.750000e+00 -9.549651e+01 -2.502101e+01
     vertex -8.750000e+00 -9.545460e+01 -2.503406e+01
   endloop
 endfacet
 facet normal -1.000000e+00  0.000000e+00  0.000000e+00
   outer loop
     vertex -8.750000e+00 -1.020000e+02 -2.950000e+01
     vertex -8.750000e+00 -9.545460e+01 -2.503406e+01
     vertex -8.750000e+00 -9.541234e+01 -2.504595e+01
   endloop
 endfacet
 facet normal -1.000000e+00  0.000000e+00  0.000000e+00
   outer loop
     vertex -8.750000e+00 -1.020000e+02 -2.950000e+01
     vertex -8.750000e+00 -9.541234e+01 -2.504595e+01
     vertex -8.750000e+00 -9.536978e+01 -2.505668e+01
   endloop
 endfacet
 facet normal -1.000000e+00  0.000000e+00  0.000000e+00
   outer loop
     vertex -8.750000e+00 -1.020000e+02 -2.950000e+01
     vertex -8.750000e+00 -9.536978e+01 -2.505668e+01
     vertex -8.750000e+00 -9.532693e+01 -2.506624e+01
   endloop
 endfacet
 facet normal -1.000000e+00  0.000000e+00  0.000000e+00
   outer loop
     vertex -8.750000e+00 -1.020000e+02 -2.950000e+01
     vertex -8.750000e+00 -9.532693e+01 -2.506624e+01
     vertex -8.750000e+00 -9.528384e+01 -2.507462e+01
   endloop
 endfacet
 facet normal -1.000000e+00  0.000000e+00  0.000000e+00
   outer loop
     vertex -8.750000e+00 -1.020000e+02 -2.950000e+01
     vertex -8.750000e+00 -9.528384e+01 -2.507462e+01
     vertex -8.750000e+00 -9.524053e+01 -2.508182e+01
   endloop
 endfacet
 facet normal -1.000000e+00  0.000000e+00  0.000000e+00
   outer loop
     vertex -8.750000e+00 -1.020000e+02 -2.950000e+01
     vertex -8.750000e+00 -9.524053e+01 -2.508182e+01
     vertex -8.750000e+00 -9.519705e+01 -2.508782e+01
   endloop
 endfacet
 facet normal -1.000000e+00  0.000000e+00  0.000000e+00
   outer loop
     vertex -8.750000e+00 -1.020000e+02 -2.950000e+01
     vertex -8.750000e+00 -9.519705e+01 -2.508782e+01
     vertex -8.750000e+00 -9.515341e+01 -2.509263e+01
   endloop
 endfacet
 facet normal -1.000000e+00  0.000000e+00  0.000000e+00
   outer loop
     vertex -8.750000e+00 -1.020000e+02 -2.950000e+01
     vertex -8.750000e+00 -9.515341e+01 -2.509263e+01
     vertex -8.750000e+00 -9.510966e+01 -2.509624e+01
   endloop
 endfacet
 facet normal -1.000000e+00  0.000000e+00  0.000000e+00
   outer loop
     vertex -8.750000e+00 -1.020000e+02 -2.950000e+01
     vertex -8.750000e+00 -9.510966e+01 -2.509624e+01
     vertex -8.750000e+00 -9.506583e+01 -2.509865e+01
   endloop
 endfacet
 facet normal -1.000000e+00  0.000000e+00  0.000000e+00
   outer loop
     vertex -8.750000e+00 -1.020000e+02 -2.950000e+01
     vertex -8.750000e+00 -9.506583e+01 -2.509865e+01
     vertex -8.750000e+00 -9.502195e+01 -2.509985e+01
   endloop
 endfacet
 facet normal -1.000000e+00  0.000000e+00  0.000000e+00
   outer loop
     vertex -8.750000e+00 -1.020000e+02 -2.950000e+01
     vertex -8.750000e+00 -9.502195e+01 -2.509985e+01
     vertex -8.750000e+00 -9.497805e+01 -2.509985e+01
   endloop
 endfacet
 facet normal -1.000000e+00  0.000000e+00  0.000000e+00
   outer loop
     vertex -8.750000e+00 -1.020000e+02 -2.950000e+01
     vertex -8.750000e+00 -9.497805e+01 -2.509985e+01
     vertex -8.750000e+00 -8.800000e+01 -2.950000e+01
   endloop
 endfacet
 facet normal -1.000000e+00  0.000000e+00  0.000000e+00
   outer loop
     vertex -8.750000e+00 -1.020000e+02 -2.950000e+01
     vertex -8.750000e+00 -9.650309e+01 -2.404838e+01
     vertex -8.750000e+00 -9.648748e+01 -2.408941e+01
   endloop
 endfacet
 facet normal -1.000000e+00  0.000000e+00  0.000000e+00
   outer loop
     vertex -8.750000e+00 -1.020000e+02 -2.950000e+01
     vertex -8.750000e+00 -9.648748e+01 -2.408941e+01
     vertex -8.750000e+00 -9.647075e+01 -2.412999e+01
   endloop
 endfacet
 facet normal -1.000000e+00  0.000000e+00  0.000000e+00
   outer loop
     vertex -8.750000e+00 -1.020000e+02 -2.950000e+01
     vertex -8.750000e+00 -9.647075e+01 -2.412999e+01
     vertex -8.750000e+00 -9.645291e+01 -2.417010e+01
   endloop
 endfacet
 facet normal -1.000000e+00  0.000000e+00  0.000000e+00
   outer loop
     vertex -8.750000e+00 -1.020000e+02 -2.950000e+01
     vertex -8.750000e+00 -9.645291e+01 -2.417010e+01
     vertex -8.750000e+00 -9.643398e+01 -2.420971e+01
   endloop
 endfacet
 facet normal -1.000000e+00  0.000000e+00  0.000000e+00
   outer loop
     vertex -8.750000e+00 -1.020000e+02 -2.950000e+01
     vertex -8.750000e+00 -9.643398e+01 -2.420971e+01
     vertex -8.750000e+00 -9.641397e+01 -2.424878e+01
   endloop
 endfacet
 facet normal -1.000000e+00  0.000000e+00  0.000000e+00
   outer loop
     vertex -8.750000e+00 -1.020000e+02 -2.950000e+01
     vertex -8.750000e+00 -9.641397e+01 -2.424878e+01
     vertex -8.750000e+00 -9.639290e+01 -2.428729e+01
   endloop
 endfacet
 facet normal -1.000000e+00  0.000000e+00  0.000000e+00
   outer loop
     vertex -8.750000e+00 -1.020000e+02 -2.950000e+01
     vertex -8.750000e+00 -9.639290e+01 -2.428729e+01
     vertex -8.750000e+00 -9.637078e+01 -2.432521e+01
   endloop
 endfacet
 facet normal -1.000000e+00  0.000000e+00  0.000000e+00
   outer loop
     vertex -8.750000e+00 -1.020000e+02 -2.950000e+01
     vertex -8.750000e+00 -9.637078e+01 -2.432521e+01
     vertex -8.750000e+00 -9.634762e+01 -2.436251e+01
   endloop
 endfacet
 facet normal -1.000000e+00  0.000000e+00  0.000000e+00
   outer loop
     vertex -8.750000e+00 -1.020000e+02 -2.950000e+01
     vertex -8.750000e+00 -9.634762e+01 -2.436251e+01
     vertex -8.750000e+00 -9.632345e+01 -2.439915e+01
   endloop
 endfacet
 facet normal -1.000000e+00  0.000000e+00  0.000000e+00
   outer loop
     vertex -8.750000e+00 -1.020000e+02 -2.950000e+01
     vertex -8.750000e+00 -9.632345e+01 -2.439915e+01
     vertex -8.750000e+00 -9.629829e+01 -2.443512e+01
   endloop
 endfacet
 facet normal -1.000000e+00  0.000000e+00  0.000000e+00
   outer loop
     vertex -8.750000e+00 -1.020000e+02 -2.950000e+01
     vertex -8.750000e+00 -9.629829e+01 -2.443512e+01
     vertex -8.750000e+00 -9.627214e+01 -2.447039e+01
   endloop
 endfacet
 facet normal -1.000000e+00  0.000000e+00  0.000000e+00
   outer loop
     vertex -8.750000e+00 -1.020000e+02 -2.950000e+01
     vertex -8.750000e+00 -9.627214e+01 -2.447039e+01
     vertex -8.750000e+00 -9.624504e+01 -2.450492e+01
   endloop
 endfacet
 facet normal -1.000000e+00  0.000000e+00  0.000000e+00
   outer loop
     vertex -8.750000e+00 -1.020000e+02 -2.950000e+01
     vertex -8.750000e+00 -9.624504e+01 -2.450492e+01
     vertex -8.750000e+00 -9.621701e+01 -2.453870e+01
   endloop
 endfacet
 facet normal -1.000000e+00  0.000000e+00  0.000000e+00
   outer loop
     vertex -8.750000e+00 -1.020000e+02 -2.950000e+01
     vertex -8.750000e+00 -9.621701e+01 -2.453870e+01
     vertex -8.750000e+00 -9.618805e+01 -2.457170e+01
   endloop
 endfacet
 facet normal -1.000000e+00  0.000000e+00  0.000000e+00
   outer loop
     vertex -8.750000e+00 -1.020000e+02 -2.950000e+01
     vertex -8.750000e+00 -9.618805e+01 -2.457170e+01
     vertex -8.750000e+00 -9.615820e+01 -2.460389e+01
   endloop
 endfacet
 facet normal -1.000000e+00  0.000000e+00  0.000000e+00
   outer loop
     vertex -8.750000e+00 -1.020000e+02 -2.950000e+01
     vertex -8.750000e+00 -9.615820e+01 -2.460389e+01
     vertex -8.750000e+00 -9.612748e+01 -2.463524e+01
   endloop
 endfacet
 facet normal -1.000000e+00  0.000000e+00  0.000000e+00
   outer loop
     vertex -8.750000e+00 -1.020000e+02 -2.950000e+01
     vertex -8.750000e+00 -9.612748e+01 -2.463524e+01
     vertex -8.750000e+00 -9.609592e+01 -2.466575e+01
   endloop
 endfacet
 facet normal -1.000000e+00  0.000000e+00  0.000000e+00
   outer loop
     vertex -8.750000e+00 -1.020000e+02 -2.950000e+01
     vertex -8.750000e+00 -9.609592e+01 -2.466575e+01
     vertex -8.750000e+00 -9.606352e+01 -2.469538e+01
   endloop
 endfacet
 facet normal -1.000000e+00  0.000000e+00  0.000000e+00
   outer loop
     vertex -8.750000e+00 -1.020000e+02 -2.950000e+01
     vertex -8.750000e+00 -9.606352e+01 -2.469538e+01
     vertex -8.750000e+00 -9.603033e+01 -2.472410e+01
   endloop
 endfacet
 facet normal -1.000000e+00  0.000000e+00  0.000000e+00
   outer loop
     vertex -8.750000e+00 -1.020000e+02 -2.950000e+01
     vertex -8.750000e+00 -9.603033e+01 -2.472410e+01
     vertex -8.750000e+00 -9.599636e+01 -2.475191e+01
   endloop
 endfacet
 facet normal -1.000000e+00  0.000000e+00  0.000000e+00
   outer loop
     vertex -8.750000e+00 -1.020000e+02 -2.950000e+01
     vertex -8.750000e+00 -9.599636e+01 -2.475191e+01
     vertex -8.750000e+00 -9.596164e+01 -2.477877e+01
   endloop
 endfacet
 facet normal -1.000000e+00  0.000000e+00  0.000000e+00
   outer loop
     vertex -8.750000e+00 -1.020000e+02 -2.950000e+01
     vertex -8.750000e+00 -9.596164e+01 -2.477877e+01
     vertex -8.750000e+00 -9.592619e+01 -2.480467e+01
   endloop
 endfacet
 facet normal -1.000000e+00  0.000000e+00  0.000000e+00
   outer loop
     vertex -8.750000e+00 -1.020000e+02 -2.950000e+01
     vertex -8.750000e+00 -9.592619e+01 -2.480467e+01
     vertex -8.750000e+00 -9.589005e+01 -2.482959e+01
   endloop
 endfacet
 facet normal -1.000000e+00  0.000000e+00  0.000000e+00
   outer loop
     vertex -8.750000e+00 -1.020000e+02 -2.950000e+01
     vertex -8.750000e+00 -9.589005e+01 -2.482959e+01
     vertex -8.750000e+00 -9.585324e+01 -2.485351e+01
   endloop
 endfacet
 facet normal -1.000000e+00  0.000000e+00  0.000000e+00
   outer loop
     vertex -8.750000e+00 -1.020000e+02 -2.950000e+01
     vertex -8.750000e+00 -9.585324e+01 -2.485351e+01
     vertex -8.750000e+00 -9.581579e+01 -2.487640e+01
   endloop
 endfacet
 facet normal -1.000000e+00  0.000000e+00  0.000000e+00
   outer loop
     vertex -8.750000e+00 -1.020000e+02 -2.950000e+01
     vertex -8.750000e+00 -9.581579e+01 -2.487640e+01
     vertex -8.750000e+00 -9.577772e+01 -2.489827e+01
   endloop
 endfacet
 facet normal -1.000000e+00  0.000000e+00 -0.000000e+00
   outer loop
     vertex -8.750000e+00 -9.651757e+01 -2.400694e+01
     vertex -8.750000e+00 -9.650309e+01 -2.404838e+01
     vertex -8.750000e+00 -1.020000e+02 -2.950000e+01
   endloop
 endfacet
 facet normal -1.000000e+00  0.000000e+00 -0.000000e+00
   outer loop
     vertex -8.750000e+00 -9.653091e+01 -2.396511e+01
     vertex -8.750000e+00 -9.651757e+01 -2.400694e+01
     vertex -8.750000e+00 -1.020000e+02 -2.950000e+01
   endloop
 endfacet
 facet normal -1.000000e+00  0.000000e+00 -0.000000e+00
   outer loop
     vertex -8.750000e+00 -9.654309e+01 -2.392294e+01
     vertex -8.750000e+00 -9.653091e+01 -2.396511e+01
     vertex -8.750000e+00 -1.020000e+02 -2.950000e+01
   endloop
 endfacet
 facet normal -1.000000e+00  0.000000e+00 -0.000000e+00
   outer loop
     vertex -8.750000e+00 -9.655411e+01 -2.388045e+01
     vertex -8.750000e+00 -9.654309e+01 -2.392294e+01
     vertex -8.750000e+00 -1.020000e+02 -2.950000e+01
   endloop
 endfacet
 facet normal -1.000000e+00  0.000000e+00 -0.000000e+00
   outer loop
     vertex -8.750000e+00 -9.656396e+01 -2.383767e+01
     vertex -8.750000e+00 -9.655411e+01 -2.388045e+01
     vertex -8.750000e+00 -1.020000e+02 -2.950000e+01
   endloop
 endfacet
 facet normal -1.000000e+00  0.000000e+00 -0.000000e+00
   outer loop
     vertex -8.750000e+00 -9.657264e+01 -2.379463e+01
     vertex -8.750000e+00 -9.656396e+01 -2.383767e+01
     vertex -8.750000e+00 -1.020000e+02 -2.950000e+01
   endloop
 endfacet
 facet normal -1.000000e+00  0.000000e+00 -0.000000e+00
   outer loop
     vertex -8.750000e+00 -9.658013e+01 -2.375138e+01
     vertex -8.750000e+00 -9.657264e+01 -2.379463e+01
     vertex -8.750000e+00 -1.020000e+02 -2.950000e+01
   endloop
 endfacet
 facet normal -1.000000e+00  0.000000e+00 -0.000000e+00
   outer loop
     vertex -8.750000e+00 -9.658643e+01 -2.370794e+01
     vertex -8.750000e+00 -9.658013e+01 -2.375138e+01
     vertex -8.750000e+00 -1.020000e+02 -2.950000e+01
   endloop
 endfacet
 facet normal -1.000000e+00  0.000000e+00 -0.000000e+00
   outer loop
     vertex -8.750000e+00 -9.659154e+01 -2.366433e+01
     vertex -8.750000e+00 -9.658643e+01 -2.370794e+01
     vertex -8.750000e+00 -1.020000e+02 -2.950000e+01
   endloop
 endfacet
 facet normal -1.000000e+00  0.000000e+00 -0.000000e+00
   outer loop
     vertex -8.750000e+00 -9.659545e+01 -2.362061e+01
     vertex -8.750000e+00 -9.659154e+01 -2.366433e+01
     vertex -8.750000e+00 -1.020000e+02 -2.950000e+01
   endloop
 endfacet
 facet normal -1.000000e+00  0.000000e+00 -0.000000e+00
   outer loop
     vertex -8.750000e+00 -9.659816e+01 -2.357680e+01
     vertex -8.750000e+00 -9.659545e+01 -2.362061e+01
     vertex -8.750000e+00 -1.020000e+02 -2.950000e+01
   endloop
 endfacet
 facet normal -1.000000e+00  0.000000e+00 -0.000000e+00
   outer loop
     vertex -8.750000e+00 -9.659966e+01 -2.353292e+01
     vertex -8.750000e+00 -9.659816e+01 -2.357680e+01
     vertex -8.750000e+00 -1.020000e+02 -2.950000e+01
   endloop
 endfacet
 facet normal -1.000000e+00  0.000000e+00 -0.000000e+00
   outer loop
     vertex -8.750000e+00 -9.659996e+01 -2.348903e+01
     vertex -8.750000e+00 -9.659966e+01 -2.353292e+01
     vertex -8.750000e+00 -1.020000e+02 -2.950000e+01
   endloop
 endfacet
 facet normal -1.000000e+00  0.000000e+00  0.000000e+00
   outer loop
     vertex -8.750000e+00 -9.659906e+01 -2.344514e+01
     vertex -8.750000e+00 -9.659996e+01 -2.348903e+01
     vertex -8.750000e+00 -1.020000e+02 -2.950000e+01
   endloop
 endfacet
 facet normal -1.000000e+00  0.000000e+00  0.000000e+00
   outer loop
     vertex -8.750000e+00 -9.659695e+01 -2.340129e+01
     vertex -8.750000e+00 -9.659906e+01 -2.344514e+01
     vertex -8.750000e+00 -1.020000e+02 -2.950000e+01
   endloop
 endfacet
 facet normal -1.000000e+00  0.000000e+00  0.000000e+00
   outer loop
     vertex -8.750000e+00 -9.659364e+01 -2.335751e+01
     vertex -8.750000e+00 -9.659695e+01 -2.340129e+01
     vertex -8.750000e+00 -1.020000e+02 -2.950000e+01
   endloop
 endfacet
 facet normal -1.000000e+00  0.000000e+00  0.000000e+00
   outer loop
     vertex -8.750000e+00 -9.658913e+01 -2.331385e+01
     vertex -8.750000e+00 -9.659364e+01 -2.335751e+01
     vertex -8.750000e+00 -1.020000e+02 -2.950000e+01
   endloop
 endfacet
 facet normal -1.000000e+00  0.000000e+00  0.000000e+00
   outer loop
     vertex -8.750000e+00 -9.658343e+01 -2.327032e+01
     vertex -8.750000e+00 -9.658913e+01 -2.331385e+01
     vertex -8.750000e+00 -1.020000e+02 -2.950000e+01
   endloop
 endfacet
 facet normal -1.000000e+00  0.000000e+00  0.000000e+00
   outer loop
     vertex -8.750000e+00 -9.657653e+01 -2.322697e+01
     vertex -8.750000e+00 -9.658343e+01 -2.327032e+01
     vertex -8.750000e+00 -1.020000e+02 -2.950000e+01
   endloop
 endfacet
 facet normal -1.000000e+00  0.000000e+00  0.000000e+00
   outer loop
     vertex -8.750000e+00 -9.656845e+01 -2.318382e+01
     vertex -8.750000e+00 -9.657653e+01 -2.322697e+01
     vertex -8.750000e+00 -1.020000e+02 -2.950000e+01
   endloop
 endfacet
 facet normal -1.000000e+00  0.000000e+00  0.000000e+00
   outer loop
     vertex -8.750000e+00 -9.655918e+01 -2.314091e+01
     vertex -8.750000e+00 -9.656845e+01 -2.318382e+01
     vertex -8.750000e+00 -1.020000e+02 -2.950000e+01
   endloop
 endfacet
 facet normal -1.000000e+00  0.000000e+00  0.000000e+00
   outer loop
     vertex -8.750000e+00 -9.654875e+01 -2.309827e+01
     vertex -8.750000e+00 -9.655918e+01 -2.314091e+01
     vertex -8.750000e+00 -1.020000e+02 -2.950000e+01
   endloop
 endfacet
 facet normal -1.000000e+00  0.000000e+00  0.000000e+00
   outer loop
     vertex -8.750000e+00 -9.653714e+01 -2.305593e+01
     vertex -8.750000e+00 -9.654875e+01 -2.309827e+01
     vertex -8.750000e+00 -1.020000e+02 -2.950000e+01
   endloop
 endfacet
 facet normal -1.000000e+00  0.000000e+00  0.000000e+00
   outer loop
     vertex -8.750000e+00 -9.652438e+01 -2.301393e+01
     vertex -8.750000e+00 -9.653714e+01 -2.305593e+01
     vertex -8.750000e+00 -1.020000e+02 -2.950000e+01
   endloop
 endfacet
 facet normal -1.000000e+00  0.000000e+00  0.000000e+00
   outer loop
     vertex -8.750000e+00 -9.651047e+01 -2.297229e+01
     vertex -8.750000e+00 -9.652438e+01 -2.301393e+01
     vertex -8.750000e+00 -1.020000e+02 -2.950000e+01
   endloop
 endfacet
 facet normal -1.000000e+00  0.000000e+00  0.000000e+00
   outer loop
     vertex -8.750000e+00 -9.649543e+01 -2.293105e+01
     vertex -8.750000e+00 -9.651047e+01 -2.297229e+01
     vertex -8.750000e+00 -1.020000e+02 -2.950000e+01
   endloop
 endfacet
 facet normal -1.000000e+00  0.000000e+00  0.000000e+00
   outer loop
     vertex -8.750000e+00 -9.647926e+01 -2.289024e+01
     vertex -8.750000e+00 -9.649543e+01 -2.293105e+01
     vertex -8.750000e+00 -1.020000e+02 -2.950000e+01
   endloop
 endfacet
 facet normal -1.000000e+00  0.000000e+00  0.000000e+00
   outer loop
     vertex -8.750000e+00 -9.646197e+01 -2.284989e+01
     vertex -8.750000e+00 -9.647926e+01 -2.289024e+01
     vertex -8.750000e+00 -1.020000e+02 -2.950000e+01
   endloop
 endfacet
 facet normal -1.000000e+00  0.000000e+00  0.000000e+00
   outer loop
     vertex -8.750000e+00 -9.644358e+01 -2.281003e+01
     vertex -8.750000e+00 -9.646197e+01 -2.284989e+01
     vertex -8.750000e+00 -1.020000e+02 -2.950000e+01
   endloop
 endfacet
 facet normal -1.000000e+00  0.000000e+00  0.000000e+00
   outer loop
     vertex -8.750000e+00 -9.642411e+01 -2.277068e+01
     vertex -8.750000e+00 -9.644358e+01 -2.281003e+01
     vertex -8.750000e+00 -1.020000e+02 -2.950000e+01
   endloop
 endfacet
 facet normal -1.000000e+00  0.000000e+00  0.000000e+00
   outer loop
     vertex -8.750000e+00 -8.800000e+01  5.500000e+00
     vertex -8.750000e+00 -9.376886e+01 -2.247809e+01
     vertex -8.750000e+00 -9.379736e+01 -2.244470e+01
   endloop
 endfacet
 facet normal -1.000000e+00  0.000000e+00  0.000000e+00
   outer loop
     vertex -8.750000e+00 -8.800000e+01  5.500000e+00
     vertex -8.750000e+00 -9.379736e+01 -2.244470e+01
     vertex -8.750000e+00 -9.382676e+01 -2.241211e+01
   endloop
 endfacet
 facet normal -1.000000e+00  0.000000e+00  0.000000e+00
   outer loop
     vertex -8.750000e+00 -8.800000e+01  5.500000e+00
     vertex -8.750000e+00 -9.382676e+01 -2.241211e+01
     vertex -8.750000e+00 -9.385705e+01 -2.238033e+01
   endloop
 endfacet
 facet normal -1.000000e+00  0.000000e+00  0.000000e+00
   outer loop
     vertex -8.750000e+00 -8.800000e+01  5.500000e+00
     vertex -8.750000e+00 -9.385705e+01 -2.238033e+01
     vertex -8.750000e+00 -9.388820e+01 -2.234940e+01
   endloop
 endfacet
 facet normal -1.000000e+00  0.000000e+00  0.000000e+00
   outer loop
     vertex -8.750000e+00 -8.800000e+01  5.500000e+00
     vertex -8.750000e+00 -9.388820e+01 -2.234940e+01
     vertex -8.750000e+00 -9.392018e+01 -2.231933e+01
   endloop
 endfacet
 facet normal -1.000000e+00  0.000000e+00  0.000000e+00
   outer loop
     vertex -8.750000e+00 -8.800000e+01  5.500000e+00
     vertex -8.750000e+00 -9.392018e+01 -2.231933e+01
     vertex -8.750000e+00 -9.395298e+01 -2.229015e+01
   endloop
 endfacet
 facet normal -1.000000e+00  0.000000e+00  0.000000e+00
   outer loop
     vertex -8.750000e+00 -8.800000e+01  5.500000e+00
     vertex -8.750000e+00 -9.395298e+01 -2.229015e+01
     vertex -8.750000e+00 -9.398656e+01 -2.226188e+01
   endloop
 endfacet
 facet normal -1.000000e+00  0.000000e+00  0.000000e+00
   outer loop
     vertex -8.750000e+00 -8.800000e+01  5.500000e+00
     vertex -8.750000e+00 -9.398656e+01 -2.226188e+01
     vertex -8.750000e+00 -9.402091e+01 -2.223454e+01
   endloop
 endfacet
 facet normal -1.000000e+00  0.000000e+00  0.000000e+00
   outer loop
     vertex -8.750000e+00 -8.800000e+01  5.500000e+00
     vertex -8.750000e+00 -9.402091e+01 -2.223454e+01
     vertex -8.750000e+00 -9.405600e+01 -2.220816e+01
   endloop
 endfacet
 facet normal -1.000000e+00  0.000000e+00  0.000000e+00
   outer loop
     vertex -8.750000e+00 -8.800000e+01  5.500000e+00
     vertex -8.750000e+00 -9.405600e+01 -2.220816e+01
     vertex -8.750000e+00 -9.409179e+01 -2.218275e+01
   endloop
 endfacet
 facet normal -1.000000e+00  0.000000e+00  0.000000e+00
   outer loop
     vertex -8.750000e+00 -8.800000e+01  5.500000e+00
     vertex -8.750000e+00 -9.409179e+01 -2.218275e+01
     vertex -8.750000e+00 -9.412827e+01 -2.215833e+01
   endloop
 endfacet
 facet normal -1.000000e+00  0.000000e+00  0.000000e+00
   outer loop
     vertex -8.750000e+00 -8.800000e+01  5.500000e+00
     vertex -8.750000e+00 -9.412827e+01 -2.215833e+01
     vertex -8.750000e+00 -9.416541e+01 -2.213492e+01
   endloop
 endfacet
 facet normal -1.000000e+00  0.000000e+00  0.000000e+00
   outer loop
     vertex -8.750000e+00 -8.800000e+01  5.500000e+00
     vertex -8.750000e+00 -9.416541e+01 -2.213492e+01
     vertex -8.750000e+00 -9.420317e+01 -2.211253e+01
   endloop
 endfacet
 facet normal -1.000000e+00  0.000000e+00  0.000000e+00
   outer loop
     vertex -8.750000e+00 -8.800000e+01  5.500000e+00
     vertex -8.750000e+00 -9.420317e+01 -2.211253e+01
     vertex -8.750000e+00 -9.424153e+01 -2.209120e+01
   endloop
 endfacet
 facet normal -1.000000e+00  0.000000e+00  0.000000e+00
   outer loop
     vertex -8.750000e+00 -8.800000e+01  5.500000e+00
     vertex -8.750000e+00 -9.424153e+01 -2.209120e+01
     vertex -8.750000e+00 -9.428047e+01 -2.207092e+01
   endloop
 endfacet
 facet normal -1.000000e+00  0.000000e+00  0.000000e+00
   outer loop
     vertex -8.750000e+00 -8.800000e+01  5.500000e+00
     vertex -8.750000e+00 -9.428047e+01 -2.207092e+01
     vertex -8.750000e+00 -9.431995e+01 -2.205172e+01
   endloop
 endfacet
 facet normal -1.000000e+00  0.000000e+00  0.000000e+00
   outer loop
     vertex -8.750000e+00 -8.800000e+01  5.500000e+00
     vertex -8.750000e+00 -9.431995e+01 -2.205172e+01
     vertex -8.750000e+00 -9.435993e+01 -2.203360e+01
   endloop
 endfacet
 facet normal -1.000000e+00  0.000000e+00  0.000000e+00
   outer loop
     vertex -8.750000e+00 -8.800000e+01  5.500000e+00
     vertex -8.750000e+00 -9.435993e+01 -2.203360e+01
     vertex -8.750000e+00 -9.440040e+01 -2.201660e+01
   endloop
 endfacet
 facet normal -1.000000e+00  0.000000e+00  0.000000e+00
   outer loop
     vertex -8.750000e+00 -8.800000e+01  5.500000e+00
     vertex -8.750000e+00 -9.440040e+01 -2.201660e+01
     vertex -8.750000e+00 -9.444132e+01 -2.200071e+01
   endloop
 endfacet
 facet normal -1.000000e+00  0.000000e+00  0.000000e+00
   outer loop
     vertex -8.750000e+00 -8.800000e+01  5.500000e+00
     vertex -8.750000e+00 -9.444132e+01 -2.200071e+01
     vertex -8.750000e+00 -9.448267e+01 -2.198594e+01
   endloop
 endfacet
 facet normal -1.000000e+00  0.000000e+00 -0.000000e+00
   outer loop
     vertex -8.750000e+00 -8.800000e+01  5.500000e+00
     vertex -8.750000e+00 -8.800000e+01 -2.950000e+01
     vertex -8.750000e+00 -9.359643e+01 -2.273189e+01
   endloop
 endfacet
 facet normal -1.000000e+00  0.000000e+00  0.000000e+00
   outer loop
     vertex -8.750000e+00 -8.800000e+01  5.500000e+00
     vertex -8.750000e+00 -9.448267e+01 -2.198594e+01
     vertex -8.750000e+00 -9.452440e+01 -2.197232e+01
   endloop
 endfacet
 facet normal -1.000000e+00  0.000000e+00  0.000000e+00
   outer loop
     vertex -8.750000e+00 -8.800000e+01  5.500000e+00
     vertex -8.750000e+00 -9.452440e+01 -2.197232e+01
     vertex -8.750000e+00 -9.456649e+01 -2.195985e+01
   endloop
 endfacet
 facet normal -1.000000e+00  0.000000e+00  0.000000e+00
   outer loop
     vertex -8.750000e+00 -8.800000e+01  5.500000e+00
     vertex -8.750000e+00 -9.456649e+01 -2.195985e+01
     vertex -8.750000e+00 -9.460890e+01 -2.194854e+01
   endloop
 endfacet
 facet normal -1.000000e+00  0.000000e+00  0.000000e+00
   outer loop
     vertex -8.750000e+00 -8.800000e+01  5.500000e+00
     vertex -8.750000e+00 -9.460890e+01 -2.194854e+01
     vertex -8.750000e+00 -9.465161e+01 -2.193839e+01
   endloop
 endfacet
 facet normal -1.000000e+00  0.000000e+00  0.000000e+00
   outer loop
     vertex -8.750000e+00 -8.800000e+01  5.500000e+00
     vertex -8.750000e+00 -9.465161e+01 -2.193839e+01
     vertex -8.750000e+00 -9.469459e+01 -2.192942e+01
   endloop
 endfacet
 facet normal -1.000000e+00  0.000000e+00  0.000000e+00
   outer loop
     vertex -8.750000e+00 -8.800000e+01  5.500000e+00
     vertex -8.750000e+00 -9.469459e+01 -2.192942e+01
     vertex -8.750000e+00 -9.473779e+01 -2.192163e+01
   endloop
 endfacet
 facet normal -1.000000e+00  0.000000e+00  0.000000e+00
   outer loop
     vertex -8.750000e+00 -8.800000e+01  5.500000e+00
     vertex -8.750000e+00 -9.473779e+01 -2.192163e+01
     vertex -8.750000e+00 -9.478119e+01 -2.191503e+01
   endloop
 endfacet
 facet normal -1.000000e+00  0.000000e+00  0.000000e+00
   outer loop
     vertex -8.750000e+00 -8.800000e+01  5.500000e+00
     vertex -8.750000e+00 -9.478119e+01 -2.191503e+01
     vertex -8.750000e+00 -9.482475e+01 -2.190963e+01
   endloop
 endfacet
 facet normal -1.000000e+00  0.000000e+00  0.000000e+00
   outer loop
     vertex -8.750000e+00 -8.800000e+01  5.500000e+00
     vertex -8.750000e+00 -9.482475e+01 -2.190963e+01
     vertex -8.750000e+00 -9.486845e+01 -2.190542e+01
   endloop
 endfacet
 facet normal -1.000000e+00  0.000000e+00  0.000000e+00
   outer loop
     vertex -8.750000e+00 -8.800000e+01  5.500000e+00
     vertex -8.750000e+00 -9.486845e+01 -2.190542e+01
     vertex -8.750000e+00 -9.491224e+01 -2.190241e+01
   endloop
 endfacet
 facet normal -1.000000e+00  0.000000e+00  0.000000e+00
   outer loop
     vertex -8.750000e+00 -8.800000e+01  5.500000e+00
     vertex -8.750000e+00 -9.491224e+01 -2.190241e+01
     vertex -8.750000e+00 -9.495611e+01 -2.190060e+01
   endloop
 endfacet
 facet normal -1.000000e+00  0.000000e+00  0.000000e+00
   outer loop
     vertex -8.750000e+00 -8.800000e+01  5.500000e+00
     vertex -8.750000e+00 -9.495611e+01 -2.190060e+01
     vertex -8.750000e+00 -9.500000e+01 -2.190000e+01
   endloop
 endfacet
 facet normal -1.000000e+00  0.000000e+00  0.000000e+00
   outer loop
     vertex -8.750000e+00 -8.800000e+01  5.500000e+00
     vertex -8.750000e+00 -9.359643e+01 -2.273189e+01
     vertex -8.750000e+00 -9.361803e+01 -2.269367e+01
   endloop
 endfacet
 facet normal -1.000000e+00  0.000000e+00  0.000000e+00
   outer loop
     vertex -8.750000e+00 -8.800000e+01  5.500000e+00
     vertex -8.750000e+00 -9.361803e+01 -2.269367e+01
     vertex -8.750000e+00 -9.364067e+01 -2.265606e+01
   endloop
 endfacet
 facet normal -1.000000e+00  0.000000e+00  0.000000e+00
   outer loop
     vertex -8.750000e+00 -8.800000e+01  5.500000e+00
     vertex -8.750000e+00 -9.364067e+01 -2.265606e+01
     vertex -8.750000e+00 -9.366434e+01 -2.261909e+01
   endloop
 endfacet
 facet normal -1.000000e+00  0.000000e+00  0.000000e+00
   outer loop
     vertex -8.750000e+00 -8.800000e+01  5.500000e+00
     vertex -8.750000e+00 -9.366434e+01 -2.261909e+01
     vertex -8.750000e+00 -9.368901e+01 -2.258278e+01
   endloop
 endfacet
 facet normal -1.000000e+00  0.000000e+00  0.000000e+00
   outer loop
     vertex -8.750000e+00 -8.800000e+01  5.500000e+00
     vertex -8.750000e+00 -9.368901e+01 -2.258278e+01
     vertex -8.750000e+00 -9.371466e+01 -2.254716e+01
   endloop
 endfacet
 facet normal -1.000000e+00  0.000000e+00  0.000000e+00
   outer loop
     vertex -8.750000e+00 -8.800000e+01  5.500000e+00
     vertex -8.750000e+00 -9.371466e+01 -2.254716e+01
     vertex -8.750000e+00 -9.374129e+01 -2.251225e+01
   endloop
 endfacet
 facet normal -1.000000e+00  0.000000e+00  0.000000e+00
   outer loop
     vertex -8.750000e+00 -8.800000e+01  5.500000e+00
     vertex -8.750000e+00 -9.374129e+01 -2.251225e+01
     vertex -8.750000e+00 -9.376886e+01 -2.247809e+01
   endloop
 endfacet
 facet normal -1.000000e+00  0.000000e+00  0.000000e+00
   outer loop
     vertex -8.750000e+00 -1.020000e+02  5.500000e+00
     vertex -8.750000e+00 -9.500000e+01 -2.190000e+01
     vertex -8.750000e+00 -9.504389e+01 -2.190060e+01
   endloop
 endfacet
 facet normal -1.000000e+00  0.000000e+00  0.000000e+00
   outer loop
     vertex -8.750000e+00 -1.020000e+02  5.500000e+00
     vertex -8.750000e+00 -9.504389e+01 -2.190060e+01
     vertex -8.750000e+00 -9.508776e+01 -2.190241e+01
   endloop
 endfacet
 facet normal -1.000000e+00  0.000000e+00  0.000000e+00
   outer loop
     vertex -8.750000e+00 -1.020000e+02  5.500000e+00
     vertex -8.750000e+00 -9.508776e+01 -2.190241e+01
     vertex -8.750000e+00 -9.513155e+01 -2.190542e+01
   endloop
 endfacet
 facet normal -1.000000e+00  0.000000e+00  0.000000e+00
   outer loop
     vertex -8.750000e+00 -1.020000e+02  5.500000e+00
     vertex -8.750000e+00 -9.513155e+01 -2.190542e+01
     vertex -8.750000e+00 -9.517525e+01 -2.190963e+01
   endloop
 endfacet
 facet normal -1.000000e+00  0.000000e+00  0.000000e+00
   outer loop
     vertex -8.750000e+00 -1.020000e+02  5.500000e+00
     vertex -8.750000e+00 -9.517525e+01 -2.190963e+01
     vertex -8.750000e+00 -9.521881e+01 -2.191503e+01
   endloop
 endfacet
 facet normal -1.000000e+00  0.000000e+00  0.000000e+00
   outer loop
     vertex -8.750000e+00 -1.020000e+02  5.500000e+00
     vertex -8.750000e+00 -9.521881e+01 -2.191503e+01
     vertex -8.750000e+00 -9.526221e+01 -2.192163e+01
   endloop
 endfacet
 facet normal -1.000000e+00  0.000000e+00  0.000000e+00
   outer loop
     vertex -8.750000e+00 -1.020000e+02  5.500000e+00
     vertex -8.750000e+00 -9.526221e+01 -2.192163e+01
     vertex -8.750000e+00 -9.530541e+01 -2.192942e+01
   endloop
 endfacet
 facet normal -1.000000e+00  0.000000e+00  0.000000e+00
   outer loop
     vertex -8.750000e+00 -1.020000e+02  5.500000e+00
     vertex -8.750000e+00 -9.530541e+01 -2.192942e+01
     vertex -8.750000e+00 -9.534839e+01 -2.193839e+01
   endloop
 endfacet
 facet normal -1.000000e+00  0.000000e+00  0.000000e+00
   outer loop
     vertex -8.750000e+00 -1.020000e+02  5.500000e+00
     vertex -8.750000e+00 -9.534839e+01 -2.193839e+01
     vertex -8.750000e+00 -9.539110e+01 -2.194854e+01
   endloop
 endfacet
 facet normal -1.000000e+00  0.000000e+00  0.000000e+00
   outer loop
     vertex -8.750000e+00 -1.020000e+02  5.500000e+00
     vertex -8.750000e+00 -9.539110e+01 -2.194854e+01
     vertex -8.750000e+00 -9.543351e+01 -2.195985e+01
   endloop
 endfacet
 facet normal -1.000000e+00  0.000000e+00  0.000000e+00
   outer loop
     vertex -8.750000e+00 -1.020000e+02  5.500000e+00
     vertex -8.750000e+00 -9.543351e+01 -2.195985e+01
     vertex -8.750000e+00 -9.547560e+01 -2.197232e+01
   endloop
 endfacet
 facet normal -1.000000e+00  0.000000e+00  0.000000e+00
   outer loop
     vertex -8.750000e+00 -1.020000e+02  5.500000e+00
     vertex -8.750000e+00 -9.547560e+01 -2.197232e+01
     vertex -8.750000e+00 -9.551733e+01 -2.198594e+01
   endloop
 endfacet
 facet normal -1.000000e+00  0.000000e+00  0.000000e+00
   outer loop
     vertex -8.750000e+00 -1.020000e+02  5.500000e+00
     vertex -8.750000e+00 -9.551733e+01 -2.198594e+01
     vertex -8.750000e+00 -9.555868e+01 -2.200071e+01
   endloop
 endfacet
 facet normal -1.000000e+00  0.000000e+00  0.000000e+00
   outer loop
     vertex -8.750000e+00 -1.020000e+02  5.500000e+00
     vertex -8.750000e+00 -9.555868e+01 -2.200071e+01
     vertex -8.750000e+00 -9.559960e+01 -2.201660e+01
   endloop
 endfacet
 facet normal -1.000000e+00  0.000000e+00  0.000000e+00
   outer loop
     vertex -8.750000e+00 -1.020000e+02  5.500000e+00
     vertex -8.750000e+00 -9.559960e+01 -2.201660e+01
     vertex -8.750000e+00 -9.564007e+01 -2.203360e+01
   endloop
 endfacet
 facet normal -1.000000e+00  0.000000e+00  0.000000e+00
   outer loop
     vertex -8.750000e+00 -1.020000e+02  5.500000e+00
     vertex -8.750000e+00 -9.564007e+01 -2.203360e+01
     vertex -8.750000e+00 -9.568005e+01 -2.205172e+01
   endloop
 endfacet
 facet normal -1.000000e+00  0.000000e+00  0.000000e+00
   outer loop
     vertex -8.750000e+00 -1.020000e+02  5.500000e+00
     vertex -8.750000e+00 -9.568005e+01 -2.205172e+01
     vertex -8.750000e+00 -9.571953e+01 -2.207092e+01
   endloop
 endfacet
 facet normal -1.000000e+00  0.000000e+00  0.000000e+00
   outer loop
     vertex -8.750000e+00 -1.020000e+02  5.500000e+00
     vertex -8.750000e+00 -9.571953e+01 -2.207092e+01
     vertex -8.750000e+00 -9.575847e+01 -2.209120e+01
   endloop
 endfacet
 facet normal -1.000000e+00  0.000000e+00  0.000000e+00
   outer loop
     vertex -8.750000e+00 -1.020000e+02  5.500000e+00
     vertex -8.750000e+00 -9.575847e+01 -2.209120e+01
     vertex -8.750000e+00 -9.579683e+01 -2.211253e+01
   endloop
 endfacet
 facet normal -1.000000e+00  0.000000e+00  0.000000e+00
   outer loop
     vertex -8.750000e+00 -1.020000e+02  5.500000e+00
     vertex -8.750000e+00 -9.579683e+01 -2.211253e+01
     vertex -8.750000e+00 -9.583459e+01 -2.213492e+01
   endloop
 endfacet
 facet normal -1.000000e+00  0.000000e+00  0.000000e+00
   outer loop
     vertex -8.750000e+00 -1.020000e+02  5.500000e+00
     vertex -8.750000e+00 -9.583459e+01 -2.213492e+01
     vertex -8.750000e+00 -9.587173e+01 -2.215833e+01
   endloop
 endfacet
 facet normal -1.000000e+00  0.000000e+00  0.000000e+00
   outer loop
     vertex -8.750000e+00 -1.020000e+02  5.500000e+00
     vertex -8.750000e+00 -9.587173e+01 -2.215833e+01
     vertex -8.750000e+00 -9.590821e+01 -2.218275e+01
   endloop
 endfacet
 facet normal -1.000000e+00  0.000000e+00  0.000000e+00
   outer loop
     vertex -8.750000e+00 -1.020000e+02  5.500000e+00
     vertex -8.750000e+00 -9.590821e+01 -2.218275e+01
     vertex -8.750000e+00 -9.594400e+01 -2.220816e+01
   endloop
 endfacet
 facet normal -1.000000e+00  0.000000e+00  0.000000e+00
   outer loop
     vertex -8.750000e+00 -1.020000e+02  5.500000e+00
     vertex -8.750000e+00 -9.594400e+01 -2.220816e+01
     vertex -8.750000e+00 -9.597909e+01 -2.223454e+01
   endloop
 endfacet
 facet normal -1.000000e+00  0.000000e+00  0.000000e+00
   outer loop
     vertex -8.750000e+00 -1.020000e+02  5.500000e+00
     vertex -8.750000e+00 -9.597909e+01 -2.223454e+01
     vertex -8.750000e+00 -9.601344e+01 -2.226188e+01
   endloop
 endfacet
 facet normal -1.000000e+00  0.000000e+00  0.000000e+00
   outer loop
     vertex -8.750000e+00 -1.020000e+02  5.500000e+00
     vertex -8.750000e+00 -9.601344e+01 -2.226188e+01
     vertex -8.750000e+00 -9.604702e+01 -2.229015e+01
   endloop
 endfacet
 facet normal -1.000000e+00  0.000000e+00  0.000000e+00
   outer loop
     vertex -8.750000e+00 -1.020000e+02  5.500000e+00
     vertex -8.750000e+00 -9.604702e+01 -2.229015e+01
     vertex -8.750000e+00 -9.607982e+01 -2.231933e+01
   endloop
 endfacet
 facet normal -1.000000e+00  0.000000e+00  0.000000e+00
   outer loop
     vertex -8.750000e+00 -1.020000e+02  5.500000e+00
     vertex -8.750000e+00 -9.607982e+01 -2.231933e+01
     vertex -8.750000e+00 -9.611180e+01 -2.234940e+01
   endloop
 endfacet
 facet normal -1.000000e+00  0.000000e+00  0.000000e+00
   outer loop
     vertex -8.750000e+00 -1.020000e+02  5.500000e+00
     vertex -8.750000e+00 -9.611180e+01 -2.234940e+01
     vertex -8.750000e+00 -9.614295e+01 -2.238033e+01
   endloop
 endfacet
 facet normal -1.000000e+00  0.000000e+00  0.000000e+00
   outer loop
     vertex -8.750000e+00 -1.020000e+02  5.500000e+00
     vertex -8.750000e+00 -9.614295e+01 -2.238033e+01
     vertex -8.750000e+00 -9.617324e+01 -2.241211e+01
   endloop
 endfacet
 facet normal -1.000000e+00  0.000000e+00  0.000000e+00
   outer loop
     vertex -8.750000e+00 -1.020000e+02  5.500000e+00
     vertex -8.750000e+00 -9.617324e+01 -2.241211e+01
     vertex -8.750000e+00 -9.620264e+01 -2.244470e+01
   endloop
 endfacet
 facet normal -1.000000e+00  0.000000e+00  0.000000e+00
   outer loop
     vertex -8.750000e+00 -1.020000e+02  5.500000e+00
     vertex -8.750000e+00 -9.620264e+01 -2.244470e+01
     vertex -8.750000e+00 -9.623114e+01 -2.247809e+01
   endloop
 endfacet
 facet normal -1.000000e+00  0.000000e+00  0.000000e+00
   outer loop
     vertex -8.750000e+00 -1.020000e+02  5.500000e+00
     vertex -8.750000e+00 -9.623114e+01 -2.247809e+01
     vertex -8.750000e+00 -9.625871e+01 -2.251225e+01
   endloop
 endfacet
 facet normal -1.000000e+00  0.000000e+00  0.000000e+00
   outer loop
     vertex -8.750000e+00 -1.020000e+02  5.500000e+00
     vertex -8.750000e+00 -9.625871e+01 -2.251225e+01
     vertex -8.750000e+00 -9.628534e+01 -2.254716e+01
   endloop
 endfacet
 facet normal -1.000000e+00  0.000000e+00  0.000000e+00
   outer loop
     vertex -8.750000e+00 -1.020000e+02  5.500000e+00
     vertex -8.750000e+00 -9.628534e+01 -2.254716e+01
     vertex -8.750000e+00 -9.631099e+01 -2.258278e+01
   endloop
 endfacet
 facet normal -1.000000e+00  0.000000e+00  0.000000e+00
   outer loop
     vertex -8.750000e+00 -1.020000e+02  5.500000e+00
     vertex -8.750000e+00 -9.631099e+01 -2.258278e+01
     vertex -8.750000e+00 -9.633566e+01 -2.261909e+01
   endloop
 endfacet
 facet normal -1.000000e+00  0.000000e+00  0.000000e+00
   outer loop
     vertex -8.750000e+00 -1.020000e+02  5.500000e+00
     vertex -8.750000e+00 -9.633566e+01 -2.261909e+01
     vertex -8.750000e+00 -9.635933e+01 -2.265606e+01
   endloop
 endfacet
 facet normal -1.000000e+00  0.000000e+00  0.000000e+00
   outer loop
     vertex -8.750000e+00 -1.020000e+02  5.500000e+00
     vertex -8.750000e+00 -9.635933e+01 -2.265606e+01
     vertex -8.750000e+00 -9.638197e+01 -2.269367e+01
   endloop
 endfacet
 facet normal -1.000000e+00  0.000000e+00  0.000000e+00
   outer loop
     vertex -8.750000e+00 -1.020000e+02  5.500000e+00
     vertex -8.750000e+00 -8.800000e+01  5.500000e+00
     vertex -8.750000e+00 -9.500000e+01 -2.190000e+01
   endloop
 endfacet
 facet normal -1.000000e+00  0.000000e+00  0.000000e+00
   outer loop
     vertex -8.750000e+00 -1.020000e+02  5.500000e+00
     vertex -8.750000e+00 -9.642411e+01 -2.277068e+01
     vertex -8.750000e+00 -1.020000e+02 -2.950000e+01
   endloop
 endfacet
 facet normal -1.000000e+00  0.000000e+00  0.000000e+00
   outer loop
     vertex -8.750000e+00 -1.020000e+02  5.500000e+00
     vertex -8.750000e+00 -9.640357e+01 -2.273189e+01
     vertex -8.750000e+00 -9.642411e+01 -2.277068e+01
   endloop
 endfacet
 facet normal -1.000000e+00  0.000000e+00  0.000000e+00
   outer loop
     vertex -8.750000e+00 -1.020000e+02  5.500000e+00
     vertex -8.750000e+00 -9.638197e+01 -2.269367e+01
     vertex -8.750000e+00 -9.640357e+01 -2.273189e+01
   endloop
 endfacet
 facet normal -0.000000e+00  0.000000e+00 -1.000000e+00
   outer loop
     vertex -5.750000e+00 -8.800000e+01 -2.950000e+01
     vertex -8.750000e+00 -1.020000e+02 -2.950000e+01
     vertex -8.750000e+00 -8.800000e+01 -2.950000e+01
   endloop
 endfacet
 facet normal  0.000000e+00 -0.000000e+00 -1.000000e+00
   outer loop
     vertex -5.750000e+00 -8.800000e+01 -2.950000e+01
     vertex -5.750000e+00 -1.020000e+02 -2.950000e+01
     vertex -8.750000e+00 -1.020000e+02 -2.950000e+01
   endloop
 endfacet
 facet normal  1.000000e+00  0.000000e+00  0.000000e+00
   outer loop
     vertex -5.750000e+00 -9.384180e+01 -2.460389e+01
     vertex -5.750000e+00 -9.387252e+01 -2.463524e+01
     vertex -5.750000e+00 -8.800000e+01 -2.950000e+01
   endloop
 endfacet
 facet normal  1.000000e+00 -0.000000e+00  0.000000e+00
   outer loop
     vertex -5.750000e+00 -9.390408e+01 -2.466575e+01
     vertex -5.750000e+00 -8.800000e+01 -2.950000e+01
     vertex -5.750000e+00 -9.387252e+01 -2.463524e+01
   endloop
 endfacet
 facet normal  1.000000e+00  0.000000e+00  0.000000e+00
   outer loop
     vertex -5.750000e+00 -9.381195e+01 -2.457170e+01
     vertex -5.750000e+00 -9.384180e+01 -2.460389e+01
     vertex -5.750000e+00 -8.800000e+01 -2.950000e+01
   endloop
 endfacet
 facet normal  1.000000e+00 -0.000000e+00  0.000000e+00
   outer loop
     vertex -5.750000e+00 -9.393648e+01 -2.469538e+01
     vertex -5.750000e+00 -8.800000e+01 -2.950000e+01
     vertex -5.750000e+00 -9.390408e+01 -2.466575e+01
   endloop
 endfacet
 facet normal  1.000000e+00  0.000000e+00  0.000000e+00
   outer loop
     vertex -5.750000e+00 -9.378299e+01 -2.453870e+01
     vertex -5.750000e+00 -9.381195e+01 -2.457170e+01
     vertex -5.750000e+00 -8.800000e+01 -2.950000e+01
   endloop
 endfacet
 facet normal  1.000000e+00 -0.000000e+00  0.000000e+00
   outer loop
     vertex -5.750000e+00 -9.396967e+01 -2.472410e+01
     vertex -5.750000e+00 -8.800000e+01 -2.950000e+01
     vertex -5.750000e+00 -9.393648e+01 -2.469538e+01
   endloop
 endfacet
 facet normal  1.000000e+00  0.000000e+00  0.000000e+00
   outer loop
     vertex -5.750000e+00 -9.375496e+01 -2.450492e+01
     vertex -5.750000e+00 -9.378299e+01 -2.453870e+01
     vertex -5.750000e+00 -8.800000e+01 -2.950000e+01
   endloop
 endfacet
 facet normal  1.000000e+00 -0.000000e+00  0.000000e+00
   outer loop
     vertex -5.750000e+00 -9.400364e+01 -2.475191e+01
     vertex -5.750000e+00 -8.800000e+01 -2.950000e+01
     vertex -5.750000e+00 -9.396967e+01 -2.472410e+01
   endloop
 endfacet
 facet normal  1.000000e+00  0.000000e+00  0.000000e+00
   outer loop
     vertex -5.750000e+00 -9.372786e+01 -2.447039e+01
     vertex -5.750000e+00 -9.375496e+01 -2.450492e+01
     vertex -5.750000e+00 -8.800000e+01 -2.950000e+01
   endloop
 endfacet
 facet normal  1.000000e+00 -0.000000e+00  0.000000e+00
   outer loop
     vertex -5.750000e+00 -9.403836e+01 -2.477877e+01
     vertex -5.750000e+00 -8.800000e+01 -2.950000e+01
     vertex -5.750000e+00 -9.400364e+01 -2.475191e+01
   endloop
 endfacet
 facet normal  1.000000e+00  0.000000e+00  0.000000e+00
   outer loop
     vertex -5.750000e+00 -9.370171e+01 -2.443512e+01
     vertex -5.750000e+00 -9.372786e+01 -2.447039e+01
     vertex -5.750000e+00 -8.800000e+01 -2.950000e+01
   endloop
 endfacet
 facet normal  1.000000e+00 -0.000000e+00  0.000000e+00
   outer loop
     vertex -5.750000e+00 -9.407381e+01 -2.480467e+01
     vertex -5.750000e+00 -8.800000e+01 -2.950000e+01
     vertex -5.750000e+00 -9.403836e+01 -2.477877e+01
   endloop
 endfacet
 facet normal  1.000000e+00  0.000000e+00  0.000000e+00
   outer loop
     vertex -5.750000e+00 -9.367655e+01 -2.439915e+01
     vertex -5.750000e+00 -9.370171e+01 -2.443512e+01
     vertex -5.750000e+00 -8.800000e+01 -2.950000e+01
   endloop
 endfacet
 facet normal  1.000000e+00 -0.000000e+00  0.000000e+00
   outer loop
     vertex -5.750000e+00 -9.410995e+01 -2.482959e+01
     vertex -5.750000e+00 -8.800000e+01 -2.950000e+01
     vertex -5.750000e+00 -9.407381e+01 -2.480467e+01
   endloop
 endfacet
 facet normal  1.000000e+00  0.000000e+00  0.000000e+00
   outer loop
     vertex -5.750000e+00 -9.365238e+01 -2.436251e+01
     vertex -5.750000e+00 -9.367655e+01 -2.439915e+01
     vertex -5.750000e+00 -8.800000e+01 -2.950000e+01
   endloop
 endfacet
 facet normal  1.000000e+00 -0.000000e+00  0.000000e+00
   outer loop
     vertex -5.750000e+00 -9.414676e+01 -2.485351e+01
     vertex -5.750000e+00 -8.800000e+01 -2.950000e+01
     vertex -5.750000e+00 -9.410995e+01 -2.482959e+01
   endloop
 endfacet
 facet normal  1.000000e+00  0.000000e+00  0.000000e+00
   outer loop
     vertex -5.750000e+00 -9.362922e+01 -2.432521e+01
     vertex -5.750000e+00 -9.365238e+01 -2.436251e+01
     vertex -5.750000e+00 -8.800000e+01 -2.950000e+01
   endloop
 endfacet
 facet normal  1.000000e+00 -0.000000e+00  0.000000e+00
   outer loop
     vertex -5.750000e+00 -9.418421e+01 -2.487640e+01
     vertex -5.750000e+00 -8.800000e+01 -2.950000e+01
     vertex -5.750000e+00 -9.414676e+01 -2.485351e+01
   endloop
 endfacet
 facet normal  1.000000e+00  0.000000e+00  0.000000e+00
   outer loop
     vertex -5.750000e+00 -9.360710e+01 -2.428729e+01
     vertex -5.750000e+00 -9.362922e+01 -2.432521e+01
     vertex -5.750000e+00 -8.800000e+01 -2.950000e+01
   endloop
 endfacet
 facet normal  1.000000e+00 -0.000000e+00  0.000000e+00
   outer loop
     vertex -5.750000e+00 -9.422228e+01 -2.489827e+01
     vertex -5.750000e+00 -8.800000e+01 -2.950000e+01
     vertex -5.750000e+00 -9.418421e+01 -2.487640e+01
   endloop
 endfacet
 facet normal  1.000000e+00  0.000000e+00  0.000000e+00
   outer loop
     vertex -5.750000e+00 -9.358603e+01 -2.424878e+01
     vertex -5.750000e+00 -9.360710e+01 -2.428729e+01
     vertex -5.750000e+00 -8.800000e+01 -2.950000e+01
   endloop
 endfacet
 facet normal  1.000000e+00 -0.000000e+00  0.000000e+00
   outer loop
     vertex -5.750000e+00 -9.426093e+01 -2.491908e+01
     vertex -5.750000e+00 -8.800000e+01 -2.950000e+01
     vertex -5.750000e+00 -9.422228e+01 -2.489827e+01
   endloop
 endfacet
 facet normal  1.000000e+00  0.000000e+00  0.000000e+00
   outer loop
     vertex -5.750000e+00 -9.356602e+01 -2.420971e+01
     vertex -5.750000e+00 -9.358603e+01 -2.424878e+01
     vertex -5.750000e+00 -8.800000e+01 -2.950000e+01
   endloop
 endfacet
 facet normal  1.000000e+00 -0.000000e+00  0.000000e+00
   outer loop
     vertex -5.750000e+00 -9.430014e+01 -2.493882e+01
     vertex -5.750000e+00 -8.800000e+01 -2.950000e+01
     vertex -5.750000e+00 -9.426093e+01 -2.491908e+01
   endloop
 endfacet
 facet normal  1.000000e+00  0.000000e+00  0.000000e+00
   outer loop
     vertex -5.750000e+00 -9.354709e+01 -2.417010e+01
     vertex -5.750000e+00 -9.356602e+01 -2.420971e+01
     vertex -5.750000e+00 -8.800000e+01 -2.950000e+01
   endloop
 endfacet
 facet normal  1.000000e+00 -0.000000e+00  0.000000e+00
   outer loop
     vertex -5.750000e+00 -9.433988e+01 -2.495748e+01
     vertex -5.750000e+00 -8.800000e+01 -2.950000e+01
     vertex -5.750000e+00 -9.430014e+01 -2.493882e+01
   endloop
 endfacet
 facet normal  1.000000e+00  0.000000e+00  0.000000e+00
   outer loop
     vertex -5.750000e+00 -9.352925e+01 -2.412999e+01
     vertex -5.750000e+00 -9.354709e+01 -2.417010e+01
     vertex -5.750000e+00 -8.800000e+01 -2.950000e+01
   endloop
 endfacet
 facet normal  1.000000e+00 -0.000000e+00  0.000000e+00
   outer loop
     vertex -5.750000e+00 -9.438011e+01 -2.497504e+01
     vertex -5.750000e+00 -8.800000e+01 -2.950000e+01
     vertex -5.750000e+00 -9.433988e+01 -2.495748e+01
   endloop
 endfacet
 facet normal  1.000000e+00  0.000000e+00  0.000000e+00
   outer loop
     vertex -5.750000e+00 -9.351252e+01 -2.408941e+01
     vertex -5.750000e+00 -9.352925e+01 -2.412999e+01
     vertex -5.750000e+00 -8.800000e+01 -2.950000e+01
   endloop
 endfacet
 facet normal  1.000000e+00 -0.000000e+00  0.000000e+00
   outer loop
     vertex -5.750000e+00 -9.442081e+01 -2.499149e+01
     vertex -5.750000e+00 -8.800000e+01 -2.950000e+01
     vertex -5.750000e+00 -9.438011e+01 -2.497504e+01
   endloop
 endfacet
 facet normal  1.000000e+00  0.000000e+00  0.000000e+00
   outer loop
     vertex -5.750000e+00 -9.349691e+01 -2.404838e+01
     vertex -5.750000e+00 -9.351252e+01 -2.408941e+01
     vertex -5.750000e+00 -8.800000e+01 -2.950000e+01
   endloop
 endfacet
 facet normal  1.000000e+00 -0.000000e+00  0.000000e+00
   outer loop
     vertex -5.750000e+00 -9.446195e+01 -2.500682e+01
     vertex -5.750000e+00 -8.800000e+01 -2.950000e+01
     vertex -5.750000e+00 -9.442081e+01 -2.499149e+01
   endloop
 endfacet
 facet normal  1.000000e+00  0.000000e+00  0.000000e+00
   outer loop
     vertex -5.750000e+00 -9.348243e+01 -2.400694e+01
     vertex -5.750000e+00 -9.349691e+01 -2.404838e+01
     vertex -5.750000e+00 -8.800000e+01 -2.950000e+01
   endloop
 endfacet
 facet normal  1.000000e+00 -0.000000e+00  0.000000e+00
   outer loop
     vertex -5.750000e+00 -9.450349e+01 -2.502101e+01
     vertex -5.750000e+00 -8.800000e+01 -2.950000e+01
     vertex -5.750000e+00 -9.446195e+01 -2.500682e+01
   endloop
 endfacet
 facet normal  1.000000e+00  0.000000e+00  0.000000e+00
   outer loop
     vertex -5.750000e+00 -9.346909e+01 -2.396511e+01
     vertex -5.750000e+00 -9.348243e+01 -2.400694e+01
     vertex -5.750000e+00 -8.800000e+01 -2.950000e+01
   endloop
 endfacet
 facet normal  1.000000e+00 -0.000000e+00  0.000000e+00
   outer loop
     vertex -5.750000e+00 -9.454540e+01 -2.503406e+01
     vertex -5.750000e+00 -8.800000e+01 -2.950000e+01
     vertex -5.750000e+00 -9.450349e+01 -2.502101e+01
   endloop
 endfacet
 facet normal  1.000000e+00  0.000000e+00  0.000000e+00
   outer loop
     vertex -5.750000e+00 -9.345691e+01 -2.392294e+01
     vertex -5.750000e+00 -9.346909e+01 -2.396511e+01
     vertex -5.750000e+00 -8.800000e+01 -2.950000e+01
   endloop
 endfacet
 facet normal  1.000000e+00 -0.000000e+00  0.000000e+00
   outer loop
     vertex -5.750000e+00 -9.458766e+01 -2.504595e+01
     vertex -5.750000e+00 -8.800000e+01 -2.950000e+01
     vertex -5.750000e+00 -9.454540e+01 -2.503406e+01
   endloop
 endfacet
 facet normal  1.000000e+00  0.000000e+00  0.000000e+00
   outer loop
     vertex -5.750000e+00 -9.344589e+01 -2.388045e+01
     vertex -5.750000e+00 -9.345691e+01 -2.392294e+01
     vertex -5.750000e+00 -8.800000e+01 -2.950000e+01
   endloop
 endfacet
 facet normal  1.000000e+00 -0.000000e+00  0.000000e+00
   outer loop
     vertex -5.750000e+00 -9.463022e+01 -2.505668e+01
     vertex -5.750000e+00 -8.800000e+01 -2.950000e+01
     vertex -5.750000e+00 -9.458766e+01 -2.504595e+01
   endloop
 endfacet
 facet normal  1.000000e+00  0.000000e+00  0.000000e+00
   outer loop
     vertex -5.750000e+00 -9.343604e+01 -2.383767e+01
     vertex -5.750000e+00 -9.344589e+01 -2.388045e+01
     vertex -5.750000e+00 -8.800000e+01 -2.950000e+01
   endloop
 endfacet
 facet normal  1.000000e+00 -0.000000e+00  0.000000e+00
   outer loop
     vertex -5.750000e+00 -9.467307e+01 -2.506624e+01
     vertex -5.750000e+00 -8.800000e+01 -2.950000e+01
     vertex -5.750000e+00 -9.463022e+01 -2.505668e+01
   endloop
 endfacet
 facet normal  1.000000e+00  0.000000e+00  0.000000e+00
   outer loop
     vertex -5.750000e+00 -9.342736e+01 -2.379463e+01
     vertex -5.750000e+00 -9.343604e+01 -2.383767e+01
     vertex -5.750000e+00 -8.800000e+01 -2.950000e+01
   endloop
 endfacet
 facet normal  1.000000e+00 -0.000000e+00  0.000000e+00
   outer loop
     vertex -5.750000e+00 -9.471616e+01 -2.507462e+01
     vertex -5.750000e+00 -8.800000e+01 -2.950000e+01
     vertex -5.750000e+00 -9.467307e+01 -2.506624e+01
   endloop
 endfacet
 facet normal  1.000000e+00  0.000000e+00  0.000000e+00
   outer loop
     vertex -5.750000e+00 -9.341987e+01 -2.375138e+01
     vertex -5.750000e+00 -9.342736e+01 -2.379463e+01
     vertex -5.750000e+00 -8.800000e+01 -2.950000e+01
   endloop
 endfacet
 facet normal  1.000000e+00 -0.000000e+00  0.000000e+00
   outer loop
     vertex -5.750000e+00 -9.475947e+01 -2.508182e+01
     vertex -5.750000e+00 -8.800000e+01 -2.950000e+01
     vertex -5.750000e+00 -9.471616e+01 -2.507462e+01
   endloop
 endfacet
 facet normal  1.000000e+00  0.000000e+00  0.000000e+00
   outer loop
     vertex -5.750000e+00 -9.341357e+01 -2.370794e+01
     vertex -5.750000e+00 -9.341987e+01 -2.375138e+01
     vertex -5.750000e+00 -8.800000e+01 -2.950000e+01
   endloop
 endfacet
 facet normal  1.000000e+00 -0.000000e+00  0.000000e+00
   outer loop
     vertex -5.750000e+00 -9.480295e+01 -2.508782e+01
     vertex -5.750000e+00 -8.800000e+01 -2.950000e+01
     vertex -5.750000e+00 -9.475947e+01 -2.508182e+01
   endloop
 endfacet
 facet normal  1.000000e+00  0.000000e+00  0.000000e+00
   outer loop
     vertex -5.750000e+00 -9.340846e+01 -2.366433e+01
     vertex -5.750000e+00 -9.341357e+01 -2.370794e+01
     vertex -5.750000e+00 -8.800000e+01 -2.950000e+01
   endloop
 endfacet
 facet normal  1.000000e+00 -0.000000e+00  0.000000e+00
   outer loop
     vertex -5.750000e+00 -9.484659e+01 -2.509263e+01
     vertex -5.750000e+00 -8.800000e+01 -2.950000e+01
     vertex -5.750000e+00 -9.480295e+01 -2.508782e+01
   endloop
 endfacet
 facet normal  1.000000e+00  0.000000e+00  0.000000e+00
   outer loop
     vertex -5.750000e+00 -9.340455e+01 -2.362061e+01
     vertex -5.750000e+00 -9.340846e+01 -2.366433e+01
     vertex -5.750000e+00 -8.800000e+01 -2.950000e+01
   endloop
 endfacet
 facet normal  1.000000e+00 -0.000000e+00  0.000000e+00
   outer loop
     vertex -5.750000e+00 -9.489034e+01 -2.509624e+01
     vertex -5.750000e+00 -8.800000e+01 -2.950000e+01
     vertex -5.750000e+00 -9.484659e+01 -2.509263e+01
   endloop
 endfacet
 facet normal  1.000000e+00  0.000000e+00  0.000000e+00
   outer loop
     vertex -5.750000e+00 -9.340184e+01 -2.357680e+01
     vertex -5.750000e+00 -9.340455e+01 -2.362061e+01
     vertex -5.750000e+00 -8.800000e+01 -2.950000e+01
   endloop
 endfacet
 facet normal  1.000000e+00 -0.000000e+00  0.000000e+00
   outer loop
     vertex -5.750000e+00 -9.493417e+01 -2.509865e+01
     vertex -5.750000e+00 -8.800000e+01 -2.950000e+01
     vertex -5.750000e+00 -9.489034e+01 -2.509624e+01
   endloop
 endfacet
 facet normal  1.000000e+00  0.000000e+00  0.000000e+00
   outer loop
     vertex -5.750000e+00 -9.340034e+01 -2.353292e+01
     vertex -5.750000e+00 -9.340184e+01 -2.357680e+01
     vertex -5.750000e+00 -8.800000e+01 -2.950000e+01
   endloop
 endfacet
 facet normal  1.000000e+00 -0.000000e+00  0.000000e+00
   outer loop
     vertex -5.750000e+00 -9.497805e+01 -2.509985e+01
     vertex -5.750000e+00 -8.800000e+01 -2.950000e+01
     vertex -5.750000e+00 -9.493417e+01 -2.509865e+01
   endloop
 endfacet
 facet normal  1.000000e+00  0.000000e+00  0.000000e+00
   outer loop
     vertex -5.750000e+00 -9.340004e+01 -2.348903e+01
     vertex -5.750000e+00 -9.340034e+01 -2.353292e+01
     vertex -5.750000e+00 -8.800000e+01 -2.950000e+01
   endloop
 endfacet
 facet normal  1.000000e+00  0.000000e+00  0.000000e+00
   outer loop
     vertex -5.750000e+00 -9.340094e+01 -2.344514e+01
     vertex -5.750000e+00 -9.340004e+01 -2.348903e+01
     vertex -5.750000e+00 -8.800000e+01 -2.950000e+01
   endloop
 endfacet
 facet normal  1.000000e+00  0.000000e+00  0.000000e+00
   outer loop
     vertex -5.750000e+00 -9.340305e+01 -2.340129e+01
     vertex -5.750000e+00 -9.340094e+01 -2.344514e+01
     vertex -5.750000e+00 -8.800000e+01 -2.950000e+01
   endloop
 endfacet
 facet normal  1.000000e+00  0.000000e+00  0.000000e+00
   outer loop
     vertex -5.750000e+00 -9.340636e+01 -2.335751e+01
     vertex -5.750000e+00 -9.340305e+01 -2.340129e+01
     vertex -5.750000e+00 -8.800000e+01 -2.950000e+01
   endloop
 endfacet
 facet normal  1.000000e+00  0.000000e+00  0.000000e+00
   outer loop
     vertex -5.750000e+00 -9.341087e+01 -2.331385e+01
     vertex -5.750000e+00 -9.340636e+01 -2.335751e+01
     vertex -5.750000e+00 -8.800000e+01 -2.950000e+01
   endloop
 endfacet
 facet normal  1.000000e+00  0.000000e+00  0.000000e+00
   outer loop
     vertex -5.750000e+00 -9.341657e+01 -2.327032e+01
     vertex -5.750000e+00 -9.341087e+01 -2.331385e+01
     vertex -5.750000e+00 -8.800000e+01 -2.950000e+01
   endloop
 endfacet
 facet normal  1.000000e+00  0.000000e+00  0.000000e+00
   outer loop
     vertex -5.750000e+00 -9.342347e+01 -2.322697e+01
     vertex -5.750000e+00 -9.341657e+01 -2.327032e+01
     vertex -5.750000e+00 -8.800000e+01 -2.950000e+01
   endloop
 endfacet
 facet normal  1.000000e+00  0.000000e+00  0.000000e+00
   outer loop
     vertex -5.750000e+00 -9.343155e+01 -2.318382e+01
     vertex -5.750000e+00 -9.342347e+01 -2.322697e+01
     vertex -5.750000e+00 -8.800000e+01 -2.950000e+01
   endloop
 endfacet
 facet normal  1.000000e+00  0.000000e+00  0.000000e+00
   outer loop
     vertex -5.750000e+00 -9.344082e+01 -2.314091e+01
     vertex -5.750000e+00 -9.343155e+01 -2.318382e+01
     vertex -5.750000e+00 -8.800000e+01 -2.950000e+01
   endloop
 endfacet
 facet normal  1.000000e+00  0.000000e+00  0.000000e+00
   outer loop
     vertex -5.750000e+00 -9.345125e+01 -2.309827e+01
     vertex -5.750000e+00 -9.344082e+01 -2.314091e+01
     vertex -5.750000e+00 -8.800000e+01 -2.950000e+01
   endloop
 endfacet
 facet normal  1.000000e+00  0.000000e+00  0.000000e+00
   outer loop
     vertex -5.750000e+00 -9.346286e+01 -2.305593e+01
     vertex -5.750000e+00 -9.345125e+01 -2.309827e+01
     vertex -5.750000e+00 -8.800000e+01 -2.950000e+01
   endloop
 endfacet
 facet normal  1.000000e+00  0.000000e+00  0.000000e+00
   outer loop
     vertex -5.750000e+00 -9.347562e+01 -2.301393e+01
     vertex -5.750000e+00 -9.346286e+01 -2.305593e+01
     vertex -5.750000e+00 -8.800000e+01 -2.950000e+01
   endloop
 endfacet
 facet normal  1.000000e+00  0.000000e+00  0.000000e+00
   outer loop
     vertex -5.750000e+00 -1.020000e+02 -2.950000e+01
     vertex -5.750000e+00 -9.573907e+01 -2.491908e+01
     vertex -5.750000e+00 -9.577772e+01 -2.489827e+01
   endloop
 endfacet
 facet normal  1.000000e+00  0.000000e+00  0.000000e+00
   outer loop
     vertex -5.750000e+00 -1.020000e+02 -2.950000e+01
     vertex -5.750000e+00 -9.569986e+01 -2.493882e+01
     vertex -5.750000e+00 -9.573907e+01 -2.491908e+01
   endloop
 endfacet
 facet normal  1.000000e+00  0.000000e+00  0.000000e+00
   outer loop
     vertex -5.750000e+00 -1.020000e+02 -2.950000e+01
     vertex -5.750000e+00 -9.566012e+01 -2.495748e+01
     vertex -5.750000e+00 -9.569986e+01 -2.493882e+01
   endloop
 endfacet
 facet normal  1.000000e+00  0.000000e+00  0.000000e+00
   outer loop
     vertex -5.750000e+00 -1.020000e+02 -2.950000e+01
     vertex -5.750000e+00 -9.561989e+01 -2.497504e+01
     vertex -5.750000e+00 -9.566012e+01 -2.495748e+01
   endloop
 endfacet
 facet normal  1.000000e+00  0.000000e+00  0.000000e+00
   outer loop
     vertex -5.750000e+00 -1.020000e+02 -2.950000e+01
     vertex -5.750000e+00 -9.557919e+01 -2.499149e+01
     vertex -5.750000e+00 -9.561989e+01 -2.497504e+01
   endloop
 endfacet
 facet normal  1.000000e+00  0.000000e+00  0.000000e+00
   outer loop
     vertex -5.750000e+00 -1.020000e+02 -2.950000e+01
     vertex -5.750000e+00 -9.553805e+01 -2.500682e+01
     vertex -5.750000e+00 -9.557919e+01 -2.499149e+01
   endloop
 endfacet
 facet normal  1.000000e+00  0.000000e+00  0.000000e+00
   outer loop
     vertex -5.750000e+00 -1.020000e+02 -2.950000e+01
     vertex -5.750000e+00 -9.549651e+01 -2.502101e+01
     vertex -5.750000e+00 -9.553805e+01 -2.500682e+01
   endloop
 endfacet
 facet normal  1.000000e+00  0.000000e+00  0.000000e+00
   outer loop
     vertex -5.750000e+00 -1.020000e+02 -2.950000e+01
     vertex -5.750000e+00 -9.545460e+01 -2.503406e+01
     vertex -5.750000e+00 -9.549651e+01 -2.502101e+01
   endloop
 endfacet
 facet normal  1.000000e+00  0.000000e+00  0.000000e+00
   outer loop
     vertex -5.750000e+00 -1.020000e+02 -2.950000e+01
     vertex -5.750000e+00 -9.541234e+01 -2.504595e+01
     vertex -5.750000e+00 -9.545460e+01 -2.503406e+01
   endloop
 endfacet
 facet normal  1.000000e+00  0.000000e+00  0.000000e+00
   outer loop
     vertex -5.750000e+00 -1.020000e+02 -2.950000e+01
     vertex -5.750000e+00 -9.536978e+01 -2.505668e+01
     vertex -5.750000e+00 -9.541234e+01 -2.504595e+01
   endloop
 endfacet
 facet normal  1.000000e+00  0.000000e+00  0.000000e+00
   outer loop
     vertex -5.750000e+00 -1.020000e+02 -2.950000e+01
     vertex -5.750000e+00 -9.532693e+01 -2.506624e+01
     vertex -5.750000e+00 -9.536978e+01 -2.505668e+01
   endloop
 endfacet
 facet normal  1.000000e+00  0.000000e+00  0.000000e+00
   outer loop
     vertex -5.750000e+00 -1.020000e+02 -2.950000e+01
     vertex -5.750000e+00 -9.528384e+01 -2.507462e+01
     vertex -5.750000e+00 -9.532693e+01 -2.506624e+01
   endloop
 endfacet
 facet normal  1.000000e+00  0.000000e+00  0.000000e+00
   outer loop
     vertex -5.750000e+00 -1.020000e+02 -2.950000e+01
     vertex -5.750000e+00 -9.524053e+01 -2.508182e+01
     vertex -5.750000e+00 -9.528384e+01 -2.507462e+01
   endloop
 endfacet
 facet normal  1.000000e+00  0.000000e+00  0.000000e+00
   outer loop
     vertex -5.750000e+00 -1.020000e+02 -2.950000e+01
     vertex -5.750000e+00 -9.519705e+01 -2.508782e+01
     vertex -5.750000e+00 -9.524053e+01 -2.508182e+01
   endloop
 endfacet
 facet normal  1.000000e+00  0.000000e+00  0.000000e+00
   outer loop
     vertex -5.750000e+00 -1.020000e+02 -2.950000e+01
     vertex -5.750000e+00 -9.515341e+01 -2.509263e+01
     vertex -5.750000e+00 -9.519705e+01 -2.508782e+01
   endloop
 endfacet
 facet normal  1.000000e+00  0.000000e+00  0.000000e+00
   outer loop
     vertex -5.750000e+00 -1.020000e+02 -2.950000e+01
     vertex -5.750000e+00 -9.510966e+01 -2.509624e+01
     vertex -5.750000e+00 -9.515341e+01 -2.509263e+01
   endloop
 endfacet
 facet normal  1.000000e+00  0.000000e+00  0.000000e+00
   outer loop
     vertex -5.750000e+00 -1.020000e+02 -2.950000e+01
     vertex -5.750000e+00 -9.506583e+01 -2.509865e+01
     vertex -5.750000e+00 -9.510966e+01 -2.509624e+01
   endloop
 endfacet
 facet normal  1.000000e+00  0.000000e+00  0.000000e+00
   outer loop
     vertex -5.750000e+00 -1.020000e+02 -2.950000e+01
     vertex -5.750000e+00 -9.502195e+01 -2.509985e+01
     vertex -5.750000e+00 -9.506583e+01 -2.509865e+01
   endloop
 endfacet
 facet normal  1.000000e+00  0.000000e+00  0.000000e+00
   outer loop
     vertex -5.750000e+00 -1.020000e+02 -2.950000e+01
     vertex -5.750000e+00 -9.497805e+01 -2.509985e+01
     vertex -5.750000e+00 -9.502195e+01 -2.509985e+01
   endloop
 endfacet
 facet normal  1.000000e+00  0.000000e+00  0.000000e+00
   outer loop
     vertex -5.750000e+00 -1.020000e+02 -2.950000e+01
     vertex -5.750000e+00 -8.800000e+01 -2.950000e+01
     vertex -5.750000e+00 -9.497805e+01 -2.509985e+01
   endloop
 endfacet
 facet normal  1.000000e+00  0.000000e+00  0.000000e+00
   outer loop
     vertex -5.750000e+00 -1.020000e+02 -2.950000e+01
     vertex -5.750000e+00 -9.648748e+01 -2.408941e+01
     vertex -5.750000e+00 -9.650309e+01 -2.404838e+01
   endloop
 endfacet
 facet normal  1.000000e+00  0.000000e+00  0.000000e+00
   outer loop
     vertex -5.750000e+00 -1.020000e+02 -2.950000e+01
     vertex -5.750000e+00 -9.647075e+01 -2.412999e+01
     vertex -5.750000e+00 -9.648748e+01 -2.408941e+01
   endloop
 endfacet
 facet normal  1.000000e+00  0.000000e+00  0.000000e+00
   outer loop
     vertex -5.750000e+00 -1.020000e+02 -2.950000e+01
     vertex -5.750000e+00 -9.645291e+01 -2.417010e+01
     vertex -5.750000e+00 -9.647075e+01 -2.412999e+01
   endloop
 endfacet
 facet normal  1.000000e+00  0.000000e+00  0.000000e+00
   outer loop
     vertex -5.750000e+00 -1.020000e+02 -2.950000e+01
     vertex -5.750000e+00 -9.643398e+01 -2.420971e+01
     vertex -5.750000e+00 -9.645291e+01 -2.417010e+01
   endloop
 endfacet
 facet normal  1.000000e+00  0.000000e+00  0.000000e+00
   outer loop
     vertex -5.750000e+00 -1.020000e+02 -2.950000e+01
     vertex -5.750000e+00 -9.641397e+01 -2.424878e+01
     vertex -5.750000e+00 -9.643398e+01 -2.420971e+01
   endloop
 endfacet
 facet normal  1.000000e+00  0.000000e+00  0.000000e+00
   outer loop
     vertex -5.750000e+00 -1.020000e+02 -2.950000e+01
     vertex -5.750000e+00 -9.639290e+01 -2.428729e+01
     vertex -5.750000e+00 -9.641397e+01 -2.424878e+01
   endloop
 endfacet
 facet normal  1.000000e+00  0.000000e+00  0.000000e+00
   outer loop
     vertex -5.750000e+00 -1.020000e+02 -2.950000e+01
     vertex -5.750000e+00 -9.637078e+01 -2.432521e+01
     vertex -5.750000e+00 -9.639290e+01 -2.428729e+01
   endloop
 endfacet
 facet normal  1.000000e+00  0.000000e+00  0.000000e+00
   outer loop
     vertex -5.750000e+00 -1.020000e+02 -2.950000e+01
     vertex -5.750000e+00 -9.634762e+01 -2.436251e+01
     vertex -5.750000e+00 -9.637078e+01 -2.432521e+01
   endloop
 endfacet
 facet normal  1.000000e+00  0.000000e+00  0.000000e+00
   outer loop
     vertex -5.750000e+00 -1.020000e+02 -2.950000e+01
     vertex -5.750000e+00 -9.632345e+01 -2.439915e+01
     vertex -5.750000e+00 -9.634762e+01 -2.436251e+01
   endloop
 endfacet
 facet normal  1.000000e+00  0.000000e+00  0.000000e+00
   outer loop
     vertex -5.750000e+00 -1.020000e+02 -2.950000e+01
     vertex -5.750000e+00 -9.629829e+01 -2.443512e+01
     vertex -5.750000e+00 -9.632345e+01 -2.439915e+01
   endloop
 endfacet
 facet normal  1.000000e+00  0.000000e+00  0.000000e+00
   outer loop
     vertex -5.750000e+00 -1.020000e+02 -2.950000e+01
     vertex -5.750000e+00 -9.627214e+01 -2.447039e+01
     vertex -5.750000e+00 -9.629829e+01 -2.443512e+01
   endloop
 endfacet
 facet normal  1.000000e+00  0.000000e+00  0.000000e+00
   outer loop
     vertex -5.750000e+00 -1.020000e+02 -2.950000e+01
     vertex -5.750000e+00 -9.624504e+01 -2.450492e+01
     vertex -5.750000e+00 -9.627214e+01 -2.447039e+01
   endloop
 endfacet
 facet normal  1.000000e+00  0.000000e+00  0.000000e+00
   outer loop
     vertex -5.750000e+00 -1.020000e+02 -2.950000e+01
     vertex -5.750000e+00 -9.621701e+01 -2.453870e+01
     vertex -5.750000e+00 -9.624504e+01 -2.450492e+01
   endloop
 endfacet
 facet normal  1.000000e+00  0.000000e+00  0.000000e+00
   outer loop
     vertex -5.750000e+00 -1.020000e+02 -2.950000e+01
     vertex -5.750000e+00 -9.618805e+01 -2.457170e+01
     vertex -5.750000e+00 -9.621701e+01 -2.453870e+01
   endloop
 endfacet
 facet normal  1.000000e+00  0.000000e+00  0.000000e+00
   outer loop
     vertex -5.750000e+00 -1.020000e+02 -2.950000e+01
     vertex -5.750000e+00 -9.615820e+01 -2.460389e+01
     vertex -5.750000e+00 -9.618805e+01 -2.457170e+01
   endloop
 endfacet
 facet normal  1.000000e+00  0.000000e+00  0.000000e+00
   outer loop
     vertex -5.750000e+00 -1.020000e+02 -2.950000e+01
     vertex -5.750000e+00 -9.612748e+01 -2.463524e+01
     vertex -5.750000e+00 -9.615820e+01 -2.460389e+01
   endloop
 endfacet
 facet normal  1.000000e+00  0.000000e+00  0.000000e+00
   outer loop
     vertex -5.750000e+00 -1.020000e+02 -2.950000e+01
     vertex -5.750000e+00 -9.609592e+01 -2.466575e+01
     vertex -5.750000e+00 -9.612748e+01 -2.463524e+01
   endloop
 endfacet
 facet normal  1.000000e+00  0.000000e+00  0.000000e+00
   outer loop
     vertex -5.750000e+00 -1.020000e+02 -2.950000e+01
     vertex -5.750000e+00 -9.606352e+01 -2.469538e+01
     vertex -5.750000e+00 -9.609592e+01 -2.466575e+01
   endloop
 endfacet
 facet normal  1.000000e+00  0.000000e+00  0.000000e+00
   outer loop
     vertex -5.750000e+00 -1.020000e+02 -2.950000e+01
     vertex -5.750000e+00 -9.603033e+01 -2.472410e+01
     vertex -5.750000e+00 -9.606352e+01 -2.469538e+01
   endloop
 endfacet
 facet normal  1.000000e+00  0.000000e+00  0.000000e+00
   outer loop
     vertex -5.750000e+00 -1.020000e+02 -2.950000e+01
     vertex -5.750000e+00 -9.599636e+01 -2.475191e+01
     vertex -5.750000e+00 -9.603033e+01 -2.472410e+01
   endloop
 endfacet
 facet normal  1.000000e+00  0.000000e+00  0.000000e+00
   outer loop
     vertex -5.750000e+00 -1.020000e+02 -2.950000e+01
     vertex -5.750000e+00 -9.596164e+01 -2.477877e+01
     vertex -5.750000e+00 -9.599636e+01 -2.475191e+01
   endloop
 endfacet
 facet normal  1.000000e+00  0.000000e+00  0.000000e+00
   outer loop
     vertex -5.750000e+00 -1.020000e+02 -2.950000e+01
     vertex -5.750000e+00 -9.592619e+01 -2.480467e+01
     vertex -5.750000e+00 -9.596164e+01 -2.477877e+01
   endloop
 endfacet
 facet normal  1.000000e+00  0.000000e+00  0.000000e+00
   outer loop
     vertex -5.750000e+00 -1.020000e+02 -2.950000e+01
     vertex -5.750000e+00 -9.589005e+01 -2.482959e+01
     vertex -5.750000e+00 -9.592619e+01 -2.480467e+01
   endloop
 endfacet
 facet normal  1.000000e+00  0.000000e+00  0.000000e+00
   outer loop
     vertex -5.750000e+00 -1.020000e+02 -2.950000e+01
     vertex -5.750000e+00 -9.585324e+01 -2.485351e+01
     vertex -5.750000e+00 -9.589005e+01 -2.482959e+01
   endloop
 endfacet
 facet normal  1.000000e+00  0.000000e+00  0.000000e+00
   outer loop
     vertex -5.750000e+00 -1.020000e+02 -2.950000e+01
     vertex -5.750000e+00 -9.581579e+01 -2.487640e+01
     vertex -5.750000e+00 -9.585324e+01 -2.485351e+01
   endloop
 endfacet
 facet normal  1.000000e+00  0.000000e+00  0.000000e+00
   outer loop
     vertex -5.750000e+00 -1.020000e+02 -2.950000e+01
     vertex -5.750000e+00 -9.577772e+01 -2.489827e+01
     vertex -5.750000e+00 -9.581579e+01 -2.487640e+01
   endloop
 endfacet
 facet normal  1.000000e+00  0.000000e+00  0.000000e+00
   outer loop
     vertex -5.750000e+00 -9.651757e+01 -2.400694e+01
     vertex -5.750000e+00 -1.020000e+02 -2.950000e+01
     vertex -5.750000e+00 -9.650309e+01 -2.404838e+01
   endloop
 endfacet
 facet normal  1.000000e+00  0.000000e+00  0.000000e+00
   outer loop
     vertex -5.750000e+00 -9.653091e+01 -2.396511e+01
     vertex -5.750000e+00 -1.020000e+02 -2.950000e+01
     vertex -5.750000e+00 -9.651757e+01 -2.400694e+01
   endloop
 endfacet
 facet normal  1.000000e+00  0.000000e+00  0.000000e+00
   outer loop
     vertex -5.750000e+00 -9.654309e+01 -2.392294e+01
     vertex -5.750000e+00 -1.020000e+02 -2.950000e+01
     vertex -5.750000e+00 -9.653091e+01 -2.396511e+01
   endloop
 endfacet
 facet normal  1.000000e+00  0.000000e+00  0.000000e+00
   outer loop
     vertex -5.750000e+00 -9.655411e+01 -2.388045e+01
     vertex -5.750000e+00 -1.020000e+02 -2.950000e+01
     vertex -5.750000e+00 -9.654309e+01 -2.392294e+01
   endloop
 endfacet
 facet normal  1.000000e+00  0.000000e+00  0.000000e+00
   outer loop
     vertex -5.750000e+00 -9.656396e+01 -2.383767e+01
     vertex -5.750000e+00 -1.020000e+02 -2.950000e+01
     vertex -5.750000e+00 -9.655411e+01 -2.388045e+01
   endloop
 endfacet
 facet normal  1.000000e+00  0.000000e+00  0.000000e+00
   outer loop
     vertex -5.750000e+00 -9.657264e+01 -2.379463e+01
     vertex -5.750000e+00 -1.020000e+02 -2.950000e+01
     vertex -5.750000e+00 -9.656396e+01 -2.383767e+01
   endloop
 endfacet
 facet normal  1.000000e+00  0.000000e+00  0.000000e+00
   outer loop
     vertex -5.750000e+00 -9.658013e+01 -2.375138e+01
     vertex -5.750000e+00 -1.020000e+02 -2.950000e+01
     vertex -5.750000e+00 -9.657264e+01 -2.379463e+01
   endloop
 endfacet
 facet normal  1.000000e+00  0.000000e+00  0.000000e+00
   outer loop
     vertex -5.750000e+00 -9.658643e+01 -2.370794e+01
     vertex -5.750000e+00 -1.020000e+02 -2.950000e+01
     vertex -5.750000e+00 -9.658013e+01 -2.375138e+01
   endloop
 endfacet
 facet normal  1.000000e+00  0.000000e+00  0.000000e+00
   outer loop
     vertex -5.750000e+00 -9.659154e+01 -2.366433e+01
     vertex -5.750000e+00 -1.020000e+02 -2.950000e+01
     vertex -5.750000e+00 -9.658643e+01 -2.370794e+01
   endloop
 endfacet
 facet normal  1.000000e+00  0.000000e+00  0.000000e+00
   outer loop
     vertex -5.750000e+00 -9.659545e+01 -2.362061e+01
     vertex -5.750000e+00 -1.020000e+02 -2.950000e+01
     vertex -5.750000e+00 -9.659154e+01 -2.366433e+01
   endloop
 endfacet
 facet normal  1.000000e+00  0.000000e+00  0.000000e+00
   outer loop
     vertex -5.750000e+00 -9.659816e+01 -2.357680e+01
     vertex -5.750000e+00 -1.020000e+02 -2.950000e+01
     vertex -5.750000e+00 -9.659545e+01 -2.362061e+01
   endloop
 endfacet
 facet normal  1.000000e+00  0.000000e+00  0.000000e+00
   outer loop
     vertex -5.750000e+00 -9.659966e+01 -2.353292e+01
     vertex -5.750000e+00 -1.020000e+02 -2.950000e+01
     vertex -5.750000e+00 -9.659816e+01 -2.357680e+01
   endloop
 endfacet
 facet normal  1.000000e+00  0.000000e+00  0.000000e+00
   outer loop
     vertex -5.750000e+00 -9.659996e+01 -2.348903e+01
     vertex -5.750000e+00 -1.020000e+02 -2.950000e+01
     vertex -5.750000e+00 -9.659966e+01 -2.353292e+01
   endloop
 endfacet
 facet normal  1.000000e+00  0.000000e+00  0.000000e+00
   outer loop
     vertex -5.750000e+00 -9.659906e+01 -2.344514e+01
     vertex -5.750000e+00 -1.020000e+02 -2.950000e+01
     vertex -5.750000e+00 -9.659996e+01 -2.348903e+01
   endloop
 endfacet
 facet normal  1.000000e+00  0.000000e+00  0.000000e+00
   outer loop
     vertex -5.750000e+00 -9.659695e+01 -2.340129e+01
     vertex -5.750000e+00 -1.020000e+02 -2.950000e+01
     vertex -5.750000e+00 -9.659906e+01 -2.344514e+01
   endloop
 endfacet
 facet normal  1.000000e+00  0.000000e+00  0.000000e+00
   outer loop
     vertex -5.750000e+00 -9.659364e+01 -2.335751e+01
     vertex -5.750000e+00 -1.020000e+02 -2.950000e+01
     vertex -5.750000e+00 -9.659695e+01 -2.340129e+01
   endloop
 endfacet
 facet normal  1.000000e+00  0.000000e+00  0.000000e+00
   outer loop
     vertex -5.750000e+00 -9.658913e+01 -2.331385e+01
     vertex -5.750000e+00 -1.020000e+02 -2.950000e+01
     vertex -5.750000e+00 -9.659364e+01 -2.335751e+01
   endloop
 endfacet
 facet normal  1.000000e+00  0.000000e+00  0.000000e+00
   outer loop
     vertex -5.750000e+00 -9.658343e+01 -2.327032e+01
     vertex -5.750000e+00 -1.020000e+02 -2.950000e+01
     vertex -5.750000e+00 -9.658913e+01 -2.331385e+01
   endloop
 endfacet
 facet normal  1.000000e+00  0.000000e+00  0.000000e+00
   outer loop
     vertex -5.750000e+00 -9.657653e+01 -2.322697e+01
     vertex -5.750000e+00 -1.020000e+02 -2.950000e+01
     vertex -5.750000e+00 -9.658343e+01 -2.327032e+01
   endloop
 endfacet
 facet normal  1.000000e+00  0.000000e+00  0.000000e+00
   outer loop
     vertex -5.750000e+00 -9.656845e+01 -2.318382e+01
     vertex -5.750000e+00 -1.020000e+02 -2.950000e+01
     vertex -5.750000e+00 -9.657653e+01 -2.322697e+01
   endloop
 endfacet
 facet normal  1.000000e+00  0.000000e+00  0.000000e+00
   outer loop
     vertex -5.750000e+00 -9.655918e+01 -2.314091e+01
     vertex -5.750000e+00 -1.020000e+02 -2.950000e+01
     vertex -5.750000e+00 -9.656845e+01 -2.318382e+01
   endloop
 endfacet
 facet normal  1.000000e+00  0.000000e+00  0.000000e+00
   outer loop
     vertex -5.750000e+00 -9.654875e+01 -2.309827e+01
     vertex -5.750000e+00 -1.020000e+02 -2.950000e+01
     vertex -5.750000e+00 -9.655918e+01 -2.314091e+01
   endloop
 endfacet
 facet normal  1.000000e+00  0.000000e+00  0.000000e+00
   outer loop
     vertex -5.750000e+00 -9.653714e+01 -2.305593e+01
     vertex -5.750000e+00 -1.020000e+02 -2.950000e+01
     vertex -5.750000e+00 -9.654875e+01 -2.309827e+01
   endloop
 endfacet
 facet normal  1.000000e+00  0.000000e+00  0.000000e+00
   outer loop
     vertex -5.750000e+00 -9.652438e+01 -2.301393e+01
     vertex -5.750000e+00 -1.020000e+02 -2.950000e+01
     vertex -5.750000e+00 -9.653714e+01 -2.305593e+01
   endloop
 endfacet
 facet normal  1.000000e+00  0.000000e+00  0.000000e+00
   outer loop
     vertex -5.750000e+00 -8.800000e+01 -1.000000e+01
     vertex -5.750000e+00 -9.379736e+01 -2.244470e+01
     vertex -5.750000e+00 -9.376886e+01 -2.247809e+01
   endloop
 endfacet
 facet normal  1.000000e+00  0.000000e+00  0.000000e+00
   outer loop
     vertex -5.750000e+00 -8.800000e+01 -1.000000e+01
     vertex -5.750000e+00 -9.382676e+01 -2.241211e+01
     vertex -5.750000e+00 -9.379736e+01 -2.244470e+01
   endloop
 endfacet
 facet normal  1.000000e+00  0.000000e+00  0.000000e+00
   outer loop
     vertex -5.750000e+00 -8.800000e+01 -1.000000e+01
     vertex -5.750000e+00 -9.385705e+01 -2.238033e+01
     vertex -5.750000e+00 -9.382676e+01 -2.241211e+01
   endloop
 endfacet
 facet normal  1.000000e+00  0.000000e+00  0.000000e+00
   outer loop
     vertex -5.750000e+00 -8.800000e+01 -1.000000e+01
     vertex -5.750000e+00 -9.388820e+01 -2.234940e+01
     vertex -5.750000e+00 -9.385705e+01 -2.238033e+01
   endloop
 endfacet
 facet normal  1.000000e+00  0.000000e+00  0.000000e+00
   outer loop
     vertex -5.750000e+00 -8.800000e+01 -1.000000e+01
     vertex -5.750000e+00 -9.392018e+01 -2.231933e+01
     vertex -5.750000e+00 -9.388820e+01 -2.234940e+01
   endloop
 endfacet
 facet normal  1.000000e+00  0.000000e+00  0.000000e+00
   outer loop
     vertex -5.750000e+00 -8.800000e+01 -1.000000e+01
     vertex -5.750000e+00 -9.395298e+01 -2.229015e+01
     vertex -5.750000e+00 -9.392018e+01 -2.231933e+01
   endloop
 endfacet
 facet normal  1.000000e+00  0.000000e+00  0.000000e+00
   outer loop
     vertex -5.750000e+00 -8.800000e+01 -1.000000e+01
     vertex -5.750000e+00 -9.398656e+01 -2.226188e+01
     vertex -5.750000e+00 -9.395298e+01 -2.229015e+01
   endloop
 endfacet
 facet normal  1.000000e+00  0.000000e+00  0.000000e+00
   outer loop
     vertex -5.750000e+00 -8.800000e+01 -1.000000e+01
     vertex -5.750000e+00 -9.402091e+01 -2.223454e+01
     vertex -5.750000e+00 -9.398656e+01 -2.226188e+01
   endloop
 endfacet
 facet normal  1.000000e+00  0.000000e+00  0.000000e+00
   outer loop
     vertex -5.750000e+00 -8.800000e+01 -1.000000e+01
     vertex -5.750000e+00 -9.405600e+01 -2.220816e+01
     vertex -5.750000e+00 -9.402091e+01 -2.223454e+01
   endloop
 endfacet
 facet normal  1.000000e+00  0.000000e+00  0.000000e+00
   outer loop
     vertex -5.750000e+00 -8.800000e+01 -1.000000e+01
     vertex -5.750000e+00 -9.409179e+01 -2.218275e+01
     vertex -5.750000e+00 -9.405600e+01 -2.220816e+01
   endloop
 endfacet
 facet normal  1.000000e+00  0.000000e+00  0.000000e+00
   outer loop
     vertex -5.750000e+00 -8.800000e+01 -1.000000e+01
     vertex -5.750000e+00 -9.412827e+01 -2.215833e+01
     vertex -5.750000e+00 -9.409179e+01 -2.218275e+01
   endloop
 endfacet
 facet normal  1.000000e+00  0.000000e+00  0.000000e+00
   outer loop
     vertex -5.750000e+00 -8.800000e+01 -1.000000e+01
     vertex -5.750000e+00 -9.416541e+01 -2.213492e+01
     vertex -5.750000e+00 -9.412827e+01 -2.215833e+01
   endloop
 endfacet
 facet normal  1.000000e+00  0.000000e+00  0.000000e+00
   outer loop
     vertex -5.750000e+00 -8.800000e+01 -1.000000e+01
     vertex -5.750000e+00 -9.420317e+01 -2.211253e+01
     vertex -5.750000e+00 -9.416541e+01 -2.213492e+01
   endloop
 endfacet
 facet normal  1.000000e+00  0.000000e+00  0.000000e+00
   outer loop
     vertex -5.750000e+00 -8.800000e+01 -1.000000e+01
     vertex -5.750000e+00 -9.424153e+01 -2.209120e+01
     vertex -5.750000e+00 -9.420317e+01 -2.211253e+01
   endloop
 endfacet
 facet normal  1.000000e+00  0.000000e+00  0.000000e+00
   outer loop
     vertex -5.750000e+00 -8.800000e+01 -1.000000e+01
     vertex -5.750000e+00 -9.428047e+01 -2.207092e+01
     vertex -5.750000e+00 -9.424153e+01 -2.209120e+01
   endloop
 endfacet
 facet normal  1.000000e+00  0.000000e+00  0.000000e+00
   outer loop
     vertex -5.750000e+00 -8.800000e+01 -1.000000e+01
     vertex -5.750000e+00 -9.431995e+01 -2.205172e+01
     vertex -5.750000e+00 -9.428047e+01 -2.207092e+01
   endloop
 endfacet
 facet normal  1.000000e+00  0.000000e+00  0.000000e+00
   outer loop
     vertex -5.750000e+00 -8.800000e+01 -1.000000e+01
     vertex -5.750000e+00 -9.435993e+01 -2.203360e+01
     vertex -5.750000e+00 -9.431995e+01 -2.205172e+01
   endloop
 endfacet
 facet normal  1.000000e+00  0.000000e+00  0.000000e+00
   outer loop
     vertex -5.750000e+00 -8.800000e+01 -1.000000e+01
     vertex -5.750000e+00 -9.440040e+01 -2.201660e+01
     vertex -5.750000e+00 -9.435993e+01 -2.203360e+01
   endloop
 endfacet
 facet normal  1.000000e+00  0.000000e+00  0.000000e+00
   outer loop
     vertex -5.750000e+00 -8.800000e+01 -1.000000e+01
     vertex -5.750000e+00 -9.444132e+01 -2.200071e+01
     vertex -5.750000e+00 -9.440040e+01 -2.201660e+01
   endloop
 endfacet
 facet normal  1.000000e+00  0.000000e+00  0.000000e+00
   outer loop
     vertex -5.750000e+00 -8.800000e+01 -1.000000e+01
     vertex -5.750000e+00 -9.448267e+01 -2.198594e+01
     vertex -5.750000e+00 -9.444132e+01 -2.200071e+01
   endloop
 endfacet
 facet normal  1.000000e+00  0.000000e+00  0.000000e+00
   outer loop
     vertex -5.750000e+00 -8.800000e+01 -1.000000e+01
     vertex -5.750000e+00 -9.452440e+01 -2.197232e+01
     vertex -5.750000e+00 -9.448267e+01 -2.198594e+01
   endloop
 endfacet
 facet normal  1.000000e+00  0.000000e+00  0.000000e+00
   outer loop
     vertex -5.750000e+00 -8.800000e+01 -1.000000e+01
     vertex -5.750000e+00 -9.456649e+01 -2.195985e+01
     vertex -5.750000e+00 -9.452440e+01 -2.197232e+01
   endloop
 endfacet
 facet normal  1.000000e+00  0.000000e+00  0.000000e+00
   outer loop
     vertex -5.750000e+00 -8.800000e+01 -1.000000e+01
     vertex -5.750000e+00 -9.460890e+01 -2.194854e+01
     vertex -5.750000e+00 -9.456649e+01 -2.195985e+01
   endloop
 endfacet
 facet normal  1.000000e+00  0.000000e+00  0.000000e+00
   outer loop
     vertex -5.750000e+00 -8.800000e+01 -1.000000e+01
     vertex -5.750000e+00 -9.465161e+01 -2.193839e+01
     vertex -5.750000e+00 -9.460890e+01 -2.194854e+01
   endloop
 endfacet
 facet normal  1.000000e+00  0.000000e+00  0.000000e+00
   outer loop
     vertex -5.750000e+00 -8.800000e+01 -1.000000e+01
     vertex -5.750000e+00 -9.469459e+01 -2.192942e+01
     vertex -5.750000e+00 -9.465161e+01 -2.193839e+01
   endloop
 endfacet
 facet normal  1.000000e+00  0.000000e+00  0.000000e+00
   outer loop
     vertex -5.750000e+00 -8.800000e+01 -1.000000e+01
     vertex -5.750000e+00 -9.473779e+01 -2.192163e+01
     vertex -5.750000e+00 -9.469459e+01 -2.192942e+01
   endloop
 endfacet
 facet normal  1.000000e+00  0.000000e+00  0.000000e+00
   outer loop
     vertex -5.750000e+00 -8.800000e+01 -1.000000e+01
     vertex -5.750000e+00 -9.478119e+01 -2.191503e+01
     vertex -5.750000e+00 -9.473779e+01 -2.192163e+01
   endloop
 endfacet
 facet normal  1.000000e+00  0.000000e+00  0.000000e+00
   outer loop
     vertex -5.750000e+00 -8.800000e+01 -1.000000e+01
     vertex -5.750000e+00 -9.482475e+01 -2.190963e+01
     vertex -5.750000e+00 -9.478119e+01 -2.191503e+01
   endloop
 endfacet
 facet normal  1.000000e+00  0.000000e+00  0.000000e+00
   outer loop
     vertex -5.750000e+00 -8.800000e+01 -1.000000e+01
     vertex -5.750000e+00 -9.486845e+01 -2.190542e+01
     vertex -5.750000e+00 -9.482475e+01 -2.190963e+01
   endloop
 endfacet
 facet normal  1.000000e+00  0.000000e+00  0.000000e+00
   outer loop
     vertex -5.750000e+00 -8.800000e+01 -1.000000e+01
     vertex -5.750000e+00 -9.491224e+01 -2.190241e+01
     vertex -5.750000e+00 -9.486845e+01 -2.190542e+01
   endloop
 endfacet
 facet normal  1.000000e+00  0.000000e+00  0.000000e+00
   outer loop
     vertex -5.750000e+00 -8.800000e+01 -1.000000e+01
     vertex -5.750000e+00 -9.495611e+01 -2.190060e+01
     vertex -5.750000e+00 -9.491224e+01 -2.190241e+01
   endloop
 endfacet
 facet normal  1.000000e+00  0.000000e+00  0.000000e+00
   outer loop
     vertex -5.750000e+00 -8.800000e+01 -1.000000e+01
     vertex -5.750000e+00 -9.500000e+01 -2.190000e+01
     vertex -5.750000e+00 -9.495611e+01 -2.190060e+01
   endloop
 endfacet
 facet normal  1.000000e+00  0.000000e+00  0.000000e+00
   outer loop
     vertex -5.750000e+00 -8.800000e+01 -1.000000e+01
     vertex -5.750000e+00 -9.348953e+01 -2.297229e+01
     vertex -5.750000e+00 -9.347562e+01 -2.301393e+01
   endloop
 endfacet
 facet normal  1.000000e+00  0.000000e+00  0.000000e+00
   outer loop
     vertex -5.750000e+00 -8.800000e+01 -1.000000e+01
     vertex -5.750000e+00 -9.350457e+01 -2.293105e+01
     vertex -5.750000e+00 -9.348953e+01 -2.297229e+01
   endloop
 endfacet
 facet normal  1.000000e+00  0.000000e+00  0.000000e+00
   outer loop
     vertex -5.750000e+00 -8.800000e+01 -1.000000e+01
     vertex -5.750000e+00 -9.352074e+01 -2.289024e+01
     vertex -5.750000e+00 -9.350457e+01 -2.293105e+01
   endloop
 endfacet
 facet normal  1.000000e+00  0.000000e+00  0.000000e+00
   outer loop
     vertex -5.750000e+00 -8.800000e+01 -1.000000e+01
     vertex -5.750000e+00 -9.353803e+01 -2.284989e+01
     vertex -5.750000e+00 -9.352074e+01 -2.289024e+01
   endloop
 endfacet
 facet normal  1.000000e+00  0.000000e+00  0.000000e+00
   outer loop
     vertex -5.750000e+00 -8.800000e+01 -1.000000e+01
     vertex -5.750000e+00 -9.355642e+01 -2.281003e+01
     vertex -5.750000e+00 -9.353803e+01 -2.284989e+01
   endloop
 endfacet
 facet normal  1.000000e+00  0.000000e+00  0.000000e+00
   outer loop
     vertex -5.750000e+00 -8.800000e+01 -1.000000e+01
     vertex -5.750000e+00 -9.357589e+01 -2.277068e+01
     vertex -5.750000e+00 -9.355642e+01 -2.281003e+01
   endloop
 endfacet
 facet normal  1.000000e+00  0.000000e+00  0.000000e+00
   outer loop
     vertex -5.750000e+00 -8.800000e+01 -1.000000e+01
     vertex -5.750000e+00 -9.359643e+01 -2.273189e+01
     vertex -5.750000e+00 -9.357589e+01 -2.277068e+01
   endloop
 endfacet
 facet normal  1.000000e+00  0.000000e+00  0.000000e+00
   outer loop
     vertex -5.750000e+00 -8.800000e+01 -1.000000e+01
     vertex -5.750000e+00 -9.347562e+01 -2.301393e+01
     vertex -5.750000e+00 -8.800000e+01 -2.950000e+01
   endloop
 endfacet
 facet normal  1.000000e+00  0.000000e+00  0.000000e+00
   outer loop
     vertex -5.750000e+00 -8.800000e+01 -1.000000e+01
     vertex -5.750000e+00 -9.361803e+01 -2.269367e+01
     vertex -5.750000e+00 -9.359643e+01 -2.273189e+01
   endloop
 endfacet
 facet normal  1.000000e+00  0.000000e+00  0.000000e+00
   outer loop
     vertex -5.750000e+00 -8.800000e+01 -1.000000e+01
     vertex -5.750000e+00 -9.364067e+01 -2.265606e+01
     vertex -5.750000e+00 -9.361803e+01 -2.269367e+01
   endloop
 endfacet
 facet normal  1.000000e+00  0.000000e+00  0.000000e+00
   outer loop
     vertex -5.750000e+00 -8.800000e+01 -1.000000e+01
     vertex -5.750000e+00 -9.366434e+01 -2.261909e+01
     vertex -5.750000e+00 -9.364067e+01 -2.265606e+01
   endloop
 endfacet
 facet normal  1.000000e+00  0.000000e+00  0.000000e+00
   outer loop
     vertex -5.750000e+00 -8.800000e+01 -1.000000e+01
     vertex -5.750000e+00 -9.368901e+01 -2.258278e+01
     vertex -5.750000e+00 -9.366434e+01 -2.261909e+01
   endloop
 endfacet
 facet normal  1.000000e+00  0.000000e+00  0.000000e+00
   outer loop
     vertex -5.750000e+00 -8.800000e+01 -1.000000e+01
     vertex -5.750000e+00 -9.371466e+01 -2.254716e+01
     vertex -5.750000e+00 -9.368901e+01 -2.258278e+01
   endloop
 endfacet
 facet normal  1.000000e+00  0.000000e+00  0.000000e+00
   outer loop
     vertex -5.750000e+00 -8.800000e+01 -1.000000e+01
     vertex -5.750000e+00 -9.374129e+01 -2.251225e+01
     vertex -5.750000e+00 -9.371466e+01 -2.254716e+01
   endloop
 endfacet
 facet normal  1.000000e+00  0.000000e+00  0.000000e+00
   outer loop
     vertex -5.750000e+00 -8.800000e+01 -1.000000e+01
     vertex -5.750000e+00 -9.376886e+01 -2.247809e+01
     vertex -5.750000e+00 -9.374129e+01 -2.251225e+01
   endloop
 endfacet
 facet normal  1.000000e+00  0.000000e+00  0.000000e+00
   outer loop
     vertex -5.750000e+00 -1.020000e+02 -1.000000e+01
     vertex -5.750000e+00 -9.504389e+01 -2.190060e+01
     vertex -5.750000e+00 -9.500000e+01 -2.190000e+01
   endloop
 endfacet
 facet normal  1.000000e+00  0.000000e+00  0.000000e+00
   outer loop
     vertex -5.750000e+00 -1.020000e+02 -1.000000e+01
     vertex -5.750000e+00 -9.508776e+01 -2.190241e+01
     vertex -5.750000e+00 -9.504389e+01 -2.190060e+01
   endloop
 endfacet
 facet normal  1.000000e+00 -0.000000e+00  0.000000e+00
   outer loop
     vertex -5.750000e+00 -1.020000e+02 -1.000000e+01
     vertex -5.750000e+00 -9.500000e+01 -2.190000e+01
     vertex -5.750000e+00 -8.800000e+01 -1.000000e+01
   endloop
 endfacet
 facet normal  1.000000e+00  0.000000e+00  0.000000e+00
   outer loop
     vertex -5.750000e+00 -1.020000e+02 -1.000000e+01
     vertex -5.750000e+00 -9.513155e+01 -2.190542e+01
     vertex -5.750000e+00 -9.508776e+01 -2.190241e+01
   endloop
 endfacet
 facet normal  1.000000e+00  0.000000e+00  0.000000e+00
   outer loop
     vertex -5.750000e+00 -1.020000e+02 -1.000000e+01
     vertex -5.750000e+00 -9.517525e+01 -2.190963e+01
     vertex -5.750000e+00 -9.513155e+01 -2.190542e+01
   endloop
 endfacet
 facet normal  1.000000e+00  0.000000e+00  0.000000e+00
   outer loop
     vertex -5.750000e+00 -1.020000e+02 -1.000000e+01
     vertex -5.750000e+00 -9.521881e+01 -2.191503e+01
     vertex -5.750000e+00 -9.517525e+01 -2.190963e+01
   endloop
 endfacet
 facet normal  1.000000e+00  0.000000e+00  0.000000e+00
   outer loop
     vertex -5.750000e+00 -1.020000e+02 -1.000000e+01
     vertex -5.750000e+00 -9.526221e+01 -2.192163e+01
     vertex -5.750000e+00 -9.521881e+01 -2.191503e+01
   endloop
 endfacet
 facet normal  1.000000e+00  0.000000e+00  0.000000e+00
   outer loop
     vertex -5.750000e+00 -1.020000e+02 -1.000000e+01
     vertex -5.750000e+00 -9.530541e+01 -2.192942e+01
     vertex -5.750000e+00 -9.526221e+01 -2.192163e+01
   endloop
 endfacet
 facet normal  1.000000e+00  0.000000e+00  0.000000e+00
   outer loop
     vertex -5.750000e+00 -1.020000e+02 -1.000000e+01
     vertex -5.750000e+00 -9.534839e+01 -2.193839e+01
     vertex -5.750000e+00 -9.530541e+01 -2.192942e+01
   endloop
 endfacet
 facet normal  1.000000e+00  0.000000e+00  0.000000e+00
   outer loop
     vertex -5.750000e+00 -1.020000e+02 -1.000000e+01
     vertex -5.750000e+00 -9.539110e+01 -2.194854e+01
     vertex -5.750000e+00 -9.534839e+01 -2.193839e+01
   endloop
 endfacet
 facet normal  1.000000e+00  0.000000e+00  0.000000e+00
   outer loop
     vertex -5.750000e+00 -1.020000e+02 -1.000000e+01
     vertex -5.750000e+00 -9.543351e+01 -2.195985e+01
     vertex -5.750000e+00 -9.539110e+01 -2.194854e+01
   endloop
 endfacet
 facet normal  1.000000e+00  0.000000e+00  0.000000e+00
   outer loop
     vertex -5.750000e+00 -1.020000e+02 -1.000000e+01
     vertex -5.750000e+00 -9.547560e+01 -2.197232e+01
     vertex -5.750000e+00 -9.543351e+01 -2.195985e+01
   endloop
 endfacet
 facet normal  1.000000e+00  0.000000e+00  0.000000e+00
   outer loop
     vertex -5.750000e+00 -1.020000e+02 -1.000000e+01
     vertex -5.750000e+00 -9.551733e+01 -2.198594e+01
     vertex -5.750000e+00 -9.547560e+01 -2.197232e+01
   endloop
 endfacet
 facet normal  1.000000e+00  0.000000e+00  0.000000e+00
   outer loop
     vertex -5.750000e+00 -1.020000e+02 -1.000000e+01
     vertex -5.750000e+00 -9.555868e+01 -2.200071e+01
     vertex -5.750000e+00 -9.551733e+01 -2.198594e+01
   endloop
 endfacet
 facet normal  1.000000e+00  0.000000e+00  0.000000e+00
   outer loop
     vertex -5.750000e+00 -1.020000e+02 -1.000000e+01
     vertex -5.750000e+00 -9.559960e+01 -2.201660e+01
     vertex -5.750000e+00 -9.555868e+01 -2.200071e+01
   endloop
 endfacet
 facet normal  1.000000e+00  0.000000e+00  0.000000e+00
   outer loop
     vertex -5.750000e+00 -1.020000e+02 -1.000000e+01
     vertex -5.750000e+00 -9.564007e+01 -2.203360e+01
     vertex -5.750000e+00 -9.559960e+01 -2.201660e+01
   endloop
 endfacet
 facet normal  1.000000e+00  0.000000e+00  0.000000e+00
   outer loop
     vertex -5.750000e+00 -1.020000e+02 -1.000000e+01
     vertex -5.750000e+00 -9.568005e+01 -2.205172e+01
     vertex -5.750000e+00 -9.564007e+01 -2.203360e+01
   endloop
 endfacet
 facet normal  1.000000e+00  0.000000e+00  0.000000e+00
   outer loop
     vertex -5.750000e+00 -1.020000e+02 -1.000000e+01
     vertex -5.750000e+00 -9.571953e+01 -2.207092e+01
     vertex -5.750000e+00 -9.568005e+01 -2.205172e+01
   endloop
 endfacet
 facet normal  1.000000e+00  0.000000e+00  0.000000e+00
   outer loop
     vertex -5.750000e+00 -1.020000e+02 -1.000000e+01
     vertex -5.750000e+00 -9.575847e+01 -2.209120e+01
     vertex -5.750000e+00 -9.571953e+01 -2.207092e+01
   endloop
 endfacet
 facet normal  1.000000e+00  0.000000e+00  0.000000e+00
   outer loop
     vertex -5.750000e+00 -1.020000e+02 -1.000000e+01
     vertex -5.750000e+00 -9.579683e+01 -2.211253e+01
     vertex -5.750000e+00 -9.575847e+01 -2.209120e+01
   endloop
 endfacet
 facet normal  1.000000e+00  0.000000e+00  0.000000e+00
   outer loop
     vertex -5.750000e+00 -1.020000e+02 -1.000000e+01
     vertex -5.750000e+00 -9.583459e+01 -2.213492e+01
     vertex -5.750000e+00 -9.579683e+01 -2.211253e+01
   endloop
 endfacet
 facet normal  1.000000e+00  0.000000e+00  0.000000e+00
   outer loop
     vertex -5.750000e+00 -1.020000e+02 -1.000000e+01
     vertex -5.750000e+00 -1.020000e+02 -2.950000e+01
     vertex -5.750000e+00 -9.652438e+01 -2.301393e+01
   endloop
 endfacet
 facet normal  1.000000e+00  0.000000e+00  0.000000e+00
   outer loop
     vertex -5.750000e+00 -1.020000e+02 -1.000000e+01
     vertex -5.750000e+00 -9.587173e+01 -2.215833e+01
     vertex -5.750000e+00 -9.583459e+01 -2.213492e+01
   endloop
 endfacet
 facet normal  1.000000e+00  0.000000e+00  0.000000e+00
   outer loop
     vertex -5.750000e+00 -1.020000e+02 -1.000000e+01
     vertex -5.750000e+00 -9.590821e+01 -2.218275e+01
     vertex -5.750000e+00 -9.587173e+01 -2.215833e+01
   endloop
 endfacet
 facet normal  1.000000e+00  0.000000e+00  0.000000e+00
   outer loop
     vertex -5.750000e+00 -1.020000e+02 -1.000000e+01
     vertex -5.750000e+00 -9.594400e+01 -2.220816e+01
     vertex -5.750000e+00 -9.590821e+01 -2.218275e+01
   endloop
 endfacet
 facet normal  1.000000e+00  0.000000e+00  0.000000e+00
   outer loop
     vertex -5.750000e+00 -1.020000e+02 -1.000000e+01
     vertex -5.750000e+00 -9.597909e+01 -2.223454e+01
     vertex -5.750000e+00 -9.594400e+01 -2.220816e+01
   endloop
 endfacet
 facet normal  1.000000e+00  0.000000e+00  0.000000e+00
   outer loop
     vertex -5.750000e+00 -1.020000e+02 -1.000000e+01
     vertex -5.750000e+00 -9.601344e+01 -2.226188e+01
     vertex -5.750000e+00 -9.597909e+01 -2.223454e+01
   endloop
 endfacet
 facet normal  1.000000e+00  0.000000e+00  0.000000e+00
   outer loop
     vertex -5.750000e+00 -1.020000e+02 -1.000000e+01
     vertex -5.750000e+00 -9.604702e+01 -2.229015e+01
     vertex -5.750000e+00 -9.601344e+01 -2.226188e+01
   endloop
 endfacet
 facet normal  1.000000e+00  0.000000e+00  0.000000e+00
   outer loop
     vertex -5.750000e+00 -1.020000e+02 -1.000000e+01
     vertex -5.750000e+00 -9.607982e+01 -2.231933e+01
     vertex -5.750000e+00 -9.604702e+01 -2.229015e+01
   endloop
 endfacet
 facet normal  1.000000e+00  0.000000e+00  0.000000e+00
   outer loop
     vertex -5.750000e+00 -1.020000e+02 -1.000000e+01
     vertex -5.750000e+00 -9.611180e+01 -2.234940e+01
     vertex -5.750000e+00 -9.607982e+01 -2.231933e+01
   endloop
 endfacet
 facet normal  1.000000e+00  0.000000e+00  0.000000e+00
   outer loop
     vertex -5.750000e+00 -1.020000e+02 -1.000000e+01
     vertex -5.750000e+00 -9.614295e+01 -2.238033e+01
     vertex -5.750000e+00 -9.611180e+01 -2.234940e+01
   endloop
 endfacet
 facet normal  1.000000e+00  0.000000e+00  0.000000e+00
   outer loop
     vertex -5.750000e+00 -1.020000e+02 -1.000000e+01
     vertex -5.750000e+00 -9.617324e+01 -2.241211e+01
     vertex -5.750000e+00 -9.614295e+01 -2.238033e+01
   endloop
 endfacet
 facet normal  1.000000e+00  0.000000e+00  0.000000e+00
   outer loop
     vertex -5.750000e+00 -1.020000e+02 -1.000000e+01
     vertex -5.750000e+00 -9.620264e+01 -2.244470e+01
     vertex -5.750000e+00 -9.617324e+01 -2.241211e+01
   endloop
 endfacet
 facet normal  1.000000e+00  0.000000e+00  0.000000e+00
   outer loop
     vertex -5.750000e+00 -1.020000e+02 -1.000000e+01
     vertex -5.750000e+00 -9.623114e+01 -2.247809e+01
     vertex -5.750000e+00 -9.620264e+01 -2.244470e+01
   endloop
 endfacet
 facet normal  1.000000e+00  0.000000e+00  0.000000e+00
   outer loop
     vertex -5.750000e+00 -1.020000e+02 -1.000000e+01
     vertex -5.750000e+00 -9.625871e+01 -2.251225e+01
     vertex -5.750000e+00 -9.623114e+01 -2.247809e+01
   endloop
 endfacet
 facet normal  1.000000e+00  0.000000e+00  0.000000e+00
   outer loop
     vertex -5.750000e+00 -1.020000e+02 -1.000000e+01
     vertex -5.750000e+00 -9.628534e+01 -2.254716e+01
     vertex -5.750000e+00 -9.625871e+01 -2.251225e+01
   endloop
 endfacet
 facet normal  1.000000e+00  0.000000e+00  0.000000e+00
   outer loop
     vertex -5.750000e+00 -1.020000e+02 -1.000000e+01
     vertex -5.750000e+00 -9.631099e+01 -2.258278e+01
     vertex -5.750000e+00 -9.628534e+01 -2.254716e+01
   endloop
 endfacet
 facet normal  1.000000e+00  0.000000e+00  0.000000e+00
   outer loop
     vertex -5.750000e+00 -1.020000e+02 -1.000000e+01
     vertex -5.750000e+00 -9.633566e+01 -2.261909e+01
     vertex -5.750000e+00 -9.631099e+01 -2.258278e+01
   endloop
 endfacet
 facet normal  1.000000e+00  0.000000e+00  0.000000e+00
   outer loop
     vertex -5.750000e+00 -1.020000e+02 -1.000000e+01
     vertex -5.750000e+00 -9.635933e+01 -2.265606e+01
     vertex -5.750000e+00 -9.633566e+01 -2.261909e+01
   endloop
 endfacet
 facet normal  1.000000e+00  0.000000e+00  0.000000e+00
   outer loop
     vertex -5.750000e+00 -1.020000e+02 -1.000000e+01
     vertex -5.750000e+00 -9.638197e+01 -2.269367e+01
     vertex -5.750000e+00 -9.635933e+01 -2.265606e+01
   endloop
 endfacet
 facet normal  1.000000e+00  0.000000e+00  0.000000e+00
   outer loop
     vertex -5.750000e+00 -1.020000e+02 -1.000000e+01
     vertex -5.750000e+00 -9.640357e+01 -2.273189e+01
     vertex -5.750000e+00 -9.638197e+01 -2.269367e+01
   endloop
 endfacet
 facet normal  1.000000e+00  0.000000e+00  0.000000e+00
   outer loop
     vertex -5.750000e+00 -1.020000e+02 -1.000000e+01
     vertex -5.750000e+00 -9.642411e+01 -2.277068e+01
     vertex -5.750000e+00 -9.640357e+01 -2.273189e+01
   endloop
 endfacet
 facet normal  1.000000e+00  0.000000e+00  0.000000e+00
   outer loop
     vertex -5.750000e+00 -1.020000e+02 -1.000000e+01
     vertex -5.750000e+00 -9.644358e+01 -2.281003e+01
     vertex -5.750000e+00 -9.642411e+01 -2.277068e+01
   endloop
 endfacet
 facet normal  1.000000e+00  0.000000e+00  0.000000e+00
   outer loop
     vertex -5.750000e+00 -1.020000e+02 -1.000000e+01
     vertex -5.750000e+00 -9.646197e+01 -2.284989e+01
     vertex -5.750000e+00 -9.644358e+01 -2.281003e+01
   endloop
 endfacet
 facet normal  1.000000e+00  0.000000e+00  0.000000e+00
   outer loop
     vertex -5.750000e+00 -1.020000e+02 -1.000000e+01
     vertex -5.750000e+00 -9.647926e+01 -2.289024e+01
     vertex -5.750000e+00 -9.646197e+01 -2.284989e+01
   endloop
 endfacet
 facet normal  1.000000e+00  0.000000e+00  0.000000e+00
   outer loop
     vertex -5.750000e+00 -1.020000e+02 -1.000000e+01
     vertex -5.750000e+00 -9.649543e+01 -2.293105e+01
     vertex -5.750000e+00 -9.647926e+01 -2.289024e+01
   endloop
 endfacet
 facet normal  1.000000e+00  0.000000e+00  0.000000e+00
   outer loop
     vertex -5.750000e+00 -1.020000e+02 -1.000000e+01
     vertex -5.750000e+00 -9.651047e+01 -2.297229e+01
     vertex -5.750000e+00 -9.649543e+01 -2.293105e+01
   endloop
 endfacet
 facet normal  1.000000e+00  0.000000e+00  0.000000e+00
   outer loop
     vertex -5.750000e+00 -1.020000e+02 -1.000000e+01
     vertex -5.750000e+00 -9.652438e+01 -2.301393e+01
     vertex -5.750000e+00 -9.651047e+01 -2.297229e+01
   endloop
 endfacet
 facet normal -0.000000e+00  0.000000e+00 -1.000000e+00
   outer loop
     vertex  5.750000e+00 -8.800000e+01 -1.000000e+01
     vertex -5.750000e+00 -1.020000e+02 -1.000000e+01
     vertex -5.750000e+00 -8.800000e+01 -1.000000e+01
   endloop
 endfacet
 facet normal  0.000000e+00 -0.000000e+00 -1.000000e+00
   outer loop
     vertex  5.750000e+00 -8.800000e+01 -1.000000e+01
     vertex  5.750000e+00 -1.020000e+02 -1.000000e+01
     vertex -5.750000e+00 -1.020000e+02 -1.000000e+01
   endloop
 endfacet
 facet normal -1.000000e+00  0.000000e+00 -0.000000e+00
   outer loop
     vertex  5.750000e+00 -9.384180e+01 -2.460389e+01
     vertex  5.750000e+00 -8.800000e+01 -2.950000e+01
     vertex  5.750000e+00 -9.387252e+01 -2.463524e+01
   endloop
 endfacet
 facet normal -1.000000e+00  0.000000e+00  0.000000e+00
   outer loop
     vertex  5.750000e+00 -9.390408e+01 -2.466575e+01
     vertex  5.750000e+00 -9.387252e+01 -2.463524e+01
     vertex  5.750000e+00 -8.800000e+01 -2.950000e+01
   endloop
 endfacet
 facet normal -1.000000e+00  0.000000e+00 -0.000000e+00
   outer loop
     vertex  5.750000e+00 -9.381195e+01 -2.457170e+01
     vertex  5.750000e+00 -8.800000e+01 -2.950000e+01
     vertex  5.750000e+00 -9.384180e+01 -2.460389e+01
   endloop
 endfacet
 facet normal -1.000000e+00  0.000000e+00  0.000000e+00
   outer loop
     vertex  5.750000e+00 -9.393648e+01 -2.469538e+01
     vertex  5.750000e+00 -9.390408e+01 -2.466575e+01
     vertex  5.750000e+00 -8.800000e+01 -2.950000e+01
   endloop
 endfacet
 facet normal -1.000000e+00  0.000000e+00 -0.000000e+00
   outer loop
     vertex  5.750000e+00 -9.378299e+01 -2.453870e+01
     vertex  5.750000e+00 -8.800000e+01 -2.950000e+01
     vertex  5.750000e+00 -9.381195e+01 -2.457170e+01
   endloop
 endfacet
 facet normal -1.000000e+00  0.000000e+00  0.000000e+00
   outer loop
     vertex  5.750000e+00 -9.396967e+01 -2.472410e+01
     vertex  5.750000e+00 -9.393648e+01 -2.469538e+01
     vertex  5.750000e+00 -8.800000e+01 -2.950000e+01
   endloop
 endfacet
 facet normal -1.000000e+00  0.000000e+00 -0.000000e+00
   outer loop
     vertex  5.750000e+00 -9.375496e+01 -2.450492e+01
     vertex  5.750000e+00 -8.800000e+01 -2.950000e+01
     vertex  5.750000e+00 -9.378299e+01 -2.453870e+01
   endloop
 endfacet
 facet normal -1.000000e+00  0.000000e+00  0.000000e+00
   outer loop
     vertex  5.750000e+00 -9.400364e+01 -2.475191e+01
     vertex  5.750000e+00 -9.396967e+01 -2.472410e+01
     vertex  5.750000e+00 -8.800000e+01 -2.950000e+01
   endloop
 endfacet
 facet normal -1.000000e+00  0.000000e+00 -0.000000e+00
   outer loop
     vertex  5.750000e+00 -9.372786e+01 -2.447039e+01
     vertex  5.750000e+00 -8.800000e+01 -2.950000e+01
     vertex  5.750000e+00 -9.375496e+01 -2.450492e+01
   endloop
 endfacet
 facet normal -1.000000e+00  0.000000e+00  0.000000e+00
   outer loop
     vertex  5.750000e+00 -9.403836e+01 -2.477877e+01
     vertex  5.750000e+00 -9.400364e+01 -2.475191e+01
     vertex  5.750000e+00 -8.800000e+01 -2.950000e+01
   endloop
 endfacet
 facet normal -1.000000e+00  0.000000e+00 -0.000000e+00
   outer loop
     vertex  5.750000e+00 -9.370171e+01 -2.443512e+01
     vertex  5.750000e+00 -8.800000e+01 -2.950000e+01
     vertex  5.750000e+00 -9.372786e+01 -2.447039e+01
   endloop
 endfacet
 facet normal -1.000000e+00  0.000000e+00  0.000000e+00
   outer loop
     vertex  5.750000e+00 -9.407381e+01 -2.480467e+01
     vertex  5.750000e+00 -9.403836e+01 -2.477877e+01
     vertex  5.750000e+00 -8.800000e+01 -2.950000e+01
   endloop
 endfacet
 facet normal -1.000000e+00  0.000000e+00 -0.000000e+00
   outer loop
     vertex  5.750000e+00 -9.367655e+01 -2.439915e+01
     vertex  5.750000e+00 -8.800000e+01 -2.950000e+01
     vertex  5.750000e+00 -9.370171e+01 -2.443512e+01
   endloop
 endfacet
 facet normal -1.000000e+00  0.000000e+00  0.000000e+00
   outer loop
     vertex  5.750000e+00 -9.410995e+01 -2.482959e+01
     vertex  5.750000e+00 -9.407381e+01 -2.480467e+01
     vertex  5.750000e+00 -8.800000e+01 -2.950000e+01
   endloop
 endfacet
 facet normal -1.000000e+00  0.000000e+00 -0.000000e+00
   outer loop
     vertex  5.750000e+00 -9.365238e+01 -2.436251e+01
     vertex  5.750000e+00 -8.800000e+01 -2.950000e+01
     vertex  5.750000e+00 -9.367655e+01 -2.439915e+01
   endloop
 endfacet
 facet normal -1.000000e+00  0.000000e+00  0.000000e+00
   outer loop
     vertex  5.750000e+00 -9.414676e+01 -2.485351e+01
     vertex  5.750000e+00 -9.410995e+01 -2.482959e+01
     vertex  5.750000e+00 -8.800000e+01 -2.950000e+01
   endloop
 endfacet
 facet normal -1.000000e+00  0.000000e+00 -0.000000e+00
   outer loop
     vertex  5.750000e+00 -9.362922e+01 -2.432521e+01
     vertex  5.750000e+00 -8.800000e+01 -2.950000e+01
     vertex  5.750000e+00 -9.365238e+01 -2.436251e+01
   endloop
 endfacet
 facet normal -1.000000e+00  0.000000e+00  0.000000e+00
   outer loop
     vertex  5.750000e+00 -9.418421e+01 -2.487640e+01
     vertex  5.750000e+00 -9.414676e+01 -2.485351e+01
     vertex  5.750000e+00 -8.800000e+01 -2.950000e+01
   endloop
 endfacet
 facet normal -1.000000e+00  0.000000e+00 -0.000000e+00
   outer loop
     vertex  5.750000e+00 -9.360710e+01 -2.428729e+01
     vertex  5.750000e+00 -8.800000e+01 -2.950000e+01
     vertex  5.750000e+00 -9.362922e+01 -2.432521e+01
   endloop
 endfacet
 facet normal -1.000000e+00  0.000000e+00  0.000000e+00
   outer loop
     vertex  5.750000e+00 -9.422228e+01 -2.489827e+01
     vertex  5.750000e+00 -9.418421e+01 -2.487640e+01
     vertex  5.750000e+00 -8.800000e+01 -2.950000e+01
   endloop
 endfacet
 facet normal -1.000000e+00  0.000000e+00 -0.000000e+00
   outer loop
     vertex  5.750000e+00 -9.358603e+01 -2.424878e+01
     vertex  5.750000e+00 -8.800000e+01 -2.950000e+01
     vertex  5.750000e+00 -9.360710e+01 -2.428729e+01
   endloop
 endfacet
 facet normal -1.000000e+00  0.000000e+00  0.000000e+00
   outer loop
     vertex  5.750000e+00 -9.426093e+01 -2.491908e+01
     vertex  5.750000e+00 -9.422228e+01 -2.489827e+01
     vertex  5.750000e+00 -8.800000e+01 -2.950000e+01
   endloop
 endfacet
 facet normal -1.000000e+00  0.000000e+00 -0.000000e+00
   outer loop
     vertex  5.750000e+00 -9.356602e+01 -2.420971e+01
     vertex  5.750000e+00 -8.800000e+01 -2.950000e+01
     vertex  5.750000e+00 -9.358603e+01 -2.424878e+01
   endloop
 endfacet
 facet normal -1.000000e+00  0.000000e+00  0.000000e+00
   outer loop
     vertex  5.750000e+00 -9.430014e+01 -2.493882e+01
     vertex  5.750000e+00 -9.426093e+01 -2.491908e+01
     vertex  5.750000e+00 -8.800000e+01 -2.950000e+01
   endloop
 endfacet
 facet normal -1.000000e+00  0.000000e+00 -0.000000e+00
   outer loop
     vertex  5.750000e+00 -9.354709e+01 -2.417010e+01
     vertex  5.750000e+00 -8.800000e+01 -2.950000e+01
     vertex  5.750000e+00 -9.356602e+01 -2.420971e+01
   endloop
 endfacet
 facet normal -1.000000e+00  0.000000e+00  0.000000e+00
   outer loop
     vertex  5.750000e+00 -9.433988e+01 -2.495748e+01
     vertex  5.750000e+00 -9.430014e+01 -2.493882e+01
     vertex  5.750000e+00 -8.800000e+01 -2.950000e+01
   endloop
 endfacet
 facet normal -1.000000e+00  0.000000e+00 -0.000000e+00
   outer loop
     vertex  5.750000e+00 -9.352925e+01 -2.412999e+01
     vertex  5.750000e+00 -8.800000e+01 -2.950000e+01
     vertex  5.750000e+00 -9.354709e+01 -2.417010e+01
   endloop
 endfacet
 facet normal -1.000000e+00  0.000000e+00  0.000000e+00
   outer loop
     vertex  5.750000e+00 -9.438011e+01 -2.497504e+01
     vertex  5.750000e+00 -9.433988e+01 -2.495748e+01
     vertex  5.750000e+00 -8.800000e+01 -2.950000e+01
   endloop
 endfacet
 facet normal -1.000000e+00  0.000000e+00 -0.000000e+00
   outer loop
     vertex  5.750000e+00 -9.351252e+01 -2.408941e+01
     vertex  5.750000e+00 -8.800000e+01 -2.950000e+01
     vertex  5.750000e+00 -9.352925e+01 -2.412999e+01
   endloop
 endfacet
 facet normal -1.000000e+00  0.000000e+00  0.000000e+00
   outer loop
     vertex  5.750000e+00 -9.442081e+01 -2.499149e+01
     vertex  5.750000e+00 -9.438011e+01 -2.497504e+01
     vertex  5.750000e+00 -8.800000e+01 -2.950000e+01
   endloop
 endfacet
 facet normal -1.000000e+00  0.000000e+00 -0.000000e+00
   outer loop
     vertex  5.750000e+00 -9.349691e+01 -2.404838e+01
     vertex  5.750000e+00 -8.800000e+01 -2.950000e+01
     vertex  5.750000e+00 -9.351252e+01 -2.408941e+01
   endloop
 endfacet
 facet normal -1.000000e+00  0.000000e+00  0.000000e+00
   outer loop
     vertex  5.750000e+00 -9.446195e+01 -2.500682e+01
     vertex  5.750000e+00 -9.442081e+01 -2.499149e+01
     vertex  5.750000e+00 -8.800000e+01 -2.950000e+01
   endloop
 endfacet
 facet normal -1.000000e+00  0.000000e+00 -0.000000e+00
   outer loop
     vertex  5.750000e+00 -9.348243e+01 -2.400694e+01
     vertex  5.750000e+00 -8.800000e+01 -2.950000e+01
     vertex  5.750000e+00 -9.349691e+01 -2.404838e+01
   endloop
 endfacet
 facet normal -1.000000e+00  0.000000e+00  0.000000e+00
   outer loop
     vertex  5.750000e+00 -9.450349e+01 -2.502101e+01
     vertex  5.750000e+00 -9.446195e+01 -2.500682e+01
     vertex  5.750000e+00 -8.800000e+01 -2.950000e+01
   endloop
 endfacet
 facet normal -1.000000e+00  0.000000e+00 -0.000000e+00
   outer loop
     vertex  5.750000e+00 -9.346909e+01 -2.396511e+01
     vertex  5.750000e+00 -8.800000e+01 -2.950000e+01
     vertex  5.750000e+00 -9.348243e+01 -2.400694e+01
   endloop
 endfacet
 facet normal -1.000000e+00  0.000000e+00  0.000000e+00
   outer loop
     vertex  5.750000e+00 -9.454540e+01 -2.503406e+01
     vertex  5.750000e+00 -9.450349e+01 -2.502101e+01
     vertex  5.750000e+00 -8.800000e+01 -2.950000e+01
   endloop
 endfacet
 facet normal -1.000000e+00  0.000000e+00 -0.000000e+00
   outer loop
     vertex  5.750000e+00 -9.345691e+01 -2.392294e+01
     vertex  5.750000e+00 -8.800000e+01 -2.950000e+01
     vertex  5.750000e+00 -9.346909e+01 -2.396511e+01
   endloop
 endfacet
 facet normal -1.000000e+00  0.000000e+00  0.000000e+00
   outer loop
     vertex  5.750000e+00 -9.458766e+01 -2.504595e+01
     vertex  5.750000e+00 -9.454540e+01 -2.503406e+01
     vertex  5.750000e+00 -8.800000e+01 -2.950000e+01
   endloop
 endfacet
 facet normal -1.000000e+00  0.000000e+00 -0.000000e+00
   outer loop
     vertex  5.750000e+00 -9.344589e+01 -2.388045e+01
     vertex  5.750000e+00 -8.800000e+01 -2.950000e+01
     vertex  5.750000e+00 -9.345691e+01 -2.392294e+01
   endloop
 endfacet
 facet normal -1.000000e+00  0.000000e+00  0.000000e+00
   outer loop
     vertex  5.750000e+00 -9.463022e+01 -2.505668e+01
     vertex  5.750000e+00 -9.458766e+01 -2.504595e+01
     vertex  5.750000e+00 -8.800000e+01 -2.950000e+01
   endloop
 endfacet
 facet normal -1.000000e+00  0.000000e+00 -0.000000e+00
   outer loop
     vertex  5.750000e+00 -9.343604e+01 -2.383767e+01
     vertex  5.750000e+00 -8.800000e+01 -2.950000e+01
     vertex  5.750000e+00 -9.344589e+01 -2.388045e+01
   endloop
 endfacet
 facet normal -1.000000e+00  0.000000e+00  0.000000e+00
   outer loop
     vertex  5.750000e+00 -9.467307e+01 -2.506624e+01
     vertex  5.750000e+00 -9.463022e+01 -2.505668e+01
     vertex  5.750000e+00 -8.800000e+01 -2.950000e+01
   endloop
 endfacet
 facet normal -1.000000e+00  0.000000e+00 -0.000000e+00
   outer loop
     vertex  5.750000e+00 -9.342736e+01 -2.379463e+01
     vertex  5.750000e+00 -8.800000e+01 -2.950000e+01
     vertex  5.750000e+00 -9.343604e+01 -2.383767e+01
   endloop
 endfacet
 facet normal -1.000000e+00  0.000000e+00  0.000000e+00
   outer loop
     vertex  5.750000e+00 -9.471616e+01 -2.507462e+01
     vertex  5.750000e+00 -9.467307e+01 -2.506624e+01
     vertex  5.750000e+00 -8.800000e+01 -2.950000e+01
   endloop
 endfacet
 facet normal -1.000000e+00  0.000000e+00 -0.000000e+00
   outer loop
     vertex  5.750000e+00 -9.341987e+01 -2.375138e+01
     vertex  5.750000e+00 -8.800000e+01 -2.950000e+01
     vertex  5.750000e+00 -9.342736e+01 -2.379463e+01
   endloop
 endfacet
 facet normal -1.000000e+00  0.000000e+00  0.000000e+00
   outer loop
     vertex  5.750000e+00 -9.475947e+01 -2.508182e+01
     vertex  5.750000e+00 -9.471616e+01 -2.507462e+01
     vertex  5.750000e+00 -8.800000e+01 -2.950000e+01
   endloop
 endfacet
 facet normal -1.000000e+00  0.000000e+00 -0.000000e+00
   outer loop
     vertex  5.750000e+00 -9.341357e+01 -2.370794e+01
     vertex  5.750000e+00 -8.800000e+01 -2.950000e+01
     vertex  5.750000e+00 -9.341987e+01 -2.375138e+01
   endloop
 endfacet
 facet normal -1.000000e+00  0.000000e+00  0.000000e+00
   outer loop
     vertex  5.750000e+00 -9.480295e+01 -2.508782e+01
     vertex  5.750000e+00 -9.475947e+01 -2.508182e+01
     vertex  5.750000e+00 -8.800000e+01 -2.950000e+01
   endloop
 endfacet
 facet normal -1.000000e+00  0.000000e+00 -0.000000e+00
   outer loop
     vertex  5.750000e+00 -9.340846e+01 -2.366433e+01
     vertex  5.750000e+00 -8.800000e+01 -2.950000e+01
     vertex  5.750000e+00 -9.341357e+01 -2.370794e+01
   endloop
 endfacet
 facet normal -1.000000e+00  0.000000e+00  0.000000e+00
   outer loop
     vertex  5.750000e+00 -9.484659e+01 -2.509263e+01
     vertex  5.750000e+00 -9.480295e+01 -2.508782e+01
     vertex  5.750000e+00 -8.800000e+01 -2.950000e+01
   endloop
 endfacet
 facet normal -1.000000e+00  0.000000e+00 -0.000000e+00
   outer loop
     vertex  5.750000e+00 -9.340455e+01 -2.362061e+01
     vertex  5.750000e+00 -8.800000e+01 -2.950000e+01
     vertex  5.750000e+00 -9.340846e+01 -2.366433e+01
   endloop
 endfacet
 facet normal -1.000000e+00  0.000000e+00  0.000000e+00
   outer loop
     vertex  5.750000e+00 -9.489034e+01 -2.509624e+01
     vertex  5.750000e+00 -9.484659e+01 -2.509263e+01
     vertex  5.750000e+00 -8.800000e+01 -2.950000e+01
   endloop
 endfacet
 facet normal -1.000000e+00  0.000000e+00 -0.000000e+00
   outer loop
     vertex  5.750000e+00 -9.340184e+01 -2.357680e+01
     vertex  5.750000e+00 -8.800000e+01 -2.950000e+01
     vertex  5.750000e+00 -9.340455e+01 -2.362061e+01
   endloop
 endfacet
 facet normal -1.000000e+00  0.000000e+00  0.000000e+00
   outer loop
     vertex  5.750000e+00 -9.493417e+01 -2.509865e+01
     vertex  5.750000e+00 -9.489034e+01 -2.509624e+01
     vertex  5.750000e+00 -8.800000e+01 -2.950000e+01
   endloop
 endfacet
 facet normal -1.000000e+00  0.000000e+00 -0.000000e+00
   outer loop
     vertex  5.750000e+00 -9.340034e+01 -2.353292e+01
     vertex  5.750000e+00 -8.800000e+01 -2.950000e+01
     vertex  5.750000e+00 -9.340184e+01 -2.357680e+01
   endloop
 endfacet
 facet normal -1.000000e+00  0.000000e+00  0.000000e+00
   outer loop
     vertex  5.750000e+00 -9.497805e+01 -2.509985e+01
     vertex  5.750000e+00 -9.493417e+01 -2.509865e+01
     vertex  5.750000e+00 -8.800000e+01 -2.950000e+01
   endloop
 endfacet
 facet normal -1.000000e+00  0.000000e+00 -0.000000e+00
   outer loop
     vertex  5.750000e+00 -9.340004e+01 -2.348903e+01
     vertex  5.750000e+00 -8.800000e+01 -2.950000e+01
     vertex  5.750000e+00 -9.340034e+01 -2.353292e+01
   endloop
 endfacet
 facet normal -1.000000e+00  0.000000e+00  0.000000e+00
   outer loop
     vertex  5.750000e+00 -9.340094e+01 -2.344514e+01
     vertex  5.750000e+00 -8.800000e+01 -2.950000e+01
     vertex  5.750000e+00 -9.340004e+01 -2.348903e+01
   endloop
 endfacet
 facet normal -1.000000e+00  0.000000e+00  0.000000e+00
   outer loop
     vertex  5.750000e+00 -9.340305e+01 -2.340129e+01
     vertex  5.750000e+00 -8.800000e+01 -2.950000e+01
     vertex  5.750000e+00 -9.340094e+01 -2.344514e+01
   endloop
 endfacet
 facet normal -1.000000e+00  0.000000e+00  0.000000e+00
   outer loop
     vertex  5.750000e+00 -9.340636e+01 -2.335751e+01
     vertex  5.750000e+00 -8.800000e+01 -2.950000e+01
     vertex  5.750000e+00 -9.340305e+01 -2.340129e+01
   endloop
 endfacet
 facet normal -1.000000e+00  0.000000e+00  0.000000e+00
   outer loop
     vertex  5.750000e+00 -9.341087e+01 -2.331385e+01
     vertex  5.750000e+00 -8.800000e+01 -2.950000e+01
     vertex  5.750000e+00 -9.340636e+01 -2.335751e+01
   endloop
 endfacet
 facet normal -1.000000e+00  0.000000e+00  0.000000e+00
   outer loop
     vertex  5.750000e+00 -9.341657e+01 -2.327032e+01
     vertex  5.750000e+00 -8.800000e+01 -2.950000e+01
     vertex  5.750000e+00 -9.341087e+01 -2.331385e+01
   endloop
 endfacet
 facet normal -1.000000e+00  0.000000e+00  0.000000e+00
   outer loop
     vertex  5.750000e+00 -9.342347e+01 -2.322697e+01
     vertex  5.750000e+00 -8.800000e+01 -2.950000e+01
     vertex  5.750000e+00 -9.341657e+01 -2.327032e+01
   endloop
 endfacet
 facet normal -1.000000e+00  0.000000e+00  0.000000e+00
   outer loop
     vertex  5.750000e+00 -9.343155e+01 -2.318382e+01
     vertex  5.750000e+00 -8.800000e+01 -2.950000e+01
     vertex  5.750000e+00 -9.342347e+01 -2.322697e+01
   endloop
 endfacet
 facet normal -1.000000e+00  0.000000e+00  0.000000e+00
   outer loop
     vertex  5.750000e+00 -9.344082e+01 -2.314091e+01
     vertex  5.750000e+00 -8.800000e+01 -2.950000e+01
     vertex  5.750000e+00 -9.343155e+01 -2.318382e+01
   endloop
 endfacet
 facet normal -1.000000e+00  0.000000e+00  0.000000e+00
   outer loop
     vertex  5.750000e+00 -9.345125e+01 -2.309827e+01
     vertex  5.750000e+00 -8.800000e+01 -2.950000e+01
     vertex  5.750000e+00 -9.344082e+01 -2.314091e+01
   endloop
 endfacet
 facet normal -1.000000e+00  0.000000e+00  0.000000e+00
   outer loop
     vertex  5.750000e+00 -9.346286e+01 -2.305593e+01
     vertex  5.750000e+00 -8.800000e+01 -2.950000e+01
     vertex  5.750000e+00 -9.345125e+01 -2.309827e+01
   endloop
 endfacet
 facet normal -1.000000e+00  0.000000e+00  0.000000e+00
   outer loop
     vertex  5.750000e+00 -9.347562e+01 -2.301393e+01
     vertex  5.750000e+00 -8.800000e+01 -2.950000e+01
     vertex  5.750000e+00 -9.346286e+01 -2.305593e+01
   endloop
 endfacet
 facet normal -1.000000e+00  0.000000e+00  0.000000e+00
   outer loop
     vertex  5.750000e+00 -1.020000e+02 -2.950000e+01
     vertex  5.750000e+00 -9.577772e+01 -2.489827e+01
     vertex  5.750000e+00 -9.573907e+01 -2.491908e+01
   endloop
 endfacet
 facet normal -1.000000e+00  0.000000e+00  0.000000e+00
   outer loop
     vertex  5.750000e+00 -1.020000e+02 -2.950000e+01
     vertex  5.750000e+00 -9.573907e+01 -2.491908e+01
     vertex  5.750000e+00 -9.569986e+01 -2.493882e+01
   endloop
 endfacet
 facet normal -1.000000e+00  0.000000e+00  0.000000e+00
   outer loop
     vertex  5.750000e+00 -1.020000e+02 -2.950000e+01
     vertex  5.750000e+00 -9.569986e+01 -2.493882e+01
     vertex  5.750000e+00 -9.566012e+01 -2.495748e+01
   endloop
 endfacet
 facet normal -1.000000e+00  0.000000e+00  0.000000e+00
   outer loop
     vertex  5.750000e+00 -1.020000e+02 -2.950000e+01
     vertex  5.750000e+00 -9.566012e+01 -2.495748e+01
     vertex  5.750000e+00 -9.561989e+01 -2.497504e+01
   endloop
 endfacet
 facet normal -1.000000e+00  0.000000e+00  0.000000e+00
   outer loop
     vertex  5.750000e+00 -1.020000e+02 -2.950000e+01
     vertex  5.750000e+00 -9.561989e+01 -2.497504e+01
     vertex  5.750000e+00 -9.557919e+01 -2.499149e+01
   endloop
 endfacet
 facet normal -1.000000e+00  0.000000e+00  0.000000e+00
   outer loop
     vertex  5.750000e+00 -1.020000e+02 -2.950000e+01
     vertex  5.750000e+00 -9.557919e+01 -2.499149e+01
     vertex  5.750000e+00 -9.553805e+01 -2.500682e+01
   endloop
 endfacet
 facet normal -1.000000e+00  0.000000e+00  0.000000e+00
   outer loop
     vertex  5.750000e+00 -1.020000e+02 -2.950000e+01
     vertex  5.750000e+00 -9.553805e+01 -2.500682e+01
     vertex  5.750000e+00 -9.549651e+01 -2.502101e+01
   endloop
 endfacet
 facet normal -1.000000e+00  0.000000e+00  0.000000e+00
   outer loop
     vertex  5.750000e+00 -1.020000e+02 -2.950000e+01
     vertex  5.750000e+00 -9.549651e+01 -2.502101e+01
     vertex  5.750000e+00 -9.545460e+01 -2.503406e+01
   endloop
 endfacet
 facet normal -1.000000e+00  0.000000e+00  0.000000e+00
   outer loop
     vertex  5.750000e+00 -1.020000e+02 -2.950000e+01
     vertex  5.750000e+00 -9.545460e+01 -2.503406e+01
     vertex  5.750000e+00 -9.541234e+01 -2.504595e+01
   endloop
 endfacet
 facet normal -1.000000e+00  0.000000e+00  0.000000e+00
   outer loop
     vertex  5.750000e+00 -1.020000e+02 -2.950000e+01
     vertex  5.750000e+00 -9.541234e+01 -2.504595e+01
     vertex  5.750000e+00 -9.536978e+01 -2.505668e+01
   endloop
 endfacet
 facet normal -1.000000e+00  0.000000e+00  0.000000e+00
   outer loop
     vertex  5.750000e+00 -1.020000e+02 -2.950000e+01
     vertex  5.750000e+00 -9.536978e+01 -2.505668e+01
     vertex  5.750000e+00 -9.532693e+01 -2.506624e+01
   endloop
 endfacet
 facet normal -1.000000e+00  0.000000e+00  0.000000e+00
   outer loop
     vertex  5.750000e+00 -1.020000e+02 -2.950000e+01
     vertex  5.750000e+00 -9.532693e+01 -2.506624e+01
     vertex  5.750000e+00 -9.528384e+01 -2.507462e+01
   endloop
 endfacet
 facet normal -1.000000e+00  0.000000e+00  0.000000e+00
   outer loop
     vertex  5.750000e+00 -1.020000e+02 -2.950000e+01
     vertex  5.750000e+00 -9.528384e+01 -2.507462e+01
     vertex  5.750000e+00 -9.524053e+01 -2.508182e+01
   endloop
 endfacet
 facet normal -1.000000e+00  0.000000e+00  0.000000e+00
   outer loop
     vertex  5.750000e+00 -1.020000e+02 -2.950000e+01
     vertex  5.750000e+00 -9.524053e+01 -2.508182e+01
     vertex  5.750000e+00 -9.519705e+01 -2.508782e+01
   endloop
 endfacet
 facet normal -1.000000e+00  0.000000e+00  0.000000e+00
   outer loop
     vertex  5.750000e+00 -1.020000e+02 -2.950000e+01
     vertex  5.750000e+00 -9.519705e+01 -2.508782e+01
     vertex  5.750000e+00 -9.515341e+01 -2.509263e+01
   endloop
 endfacet
 facet normal -1.000000e+00  0.000000e+00  0.000000e+00
   outer loop
     vertex  5.750000e+00 -1.020000e+02 -2.950000e+01
     vertex  5.750000e+00 -9.515341e+01 -2.509263e+01
     vertex  5.750000e+00 -9.510966e+01 -2.509624e+01
   endloop
 endfacet
 facet normal -1.000000e+00  0.000000e+00  0.000000e+00
   outer loop
     vertex  5.750000e+00 -1.020000e+02 -2.950000e+01
     vertex  5.750000e+00 -9.510966e+01 -2.509624e+01
     vertex  5.750000e+00 -9.506583e+01 -2.509865e+01
   endloop
 endfacet
 facet normal -1.000000e+00  0.000000e+00  0.000000e+00
   outer loop
     vertex  5.750000e+00 -1.020000e+02 -2.950000e+01
     vertex  5.750000e+00 -9.506583e+01 -2.509865e+01
     vertex  5.750000e+00 -9.502195e+01 -2.509985e+01
   endloop
 endfacet
 facet normal -1.000000e+00  0.000000e+00  0.000000e+00
   outer loop
     vertex  5.750000e+00 -1.020000e+02 -2.950000e+01
     vertex  5.750000e+00 -9.502195e+01 -2.509985e+01
     vertex  5.750000e+00 -9.497805e+01 -2.509985e+01
   endloop
 endfacet
 facet normal -1.000000e+00  0.000000e+00  0.000000e+00
   outer loop
     vertex  5.750000e+00 -1.020000e+02 -2.950000e+01
     vertex  5.750000e+00 -9.497805e+01 -2.509985e+01
     vertex  5.750000e+00 -8.800000e+01 -2.950000e+01
   endloop
 endfacet
 facet normal -1.000000e+00  0.000000e+00  0.000000e+00
   outer loop
     vertex  5.750000e+00 -1.020000e+02 -2.950000e+01
     vertex  5.750000e+00 -9.650309e+01 -2.404838e+01
     vertex  5.750000e+00 -9.648748e+01 -2.408941e+01
   endloop
 endfacet
 facet normal -1.000000e+00  0.000000e+00  0.000000e+00
   outer loop
     vertex  5.750000e+00 -1.020000e+02 -2.950000e+01
     vertex  5.750000e+00 -9.648748e+01 -2.408941e+01
     vertex  5.750000e+00 -9.647075e+01 -2.412999e+01
   endloop
 endfacet
 facet normal -1.000000e+00  0.000000e+00  0.000000e+00
   outer loop
     vertex  5.750000e+00 -1.020000e+02 -2.950000e+01
     vertex  5.750000e+00 -9.647075e+01 -2.412999e+01
     vertex  5.750000e+00 -9.645291e+01 -2.417010e+01
   endloop
 endfacet
 facet normal -1.000000e+00  0.000000e+00  0.000000e+00
   outer loop
     vertex  5.750000e+00 -1.020000e+02 -2.950000e+01
     vertex  5.750000e+00 -9.645291e+01 -2.417010e+01
     vertex  5.750000e+00 -9.643398e+01 -2.420971e+01
   endloop
 endfacet
 facet normal -1.000000e+00  0.000000e+00  0.000000e+00
   outer loop
     vertex  5.750000e+00 -1.020000e+02 -2.950000e+01
     vertex  5.750000e+00 -9.643398e+01 -2.420971e+01
     vertex  5.750000e+00 -9.641397e+01 -2.424878e+01
   endloop
 endfacet
 facet normal -1.000000e+00  0.000000e+00  0.000000e+00
   outer loop
     vertex  5.750000e+00 -1.020000e+02 -2.950000e+01
     vertex  5.750000e+00 -9.641397e+01 -2.424878e+01
     vertex  5.750000e+00 -9.639290e+01 -2.428729e+01
   endloop
 endfacet
 facet normal -1.000000e+00  0.000000e+00  0.000000e+00
   outer loop
     vertex  5.750000e+00 -1.020000e+02 -2.950000e+01
     vertex  5.750000e+00 -9.639290e+01 -2.428729e+01
     vertex  5.750000e+00 -9.637078e+01 -2.432521e+01
   endloop
 endfacet
 facet normal -1.000000e+00  0.000000e+00  0.000000e+00
   outer loop
     vertex  5.750000e+00 -1.020000e+02 -2.950000e+01
     vertex  5.750000e+00 -9.637078e+01 -2.432521e+01
     vertex  5.750000e+00 -9.634762e+01 -2.436251e+01
   endloop
 endfacet
 facet normal -1.000000e+00  0.000000e+00  0.000000e+00
   outer loop
     vertex  5.750000e+00 -1.020000e+02 -2.950000e+01
     vertex  5.750000e+00 -9.634762e+01 -2.436251e+01
     vertex  5.750000e+00 -9.632345e+01 -2.439915e+01
   endloop
 endfacet
 facet normal -1.000000e+00  0.000000e+00  0.000000e+00
   outer loop
     vertex  5.750000e+00 -1.020000e+02 -2.950000e+01
     vertex  5.750000e+00 -9.632345e+01 -2.439915e+01
     vertex  5.750000e+00 -9.629829e+01 -2.443512e+01
   endloop
 endfacet
 facet normal -1.000000e+00  0.000000e+00  0.000000e+00
   outer loop
     vertex  5.750000e+00 -1.020000e+02 -2.950000e+01
     vertex  5.750000e+00 -9.629829e+01 -2.443512e+01
     vertex  5.750000e+00 -9.627214e+01 -2.447039e+01
   endloop
 endfacet
 facet normal -1.000000e+00  0.000000e+00  0.000000e+00
   outer loop
     vertex  5.750000e+00 -1.020000e+02 -2.950000e+01
     vertex  5.750000e+00 -9.627214e+01 -2.447039e+01
     vertex  5.750000e+00 -9.624504e+01 -2.450492e+01
   endloop
 endfacet
 facet normal -1.000000e+00  0.000000e+00  0.000000e+00
   outer loop
     vertex  5.750000e+00 -1.020000e+02 -2.950000e+01
     vertex  5.750000e+00 -9.624504e+01 -2.450492e+01
     vertex  5.750000e+00 -9.621701e+01 -2.453870e+01
   endloop
 endfacet
 facet normal -1.000000e+00  0.000000e+00  0.000000e+00
   outer loop
     vertex  5.750000e+00 -1.020000e+02 -2.950000e+01
     vertex  5.750000e+00 -9.621701e+01 -2.453870e+01
     vertex  5.750000e+00 -9.618805e+01 -2.457170e+01
   endloop
 endfacet
 facet normal -1.000000e+00  0.000000e+00  0.000000e+00
   outer loop
     vertex  5.750000e+00 -1.020000e+02 -2.950000e+01
     vertex  5.750000e+00 -9.618805e+01 -2.457170e+01
     vertex  5.750000e+00 -9.615820e+01 -2.460389e+01
   endloop
 endfacet
 facet normal -1.000000e+00  0.000000e+00  0.000000e+00
   outer loop
     vertex  5.750000e+00 -1.020000e+02 -2.950000e+01
     vertex  5.750000e+00 -9.615820e+01 -2.460389e+01
     vertex  5.750000e+00 -9.612748e+01 -2.463524e+01
   endloop
 endfacet
 facet normal -1.000000e+00  0.000000e+00  0.000000e+00
   outer loop
     vertex  5.750000e+00 -1.020000e+02 -2.950000e+01
     vertex  5.750000e+00 -9.612748e+01 -2.463524e+01
     vertex  5.750000e+00 -9.609592e+01 -2.466575e+01
   endloop
 endfacet
 facet normal -1.000000e+00  0.000000e+00  0.000000e+00
   outer loop
     vertex  5.750000e+00 -1.020000e+02 -2.950000e+01
     vertex  5.750000e+00 -9.609592e+01 -2.466575e+01
     vertex  5.750000e+00 -9.606352e+01 -2.469538e+01
   endloop
 endfacet
 facet normal -1.000000e+00  0.000000e+00  0.000000e+00
   outer loop
     vertex  5.750000e+00 -1.020000e+02 -2.950000e+01
     vertex  5.750000e+00 -9.606352e+01 -2.469538e+01
     vertex  5.750000e+00 -9.603033e+01 -2.472410e+01
   endloop
 endfacet
 facet normal -1.000000e+00  0.000000e+00  0.000000e+00
   outer loop
     vertex  5.750000e+00 -1.020000e+02 -2.950000e+01
     vertex  5.750000e+00 -9.603033e+01 -2.472410e+01
     vertex  5.750000e+00 -9.599636e+01 -2.475191e+01
   endloop
 endfacet
 facet normal -1.000000e+00  0.000000e+00  0.000000e+00
   outer loop
     vertex  5.750000e+00 -1.020000e+02 -2.950000e+01
     vertex  5.750000e+00 -9.599636e+01 -2.475191e+01
     vertex  5.750000e+00 -9.596164e+01 -2.477877e+01
   endloop
 endfacet
 facet normal -1.000000e+00  0.000000e+00  0.000000e+00
   outer loop
     vertex  5.750000e+00 -1.020000e+02 -2.950000e+01
     vertex  5.750000e+00 -9.596164e+01 -2.477877e+01
     vertex  5.750000e+00 -9.592619e+01 -2.480467e+01
   endloop
 endfacet
 facet normal -1.000000e+00  0.000000e+00  0.000000e+00
   outer loop
     vertex  5.750000e+00 -1.020000e+02 -2.950000e+01
     vertex  5.750000e+00 -9.592619e+01 -2.480467e+01
     vertex  5.750000e+00 -9.589005e+01 -2.482959e+01
   endloop
 endfacet
 facet normal -1.000000e+00  0.000000e+00  0.000000e+00
   outer loop
     vertex  5.750000e+00 -1.020000e+02 -2.950000e+01
     vertex  5.750000e+00 -9.589005e+01 -2.482959e+01
     vertex  5.750000e+00 -9.585324e+01 -2.485351e+01
   endloop
 endfacet
 facet normal -1.000000e+00  0.000000e+00  0.000000e+00
   outer loop
     vertex  5.750000e+00 -1.020000e+02 -2.950000e+01
     vertex  5.750000e+00 -9.585324e+01 -2.485351e+01
     vertex  5.750000e+00 -9.581579e+01 -2.487640e+01
   endloop
 endfacet
 facet normal -1.000000e+00  0.000000e+00  0.000000e+00
   outer loop
     vertex  5.750000e+00 -1.020000e+02 -2.950000e+01
     vertex  5.750000e+00 -9.581579e+01 -2.487640e+01
     vertex  5.750000e+00 -9.577772e+01 -2.489827e+01
   endloop
 endfacet
 facet normal -1.000000e+00  0.000000e+00 -0.000000e+00
   outer loop
     vertex  5.750000e+00 -9.651757e+01 -2.400694e+01
     vertex  5.750000e+00 -9.650309e+01 -2.404838e+01
     vertex  5.750000e+00 -1.020000e+02 -2.950000e+01
   endloop
 endfacet
 facet normal -1.000000e+00  0.000000e+00 -0.000000e+00
   outer loop
     vertex  5.750000e+00 -9.653091e+01 -2.396511e+01
     vertex  5.750000e+00 -9.651757e+01 -2.400694e+01
     vertex  5.750000e+00 -1.020000e+02 -2.950000e+01
   endloop
 endfacet
 facet normal -1.000000e+00  0.000000e+00 -0.000000e+00
   outer loop
     vertex  5.750000e+00 -9.654309e+01 -2.392294e+01
     vertex  5.750000e+00 -9.653091e+01 -2.396511e+01
     vertex  5.750000e+00 -1.020000e+02 -2.950000e+01
   endloop
 endfacet
 facet normal -1.000000e+00  0.000000e+00 -0.000000e+00
   outer loop
     vertex  5.750000e+00 -9.655411e+01 -2.388045e+01
     vertex  5.750000e+00 -9.654309e+01 -2.392294e+01
     vertex  5.750000e+00 -1.020000e+02 -2.950000e+01
   endloop
 endfacet
 facet normal -1.000000e+00  0.000000e+00 -0.000000e+00
   outer loop
     vertex  5.750000e+00 -9.656396e+01 -2.383767e+01
     vertex  5.750000e+00 -9.655411e+01 -2.388045e+01
     vertex  5.750000e+00 -1.020000e+02 -2.950000e+01
   endloop
 endfacet
 facet normal -1.000000e+00  0.000000e+00 -0.000000e+00
   outer loop
     vertex  5.750000e+00 -9.657264e+01 -2.379463e+01
     vertex  5.750000e+00 -9.656396e+01 -2.383767e+01
     vertex  5.750000e+00 -1.020000e+02 -2.950000e+01
   endloop
 endfacet
 facet normal -1.000000e+00  0.000000e+00 -0.000000e+00
   outer loop
     vertex  5.750000e+00 -9.658013e+01 -2.375138e+01
     vertex  5.750000e+00 -9.657264e+01 -2.379463e+01
     vertex  5.750000e+00 -1.020000e+02 -2.950000e+01
   endloop
 endfacet
 facet normal -1.000000e+00  0.000000e+00 -0.000000e+00
   outer loop
     vertex  5.750000e+00 -9.658643e+01 -2.370794e+01
     vertex  5.750000e+00 -9.658013e+01 -2.375138e+01
     vertex  5.750000e+00 -1.020000e+02 -2.950000e+01
   endloop
 endfacet
 facet normal -1.000000e+00  0.000000e+00 -0.000000e+00
   outer loop
     vertex  5.750000e+00 -9.659154e+01 -2.366433e+01
     vertex  5.750000e+00 -9.658643e+01 -2.370794e+01
     vertex  5.750000e+00 -1.020000e+02 -2.950000e+01
   endloop
 endfacet
 facet normal -1.000000e+00  0.000000e+00 -0.000000e+00
   outer loop
     vertex  5.750000e+00 -9.659545e+01 -2.362061e+01
     vertex  5.750000e+00 -9.659154e+01 -2.366433e+01
     vertex  5.750000e+00 -1.020000e+02 -2.950000e+01
   endloop
 endfacet
 facet normal -1.000000e+00  0.000000e+00 -0.000000e+00
   outer loop
     vertex  5.750000e+00 -9.659816e+01 -2.357680e+01
     vertex  5.750000e+00 -9.659545e+01 -2.362061e+01
     vertex  5.750000e+00 -1.020000e+02 -2.950000e+01
   endloop
 endfacet
 facet normal -1.000000e+00  0.000000e+00 -0.000000e+00
   outer loop
     vertex  5.750000e+00 -9.659966e+01 -2.353292e+01
     vertex  5.750000e+00 -9.659816e+01 -2.357680e+01
     vertex  5.750000e+00 -1.020000e+02 -2.950000e+01
   endloop
 endfacet
 facet normal -1.000000e+00  0.000000e+00 -0.000000e+00
   outer loop
     vertex  5.750000e+00 -9.659996e+01 -2.348903e+01
     vertex  5.750000e+00 -9.659966e+01 -2.353292e+01
     vertex  5.750000e+00 -1.020000e+02 -2.950000e+01
   endloop
 endfacet
 facet normal -1.000000e+00  0.000000e+00  0.000000e+00
   outer loop
     vertex  5.750000e+00 -9.659906e+01 -2.344514e+01
     vertex  5.750000e+00 -9.659996e+01 -2.348903e+01
     vertex  5.750000e+00 -1.020000e+02 -2.950000e+01
   endloop
 endfacet
 facet normal -1.000000e+00  0.000000e+00  0.000000e+00
   outer loop
     vertex  5.750000e+00 -9.659695e+01 -2.340129e+01
     vertex  5.750000e+00 -9.659906e+01 -2.344514e+01
     vertex  5.750000e+00 -1.020000e+02 -2.950000e+01
   endloop
 endfacet
 facet normal -1.000000e+00  0.000000e+00  0.000000e+00
   outer loop
     vertex  5.750000e+00 -9.659364e+01 -2.335751e+01
     vertex  5.750000e+00 -9.659695e+01 -2.340129e+01
     vertex  5.750000e+00 -1.020000e+02 -2.950000e+01
   endloop
 endfacet
 facet normal -1.000000e+00  0.000000e+00  0.000000e+00
   outer loop
     vertex  5.750000e+00 -9.658913e+01 -2.331385e+01
     vertex  5.750000e+00 -9.659364e+01 -2.335751e+01
     vertex  5.750000e+00 -1.020000e+02 -2.950000e+01
   endloop
 endfacet
 facet normal -1.000000e+00  0.000000e+00  0.000000e+00
   outer loop
     vertex  5.750000e+00 -9.658343e+01 -2.327032e+01
     vertex  5.750000e+00 -9.658913e+01 -2.331385e+01
     vertex  5.750000e+00 -1.020000e+02 -2.950000e+01
   endloop
 endfacet
 facet normal -1.000000e+00  0.000000e+00  0.000000e+00
   outer loop
     vertex  5.750000e+00 -9.657653e+01 -2.322697e+01
     vertex  5.750000e+00 -9.658343e+01 -2.327032e+01
     vertex  5.750000e+00 -1.020000e+02 -2.950000e+01
   endloop
 endfacet
 facet normal -1.000000e+00  0.000000e+00  0.000000e+00
   outer loop
     vertex  5.750000e+00 -9.656845e+01 -2.318382e+01
     vertex  5.750000e+00 -9.657653e+01 -2.322697e+01
     vertex  5.750000e+00 -1.020000e+02 -2.950000e+01
   endloop
 endfacet
 facet normal -1.000000e+00  0.000000e+00  0.000000e+00
   outer loop
     vertex  5.750000e+00 -9.655918e+01 -2.314091e+01
     vertex  5.750000e+00 -9.656845e+01 -2.318382e+01
     vertex  5.750000e+00 -1.020000e+02 -2.950000e+01
   endloop
 endfacet
 facet normal -1.000000e+00  0.000000e+00  0.000000e+00
   outer loop
     vertex  5.750000e+00 -9.654875e+01 -2.309827e+01
     vertex  5.750000e+00 -9.655918e+01 -2.314091e+01
     vertex  5.750000e+00 -1.020000e+02 -2.950000e+01
   endloop
 endfacet
 facet normal -1.000000e+00  0.000000e+00  0.000000e+00
   outer loop
     vertex  5.750000e+00 -9.653714e+01 -2.305593e+01
     vertex  5.750000e+00 -9.654875e+01 -2.309827e+01
     vertex  5.750000e+00 -1.020000e+02 -2.950000e+01
   endloop
 endfacet
 facet normal -1.000000e+00  0.000000e+00  0.000000e+00
   outer loop
     vertex  5.750000e+00 -9.652438e+01 -2.301393e+01
     vertex  5.750000e+00 -9.653714e+01 -2.305593e+01
     vertex  5.750000e+00 -1.020000e+02 -2.950000e+01
   endloop
 endfacet
 facet normal -1.000000e+00  0.000000e+00  0.000000e+00
   outer loop
     vertex  5.750000e+00 -8.800000e+01 -1.000000e+01
     vertex  5.750000e+00 -9.376886e+01 -2.247809e+01
     vertex  5.750000e+00 -9.379736e+01 -2.244470e+01
   endloop
 endfacet
 facet normal -1.000000e+00  0.000000e+00  0.000000e+00
   outer loop
     vertex  5.750000e+00 -8.800000e+01 -1.000000e+01
     vertex  5.750000e+00 -9.379736e+01 -2.244470e+01
     vertex  5.750000e+00 -9.382676e+01 -2.241211e+01
   endloop
 endfacet
 facet normal -1.000000e+00  0.000000e+00  0.000000e+00
   outer loop
     vertex  5.750000e+00 -8.800000e+01 -1.000000e+01
     vertex  5.750000e+00 -9.382676e+01 -2.241211e+01
     vertex  5.750000e+00 -9.385705e+01 -2.238033e+01
   endloop
 endfacet
 facet normal -1.000000e+00  0.000000e+00  0.000000e+00
   outer loop
     vertex  5.750000e+00 -8.800000e+01 -1.000000e+01
     vertex  5.750000e+00 -9.385705e+01 -2.238033e+01
     vertex  5.750000e+00 -9.388820e+01 -2.234940e+01
   endloop
 endfacet
 facet normal -1.000000e+00  0.000000e+00  0.000000e+00
   outer loop
     vertex  5.750000e+00 -8.800000e+01 -1.000000e+01
     vertex  5.750000e+00 -9.388820e+01 -2.234940e+01
     vertex  5.750000e+00 -9.392018e+01 -2.231933e+01
   endloop
 endfacet
 facet normal -1.000000e+00  0.000000e+00  0.000000e+00
   outer loop
     vertex  5.750000e+00 -8.800000e+01 -1.000000e+01
     vertex  5.750000e+00 -9.392018e+01 -2.231933e+01
     vertex  5.750000e+00 -9.395298e+01 -2.229015e+01
   endloop
 endfacet
 facet normal -1.000000e+00  0.000000e+00  0.000000e+00
   outer loop
     vertex  5.750000e+00 -8.800000e+01 -1.000000e+01
     vertex  5.750000e+00 -9.395298e+01 -2.229015e+01
     vertex  5.750000e+00 -9.398656e+01 -2.226188e+01
   endloop
 endfacet
 facet normal -1.000000e+00  0.000000e+00  0.000000e+00
   outer loop
     vertex  5.750000e+00 -8.800000e+01 -1.000000e+01
     vertex  5.750000e+00 -9.398656e+01 -2.226188e+01
     vertex  5.750000e+00 -9.402091e+01 -2.223454e+01
   endloop
 endfacet
 facet normal -1.000000e+00  0.000000e+00  0.000000e+00
   outer loop
     vertex  5.750000e+00 -8.800000e+01 -1.000000e+01
     vertex  5.750000e+00 -9.402091e+01 -2.223454e+01
     vertex  5.750000e+00 -9.405600e+01 -2.220816e+01
   endloop
 endfacet
 facet normal -1.000000e+00  0.000000e+00  0.000000e+00
   outer loop
     vertex  5.750000e+00 -8.800000e+01 -1.000000e+01
     vertex  5.750000e+00 -9.405600e+01 -2.220816e+01
     vertex  5.750000e+00 -9.409179e+01 -2.218275e+01
   endloop
 endfacet
 facet normal -1.000000e+00  0.000000e+00  0.000000e+00
   outer loop
     vertex  5.750000e+00 -8.800000e+01 -1.000000e+01
     vertex  5.750000e+00 -9.409179e+01 -2.218275e+01
     vertex  5.750000e+00 -9.412827e+01 -2.215833e+01
   endloop
 endfacet
 facet normal -1.000000e+00  0.000000e+00  0.000000e+00
   outer loop
     vertex  5.750000e+00 -8.800000e+01 -1.000000e+01
     vertex  5.750000e+00 -9.412827e+01 -2.215833e+01
     vertex  5.750000e+00 -9.416541e+01 -2.213492e+01
   endloop
 endfacet
 facet normal -1.000000e+00  0.000000e+00  0.000000e+00
   outer loop
     vertex  5.750000e+00 -8.800000e+01 -1.000000e+01
     vertex  5.750000e+00 -9.416541e+01 -2.213492e+01
     vertex  5.750000e+00 -9.420317e+01 -2.211253e+01
   endloop
 endfacet
 facet normal -1.000000e+00  0.000000e+00  0.000000e+00
   outer loop
     vertex  5.750000e+00 -8.800000e+01 -1.000000e+01
     vertex  5.750000e+00 -9.420317e+01 -2.211253e+01
     vertex  5.750000e+00 -9.424153e+01 -2.209120e+01
   endloop
 endfacet
 facet normal -1.000000e+00  0.000000e+00  0.000000e+00
   outer loop
     vertex  5.750000e+00 -8.800000e+01 -1.000000e+01
     vertex  5.750000e+00 -9.424153e+01 -2.209120e+01
     vertex  5.750000e+00 -9.428047e+01 -2.207092e+01
   endloop
 endfacet
 facet normal -1.000000e+00  0.000000e+00  0.000000e+00
   outer loop
     vertex  5.750000e+00 -8.800000e+01 -1.000000e+01
     vertex  5.750000e+00 -9.428047e+01 -2.207092e+01
     vertex  5.750000e+00 -9.431995e+01 -2.205172e+01
   endloop
 endfacet
 facet normal -1.000000e+00  0.000000e+00  0.000000e+00
   outer loop
     vertex  5.750000e+00 -8.800000e+01 -1.000000e+01
     vertex  5.750000e+00 -9.431995e+01 -2.205172e+01
     vertex  5.750000e+00 -9.435993e+01 -2.203360e+01
   endloop
 endfacet
 facet normal -1.000000e+00  0.000000e+00  0.000000e+00
   outer loop
     vertex  5.750000e+00 -8.800000e+01 -1.000000e+01
     vertex  5.750000e+00 -9.435993e+01 -2.203360e+01
     vertex  5.750000e+00 -9.440040e+01 -2.201660e+01
   endloop
 endfacet
 facet normal -1.000000e+00  0.000000e+00  0.000000e+00
   outer loop
     vertex  5.750000e+00 -8.800000e+01 -1.000000e+01
     vertex  5.750000e+00 -9.440040e+01 -2.201660e+01
     vertex  5.750000e+00 -9.444132e+01 -2.200071e+01
   endloop
 endfacet
 facet normal -1.000000e+00  0.000000e+00  0.000000e+00
   outer loop
     vertex  5.750000e+00 -8.800000e+01 -1.000000e+01
     vertex  5.750000e+00 -9.444132e+01 -2.200071e+01
     vertex  5.750000e+00 -9.448267e+01 -2.198594e+01
   endloop
 endfacet
 facet normal -1.000000e+00  0.000000e+00  0.000000e+00
   outer loop
     vertex  5.750000e+00 -8.800000e+01 -1.000000e+01
     vertex  5.750000e+00 -9.448267e+01 -2.198594e+01
     vertex  5.750000e+00 -9.452440e+01 -2.197232e+01
   endloop
 endfacet
 facet normal -1.000000e+00  0.000000e+00  0.000000e+00
   outer loop
     vertex  5.750000e+00 -8.800000e+01 -1.000000e+01
     vertex  5.750000e+00 -9.452440e+01 -2.197232e+01
     vertex  5.750000e+00 -9.456649e+01 -2.195985e+01
   endloop
 endfacet
 facet normal -1.000000e+00  0.000000e+00  0.000000e+00
   outer loop
     vertex  5.750000e+00 -8.800000e+01 -1.000000e+01
     vertex  5.750000e+00 -9.456649e+01 -2.195985e+01
     vertex  5.750000e+00 -9.460890e+01 -2.194854e+01
   endloop
 endfacet
 facet normal -1.000000e+00  0.000000e+00  0.000000e+00
   outer loop
     vertex  5.750000e+00 -8.800000e+01 -1.000000e+01
     vertex  5.750000e+00 -9.460890e+01 -2.194854e+01
     vertex  5.750000e+00 -9.465161e+01 -2.193839e+01
   endloop
 endfacet
 facet normal -1.000000e+00  0.000000e+00  0.000000e+00
   outer loop
     vertex  5.750000e+00 -8.800000e+01 -1.000000e+01
     vertex  5.750000e+00 -9.465161e+01 -2.193839e+01
     vertex  5.750000e+00 -9.469459e+01 -2.192942e+01
   endloop
 endfacet
 facet normal -1.000000e+00  0.000000e+00  0.000000e+00
   outer loop
     vertex  5.750000e+00 -8.800000e+01 -1.000000e+01
     vertex  5.750000e+00 -9.469459e+01 -2.192942e+01
     vertex  5.750000e+00 -9.473779e+01 -2.192163e+01
   endloop
 endfacet
 facet normal -1.000000e+00  0.000000e+00  0.000000e+00
   outer loop
     vertex  5.750000e+00 -8.800000e+01 -1.000000e+01
     vertex  5.750000e+00 -9.473779e+01 -2.192163e+01
     vertex  5.750000e+00 -9.478119e+01 -2.191503e+01
   endloop
 endfacet
 facet normal -1.000000e+00  0.000000e+00  0.000000e+00
   outer loop
     vertex  5.750000e+00 -8.800000e+01 -1.000000e+01
     vertex  5.750000e+00 -9.478119e+01 -2.191503e+01
     vertex  5.750000e+00 -9.482475e+01 -2.190963e+01
   endloop
 endfacet
 facet normal -1.000000e+00  0.000000e+00  0.000000e+00
   outer loop
     vertex  5.750000e+00 -8.800000e+01 -1.000000e+01
     vertex  5.750000e+00 -9.482475e+01 -2.190963e+01
     vertex  5.750000e+00 -9.486845e+01 -2.190542e+01
   endloop
 endfacet
 facet normal -1.000000e+00  0.000000e+00  0.000000e+00
   outer loop
     vertex  5.750000e+00 -8.800000e+01 -1.000000e+01
     vertex  5.750000e+00 -9.486845e+01 -2.190542e+01
     vertex  5.750000e+00 -9.491224e+01 -2.190241e+01
   endloop
 endfacet
 facet normal -1.000000e+00  0.000000e+00  0.000000e+00
   outer loop
     vertex  5.750000e+00 -8.800000e+01 -1.000000e+01
     vertex  5.750000e+00 -9.491224e+01 -2.190241e+01
     vertex  5.750000e+00 -9.495611e+01 -2.190060e+01
   endloop
 endfacet
 facet normal -1.000000e+00  0.000000e+00  0.000000e+00
   outer loop
     vertex  5.750000e+00 -8.800000e+01 -1.000000e+01
     vertex  5.750000e+00 -9.495611e+01 -2.190060e+01
     vertex  5.750000e+00 -9.500000e+01 -2.190000e+01
   endloop
 endfacet
 facet normal -1.000000e+00  0.000000e+00  0.000000e+00
   outer loop
     vertex  5.750000e+00 -8.800000e+01 -1.000000e+01
     vertex  5.750000e+00 -9.347562e+01 -2.301393e+01
     vertex  5.750000e+00 -9.348953e+01 -2.297229e+01
   endloop
 endfacet
 facet normal -1.000000e+00  0.000000e+00  0.000000e+00
   outer loop
     vertex  5.750000e+00 -8.800000e+01 -1.000000e+01
     vertex  5.750000e+00 -9.348953e+01 -2.297229e+01
     vertex  5.750000e+00 -9.350457e+01 -2.293105e+01
   endloop
 endfacet
 facet normal -1.000000e+00  0.000000e+00  0.000000e+00
   outer loop
     vertex  5.750000e+00 -8.800000e+01 -1.000000e+01
     vertex  5.750000e+00 -9.350457e+01 -2.293105e+01
     vertex  5.750000e+00 -9.352074e+01 -2.289024e+01
   endloop
 endfacet
 facet normal -1.000000e+00  0.000000e+00  0.000000e+00
   outer loop
     vertex  5.750000e+00 -8.800000e+01 -1.000000e+01
     vertex  5.750000e+00 -9.352074e+01 -2.289024e+01
     vertex  5.750000e+00 -9.353803e+01 -2.284989e+01
   endloop
 endfacet
 facet normal -1.000000e+00  0.000000e+00  0.000000e+00
   outer loop
     vertex  5.750000e+00 -8.800000e+01 -1.000000e+01
     vertex  5.750000e+00 -9.353803e+01 -2.284989e+01
     vertex  5.750000e+00 -9.355642e+01 -2.281003e+01
   endloop
 endfacet
 facet normal -1.000000e+00  0.000000e+00  0.000000e+00
   outer loop
     vertex  5.750000e+00 -8.800000e+01 -1.000000e+01
     vertex  5.750000e+00 -9.355642e+01 -2.281003e+01
     vertex  5.750000e+00 -9.357589e+01 -2.277068e+01
   endloop
 endfacet
 facet normal -1.000000e+00  0.000000e+00  0.000000e+00
   outer loop
     vertex  5.750000e+00 -8.800000e+01 -1.000000e+01
     vertex  5.750000e+00 -9.357589e+01 -2.277068e+01
     vertex  5.750000e+00 -9.359643e+01 -2.273189e+01
   endloop
 endfacet
 facet normal -1.000000e+00  0.000000e+00 -0.000000e+00
   outer loop
     vertex  5.750000e+00 -8.800000e+01 -1.000000e+01
     vertex  5.750000e+00 -8.800000e+01 -2.950000e+01
     vertex  5.750000e+00 -9.347562e+01 -2.301393e+01
   endloop
 endfacet
 facet normal -1.000000e+00  0.000000e+00  0.000000e+00
   outer loop
     vertex  5.750000e+00 -8.800000e+01 -1.000000e+01
     vertex  5.750000e+00 -9.359643e+01 -2.273189e+01
     vertex  5.750000e+00 -9.361803e+01 -2.269367e+01
   endloop
 endfacet
 facet normal -1.000000e+00  0.000000e+00  0.000000e+00
   outer loop
     vertex  5.750000e+00 -8.800000e+01 -1.000000e+01
     vertex  5.750000e+00 -9.361803e+01 -2.269367e+01
     vertex  5.750000e+00 -9.364067e+01 -2.265606e+01
   endloop
 endfacet
 facet normal -1.000000e+00  0.000000e+00  0.000000e+00
   outer loop
     vertex  5.750000e+00 -8.800000e+01 -1.000000e+01
     vertex  5.750000e+00 -9.364067e+01 -2.265606e+01
     vertex  5.750000e+00 -9.366434e+01 -2.261909e+01
   endloop
 endfacet
 facet normal -1.000000e+00  0.000000e+00  0.000000e+00
   outer loop
     vertex  5.750000e+00 -8.800000e+01 -1.000000e+01
     vertex  5.750000e+00 -9.366434e+01 -2.261909e+01
     vertex  5.750000e+00 -9.368901e+01 -2.258278e+01
   endloop
 endfacet
 facet normal -1.000000e+00  0.000000e+00  0.000000e+00
   outer loop
     vertex  5.750000e+00 -8.800000e+01 -1.000000e+01
     vertex  5.750000e+00 -9.368901e+01 -2.258278e+01
     vertex  5.750000e+00 -9.371466e+01 -2.254716e+01
   endloop
 endfacet
 facet normal -1.000000e+00  0.000000e+00  0.000000e+00
   outer loop
     vertex  5.750000e+00 -8.800000e+01 -1.000000e+01
     vertex  5.750000e+00 -9.371466e+01 -2.254716e+01
     vertex  5.750000e+00 -9.374129e+01 -2.251225e+01
   endloop
 endfacet
 facet normal -1.000000e+00  0.000000e+00  0.000000e+00
   outer loop
     vertex  5.750000e+00 -8.800000e+01 -1.000000e+01
     vertex  5.750000e+00 -9.374129e+01 -2.251225e+01
     vertex  5.750000e+00 -9.376886e+01 -2.247809e+01
   endloop
 endfacet
 facet normal -1.000000e+00  0.000000e+00  0.000000e+00
   outer loop
     vertex  5.750000e+00 -1.020000e+02 -1.000000e+01
     vertex  5.750000e+00 -9.500000e+01 -2.190000e+01
     vertex  5.750000e+00 -9.504389e+01 -2.190060e+01
   endloop
 endfacet
 facet normal -1.000000e+00  0.000000e+00  0.000000e+00
   outer loop
     vertex  5.750000e+00 -1.020000e+02 -1.000000e+01
     vertex  5.750000e+00 -9.504389e+01 -2.190060e+01
     vertex  5.750000e+00 -9.508776e+01 -2.190241e+01
   endloop
 endfacet
 facet normal -1.000000e+00  0.000000e+00  0.000000e+00
   outer loop
     vertex  5.750000e+00 -1.020000e+02 -1.000000e+01
     vertex  5.750000e+00 -8.800000e+01 -1.000000e+01
     vertex  5.750000e+00 -9.500000e+01 -2.190000e+01
   endloop
 endfacet
 facet normal -1.000000e+00  0.000000e+00  0.000000e+00
   outer loop
     vertex  5.750000e+00 -1.020000e+02 -1.000000e+01
     vertex  5.750000e+00 -9.508776e+01 -2.190241e+01
     vertex  5.750000e+00 -9.513155e+01 -2.190542e+01
   endloop
 endfacet
 facet normal -1.000000e+00  0.000000e+00  0.000000e+00
   outer loop
     vertex  5.750000e+00 -1.020000e+02 -1.000000e+01
     vertex  5.750000e+00 -9.513155e+01 -2.190542e+01
     vertex  5.750000e+00 -9.517525e+01 -2.190963e+01
   endloop
 endfacet
 facet normal -1.000000e+00  0.000000e+00  0.000000e+00
   outer loop
     vertex  5.750000e+00 -1.020000e+02 -1.000000e+01
     vertex  5.750000e+00 -9.517525e+01 -2.190963e+01
     vertex  5.750000e+00 -9.521881e+01 -2.191503e+01
   endloop
 endfacet
 facet normal -1.000000e+00  0.000000e+00  0.000000e+00
   outer loop
     vertex  5.750000e+00 -1.020000e+02 -1.000000e+01
     vertex  5.750000e+00 -9.521881e+01 -2.191503e+01
     vertex  5.750000e+00 -9.526221e+01 -2.192163e+01
   endloop
 endfacet
 facet normal -1.000000e+00  0.000000e+00  0.000000e+00
   outer loop
     vertex  5.750000e+00 -1.020000e+02 -1.000000e+01
     vertex  5.750000e+00 -9.526221e+01 -2.192163e+01
     vertex  5.750000e+00 -9.530541e+01 -2.192942e+01
   endloop
 endfacet
 facet normal -1.000000e+00  0.000000e+00  0.000000e+00
   outer loop
     vertex  5.750000e+00 -1.020000e+02 -1.000000e+01
     vertex  5.750000e+00 -9.530541e+01 -2.192942e+01
     vertex  5.750000e+00 -9.534839e+01 -2.193839e+01
   endloop
 endfacet
 facet normal -1.000000e+00  0.000000e+00  0.000000e+00
   outer loop
     vertex  5.750000e+00 -1.020000e+02 -1.000000e+01
     vertex  5.750000e+00 -9.534839e+01 -2.193839e+01
     vertex  5.750000e+00 -9.539110e+01 -2.194854e+01
   endloop
 endfacet
 facet normal -1.000000e+00  0.000000e+00  0.000000e+00
   outer loop
     vertex  5.750000e+00 -1.020000e+02 -1.000000e+01
     vertex  5.750000e+00 -9.539110e+01 -2.194854e+01
     vertex  5.750000e+00 -9.543351e+01 -2.195985e+01
   endloop
 endfacet
 facet normal -1.000000e+00  0.000000e+00  0.000000e+00
   outer loop
     vertex  5.750000e+00 -1.020000e+02 -1.000000e+01
     vertex  5.750000e+00 -9.543351e+01 -2.195985e+01
     vertex  5.750000e+00 -9.547560e+01 -2.197232e+01
   endloop
 endfacet
 facet normal -1.000000e+00  0.000000e+00  0.000000e+00
   outer loop
     vertex  5.750000e+00 -1.020000e+02 -1.000000e+01
     vertex  5.750000e+00 -9.547560e+01 -2.197232e+01
     vertex  5.750000e+00 -9.551733e+01 -2.198594e+01
   endloop
 endfacet
 facet normal -1.000000e+00  0.000000e+00  0.000000e+00
   outer loop
     vertex  5.750000e+00 -1.020000e+02 -1.000000e+01
     vertex  5.750000e+00 -9.551733e+01 -2.198594e+01
     vertex  5.750000e+00 -9.555868e+01 -2.200071e+01
   endloop
 endfacet
 facet normal -1.000000e+00  0.000000e+00  0.000000e+00
   outer loop
     vertex  5.750000e+00 -1.020000e+02 -1.000000e+01
     vertex  5.750000e+00 -9.555868e+01 -2.200071e+01
     vertex  5.750000e+00 -9.559960e+01 -2.201660e+01
   endloop
 endfacet
 facet normal -1.000000e+00  0.000000e+00  0.000000e+00
   outer loop
     vertex  5.750000e+00 -1.020000e+02 -1.000000e+01
     vertex  5.750000e+00 -9.559960e+01 -2.201660e+01
     vertex  5.750000e+00 -9.564007e+01 -2.203360e+01
   endloop
 endfacet
 facet normal -1.000000e+00  0.000000e+00  0.000000e+00
   outer loop
     vertex  5.750000e+00 -1.020000e+02 -1.000000e+01
     vertex  5.750000e+00 -9.564007e+01 -2.203360e+01
     vertex  5.750000e+00 -9.568005e+01 -2.205172e+01
   endloop
 endfacet
 facet normal -1.000000e+00  0.000000e+00  0.000000e+00
   outer loop
     vertex  5.750000e+00 -1.020000e+02 -1.000000e+01
     vertex  5.750000e+00 -9.568005e+01 -2.205172e+01
     vertex  5.750000e+00 -9.571953e+01 -2.207092e+01
   endloop
 endfacet
 facet normal -1.000000e+00  0.000000e+00  0.000000e+00
   outer loop
     vertex  5.750000e+00 -1.020000e+02 -1.000000e+01
     vertex  5.750000e+00 -9.571953e+01 -2.207092e+01
     vertex  5.750000e+00 -9.575847e+01 -2.209120e+01
   endloop
 endfacet
 facet normal -1.000000e+00  0.000000e+00  0.000000e+00
   outer loop
     vertex  5.750000e+00 -1.020000e+02 -1.000000e+01
     vertex  5.750000e+00 -9.575847e+01 -2.209120e+01
     vertex  5.750000e+00 -9.579683e+01 -2.211253e+01
   endloop
 endfacet
 facet normal -1.000000e+00  0.000000e+00  0.000000e+00
   outer loop
     vertex  5.750000e+00 -1.020000e+02 -1.000000e+01
     vertex  5.750000e+00 -9.579683e+01 -2.211253e+01
     vertex  5.750000e+00 -9.583459e+01 -2.213492e+01
   endloop
 endfacet
 facet normal -1.000000e+00  0.000000e+00  0.000000e+00
   outer loop
     vertex  5.750000e+00 -1.020000e+02 -1.000000e+01
     vertex  5.750000e+00 -9.652438e+01 -2.301393e+01
     vertex  5.750000e+00 -1.020000e+02 -2.950000e+01
   endloop
 endfacet
 facet normal -1.000000e+00  0.000000e+00  0.000000e+00
   outer loop
     vertex  5.750000e+00 -1.020000e+02 -1.000000e+01
     vertex  5.750000e+00 -9.583459e+01 -2.213492e+01
     vertex  5.750000e+00 -9.587173e+01 -2.215833e+01
   endloop
 endfacet
 facet normal -1.000000e+00  0.000000e+00  0.000000e+00
   outer loop
     vertex  5.750000e+00 -1.020000e+02 -1.000000e+01
     vertex  5.750000e+00 -9.587173e+01 -2.215833e+01
     vertex  5.750000e+00 -9.590821e+01 -2.218275e+01
   endloop
 endfacet
 facet normal -1.000000e+00  0.000000e+00  0.000000e+00
   outer loop
     vertex  5.750000e+00 -1.020000e+02 -1.000000e+01
     vertex  5.750000e+00 -9.590821e+01 -2.218275e+01
     vertex  5.750000e+00 -9.594400e+01 -2.220816e+01
   endloop
 endfacet
 facet normal -1.000000e+00  0.000000e+00  0.000000e+00
   outer loop
     vertex  5.750000e+00 -1.020000e+02 -1.000000e+01
     vertex  5.750000e+00 -9.594400e+01 -2.220816e+01
     vertex  5.750000e+00 -9.597909e+01 -2.223454e+01
   endloop
 endfacet
 facet normal -1.000000e+00  0.000000e+00  0.000000e+00
   outer loop
     vertex  5.750000e+00 -1.020000e+02 -1.000000e+01
     vertex  5.750000e+00 -9.597909e+01 -2.223454e+01
     vertex  5.750000e+00 -9.601344e+01 -2.226188e+01
   endloop
 endfacet
 facet normal -1.000000e+00  0.000000e+00  0.000000e+00
   outer loop
     vertex  5.750000e+00 -1.020000e+02 -1.000000e+01
     vertex  5.750000e+00 -9.601344e+01 -2.226188e+01
     vertex  5.750000e+00 -9.604702e+01 -2.229015e+01
   endloop
 endfacet
 facet normal -1.000000e+00  0.000000e+00  0.000000e+00
   outer loop
     vertex  5.750000e+00 -1.020000e+02 -1.000000e+01
     vertex  5.750000e+00 -9.604702e+01 -2.229015e+01
     vertex  5.750000e+00 -9.607982e+01 -2.231933e+01
   endloop
 endfacet
 facet normal -1.000000e+00  0.000000e+00  0.000000e+00
   outer loop
     vertex  5.750000e+00 -1.020000e+02 -1.000000e+01
     vertex  5.750000e+00 -9.607982e+01 -2.231933e+01
     vertex  5.750000e+00 -9.611180e+01 -2.234940e+01
   endloop
 endfacet
 facet normal -1.000000e+00  0.000000e+00  0.000000e+00
   outer loop
     vertex  5.750000e+00 -1.020000e+02 -1.000000e+01
     vertex  5.750000e+00 -9.611180e+01 -2.234940e+01
     vertex  5.750000e+00 -9.614295e+01 -2.238033e+01
   endloop
 endfacet
 facet normal -1.000000e+00  0.000000e+00  0.000000e+00
   outer loop
     vertex  5.750000e+00 -1.020000e+02 -1.000000e+01
     vertex  5.750000e+00 -9.614295e+01 -2.238033e+01
     vertex  5.750000e+00 -9.617324e+01 -2.241211e+01
   endloop
 endfacet
 facet normal -1.000000e+00  0.000000e+00  0.000000e+00
   outer loop
     vertex  5.750000e+00 -1.020000e+02 -1.000000e+01
     vertex  5.750000e+00 -9.617324e+01 -2.241211e+01
     vertex  5.750000e+00 -9.620264e+01 -2.244470e+01
   endloop
 endfacet
 facet normal -1.000000e+00  0.000000e+00  0.000000e+00
   outer loop
     vertex  5.750000e+00 -1.020000e+02 -1.000000e+01
     vertex  5.750000e+00 -9.620264e+01 -2.244470e+01
     vertex  5.750000e+00 -9.623114e+01 -2.247809e+01
   endloop
 endfacet
 facet normal -1.000000e+00  0.000000e+00  0.000000e+00
   outer loop
     vertex  5.750000e+00 -1.020000e+02 -1.000000e+01
     vertex  5.750000e+00 -9.623114e+01 -2.247809e+01
     vertex  5.750000e+00 -9.625871e+01 -2.251225e+01
   endloop
 endfacet
 facet normal -1.000000e+00  0.000000e+00  0.000000e+00
   outer loop
     vertex  5.750000e+00 -1.020000e+02 -1.000000e+01
     vertex  5.750000e+00 -9.625871e+01 -2.251225e+01
     vertex  5.750000e+00 -9.628534e+01 -2.254716e+01
   endloop
 endfacet
 facet normal -1.000000e+00  0.000000e+00  0.000000e+00
   outer loop
     vertex  5.750000e+00 -1.020000e+02 -1.000000e+01
     vertex  5.750000e+00 -9.628534e+01 -2.254716e+01
     vertex  5.750000e+00 -9.631099e+01 -2.258278e+01
   endloop
 endfacet
 facet normal -1.000000e+00  0.000000e+00  0.000000e+00
   outer loop
     vertex  5.750000e+00 -1.020000e+02 -1.000000e+01
     vertex  5.750000e+00 -9.631099e+01 -2.258278e+01
     vertex  5.750000e+00 -9.633566e+01 -2.261909e+01
   endloop
 endfacet
 facet normal -1.000000e+00  0.000000e+00  0.000000e+00
   outer loop
     vertex  5.750000e+00 -1.020000e+02 -1.000000e+01
     vertex  5.750000e+00 -9.633566e+01 -2.261909e+01
     vertex  5.750000e+00 -9.635933e+01 -2.265606e+01
   endloop
 endfacet
 facet normal -1.000000e+00  0.000000e+00  0.000000e+00
   outer loop
     vertex  5.750000e+00 -1.020000e+02 -1.000000e+01
     vertex  5.750000e+00 -9.635933e+01 -2.265606e+01
     vertex  5.750000e+00 -9.638197e+01 -2.269367e+01
   endloop
 endfacet
 facet normal -1.000000e+00  0.000000e+00  0.000000e+00
   outer loop
     vertex  5.750000e+00 -1.020000e+02 -1.000000e+01
     vertex  5.750000e+00 -9.638197e+01 -2.269367e+01
     vertex  5.750000e+00 -9.640357e+01 -2.273189e+01
   endloop
 endfacet
 facet normal -1.000000e+00  0.000000e+00  0.000000e+00
   outer loop
     vertex  5.750000e+00 -1.020000e+02 -1.000000e+01
     vertex  5.750000e+00 -9.640357e+01 -2.273189e+01
     vertex  5.750000e+00 -9.642411e+01 -2.277068e+01
   endloop
 endfacet
 facet normal -1.000000e+00  0.000000e+00  0.000000e+00
   outer loop
     vertex  5.750000e+00 -1.020000e+02 -1.000000e+01
     vertex  5.750000e+00 -9.642411e+01 -2.277068e+01
     vertex  5.750000e+00 -9.644358e+01 -2.281003e+01
   endloop
 endfacet
 facet normal -1.000000e+00  0.000000e+00  0.000000e+00
   outer loop
     vertex  5.750000e+00 -1.020000e+02 -1.000000e+01
     vertex  5.750000e+00 -9.644358e+01 -2.281003e+01
     vertex  5.750000e+00 -9.646197e+01 -2.284989e+01
   endloop
 endfacet
 facet normal -1.000000e+00  0.000000e+00  0.000000e+00
   outer loop
     vertex  5.750000e+00 -1.020000e+02 -1.000000e+01
     vertex  5.750000e+00 -9.646197e+01 -2.284989e+01
     vertex  5.750000e+00 -9.647926e+01 -2.289024e+01
   endloop
 endfacet
 facet normal -1.000000e+00  0.000000e+00  0.000000e+00
   outer loop
     vertex  5.750000e+00 -1.020000e+02 -1.000000e+01
     vertex  5.750000e+00 -9.647926e+01 -2.289024e+01
     vertex  5.750000e+00 -9.649543e+01 -2.293105e+01
   endloop
 endfacet
 facet normal -1.000000e+00  0.000000e+00  0.000000e+00
   outer loop
     vertex  5.750000e+00 -1.020000e+02 -1.000000e+01
     vertex  5.750000e+00 -9.649543e+01 -2.293105e+01
     vertex  5.750000e+00 -9.651047e+01 -2.297229e+01
   endloop
 endfacet
 facet normal -1.000000e+00  0.000000e+00  0.000000e+00
   outer loop
     vertex  5.750000e+00 -1.020000e+02 -1.000000e+01
     vertex  5.750000e+00 -9.651047e+01 -2.297229e+01
     vertex  5.750000e+00 -9.652438e+01 -2.301393e+01
   endloop
 endfacet
 facet normal -0.000000e+00  0.000000e+00 -1.000000e+00
   outer loop
     vertex  8.750000e+00 -8.800000e+01 -2.950000e+01
     vertex  5.750000e+00 -1.020000e+02 -2.950000e+01
     vertex  5.750000e+00 -8.800000e+01 -2.950000e+01
   endloop
 endfacet
 facet normal  0.000000e+00 -0.000000e+00 -1.000000e+00
   outer loop
     vertex  8.750000e+00 -8.800000e+01 -2.950000e+01
     vertex  8.750000e+00 -1.020000e+02 -2.950000e+01
     vertex  5.750000e+00 -1.020000e+02 -2.950000e+01
   endloop
 endfacet
 facet normal  1.000000e+00  0.000000e+00  0.000000e+00
   outer loop
     vertex  8.750000e+00 -9.384180e+01 -2.460389e+01
     vertex  8.750000e+00 -9.387252e+01 -2.463524e+01
     vertex  8.750000e+00 -8.800000e+01 -2.950000e+01
   endloop
 endfacet
 facet normal  1.000000e+00 -0.000000e+00  0.000000e+00
   outer loop
     vertex  8.750000e+00 -9.390408e+01 -2.466575e+01
     vertex  8.750000e+00 -8.800000e+01 -2.950000e+01
     vertex  8.750000e+00 -9.387252e+01 -2.463524e+01
   endloop
 endfacet
 facet normal  1.000000e+00  0.000000e+00  0.000000e+00
   outer loop
     vertex  8.750000e+00 -9.381195e+01 -2.457170e+01
     vertex  8.750000e+00 -9.384180e+01 -2.460389e+01
     vertex  8.750000e+00 -8.800000e+01 -2.950000e+01
   endloop
 endfacet
 facet normal  1.000000e+00 -0.000000e+00  0.000000e+00
   outer loop
     vertex  8.750000e+00 -9.393648e+01 -2.469538e+01
     vertex  8.750000e+00 -8.800000e+01 -2.950000e+01
     vertex  8.750000e+00 -9.390408e+01 -2.466575e+01
   endloop
 endfacet
 facet normal  1.000000e+00  0.000000e+00  0.000000e+00
   outer loop
     vertex  8.750000e+00 -9.378299e+01 -2.453870e+01
     vertex  8.750000e+00 -9.381195e+01 -2.457170e+01
     vertex  8.750000e+00 -8.800000e+01 -2.950000e+01
   endloop
 endfacet
 facet normal  1.000000e+00 -0.000000e+00  0.000000e+00
   outer loop
     vertex  8.750000e+00 -9.396967e+01 -2.472410e+01
     vertex  8.750000e+00 -8.800000e+01 -2.950000e+01
     vertex  8.750000e+00 -9.393648e+01 -2.469538e+01
   endloop
 endfacet
 facet normal  1.000000e+00  0.000000e+00  0.000000e+00
   outer loop
     vertex  8.750000e+00 -9.375496e+01 -2.450492e+01
     vertex  8.750000e+00 -9.378299e+01 -2.453870e+01
     vertex  8.750000e+00 -8.800000e+01 -2.950000e+01
   endloop
 endfacet
 facet normal  1.000000e+00 -0.000000e+00  0.000000e+00
   outer loop
     vertex  8.750000e+00 -9.400364e+01 -2.475191e+01
     vertex  8.750000e+00 -8.800000e+01 -2.950000e+01
     vertex  8.750000e+00 -9.396967e+01 -2.472410e+01
   endloop
 endfacet
 facet normal  1.000000e+00  0.000000e+00  0.000000e+00
   outer loop
     vertex  8.750000e+00 -9.372786e+01 -2.447039e+01
     vertex  8.750000e+00 -9.375496e+01 -2.450492e+01
     vertex  8.750000e+00 -8.800000e+01 -2.950000e+01
   endloop
 endfacet
 facet normal  1.000000e+00 -0.000000e+00  0.000000e+00
   outer loop
     vertex  8.750000e+00 -9.403836e+01 -2.477877e+01
     vertex  8.750000e+00 -8.800000e+01 -2.950000e+01
     vertex  8.750000e+00 -9.400364e+01 -2.475191e+01
   endloop
 endfacet
 facet normal  1.000000e+00  0.000000e+00  0.000000e+00
   outer loop
     vertex  8.750000e+00 -9.370171e+01 -2.443512e+01
     vertex  8.750000e+00 -9.372786e+01 -2.447039e+01
     vertex  8.750000e+00 -8.800000e+01 -2.950000e+01
   endloop
 endfacet
 facet normal  1.000000e+00 -0.000000e+00  0.000000e+00
   outer loop
     vertex  8.750000e+00 -9.407381e+01 -2.480467e+01
     vertex  8.750000e+00 -8.800000e+01 -2.950000e+01
     vertex  8.750000e+00 -9.403836e+01 -2.477877e+01
   endloop
 endfacet
 facet normal  1.000000e+00  0.000000e+00  0.000000e+00
   outer loop
     vertex  8.750000e+00 -9.367655e+01 -2.439915e+01
     vertex  8.750000e+00 -9.370171e+01 -2.443512e+01
     vertex  8.750000e+00 -8.800000e+01 -2.950000e+01
   endloop
 endfacet
 facet normal  1.000000e+00 -0.000000e+00  0.000000e+00
   outer loop
     vertex  8.750000e+00 -9.410995e+01 -2.482959e+01
     vertex  8.750000e+00 -8.800000e+01 -2.950000e+01
     vertex  8.750000e+00 -9.407381e+01 -2.480467e+01
   endloop
 endfacet
 facet normal  1.000000e+00  0.000000e+00  0.000000e+00
   outer loop
     vertex  8.750000e+00 -9.365238e+01 -2.436251e+01
     vertex  8.750000e+00 -9.367655e+01 -2.439915e+01
     vertex  8.750000e+00 -8.800000e+01 -2.950000e+01
   endloop
 endfacet
 facet normal  1.000000e+00 -0.000000e+00  0.000000e+00
   outer loop
     vertex  8.750000e+00 -9.414676e+01 -2.485351e+01
     vertex  8.750000e+00 -8.800000e+01 -2.950000e+01
     vertex  8.750000e+00 -9.410995e+01 -2.482959e+01
   endloop
 endfacet
 facet normal  1.000000e+00  0.000000e+00  0.000000e+00
   outer loop
     vertex  8.750000e+00 -9.362922e+01 -2.432521e+01
     vertex  8.750000e+00 -9.365238e+01 -2.436251e+01
     vertex  8.750000e+00 -8.800000e+01 -2.950000e+01
   endloop
 endfacet
 facet normal  1.000000e+00 -0.000000e+00  0.000000e+00
   outer loop
     vertex  8.750000e+00 -9.418421e+01 -2.487640e+01
     vertex  8.750000e+00 -8.800000e+01 -2.950000e+01
     vertex  8.750000e+00 -9.414676e+01 -2.485351e+01
   endloop
 endfacet
 facet normal  1.000000e+00  0.000000e+00  0.000000e+00
   outer loop
     vertex  8.750000e+00 -9.360710e+01 -2.428729e+01
     vertex  8.750000e+00 -9.362922e+01 -2.432521e+01
     vertex  8.750000e+00 -8.800000e+01 -2.950000e+01
   endloop
 endfacet
 facet normal  1.000000e+00 -0.000000e+00  0.000000e+00
   outer loop
     vertex  8.750000e+00 -9.422228e+01 -2.489827e+01
     vertex  8.750000e+00 -8.800000e+01 -2.950000e+01
     vertex  8.750000e+00 -9.418421e+01 -2.487640e+01
   endloop
 endfacet
 facet normal  1.000000e+00  0.000000e+00  0.000000e+00
   outer loop
     vertex  8.750000e+00 -9.358603e+01 -2.424878e+01
     vertex  8.750000e+00 -9.360710e+01 -2.428729e+01
     vertex  8.750000e+00 -8.800000e+01 -2.950000e+01
   endloop
 endfacet
 facet normal  1.000000e+00 -0.000000e+00  0.000000e+00
   outer loop
     vertex  8.750000e+00 -9.426093e+01 -2.491908e+01
     vertex  8.750000e+00 -8.800000e+01 -2.950000e+01
     vertex  8.750000e+00 -9.422228e+01 -2.489827e+01
   endloop
 endfacet
 facet normal  1.000000e+00  0.000000e+00  0.000000e+00
   outer loop
     vertex  8.750000e+00 -9.356602e+01 -2.420971e+01
     vertex  8.750000e+00 -9.358603e+01 -2.424878e+01
     vertex  8.750000e+00 -8.800000e+01 -2.950000e+01
   endloop
 endfacet
 facet normal  1.000000e+00 -0.000000e+00  0.000000e+00
   outer loop
     vertex  8.750000e+00 -9.430014e+01 -2.493882e+01
     vertex  8.750000e+00 -8.800000e+01 -2.950000e+01
     vertex  8.750000e+00 -9.426093e+01 -2.491908e+01
   endloop
 endfacet
 facet normal  1.000000e+00  0.000000e+00  0.000000e+00
   outer loop
     vertex  8.750000e+00 -9.354709e+01 -2.417010e+01
     vertex  8.750000e+00 -9.356602e+01 -2.420971e+01
     vertex  8.750000e+00 -8.800000e+01 -2.950000e+01
   endloop
 endfacet
 facet normal  1.000000e+00 -0.000000e+00  0.000000e+00
   outer loop
     vertex  8.750000e+00 -9.433988e+01 -2.495748e+01
     vertex  8.750000e+00 -8.800000e+01 -2.950000e+01
     vertex  8.750000e+00 -9.430014e+01 -2.493882e+01
   endloop
 endfacet
 facet normal  1.000000e+00  0.000000e+00  0.000000e+00
   outer loop
     vertex  8.750000e+00 -9.352925e+01 -2.412999e+01
     vertex  8.750000e+00 -9.354709e+01 -2.417010e+01
     vertex  8.750000e+00 -8.800000e+01 -2.950000e+01
   endloop
 endfacet
 facet normal  1.000000e+00 -0.000000e+00  0.000000e+00
   outer loop
     vertex  8.750000e+00 -9.438011e+01 -2.497504e+01
     vertex  8.750000e+00 -8.800000e+01 -2.950000e+01
     vertex  8.750000e+00 -9.433988e+01 -2.495748e+01
   endloop
 endfacet
 facet normal  1.000000e+00  0.000000e+00  0.000000e+00
   outer loop
     vertex  8.750000e+00 -9.351252e+01 -2.408941e+01
     vertex  8.750000e+00 -9.352925e+01 -2.412999e+01
     vertex  8.750000e+00 -8.800000e+01 -2.950000e+01
   endloop
 endfacet
 facet normal  1.000000e+00 -0.000000e+00  0.000000e+00
   outer loop
     vertex  8.750000e+00 -9.442081e+01 -2.499149e+01
     vertex  8.750000e+00 -8.800000e+01 -2.950000e+01
     vertex  8.750000e+00 -9.438011e+01 -2.497504e+01
   endloop
 endfacet
 facet normal  1.000000e+00  0.000000e+00  0.000000e+00
   outer loop
     vertex  8.750000e+00 -9.349691e+01 -2.404838e+01
     vertex  8.750000e+00 -9.351252e+01 -2.408941e+01
     vertex  8.750000e+00 -8.800000e+01 -2.950000e+01
   endloop
 endfacet
 facet normal  1.000000e+00 -0.000000e+00  0.000000e+00
   outer loop
     vertex  8.750000e+00 -9.446195e+01 -2.500682e+01
     vertex  8.750000e+00 -8.800000e+01 -2.950000e+01
     vertex  8.750000e+00 -9.442081e+01 -2.499149e+01
   endloop
 endfacet
 facet normal  1.000000e+00  0.000000e+00  0.000000e+00
   outer loop
     vertex  8.750000e+00 -9.348243e+01 -2.400694e+01
     vertex  8.750000e+00 -9.349691e+01 -2.404838e+01
     vertex  8.750000e+00 -8.800000e+01 -2.950000e+01
   endloop
 endfacet
 facet normal  1.000000e+00 -0.000000e+00  0.000000e+00
   outer loop
     vertex  8.750000e+00 -9.450349e+01 -2.502101e+01
     vertex  8.750000e+00 -8.800000e+01 -2.950000e+01
     vertex  8.750000e+00 -9.446195e+01 -2.500682e+01
   endloop
 endfacet
 facet normal  1.000000e+00  0.000000e+00  0.000000e+00
   outer loop
     vertex  8.750000e+00 -9.346909e+01 -2.396511e+01
     vertex  8.750000e+00 -9.348243e+01 -2.400694e+01
     vertex  8.750000e+00 -8.800000e+01 -2.950000e+01
   endloop
 endfacet
 facet normal  1.000000e+00 -0.000000e+00  0.000000e+00
   outer loop
     vertex  8.750000e+00 -9.454540e+01 -2.503406e+01
     vertex  8.750000e+00 -8.800000e+01 -2.950000e+01
     vertex  8.750000e+00 -9.450349e+01 -2.502101e+01
   endloop
 endfacet
 facet normal  1.000000e+00  0.000000e+00  0.000000e+00
   outer loop
     vertex  8.750000e+00 -9.345691e+01 -2.392294e+01
     vertex  8.750000e+00 -9.346909e+01 -2.396511e+01
     vertex  8.750000e+00 -8.800000e+01 -2.950000e+01
   endloop
 endfacet
 facet normal  1.000000e+00 -0.000000e+00  0.000000e+00
   outer loop
     vertex  8.750000e+00 -9.458766e+01 -2.504595e+01
     vertex  8.750000e+00 -8.800000e+01 -2.950000e+01
     vertex  8.750000e+00 -9.454540e+01 -2.503406e+01
   endloop
 endfacet
 facet normal  1.000000e+00  0.000000e+00  0.000000e+00
   outer loop
     vertex  8.750000e+00 -9.344589e+01 -2.388045e+01
     vertex  8.750000e+00 -9.345691e+01 -2.392294e+01
     vertex  8.750000e+00 -8.800000e+01 -2.950000e+01
   endloop
 endfacet
 facet normal  1.000000e+00 -0.000000e+00  0.000000e+00
   outer loop
     vertex  8.750000e+00 -9.463022e+01 -2.505668e+01
     vertex  8.750000e+00 -8.800000e+01 -2.950000e+01
     vertex  8.750000e+00 -9.458766e+01 -2.504595e+01
   endloop
 endfacet
 facet normal  1.000000e+00  0.000000e+00  0.000000e+00
   outer loop
     vertex  8.750000e+00 -9.343604e+01 -2.383767e+01
     vertex  8.750000e+00 -9.344589e+01 -2.388045e+01
     vertex  8.750000e+00 -8.800000e+01 -2.950000e+01
   endloop
 endfacet
 facet normal  1.000000e+00 -0.000000e+00  0.000000e+00
   outer loop
     vertex  8.750000e+00 -9.467307e+01 -2.506624e+01
     vertex  8.750000e+00 -8.800000e+01 -2.950000e+01
     vertex  8.750000e+00 -9.463022e+01 -2.505668e+01
   endloop
 endfacet
 facet normal  1.000000e+00  0.000000e+00  0.000000e+00
   outer loop
     vertex  8.750000e+00 -9.342736e+01 -2.379463e+01
     vertex  8.750000e+00 -9.343604e+01 -2.383767e+01
     vertex  8.750000e+00 -8.800000e+01 -2.950000e+01
   endloop
 endfacet
 facet normal  1.000000e+00 -0.000000e+00  0.000000e+00
   outer loop
     vertex  8.750000e+00 -9.471616e+01 -2.507462e+01
     vertex  8.750000e+00 -8.800000e+01 -2.950000e+01
     vertex  8.750000e+00 -9.467307e+01 -2.506624e+01
   endloop
 endfacet
 facet normal  1.000000e+00  0.000000e+00  0.000000e+00
   outer loop
     vertex  8.750000e+00 -9.341987e+01 -2.375138e+01
     vertex  8.750000e+00 -9.342736e+01 -2.379463e+01
     vertex  8.750000e+00 -8.800000e+01 -2.950000e+01
   endloop
 endfacet
 facet normal  1.000000e+00 -0.000000e+00  0.000000e+00
   outer loop
     vertex  8.750000e+00 -9.475947e+01 -2.508182e+01
     vertex  8.750000e+00 -8.800000e+01 -2.950000e+01
     vertex  8.750000e+00 -9.471616e+01 -2.507462e+01
   endloop
 endfacet
 facet normal  1.000000e+00  0.000000e+00  0.000000e+00
   outer loop
     vertex  8.750000e+00 -9.341357e+01 -2.370794e+01
     vertex  8.750000e+00 -9.341987e+01 -2.375138e+01
     vertex  8.750000e+00 -8.800000e+01 -2.950000e+01
   endloop
 endfacet
 facet normal  1.000000e+00 -0.000000e+00  0.000000e+00
   outer loop
     vertex  8.750000e+00 -9.480295e+01 -2.508782e+01
     vertex  8.750000e+00 -8.800000e+01 -2.950000e+01
     vertex  8.750000e+00 -9.475947e+01 -2.508182e+01
   endloop
 endfacet
 facet normal  1.000000e+00  0.000000e+00  0.000000e+00
   outer loop
     vertex  8.750000e+00 -9.340846e+01 -2.366433e+01
     vertex  8.750000e+00 -9.341357e+01 -2.370794e+01
     vertex  8.750000e+00 -8.800000e+01 -2.950000e+01
   endloop
 endfacet
 facet normal  1.000000e+00 -0.000000e+00  0.000000e+00
   outer loop
     vertex  8.750000e+00 -9.484659e+01 -2.509263e+01
     vertex  8.750000e+00 -8.800000e+01 -2.950000e+01
     vertex  8.750000e+00 -9.480295e+01 -2.508782e+01
   endloop
 endfacet
 facet normal  1.000000e+00  0.000000e+00  0.000000e+00
   outer loop
     vertex  8.750000e+00 -9.340455e+01 -2.362061e+01
     vertex  8.750000e+00 -9.340846e+01 -2.366433e+01
     vertex  8.750000e+00 -8.800000e+01 -2.950000e+01
   endloop
 endfacet
 facet normal  1.000000e+00 -0.000000e+00  0.000000e+00
   outer loop
     vertex  8.750000e+00 -9.489034e+01 -2.509624e+01
     vertex  8.750000e+00 -8.800000e+01 -2.950000e+01
     vertex  8.750000e+00 -9.484659e+01 -2.509263e+01
   endloop
 endfacet
 facet normal  1.000000e+00  0.000000e+00  0.000000e+00
   outer loop
     vertex  8.750000e+00 -9.340184e+01 -2.357680e+01
     vertex  8.750000e+00 -9.340455e+01 -2.362061e+01
     vertex  8.750000e+00 -8.800000e+01 -2.950000e+01
   endloop
 endfacet
 facet normal  1.000000e+00 -0.000000e+00  0.000000e+00
   outer loop
     vertex  8.750000e+00 -9.493417e+01 -2.509865e+01
     vertex  8.750000e+00 -8.800000e+01 -2.950000e+01
     vertex  8.750000e+00 -9.489034e+01 -2.509624e+01
   endloop
 endfacet
 facet normal  1.000000e+00  0.000000e+00  0.000000e+00
   outer loop
     vertex  8.750000e+00 -9.340034e+01 -2.353292e+01
     vertex  8.750000e+00 -9.340184e+01 -2.357680e+01
     vertex  8.750000e+00 -8.800000e+01 -2.950000e+01
   endloop
 endfacet
 facet normal  1.000000e+00 -0.000000e+00  0.000000e+00
   outer loop
     vertex  8.750000e+00 -9.497805e+01 -2.509985e+01
     vertex  8.750000e+00 -8.800000e+01 -2.950000e+01
     vertex  8.750000e+00 -9.493417e+01 -2.509865e+01
   endloop
 endfacet
 facet normal  1.000000e+00  0.000000e+00  0.000000e+00
   outer loop
     vertex  8.750000e+00 -9.340004e+01 -2.348903e+01
     vertex  8.750000e+00 -9.340034e+01 -2.353292e+01
     vertex  8.750000e+00 -8.800000e+01 -2.950000e+01
   endloop
 endfacet
 facet normal  1.000000e+00  0.000000e+00  0.000000e+00
   outer loop
     vertex  8.750000e+00 -9.340094e+01 -2.344514e+01
     vertex  8.750000e+00 -9.340004e+01 -2.348903e+01
     vertex  8.750000e+00 -8.800000e+01 -2.950000e+01
   endloop
 endfacet
 facet normal  1.000000e+00  0.000000e+00  0.000000e+00
   outer loop
     vertex  8.750000e+00 -9.340305e+01 -2.340129e+01
     vertex  8.750000e+00 -9.340094e+01 -2.344514e+01
     vertex  8.750000e+00 -8.800000e+01 -2.950000e+01
   endloop
 endfacet
 facet normal  1.000000e+00  0.000000e+00  0.000000e+00
   outer loop
     vertex  8.750000e+00 -9.340636e+01 -2.335751e+01
     vertex  8.750000e+00 -9.340305e+01 -2.340129e+01
     vertex  8.750000e+00 -8.800000e+01 -2.950000e+01
   endloop
 endfacet
 facet normal  1.000000e+00  0.000000e+00  0.000000e+00
   outer loop
     vertex  8.750000e+00 -9.341087e+01 -2.331385e+01
     vertex  8.750000e+00 -9.340636e+01 -2.335751e+01
     vertex  8.750000e+00 -8.800000e+01 -2.950000e+01
   endloop
 endfacet
 facet normal  1.000000e+00  0.000000e+00  0.000000e+00
   outer loop
     vertex  8.750000e+00 -9.341657e+01 -2.327032e+01
     vertex  8.750000e+00 -9.341087e+01 -2.331385e+01
     vertex  8.750000e+00 -8.800000e+01 -2.950000e+01
   endloop
 endfacet
 facet normal  1.000000e+00  0.000000e+00  0.000000e+00
   outer loop
     vertex  8.750000e+00 -9.342347e+01 -2.322697e+01
     vertex  8.750000e+00 -9.341657e+01 -2.327032e+01
     vertex  8.750000e+00 -8.800000e+01 -2.950000e+01
   endloop
 endfacet
 facet normal  1.000000e+00  0.000000e+00  0.000000e+00
   outer loop
     vertex  8.750000e+00 -9.343155e+01 -2.318382e+01
     vertex  8.750000e+00 -9.342347e+01 -2.322697e+01
     vertex  8.750000e+00 -8.800000e+01 -2.950000e+01
   endloop
 endfacet
 facet normal  1.000000e+00  0.000000e+00  0.000000e+00
   outer loop
     vertex  8.750000e+00 -9.344082e+01 -2.314091e+01
     vertex  8.750000e+00 -9.343155e+01 -2.318382e+01
     vertex  8.750000e+00 -8.800000e+01 -2.950000e+01
   endloop
 endfacet
 facet normal  1.000000e+00  0.000000e+00  0.000000e+00
   outer loop
     vertex  8.750000e+00 -9.345125e+01 -2.309827e+01
     vertex  8.750000e+00 -9.344082e+01 -2.314091e+01
     vertex  8.750000e+00 -8.800000e+01 -2.950000e+01
   endloop
 endfacet
 facet normal  1.000000e+00  0.000000e+00  0.000000e+00
   outer loop
     vertex  8.750000e+00 -9.346286e+01 -2.305593e+01
     vertex  8.750000e+00 -9.345125e+01 -2.309827e+01
     vertex  8.750000e+00 -8.800000e+01 -2.950000e+01
   endloop
 endfacet
 facet normal  1.000000e+00  0.000000e+00  0.000000e+00
   outer loop
     vertex  8.750000e+00 -9.347562e+01 -2.301393e+01
     vertex  8.750000e+00 -9.346286e+01 -2.305593e+01
     vertex  8.750000e+00 -8.800000e+01 -2.950000e+01
   endloop
 endfacet
 facet normal  1.000000e+00  0.000000e+00  0.000000e+00
   outer loop
     vertex  8.750000e+00 -9.348953e+01 -2.297229e+01
     vertex  8.750000e+00 -9.347562e+01 -2.301393e+01
     vertex  8.750000e+00 -8.800000e+01 -2.950000e+01
   endloop
 endfacet
 facet normal  1.000000e+00  0.000000e+00  0.000000e+00
   outer loop
     vertex  8.750000e+00 -9.350457e+01 -2.293105e+01
     vertex  8.750000e+00 -9.348953e+01 -2.297229e+01
     vertex  8.750000e+00 -8.800000e+01 -2.950000e+01
   endloop
 endfacet
 facet normal  1.000000e+00  0.000000e+00  0.000000e+00
   outer loop
     vertex  8.750000e+00 -9.352074e+01 -2.289024e+01
     vertex  8.750000e+00 -9.350457e+01 -2.293105e+01
     vertex  8.750000e+00 -8.800000e+01 -2.950000e+01
   endloop
 endfacet
 facet normal  1.000000e+00  0.000000e+00  0.000000e+00
   outer loop
     vertex  8.750000e+00 -9.353803e+01 -2.284989e+01
     vertex  8.750000e+00 -9.352074e+01 -2.289024e+01
     vertex  8.750000e+00 -8.800000e+01 -2.950000e+01
   endloop
 endfacet
 facet normal  1.000000e+00  0.000000e+00  0.000000e+00
   outer loop
     vertex  8.750000e+00 -9.355642e+01 -2.281003e+01
     vertex  8.750000e+00 -9.353803e+01 -2.284989e+01
     vertex  8.750000e+00 -8.800000e+01 -2.950000e+01
   endloop
 endfacet
 facet normal  1.000000e+00  0.000000e+00  0.000000e+00
   outer loop
     vertex  8.750000e+00 -9.357589e+01 -2.277068e+01
     vertex  8.750000e+00 -9.355642e+01 -2.281003e+01
     vertex  8.750000e+00 -8.800000e+01 -2.950000e+01
   endloop
 endfacet
 facet normal  1.000000e+00  0.000000e+00  0.000000e+00
   outer loop
     vertex  8.750000e+00 -9.359643e+01 -2.273189e+01
     vertex  8.750000e+00 -9.357589e+01 -2.277068e+01
     vertex  8.750000e+00 -8.800000e+01 -2.950000e+01
   endloop
 endfacet
 facet normal  1.000000e+00  0.000000e+00  0.000000e+00
   outer loop
     vertex  8.750000e+00 -1.020000e+02 -2.950000e+01
     vertex  8.750000e+00 -9.573907e+01 -2.491908e+01
     vertex  8.750000e+00 -9.577772e+01 -2.489827e+01
   endloop
 endfacet
 facet normal  1.000000e+00  0.000000e+00  0.000000e+00
   outer loop
     vertex  8.750000e+00 -1.020000e+02 -2.950000e+01
     vertex  8.750000e+00 -9.569986e+01 -2.493882e+01
     vertex  8.750000e+00 -9.573907e+01 -2.491908e+01
   endloop
 endfacet
 facet normal  1.000000e+00  0.000000e+00  0.000000e+00
   outer loop
     vertex  8.750000e+00 -1.020000e+02 -2.950000e+01
     vertex  8.750000e+00 -9.566012e+01 -2.495748e+01
     vertex  8.750000e+00 -9.569986e+01 -2.493882e+01
   endloop
 endfacet
 facet normal  1.000000e+00  0.000000e+00  0.000000e+00
   outer loop
     vertex  8.750000e+00 -1.020000e+02 -2.950000e+01
     vertex  8.750000e+00 -9.561989e+01 -2.497504e+01
     vertex  8.750000e+00 -9.566012e+01 -2.495748e+01
   endloop
 endfacet
 facet normal  1.000000e+00  0.000000e+00  0.000000e+00
   outer loop
     vertex  8.750000e+00 -1.020000e+02 -2.950000e+01
     vertex  8.750000e+00 -9.557919e+01 -2.499149e+01
     vertex  8.750000e+00 -9.561989e+01 -2.497504e+01
   endloop
 endfacet
 facet normal  1.000000e+00  0.000000e+00  0.000000e+00
   outer loop
     vertex  8.750000e+00 -1.020000e+02 -2.950000e+01
     vertex  8.750000e+00 -9.553805e+01 -2.500682e+01
     vertex  8.750000e+00 -9.557919e+01 -2.499149e+01
   endloop
 endfacet
 facet normal  1.000000e+00  0.000000e+00  0.000000e+00
   outer loop
     vertex  8.750000e+00 -1.020000e+02 -2.950000e+01
     vertex  8.750000e+00 -9.549651e+01 -2.502101e+01
     vertex  8.750000e+00 -9.553805e+01 -2.500682e+01
   endloop
 endfacet
 facet normal  1.000000e+00  0.000000e+00  0.000000e+00
   outer loop
     vertex  8.750000e+00 -1.020000e+02 -2.950000e+01
     vertex  8.750000e+00 -9.545460e+01 -2.503406e+01
     vertex  8.750000e+00 -9.549651e+01 -2.502101e+01
   endloop
 endfacet
 facet normal  1.000000e+00  0.000000e+00  0.000000e+00
   outer loop
     vertex  8.750000e+00 -1.020000e+02 -2.950000e+01
     vertex  8.750000e+00 -9.541234e+01 -2.504595e+01
     vertex  8.750000e+00 -9.545460e+01 -2.503406e+01
   endloop
 endfacet
 facet normal  1.000000e+00  0.000000e+00  0.000000e+00
   outer loop
     vertex  8.750000e+00 -1.020000e+02 -2.950000e+01
     vertex  8.750000e+00 -9.536978e+01 -2.505668e+01
     vertex  8.750000e+00 -9.541234e+01 -2.504595e+01
   endloop
 endfacet
 facet normal  1.000000e+00  0.000000e+00  0.000000e+00
   outer loop
     vertex  8.750000e+00 -1.020000e+02 -2.950000e+01
     vertex  8.750000e+00 -9.532693e+01 -2.506624e+01
     vertex  8.750000e+00 -9.536978e+01 -2.505668e+01
   endloop
 endfacet
 facet normal  1.000000e+00  0.000000e+00  0.000000e+00
   outer loop
     vertex  8.750000e+00 -1.020000e+02 -2.950000e+01
     vertex  8.750000e+00 -9.528384e+01 -2.507462e+01
     vertex  8.750000e+00 -9.532693e+01 -2.506624e+01
   endloop
 endfacet
 facet normal  1.000000e+00  0.000000e+00  0.000000e+00
   outer loop
     vertex  8.750000e+00 -1.020000e+02 -2.950000e+01
     vertex  8.750000e+00 -9.524053e+01 -2.508182e+01
     vertex  8.750000e+00 -9.528384e+01 -2.507462e+01
   endloop
 endfacet
 facet normal  1.000000e+00  0.000000e+00  0.000000e+00
   outer loop
     vertex  8.750000e+00 -1.020000e+02 -2.950000e+01
     vertex  8.750000e+00 -9.519705e+01 -2.508782e+01
     vertex  8.750000e+00 -9.524053e+01 -2.508182e+01
   endloop
 endfacet
 facet normal  1.000000e+00  0.000000e+00  0.000000e+00
   outer loop
     vertex  8.750000e+00 -1.020000e+02 -2.950000e+01
     vertex  8.750000e+00 -9.515341e+01 -2.509263e+01
     vertex  8.750000e+00 -9.519705e+01 -2.508782e+01
   endloop
 endfacet
 facet normal  1.000000e+00  0.000000e+00  0.000000e+00
   outer loop
     vertex  8.750000e+00 -1.020000e+02 -2.950000e+01
     vertex  8.750000e+00 -9.510966e+01 -2.509624e+01
     vertex  8.750000e+00 -9.515341e+01 -2.509263e+01
   endloop
 endfacet
 facet normal  1.000000e+00  0.000000e+00  0.000000e+00
   outer loop
     vertex  8.750000e+00 -1.020000e+02 -2.950000e+01
     vertex  8.750000e+00 -9.506583e+01 -2.509865e+01
     vertex  8.750000e+00 -9.510966e+01 -2.509624e+01
   endloop
 endfacet
 facet normal  1.000000e+00  0.000000e+00  0.000000e+00
   outer loop
     vertex  8.750000e+00 -1.020000e+02 -2.950000e+01
     vertex  8.750000e+00 -9.502195e+01 -2.509985e+01
     vertex  8.750000e+00 -9.506583e+01 -2.509865e+01
   endloop
 endfacet
 facet normal  1.000000e+00  0.000000e+00  0.000000e+00
   outer loop
     vertex  8.750000e+00 -1.020000e+02 -2.950000e+01
     vertex  8.750000e+00 -9.497805e+01 -2.509985e+01
     vertex  8.750000e+00 -9.502195e+01 -2.509985e+01
   endloop
 endfacet
 facet normal  1.000000e+00  0.000000e+00  0.000000e+00
   outer loop
     vertex  8.750000e+00 -1.020000e+02 -2.950000e+01
     vertex  8.750000e+00 -8.800000e+01 -2.950000e+01
     vertex  8.750000e+00 -9.497805e+01 -2.509985e+01
   endloop
 endfacet
 facet normal  1.000000e+00  0.000000e+00  0.000000e+00
   outer loop
     vertex  8.750000e+00 -1.020000e+02 -2.950000e+01
     vertex  8.750000e+00 -9.648748e+01 -2.408941e+01
     vertex  8.750000e+00 -9.650309e+01 -2.404838e+01
   endloop
 endfacet
 facet normal  1.000000e+00  0.000000e+00  0.000000e+00
   outer loop
     vertex  8.750000e+00 -1.020000e+02 -2.950000e+01
     vertex  8.750000e+00 -9.647075e+01 -2.412999e+01
     vertex  8.750000e+00 -9.648748e+01 -2.408941e+01
   endloop
 endfacet
 facet normal  1.000000e+00  0.000000e+00  0.000000e+00
   outer loop
     vertex  8.750000e+00 -1.020000e+02 -2.950000e+01
     vertex  8.750000e+00 -9.645291e+01 -2.417010e+01
     vertex  8.750000e+00 -9.647075e+01 -2.412999e+01
   endloop
 endfacet
 facet normal  1.000000e+00  0.000000e+00  0.000000e+00
   outer loop
     vertex  8.750000e+00 -1.020000e+02 -2.950000e+01
     vertex  8.750000e+00 -9.643398e+01 -2.420971e+01
     vertex  8.750000e+00 -9.645291e+01 -2.417010e+01
   endloop
 endfacet
 facet normal  1.000000e+00  0.000000e+00  0.000000e+00
   outer loop
     vertex  8.750000e+00 -1.020000e+02 -2.950000e+01
     vertex  8.750000e+00 -9.641397e+01 -2.424878e+01
     vertex  8.750000e+00 -9.643398e+01 -2.420971e+01
   endloop
 endfacet
 facet normal  1.000000e+00  0.000000e+00  0.000000e+00
   outer loop
     vertex  8.750000e+00 -1.020000e+02 -2.950000e+01
     vertex  8.750000e+00 -9.639290e+01 -2.428729e+01
     vertex  8.750000e+00 -9.641397e+01 -2.424878e+01
   endloop
 endfacet
 facet normal  1.000000e+00  0.000000e+00  0.000000e+00
   outer loop
     vertex  8.750000e+00 -1.020000e+02 -2.950000e+01
     vertex  8.750000e+00 -9.637078e+01 -2.432521e+01
     vertex  8.750000e+00 -9.639290e+01 -2.428729e+01
   endloop
 endfacet
 facet normal  1.000000e+00  0.000000e+00  0.000000e+00
   outer loop
     vertex  8.750000e+00 -1.020000e+02 -2.950000e+01
     vertex  8.750000e+00 -9.634762e+01 -2.436251e+01
     vertex  8.750000e+00 -9.637078e+01 -2.432521e+01
   endloop
 endfacet
 facet normal  1.000000e+00  0.000000e+00  0.000000e+00
   outer loop
     vertex  8.750000e+00 -1.020000e+02 -2.950000e+01
     vertex  8.750000e+00 -9.632345e+01 -2.439915e+01
     vertex  8.750000e+00 -9.634762e+01 -2.436251e+01
   endloop
 endfacet
 facet normal  1.000000e+00  0.000000e+00  0.000000e+00
   outer loop
     vertex  8.750000e+00 -1.020000e+02 -2.950000e+01
     vertex  8.750000e+00 -9.629829e+01 -2.443512e+01
     vertex  8.750000e+00 -9.632345e+01 -2.439915e+01
   endloop
 endfacet
 facet normal  1.000000e+00  0.000000e+00  0.000000e+00
   outer loop
     vertex  8.750000e+00 -1.020000e+02 -2.950000e+01
     vertex  8.750000e+00 -9.627214e+01 -2.447039e+01
     vertex  8.750000e+00 -9.629829e+01 -2.443512e+01
   endloop
 endfacet
 facet normal  1.000000e+00  0.000000e+00  0.000000e+00
   outer loop
     vertex  8.750000e+00 -1.020000e+02 -2.950000e+01
     vertex  8.750000e+00 -9.624504e+01 -2.450492e+01
     vertex  8.750000e+00 -9.627214e+01 -2.447039e+01
   endloop
 endfacet
 facet normal  1.000000e+00  0.000000e+00  0.000000e+00
   outer loop
     vertex  8.750000e+00 -1.020000e+02 -2.950000e+01
     vertex  8.750000e+00 -9.621701e+01 -2.453870e+01
     vertex  8.750000e+00 -9.624504e+01 -2.450492e+01
   endloop
 endfacet
 facet normal  1.000000e+00  0.000000e+00  0.000000e+00
   outer loop
     vertex  8.750000e+00 -1.020000e+02 -2.950000e+01
     vertex  8.750000e+00 -9.618805e+01 -2.457170e+01
     vertex  8.750000e+00 -9.621701e+01 -2.453870e+01
   endloop
 endfacet
 facet normal  1.000000e+00  0.000000e+00  0.000000e+00
   outer loop
     vertex  8.750000e+00 -1.020000e+02 -2.950000e+01
     vertex  8.750000e+00 -9.615820e+01 -2.460389e+01
     vertex  8.750000e+00 -9.618805e+01 -2.457170e+01
   endloop
 endfacet
 facet normal  1.000000e+00  0.000000e+00  0.000000e+00
   outer loop
     vertex  8.750000e+00 -1.020000e+02 -2.950000e+01
     vertex  8.750000e+00 -9.612748e+01 -2.463524e+01
     vertex  8.750000e+00 -9.615820e+01 -2.460389e+01
   endloop
 endfacet
 facet normal  1.000000e+00  0.000000e+00  0.000000e+00
   outer loop
     vertex  8.750000e+00 -1.020000e+02 -2.950000e+01
     vertex  8.750000e+00 -9.609592e+01 -2.466575e+01
     vertex  8.750000e+00 -9.612748e+01 -2.463524e+01
   endloop
 endfacet
 facet normal  1.000000e+00  0.000000e+00  0.000000e+00
   outer loop
     vertex  8.750000e+00 -1.020000e+02 -2.950000e+01
     vertex  8.750000e+00 -9.606352e+01 -2.469538e+01
     vertex  8.750000e+00 -9.609592e+01 -2.466575e+01
   endloop
 endfacet
 facet normal  1.000000e+00  0.000000e+00  0.000000e+00
   outer loop
     vertex  8.750000e+00 -1.020000e+02 -2.950000e+01
     vertex  8.750000e+00 -9.603033e+01 -2.472410e+01
     vertex  8.750000e+00 -9.606352e+01 -2.469538e+01
   endloop
 endfacet
 facet normal  1.000000e+00  0.000000e+00  0.000000e+00
   outer loop
     vertex  8.750000e+00 -1.020000e+02 -2.950000e+01
     vertex  8.750000e+00 -9.599636e+01 -2.475191e+01
     vertex  8.750000e+00 -9.603033e+01 -2.472410e+01
   endloop
 endfacet
 facet normal  1.000000e+00  0.000000e+00  0.000000e+00
   outer loop
     vertex  8.750000e+00 -1.020000e+02 -2.950000e+01
     vertex  8.750000e+00 -9.596164e+01 -2.477877e+01
     vertex  8.750000e+00 -9.599636e+01 -2.475191e+01
   endloop
 endfacet
 facet normal  1.000000e+00  0.000000e+00  0.000000e+00
   outer loop
     vertex  8.750000e+00 -1.020000e+02 -2.950000e+01
     vertex  8.750000e+00 -9.592619e+01 -2.480467e+01
     vertex  8.750000e+00 -9.596164e+01 -2.477877e+01
   endloop
 endfacet
 facet normal  1.000000e+00  0.000000e+00  0.000000e+00
   outer loop
     vertex  8.750000e+00 -1.020000e+02 -2.950000e+01
     vertex  8.750000e+00 -9.589005e+01 -2.482959e+01
     vertex  8.750000e+00 -9.592619e+01 -2.480467e+01
   endloop
 endfacet
 facet normal  1.000000e+00  0.000000e+00  0.000000e+00
   outer loop
     vertex  8.750000e+00 -1.020000e+02 -2.950000e+01
     vertex  8.750000e+00 -9.585324e+01 -2.485351e+01
     vertex  8.750000e+00 -9.589005e+01 -2.482959e+01
   endloop
 endfacet
 facet normal  1.000000e+00  0.000000e+00  0.000000e+00
   outer loop
     vertex  8.750000e+00 -1.020000e+02 -2.950000e+01
     vertex  8.750000e+00 -9.581579e+01 -2.487640e+01
     vertex  8.750000e+00 -9.585324e+01 -2.485351e+01
   endloop
 endfacet
 facet normal  1.000000e+00  0.000000e+00  0.000000e+00
   outer loop
     vertex  8.750000e+00 -1.020000e+02 -2.950000e+01
     vertex  8.750000e+00 -9.577772e+01 -2.489827e+01
     vertex  8.750000e+00 -9.581579e+01 -2.487640e+01
   endloop
 endfacet
 facet normal  1.000000e+00  0.000000e+00  0.000000e+00
   outer loop
     vertex  8.750000e+00 -9.651757e+01 -2.400694e+01
     vertex  8.750000e+00 -1.020000e+02 -2.950000e+01
     vertex  8.750000e+00 -9.650309e+01 -2.404838e+01
   endloop
 endfacet
 facet normal  1.000000e+00  0.000000e+00  0.000000e+00
   outer loop
     vertex  8.750000e+00 -9.653091e+01 -2.396511e+01
     vertex  8.750000e+00 -1.020000e+02 -2.950000e+01
     vertex  8.750000e+00 -9.651757e+01 -2.400694e+01
   endloop
 endfacet
 facet normal  1.000000e+00  0.000000e+00  0.000000e+00
   outer loop
     vertex  8.750000e+00 -9.654309e+01 -2.392294e+01
     vertex  8.750000e+00 -1.020000e+02 -2.950000e+01
     vertex  8.750000e+00 -9.653091e+01 -2.396511e+01
   endloop
 endfacet
 facet normal  1.000000e+00  0.000000e+00  0.000000e+00
   outer loop
     vertex  8.750000e+00 -9.655411e+01 -2.388045e+01
     vertex  8.750000e+00 -1.020000e+02 -2.950000e+01
     vertex  8.750000e+00 -9.654309e+01 -2.392294e+01
   endloop
 endfacet
 facet normal  1.000000e+00  0.000000e+00  0.000000e+00
   outer loop
     vertex  8.750000e+00 -9.656396e+01 -2.383767e+01
     vertex  8.750000e+00 -1.020000e+02 -2.950000e+01
     vertex  8.750000e+00 -9.655411e+01 -2.388045e+01
   endloop
 endfacet
 facet normal  1.000000e+00  0.000000e+00  0.000000e+00
   outer loop
     vertex  8.750000e+00 -9.657264e+01 -2.379463e+01
     vertex  8.750000e+00 -1.020000e+02 -2.950000e+01
     vertex  8.750000e+00 -9.656396e+01 -2.383767e+01
   endloop
 endfacet
 facet normal  1.000000e+00  0.000000e+00  0.000000e+00
   outer loop
     vertex  8.750000e+00 -9.658013e+01 -2.375138e+01
     vertex  8.750000e+00 -1.020000e+02 -2.950000e+01
     vertex  8.750000e+00 -9.657264e+01 -2.379463e+01
   endloop
 endfacet
 facet normal  1.000000e+00  0.000000e+00  0.000000e+00
   outer loop
     vertex  8.750000e+00 -9.658643e+01 -2.370794e+01
     vertex  8.750000e+00 -1.020000e+02 -2.950000e+01
     vertex  8.750000e+00 -9.658013e+01 -2.375138e+01
   endloop
 endfacet
 facet normal  1.000000e+00  0.000000e+00  0.000000e+00
   outer loop
     vertex  8.750000e+00 -9.659154e+01 -2.366433e+01
     vertex  8.750000e+00 -1.020000e+02 -2.950000e+01
     vertex  8.750000e+00 -9.658643e+01 -2.370794e+01
   endloop
 endfacet
 facet normal  1.000000e+00  0.000000e+00  0.000000e+00
   outer loop
     vertex  8.750000e+00 -9.659545e+01 -2.362061e+01
     vertex  8.750000e+00 -1.020000e+02 -2.950000e+01
     vertex  8.750000e+00 -9.659154e+01 -2.366433e+01
   endloop
 endfacet
 facet normal  1.000000e+00  0.000000e+00  0.000000e+00
   outer loop
     vertex  8.750000e+00 -9.659816e+01 -2.357680e+01
     vertex  8.750000e+00 -1.020000e+02 -2.950000e+01
     vertex  8.750000e+00 -9.659545e+01 -2.362061e+01
   endloop
 endfacet
 facet normal  1.000000e+00  0.000000e+00  0.000000e+00
   outer loop
     vertex  8.750000e+00 -9.659966e+01 -2.353292e+01
     vertex  8.750000e+00 -1.020000e+02 -2.950000e+01
     vertex  8.750000e+00 -9.659816e+01 -2.357680e+01
   endloop
 endfacet
 facet normal  1.000000e+00  0.000000e+00  0.000000e+00
   outer loop
     vertex  8.750000e+00 -9.659996e+01 -2.348903e+01
     vertex  8.750000e+00 -1.020000e+02 -2.950000e+01
     vertex  8.750000e+00 -9.659966e+01 -2.353292e+01
   endloop
 endfacet
 facet normal  1.000000e+00  0.000000e+00  0.000000e+00
   outer loop
     vertex  8.750000e+00 -9.659906e+01 -2.344514e+01
     vertex  8.750000e+00 -1.020000e+02 -2.950000e+01
     vertex  8.750000e+00 -9.659996e+01 -2.348903e+01
   endloop
 endfacet
 facet normal  1.000000e+00  0.000000e+00  0.000000e+00
   outer loop
     vertex  8.750000e+00 -9.659695e+01 -2.340129e+01
     vertex  8.750000e+00 -1.020000e+02 -2.950000e+01
     vertex  8.750000e+00 -9.659906e+01 -2.344514e+01
   endloop
 endfacet
 facet normal  1.000000e+00  0.000000e+00  0.000000e+00
   outer loop
     vertex  8.750000e+00 -9.659364e+01 -2.335751e+01
     vertex  8.750000e+00 -1.020000e+02 -2.950000e+01
     vertex  8.750000e+00 -9.659695e+01 -2.340129e+01
   endloop
 endfacet
 facet normal  1.000000e+00  0.000000e+00  0.000000e+00
   outer loop
     vertex  8.750000e+00 -9.658913e+01 -2.331385e+01
     vertex  8.750000e+00 -1.020000e+02 -2.950000e+01
     vertex  8.750000e+00 -9.659364e+01 -2.335751e+01
   endloop
 endfacet
 facet normal  1.000000e+00  0.000000e+00  0.000000e+00
   outer loop
     vertex  8.750000e+00 -9.658343e+01 -2.327032e+01
     vertex  8.750000e+00 -1.020000e+02 -2.950000e+01
     vertex  8.750000e+00 -9.658913e+01 -2.331385e+01
   endloop
 endfacet
 facet normal  1.000000e+00  0.000000e+00  0.000000e+00
   outer loop
     vertex  8.750000e+00 -9.657653e+01 -2.322697e+01
     vertex  8.750000e+00 -1.020000e+02 -2.950000e+01
     vertex  8.750000e+00 -9.658343e+01 -2.327032e+01
   endloop
 endfacet
 facet normal  1.000000e+00  0.000000e+00  0.000000e+00
   outer loop
     vertex  8.750000e+00 -9.656845e+01 -2.318382e+01
     vertex  8.750000e+00 -1.020000e+02 -2.950000e+01
     vertex  8.750000e+00 -9.657653e+01 -2.322697e+01
   endloop
 endfacet
 facet normal  1.000000e+00  0.000000e+00  0.000000e+00
   outer loop
     vertex  8.750000e+00 -9.655918e+01 -2.314091e+01
     vertex  8.750000e+00 -1.020000e+02 -2.950000e+01
     vertex  8.750000e+00 -9.656845e+01 -2.318382e+01
   endloop
 endfacet
 facet normal  1.000000e+00  0.000000e+00  0.000000e+00
   outer loop
     vertex  8.750000e+00 -9.654875e+01 -2.309827e+01
     vertex  8.750000e+00 -1.020000e+02 -2.950000e+01
     vertex  8.750000e+00 -9.655918e+01 -2.314091e+01
   endloop
 endfacet
 facet normal  1.000000e+00  0.000000e+00  0.000000e+00
   outer loop
     vertex  8.750000e+00 -9.653714e+01 -2.305593e+01
     vertex  8.750000e+00 -1.020000e+02 -2.950000e+01
     vertex  8.750000e+00 -9.654875e+01 -2.309827e+01
   endloop
 endfacet
 facet normal  1.000000e+00  0.000000e+00  0.000000e+00
   outer loop
     vertex  8.750000e+00 -9.652438e+01 -2.301393e+01
     vertex  8.750000e+00 -1.020000e+02 -2.950000e+01
     vertex  8.750000e+00 -9.653714e+01 -2.305593e+01
   endloop
 endfacet
 facet normal  1.000000e+00  0.000000e+00  0.000000e+00
   outer loop
     vertex  8.750000e+00 -9.651047e+01 -2.297229e+01
     vertex  8.750000e+00 -1.020000e+02 -2.950000e+01
     vertex  8.750000e+00 -9.652438e+01 -2.301393e+01
   endloop
 endfacet
 facet normal  1.000000e+00  0.000000e+00  0.000000e+00
   outer loop
     vertex  8.750000e+00 -9.649543e+01 -2.293105e+01
     vertex  8.750000e+00 -1.020000e+02 -2.950000e+01
     vertex  8.750000e+00 -9.651047e+01 -2.297229e+01
   endloop
 endfacet
 facet normal  1.000000e+00  0.000000e+00  0.000000e+00
   outer loop
     vertex  8.750000e+00 -9.647926e+01 -2.289024e+01
     vertex  8.750000e+00 -1.020000e+02 -2.950000e+01
     vertex  8.750000e+00 -9.649543e+01 -2.293105e+01
   endloop
 endfacet
 facet normal  1.000000e+00  0.000000e+00  0.000000e+00
   outer loop
     vertex  8.750000e+00 -9.646197e+01 -2.284989e+01
     vertex  8.750000e+00 -1.020000e+02 -2.950000e+01
     vertex  8.750000e+00 -9.647926e+01 -2.289024e+01
   endloop
 endfacet
 facet normal  1.000000e+00  0.000000e+00  0.000000e+00
   outer loop
     vertex  8.750000e+00 -9.644358e+01 -2.281003e+01
     vertex  8.750000e+00 -1.020000e+02 -2.950000e+01
     vertex  8.750000e+00 -9.646197e+01 -2.284989e+01
   endloop
 endfacet
 facet normal  1.000000e+00  0.000000e+00  0.000000e+00
   outer loop
     vertex  8.750000e+00 -9.642411e+01 -2.277068e+01
     vertex  8.750000e+00 -1.020000e+02 -2.950000e+01
     vertex  8.750000e+00 -9.644358e+01 -2.281003e+01
   endloop
 endfacet
 facet normal  1.000000e+00  0.000000e+00  0.000000e+00
   outer loop
     vertex  8.750000e+00 -8.800000e+01  5.500000e+00
     vertex  8.750000e+00 -9.379736e+01 -2.244470e+01
     vertex  8.750000e+00 -9.376886e+01 -2.247809e+01
   endloop
 endfacet
 facet normal  1.000000e+00  0.000000e+00  0.000000e+00
   outer loop
     vertex  8.750000e+00 -8.800000e+01  5.500000e+00
     vertex  8.750000e+00 -9.382676e+01 -2.241211e+01
     vertex  8.750000e+00 -9.379736e+01 -2.244470e+01
   endloop
 endfacet
 facet normal  1.000000e+00  0.000000e+00  0.000000e+00
   outer loop
     vertex  8.750000e+00 -8.800000e+01  5.500000e+00
     vertex  8.750000e+00 -9.385705e+01 -2.238033e+01
     vertex  8.750000e+00 -9.382676e+01 -2.241211e+01
   endloop
 endfacet
 facet normal  1.000000e+00  0.000000e+00  0.000000e+00
   outer loop
     vertex  8.750000e+00 -8.800000e+01  5.500000e+00
     vertex  8.750000e+00 -9.388820e+01 -2.234940e+01
     vertex  8.750000e+00 -9.385705e+01 -2.238033e+01
   endloop
 endfacet
 facet normal  1.000000e+00  0.000000e+00  0.000000e+00
   outer loop
     vertex  8.750000e+00 -8.800000e+01  5.500000e+00
     vertex  8.750000e+00 -9.392018e+01 -2.231933e+01
     vertex  8.750000e+00 -9.388820e+01 -2.234940e+01
   endloop
 endfacet
 facet normal  1.000000e+00  0.000000e+00  0.000000e+00
   outer loop
     vertex  8.750000e+00 -8.800000e+01  5.500000e+00
     vertex  8.750000e+00 -9.395298e+01 -2.229015e+01
     vertex  8.750000e+00 -9.392018e+01 -2.231933e+01
   endloop
 endfacet
 facet normal  1.000000e+00  0.000000e+00  0.000000e+00
   outer loop
     vertex  8.750000e+00 -8.800000e+01  5.500000e+00
     vertex  8.750000e+00 -9.398656e+01 -2.226188e+01
     vertex  8.750000e+00 -9.395298e+01 -2.229015e+01
   endloop
 endfacet
 facet normal  1.000000e+00  0.000000e+00  0.000000e+00
   outer loop
     vertex  8.750000e+00 -8.800000e+01  5.500000e+00
     vertex  8.750000e+00 -9.402091e+01 -2.223454e+01
     vertex  8.750000e+00 -9.398656e+01 -2.226188e+01
   endloop
 endfacet
 facet normal  1.000000e+00  0.000000e+00  0.000000e+00
   outer loop
     vertex  8.750000e+00 -8.800000e+01  5.500000e+00
     vertex  8.750000e+00 -9.405600e+01 -2.220816e+01
     vertex  8.750000e+00 -9.402091e+01 -2.223454e+01
   endloop
 endfacet
 facet normal  1.000000e+00  0.000000e+00  0.000000e+00
   outer loop
     vertex  8.750000e+00 -8.800000e+01  5.500000e+00
     vertex  8.750000e+00 -9.409179e+01 -2.218275e+01
     vertex  8.750000e+00 -9.405600e+01 -2.220816e+01
   endloop
 endfacet
 facet normal  1.000000e+00  0.000000e+00  0.000000e+00
   outer loop
     vertex  8.750000e+00 -8.800000e+01  5.500000e+00
     vertex  8.750000e+00 -9.412827e+01 -2.215833e+01
     vertex  8.750000e+00 -9.409179e+01 -2.218275e+01
   endloop
 endfacet
 facet normal  1.000000e+00  0.000000e+00  0.000000e+00
   outer loop
     vertex  8.750000e+00 -8.800000e+01  5.500000e+00
     vertex  8.750000e+00 -9.416541e+01 -2.213492e+01
     vertex  8.750000e+00 -9.412827e+01 -2.215833e+01
   endloop
 endfacet
 facet normal  1.000000e+00  0.000000e+00  0.000000e+00
   outer loop
     vertex  8.750000e+00 -8.800000e+01  5.500000e+00
     vertex  8.750000e+00 -9.420317e+01 -2.211253e+01
     vertex  8.750000e+00 -9.416541e+01 -2.213492e+01
   endloop
 endfacet
 facet normal  1.000000e+00  0.000000e+00  0.000000e+00
   outer loop
     vertex  8.750000e+00 -8.800000e+01  5.500000e+00
     vertex  8.750000e+00 -9.424153e+01 -2.209120e+01
     vertex  8.750000e+00 -9.420317e+01 -2.211253e+01
   endloop
 endfacet
 facet normal  1.000000e+00  0.000000e+00  0.000000e+00
   outer loop
     vertex  8.750000e+00 -8.800000e+01  5.500000e+00
     vertex  8.750000e+00 -9.428047e+01 -2.207092e+01
     vertex  8.750000e+00 -9.424153e+01 -2.209120e+01
   endloop
 endfacet
 facet normal  1.000000e+00  0.000000e+00  0.000000e+00
   outer loop
     vertex  8.750000e+00 -8.800000e+01  5.500000e+00
     vertex  8.750000e+00 -9.431995e+01 -2.205172e+01
     vertex  8.750000e+00 -9.428047e+01 -2.207092e+01
   endloop
 endfacet
 facet normal  1.000000e+00  0.000000e+00  0.000000e+00
   outer loop
     vertex  8.750000e+00 -8.800000e+01  5.500000e+00
     vertex  8.750000e+00 -9.435993e+01 -2.203360e+01
     vertex  8.750000e+00 -9.431995e+01 -2.205172e+01
   endloop
 endfacet
 facet normal  1.000000e+00  0.000000e+00  0.000000e+00
   outer loop
     vertex  8.750000e+00 -8.800000e+01  5.500000e+00
     vertex  8.750000e+00 -9.440040e+01 -2.201660e+01
     vertex  8.750000e+00 -9.435993e+01 -2.203360e+01
   endloop
 endfacet
 facet normal  1.000000e+00  0.000000e+00  0.000000e+00
   outer loop
     vertex  8.750000e+00 -8.800000e+01  5.500000e+00
     vertex  8.750000e+00 -9.444132e+01 -2.200071e+01
     vertex  8.750000e+00 -9.440040e+01 -2.201660e+01
   endloop
 endfacet
 facet normal  1.000000e+00  0.000000e+00  0.000000e+00
   outer loop
     vertex  8.750000e+00 -8.800000e+01  5.500000e+00
     vertex  8.750000e+00 -9.448267e+01 -2.198594e+01
     vertex  8.750000e+00 -9.444132e+01 -2.200071e+01
   endloop
 endfacet
 facet normal  1.000000e+00  0.000000e+00  0.000000e+00
   outer loop
     vertex  8.750000e+00 -8.800000e+01  5.500000e+00
     vertex  8.750000e+00 -9.359643e+01 -2.273189e+01
     vertex  8.750000e+00 -8.800000e+01 -2.950000e+01
   endloop
 endfacet
 facet normal  1.000000e+00  0.000000e+00  0.000000e+00
   outer loop
     vertex  8.750000e+00 -8.800000e+01  5.500000e+00
     vertex  8.750000e+00 -9.452440e+01 -2.197232e+01
     vertex  8.750000e+00 -9.448267e+01 -2.198594e+01
   endloop
 endfacet
 facet normal  1.000000e+00  0.000000e+00  0.000000e+00
   outer loop
     vertex  8.750000e+00 -8.800000e+01  5.500000e+00
     vertex  8.750000e+00 -9.456649e+01 -2.195985e+01
     vertex  8.750000e+00 -9.452440e+01 -2.197232e+01
   endloop
 endfacet
 facet normal  1.000000e+00  0.000000e+00  0.000000e+00
   outer loop
     vertex  8.750000e+00 -8.800000e+01  5.500000e+00
     vertex  8.750000e+00 -9.460890e+01 -2.194854e+01
     vertex  8.750000e+00 -9.456649e+01 -2.195985e+01
   endloop
 endfacet
 facet normal  1.000000e+00  0.000000e+00  0.000000e+00
   outer loop
     vertex  8.750000e+00 -8.800000e+01  5.500000e+00
     vertex  8.750000e+00 -9.465161e+01 -2.193839e+01
     vertex  8.750000e+00 -9.460890e+01 -2.194854e+01
   endloop
 endfacet
 facet normal  1.000000e+00  0.000000e+00  0.000000e+00
   outer loop
     vertex  8.750000e+00 -8.800000e+01  5.500000e+00
     vertex  8.750000e+00 -9.469459e+01 -2.192942e+01
     vertex  8.750000e+00 -9.465161e+01 -2.193839e+01
   endloop
 endfacet
 facet normal  1.000000e+00  0.000000e+00  0.000000e+00
   outer loop
     vertex  8.750000e+00 -8.800000e+01  5.500000e+00
     vertex  8.750000e+00 -9.473779e+01 -2.192163e+01
     vertex  8.750000e+00 -9.469459e+01 -2.192942e+01
   endloop
 endfacet
 facet normal  1.000000e+00  0.000000e+00  0.000000e+00
   outer loop
     vertex  8.750000e+00 -8.800000e+01  5.500000e+00
     vertex  8.750000e+00 -9.478119e+01 -2.191503e+01
     vertex  8.750000e+00 -9.473779e+01 -2.192163e+01
   endloop
 endfacet
 facet normal  1.000000e+00  0.000000e+00  0.000000e+00
   outer loop
     vertex  8.750000e+00 -8.800000e+01  5.500000e+00
     vertex  8.750000e+00 -9.482475e+01 -2.190963e+01
     vertex  8.750000e+00 -9.478119e+01 -2.191503e+01
   endloop
 endfacet
 facet normal  1.000000e+00  0.000000e+00  0.000000e+00
   outer loop
     vertex  8.750000e+00 -8.800000e+01  5.500000e+00
     vertex  8.750000e+00 -9.486845e+01 -2.190542e+01
     vertex  8.750000e+00 -9.482475e+01 -2.190963e+01
   endloop
 endfacet
 facet normal  1.000000e+00  0.000000e+00  0.000000e+00
   outer loop
     vertex  8.750000e+00 -8.800000e+01  5.500000e+00
     vertex  8.750000e+00 -9.491224e+01 -2.190241e+01
     vertex  8.750000e+00 -9.486845e+01 -2.190542e+01
   endloop
 endfacet
 facet normal  1.000000e+00  0.000000e+00  0.000000e+00
   outer loop
     vertex  8.750000e+00 -8.800000e+01  5.500000e+00
     vertex  8.750000e+00 -9.495611e+01 -2.190060e+01
     vertex  8.750000e+00 -9.491224e+01 -2.190241e+01
   endloop
 endfacet
 facet normal  1.000000e+00  0.000000e+00  0.000000e+00
   outer loop
     vertex  8.750000e+00 -8.800000e+01  5.500000e+00
     vertex  8.750000e+00 -9.500000e+01 -2.190000e+01
     vertex  8.750000e+00 -9.495611e+01 -2.190060e+01
   endloop
 endfacet
 facet normal  1.000000e+00  0.000000e+00  0.000000e+00
   outer loop
     vertex  8.750000e+00 -8.800000e+01  5.500000e+00
     vertex  8.750000e+00 -9.361803e+01 -2.269367e+01
     vertex  8.750000e+00 -9.359643e+01 -2.273189e+01
   endloop
 endfacet
 facet normal  1.000000e+00  0.000000e+00  0.000000e+00
   outer loop
     vertex  8.750000e+00 -8.800000e+01  5.500000e+00
     vertex  8.750000e+00 -9.364067e+01 -2.265606e+01
     vertex  8.750000e+00 -9.361803e+01 -2.269367e+01
   endloop
 endfacet
 facet normal  1.000000e+00  0.000000e+00  0.000000e+00
   outer loop
     vertex  8.750000e+00 -8.800000e+01  5.500000e+00
     vertex  8.750000e+00 -9.366434e+01 -2.261909e+01
     vertex  8.750000e+00 -9.364067e+01 -2.265606e+01
   endloop
 endfacet
 facet normal  1.000000e+00  0.000000e+00  0.000000e+00
   outer loop
     vertex  8.750000e+00 -8.800000e+01  5.500000e+00
     vertex  8.750000e+00 -9.368901e+01 -2.258278e+01
     vertex  8.750000e+00 -9.366434e+01 -2.261909e+01
   endloop
 endfacet
 facet normal  1.000000e+00  0.000000e+00  0.000000e+00
   outer loop
     vertex  8.750000e+00 -8.800000e+01  5.500000e+00
     vertex  8.750000e+00 -9.371466e+01 -2.254716e+01
     vertex  8.750000e+00 -9.368901e+01 -2.258278e+01
   endloop
 endfacet
 facet normal  1.000000e+00  0.000000e+00  0.000000e+00
   outer loop
     vertex  8.750000e+00 -8.800000e+01  5.500000e+00
     vertex  8.750000e+00 -9.374129e+01 -2.251225e+01
     vertex  8.750000e+00 -9.371466e+01 -2.254716e+01
   endloop
 endfacet
 facet normal  1.000000e+00  0.000000e+00  0.000000e+00
   outer loop
     vertex  8.750000e+00 -8.800000e+01  5.500000e+00
     vertex  8.750000e+00 -9.376886e+01 -2.247809e+01
     vertex  8.750000e+00 -9.374129e+01 -2.251225e+01
   endloop
 endfacet
 facet normal  1.000000e+00  0.000000e+00  0.000000e+00
   outer loop
     vertex  8.750000e+00 -1.020000e+02  5.500000e+00
     vertex  8.750000e+00 -9.504389e+01 -2.190060e+01
     vertex  8.750000e+00 -9.500000e+01 -2.190000e+01
   endloop
 endfacet
 facet normal  1.000000e+00  0.000000e+00  0.000000e+00
   outer loop
     vertex  8.750000e+00 -1.020000e+02  5.500000e+00
     vertex  8.750000e+00 -9.508776e+01 -2.190241e+01
     vertex  8.750000e+00 -9.504389e+01 -2.190060e+01
   endloop
 endfacet
 facet normal  1.000000e+00  0.000000e+00  0.000000e+00
   outer loop
     vertex  8.750000e+00 -1.020000e+02  5.500000e+00
     vertex  8.750000e+00 -9.513155e+01 -2.190542e+01
     vertex  8.750000e+00 -9.508776e+01 -2.190241e+01
   endloop
 endfacet
 facet normal  1.000000e+00  0.000000e+00  0.000000e+00
   outer loop
     vertex  8.750000e+00 -1.020000e+02  5.500000e+00
     vertex  8.750000e+00 -9.517525e+01 -2.190963e+01
     vertex  8.750000e+00 -9.513155e+01 -2.190542e+01
   endloop
 endfacet
 facet normal  1.000000e+00  0.000000e+00  0.000000e+00
   outer loop
     vertex  8.750000e+00 -1.020000e+02  5.500000e+00
     vertex  8.750000e+00 -9.521881e+01 -2.191503e+01
     vertex  8.750000e+00 -9.517525e+01 -2.190963e+01
   endloop
 endfacet
 facet normal  1.000000e+00  0.000000e+00  0.000000e+00
   outer loop
     vertex  8.750000e+00 -1.020000e+02  5.500000e+00
     vertex  8.750000e+00 -9.526221e+01 -2.192163e+01
     vertex  8.750000e+00 -9.521881e+01 -2.191503e+01
   endloop
 endfacet
 facet normal  1.000000e+00  0.000000e+00  0.000000e+00
   outer loop
     vertex  8.750000e+00 -1.020000e+02  5.500000e+00
     vertex  8.750000e+00 -9.530541e+01 -2.192942e+01
     vertex  8.750000e+00 -9.526221e+01 -2.192163e+01
   endloop
 endfacet
 facet normal  1.000000e+00  0.000000e+00  0.000000e+00
   outer loop
     vertex  8.750000e+00 -1.020000e+02  5.500000e+00
     vertex  8.750000e+00 -9.534839e+01 -2.193839e+01
     vertex  8.750000e+00 -9.530541e+01 -2.192942e+01
   endloop
 endfacet
 facet normal  1.000000e+00  0.000000e+00  0.000000e+00
   outer loop
     vertex  8.750000e+00 -1.020000e+02  5.500000e+00
     vertex  8.750000e+00 -9.539110e+01 -2.194854e+01
     vertex  8.750000e+00 -9.534839e+01 -2.193839e+01
   endloop
 endfacet
 facet normal  1.000000e+00  0.000000e+00  0.000000e+00
   outer loop
     vertex  8.750000e+00 -1.020000e+02  5.500000e+00
     vertex  8.750000e+00 -9.543351e+01 -2.195985e+01
     vertex  8.750000e+00 -9.539110e+01 -2.194854e+01
   endloop
 endfacet
 facet normal  1.000000e+00  0.000000e+00  0.000000e+00
   outer loop
     vertex  8.750000e+00 -1.020000e+02  5.500000e+00
     vertex  8.750000e+00 -9.547560e+01 -2.197232e+01
     vertex  8.750000e+00 -9.543351e+01 -2.195985e+01
   endloop
 endfacet
 facet normal  1.000000e+00  0.000000e+00  0.000000e+00
   outer loop
     vertex  8.750000e+00 -1.020000e+02  5.500000e+00
     vertex  8.750000e+00 -9.551733e+01 -2.198594e+01
     vertex  8.750000e+00 -9.547560e+01 -2.197232e+01
   endloop
 endfacet
 facet normal  1.000000e+00  0.000000e+00  0.000000e+00
   outer loop
     vertex  8.750000e+00 -1.020000e+02  5.500000e+00
     vertex  8.750000e+00 -9.555868e+01 -2.200071e+01
     vertex  8.750000e+00 -9.551733e+01 -2.198594e+01
   endloop
 endfacet
 facet normal  1.000000e+00  0.000000e+00  0.000000e+00
   outer loop
     vertex  8.750000e+00 -1.020000e+02  5.500000e+00
     vertex  8.750000e+00 -9.559960e+01 -2.201660e+01
     vertex  8.750000e+00 -9.555868e+01 -2.200071e+01
   endloop
 endfacet
 facet normal  1.000000e+00  0.000000e+00  0.000000e+00
   outer loop
     vertex  8.750000e+00 -1.020000e+02  5.500000e+00
     vertex  8.750000e+00 -9.564007e+01 -2.203360e+01
     vertex  8.750000e+00 -9.559960e+01 -2.201660e+01
   endloop
 endfacet
 facet normal  1.000000e+00  0.000000e+00  0.000000e+00
   outer loop
     vertex  8.750000e+00 -1.020000e+02  5.500000e+00
     vertex  8.750000e+00 -9.568005e+01 -2.205172e+01
     vertex  8.750000e+00 -9.564007e+01 -2.203360e+01
   endloop
 endfacet
 facet normal  1.000000e+00  0.000000e+00  0.000000e+00
   outer loop
     vertex  8.750000e+00 -1.020000e+02  5.500000e+00
     vertex  8.750000e+00 -9.571953e+01 -2.207092e+01
     vertex  8.750000e+00 -9.568005e+01 -2.205172e+01
   endloop
 endfacet
 facet normal  1.000000e+00  0.000000e+00  0.000000e+00
   outer loop
     vertex  8.750000e+00 -1.020000e+02  5.500000e+00
     vertex  8.750000e+00 -9.575847e+01 -2.209120e+01
     vertex  8.750000e+00 -9.571953e+01 -2.207092e+01
   endloop
 endfacet
 facet normal  1.000000e+00  0.000000e+00  0.000000e+00
   outer loop
     vertex  8.750000e+00 -1.020000e+02  5.500000e+00
     vertex  8.750000e+00 -9.579683e+01 -2.211253e+01
     vertex  8.750000e+00 -9.575847e+01 -2.209120e+01
   endloop
 endfacet
 facet normal  1.000000e+00  0.000000e+00  0.000000e+00
   outer loop
     vertex  8.750000e+00 -1.020000e+02  5.500000e+00
     vertex  8.750000e+00 -9.583459e+01 -2.213492e+01
     vertex  8.750000e+00 -9.579683e+01 -2.211253e+01
   endloop
 endfacet
 facet normal  1.000000e+00  0.000000e+00  0.000000e+00
   outer loop
     vertex  8.750000e+00 -1.020000e+02  5.500000e+00
     vertex  8.750000e+00 -9.587173e+01 -2.215833e+01
     vertex  8.750000e+00 -9.583459e+01 -2.213492e+01
   endloop
 endfacet
 facet normal  1.000000e+00  0.000000e+00  0.000000e+00
   outer loop
     vertex  8.750000e+00 -1.020000e+02  5.500000e+00
     vertex  8.750000e+00 -9.590821e+01 -2.218275e+01
     vertex  8.750000e+00 -9.587173e+01 -2.215833e+01
   endloop
 endfacet
 facet normal  1.000000e+00  0.000000e+00  0.000000e+00
   outer loop
     vertex  8.750000e+00 -1.020000e+02  5.500000e+00
     vertex  8.750000e+00 -9.594400e+01 -2.220816e+01
     vertex  8.750000e+00 -9.590821e+01 -2.218275e+01
   endloop
 endfacet
 facet normal  1.000000e+00  0.000000e+00  0.000000e+00
   outer loop
     vertex  8.750000e+00 -1.020000e+02  5.500000e+00
     vertex  8.750000e+00 -9.597909e+01 -2.223454e+01
     vertex  8.750000e+00 -9.594400e+01 -2.220816e+01
   endloop
 endfacet
 facet normal  1.000000e+00  0.000000e+00  0.000000e+00
   outer loop
     vertex  8.750000e+00 -1.020000e+02  5.500000e+00
     vertex  8.750000e+00 -9.601344e+01 -2.226188e+01
     vertex  8.750000e+00 -9.597909e+01 -2.223454e+01
   endloop
 endfacet
 facet normal  1.000000e+00  0.000000e+00  0.000000e+00
   outer loop
     vertex  8.750000e+00 -1.020000e+02  5.500000e+00
     vertex  8.750000e+00 -9.604702e+01 -2.229015e+01
     vertex  8.750000e+00 -9.601344e+01 -2.226188e+01
   endloop
 endfacet
 facet normal  1.000000e+00  0.000000e+00  0.000000e+00
   outer loop
     vertex  8.750000e+00 -1.020000e+02  5.500000e+00
     vertex  8.750000e+00 -9.607982e+01 -2.231933e+01
     vertex  8.750000e+00 -9.604702e+01 -2.229015e+01
   endloop
 endfacet
 facet normal  1.000000e+00  0.000000e+00  0.000000e+00
   outer loop
     vertex  8.750000e+00 -1.020000e+02  5.500000e+00
     vertex  8.750000e+00 -9.611180e+01 -2.234940e+01
     vertex  8.750000e+00 -9.607982e+01 -2.231933e+01
   endloop
 endfacet
 facet normal  1.000000e+00  0.000000e+00  0.000000e+00
   outer loop
     vertex  8.750000e+00 -1.020000e+02  5.500000e+00
     vertex  8.750000e+00 -9.614295e+01 -2.238033e+01
     vertex  8.750000e+00 -9.611180e+01 -2.234940e+01
   endloop
 endfacet
 facet normal  1.000000e+00  0.000000e+00  0.000000e+00
   outer loop
     vertex  8.750000e+00 -1.020000e+02  5.500000e+00
     vertex  8.750000e+00 -9.617324e+01 -2.241211e+01
     vertex  8.750000e+00 -9.614295e+01 -2.238033e+01
   endloop
 endfacet
 facet normal  1.000000e+00  0.000000e+00  0.000000e+00
   outer loop
     vertex  8.750000e+00 -1.020000e+02  5.500000e+00
     vertex  8.750000e+00 -9.620264e+01 -2.244470e+01
     vertex  8.750000e+00 -9.617324e+01 -2.241211e+01
   endloop
 endfacet
 facet normal  1.000000e+00  0.000000e+00  0.000000e+00
   outer loop
     vertex  8.750000e+00 -1.020000e+02  5.500000e+00
     vertex  8.750000e+00 -9.623114e+01 -2.247809e+01
     vertex  8.750000e+00 -9.620264e+01 -2.244470e+01
   endloop
 endfacet
 facet normal  1.000000e+00  0.000000e+00  0.000000e+00
   outer loop
     vertex  8.750000e+00 -1.020000e+02  5.500000e+00
     vertex  8.750000e+00 -9.625871e+01 -2.251225e+01
     vertex  8.750000e+00 -9.623114e+01 -2.247809e+01
   endloop
 endfacet
 facet normal  1.000000e+00  0.000000e+00  0.000000e+00
   outer loop
     vertex  8.750000e+00 -1.020000e+02  5.500000e+00
     vertex  8.750000e+00 -9.628534e+01 -2.254716e+01
     vertex  8.750000e+00 -9.625871e+01 -2.251225e+01
   endloop
 endfacet
 facet normal  1.000000e+00  0.000000e+00  0.000000e+00
   outer loop
     vertex  8.750000e+00 -1.020000e+02  5.500000e+00
     vertex  8.750000e+00 -9.631099e+01 -2.258278e+01
     vertex  8.750000e+00 -9.628534e+01 -2.254716e+01
   endloop
 endfacet
 facet normal  1.000000e+00  0.000000e+00  0.000000e+00
   outer loop
     vertex  8.750000e+00 -1.020000e+02  5.500000e+00
     vertex  8.750000e+00 -9.633566e+01 -2.261909e+01
     vertex  8.750000e+00 -9.631099e+01 -2.258278e+01
   endloop
 endfacet
 facet normal  1.000000e+00  0.000000e+00  0.000000e+00
   outer loop
     vertex  8.750000e+00 -1.020000e+02  5.500000e+00
     vertex  8.750000e+00 -9.635933e+01 -2.265606e+01
     vertex  8.750000e+00 -9.633566e+01 -2.261909e+01
   endloop
 endfacet
 facet normal  1.000000e+00  0.000000e+00  0.000000e+00
   outer loop
     vertex  8.750000e+00 -1.020000e+02  5.500000e+00
     vertex  8.750000e+00 -9.638197e+01 -2.269367e+01
     vertex  8.750000e+00 -9.635933e+01 -2.265606e+01
   endloop
 endfacet
 facet normal  1.000000e+00 -0.000000e+00  0.000000e+00
   outer loop
     vertex  8.750000e+00 -1.020000e+02  5.500000e+00
     vertex  8.750000e+00 -9.500000e+01 -2.190000e+01
     vertex  8.750000e+00 -8.800000e+01  5.500000e+00
   endloop
 endfacet
 facet normal  1.000000e+00  0.000000e+00  0.000000e+00
   outer loop
     vertex  8.750000e+00 -1.020000e+02  5.500000e+00
     vertex  8.750000e+00 -1.020000e+02 -2.950000e+01
     vertex  8.750000e+00 -9.642411e+01 -2.277068e+01
   endloop
 endfacet
 facet normal  1.000000e+00  0.000000e+00  0.000000e+00
   outer loop
     vertex  8.750000e+00 -1.020000e+02  5.500000e+00
     vertex  8.750000e+00 -9.642411e+01 -2.277068e+01
     vertex  8.750000e+00 -9.640357e+01 -2.273189e+01
   endloop
 endfacet
 facet normal  1.000000e+00  0.000000e+00  0.000000e+00
   outer loop
     vertex  8.750000e+00 -1.020000e+02  5.500000e+00
     vertex  8.750000e+00 -9.640357e+01 -2.273189e+01
     vertex  8.750000e+00 -9.638197e+01 -2.269367e+01
   endloop
 endfacet
 facet normal  0.000000e+00 -1.000000e+00 -0.000000e+00
   outer loop
     vertex -5.750000e+00 -1.020000e+02 -1.000000e+01
     vertex -8.750000e+00 -1.020000e+02 -2.950000e+01
     vertex -5.750000e+00 -1.020000e+02 -2.950000e+01
   endloop
 endfacet
 facet normal  0.000000e+00 -1.000000e+00  0.000000e+00
   outer loop
     vertex  5.750000e+00 -1.020000e+02 -1.000000e+01
     vertex  5.750000e+00 -1.020000e+02 -2.950000e+01
     vertex  8.750000e+00 -1.020000e+02 -2.950000e+01
   endloop
 endfacet
 facet normal  0.000000e+00 -1.000000e+00  0.000000e+00
   outer loop
     vertex -8.750000e+00 -1.020000e+02  5.500000e+00
     vertex -8.750000e+00 -1.020000e+02 -2.950000e+01
     vertex -5.750000e+00 -1.020000e+02 -1.000000e+01
   endloop
 endfacet
 facet normal  0.000000e+00 -1.000000e+00  0.000000e+00
   outer loop
     vertex  8.750000e+00 -1.020000e+02  5.500000e+00
     vertex -5.750000e+00 -1.020000e+02 -1.000000e+01
     vertex  5.750000e+00 -1.020000e+02 -1.000000e+01
   endloop
 endfacet
 facet normal -0.000000e+00 -1.000000e+00  0.000000e+00
   outer loop
     vertex  8.750000e+00 -1.020000e+02  5.500000e+00
     vertex -8.750000e+00 -1.020000e+02  5.500000e+00
     vertex -5.750000e+00 -1.020000e+02 -1.000000e+01
   endloop
 endfacet
 facet normal  0.000000e+00 -1.000000e+00 -0.000000e+00
   outer loop
     vertex  8.750000e+00 -1.020000e+02  5.500000e+00
     vertex  5.750000e+00 -1.020000e+02 -1.000000e+01
     vertex  8.750000e+00 -1.020000e+02 -2.950000e+01
   endloop
 endfacet
 facet normal  0.000000e+00  1.371831e-02 -9.999059e-01
   outer loop
     vertex -5.750000e+00 -9.504389e+01 -2.190060e+01
     vertex -8.750000e+00 -9.500000e+01 -2.190000e+01
     vertex -5.750000e+00 -9.500000e+01 -2.190000e+01
   endloop
 endfacet
 facet normal  0.000000e+00  1.371831e-02 -9.999059e-01
   outer loop
     vertex -5.750000e+00 -9.504389e+01 -2.190060e+01
     vertex -8.750000e+00 -9.504389e+01 -2.190060e+01
     vertex -8.750000e+00 -9.500000e+01 -2.190000e+01
   endloop
 endfacet
 facet normal  0.000000e+00  4.114462e-02 -9.991532e-01
   outer loop
     vertex -5.750000e+00 -9.508776e+01 -2.190241e+01
     vertex -8.750000e+00 -9.508776e+01 -2.190241e+01
     vertex -8.750000e+00 -9.504389e+01 -2.190060e+01
   endloop
 endfacet
 facet normal  0.000000e+00  4.114462e-02 -9.991532e-01
   outer loop
     vertex -5.750000e+00 -9.508776e+01 -2.190241e+01
     vertex -8.750000e+00 -9.504389e+01 -2.190060e+01
     vertex -5.750000e+00 -9.504389e+01 -2.190060e+01
   endloop
 endfacet
 facet normal  0.000000e+00  6.853995e-02 -9.976484e-01
   outer loop
     vertex -5.750000e+00 -9.513155e+01 -2.190542e+01
     vertex -8.750000e+00 -9.513155e+01 -2.190542e+01
     vertex -8.750000e+00 -9.508776e+01 -2.190241e+01
   endloop
 endfacet
 facet normal  0.000000e+00  6.853995e-02 -9.976484e-01
   outer loop
     vertex -5.750000e+00 -9.513155e+01 -2.190542e+01
     vertex -8.750000e+00 -9.508776e+01 -2.190241e+01
     vertex -5.750000e+00 -9.508776e+01 -2.190241e+01
   endloop
 endfacet
 facet normal  0.000000e+00  9.588368e-02 -9.953925e-01
   outer loop
     vertex -5.750000e+00 -9.517525e+01 -2.190963e+01
     vertex -8.750000e+00 -9.517525e+01 -2.190963e+01
     vertex -8.750000e+00 -9.513155e+01 -2.190542e+01
   endloop
 endfacet
 facet normal  0.000000e+00  9.588368e-02 -9.953925e-01
   outer loop
     vertex -5.750000e+00 -9.517525e+01 -2.190963e+01
     vertex -8.750000e+00 -9.513155e+01 -2.190542e+01
     vertex -5.750000e+00 -9.513155e+01 -2.190542e+01
   endloop
 endfacet
 facet normal  0.000000e+00  1.231552e-01 -9.923874e-01
   outer loop
     vertex -5.750000e+00 -9.521881e+01 -2.191503e+01
     vertex -8.750000e+00 -9.521881e+01 -2.191503e+01
     vertex -8.750000e+00 -9.517525e+01 -2.190963e+01
   endloop
 endfacet
 facet normal  0.000000e+00  1.231552e-01 -9.923874e-01
   outer loop
     vertex -5.750000e+00 -9.521881e+01 -2.191503e+01
     vertex -8.750000e+00 -9.517525e+01 -2.190963e+01
     vertex -5.750000e+00 -9.517525e+01 -2.190963e+01
   endloop
 endfacet
 facet normal  0.000000e+00  1.503341e-01 -9.886353e-01
   outer loop
     vertex -5.750000e+00 -9.526221e+01 -2.192163e+01
     vertex -8.750000e+00 -9.526221e+01 -2.192163e+01
     vertex -8.750000e+00 -9.521881e+01 -2.191503e+01
   endloop
 endfacet
 facet normal  0.000000e+00  1.773998e-01 -9.841389e-01
   outer loop
     vertex -5.750000e+00 -9.526221e+01 -2.192163e+01
     vertex -8.750000e+00 -9.530541e+01 -2.192942e+01
     vertex -8.750000e+00 -9.526221e+01 -2.192163e+01
   endloop
 endfacet
 facet normal  0.000000e+00  1.503341e-01 -9.886353e-01
   outer loop
     vertex -5.750000e+00 -9.526221e+01 -2.192163e+01
     vertex -8.750000e+00 -9.521881e+01 -2.191503e+01
     vertex -5.750000e+00 -9.521881e+01 -2.191503e+01
   endloop
 endfacet
 facet normal  0.000000e+00  1.773998e-01 -9.841389e-01
   outer loop
     vertex -5.750000e+00 -9.530541e+01 -2.192942e+01
     vertex -8.750000e+00 -9.530541e+01 -2.192942e+01
     vertex -5.750000e+00 -9.526221e+01 -2.192163e+01
   endloop
 endfacet
 facet normal  0.000000e+00  2.043319e-01 -9.789017e-01
   outer loop
     vertex -5.750000e+00 -9.534839e+01 -2.193839e+01
     vertex -8.750000e+00 -9.534839e+01 -2.193839e+01
     vertex -8.750000e+00 -9.530541e+01 -2.192942e+01
   endloop
 endfacet
 facet normal  0.000000e+00  2.043319e-01 -9.789017e-01
   outer loop
     vertex -5.750000e+00 -9.534839e+01 -2.193839e+01
     vertex -8.750000e+00 -9.530541e+01 -2.192942e+01
     vertex -5.750000e+00 -9.530541e+01 -2.192942e+01
   endloop
 endfacet
 facet normal  0.000000e+00  2.311102e-01 -9.729276e-01
   outer loop
     vertex -5.750000e+00 -9.539110e+01 -2.194854e+01
     vertex -8.750000e+00 -9.539110e+01 -2.194854e+01
     vertex -8.750000e+00 -9.534839e+01 -2.193839e+01
   endloop
 endfacet
 facet normal  0.000000e+00  2.311102e-01 -9.729276e-01
   outer loop
     vertex -5.750000e+00 -9.539110e+01 -2.194854e+01
     vertex -8.750000e+00 -9.534839e+01 -2.193839e+01
     vertex -5.750000e+00 -9.534839e+01 -2.193839e+01
   endloop
 endfacet
 facet normal  0.000000e+00  2.577146e-01 -9.662211e-01
   outer loop
     vertex -5.750000e+00 -9.543351e+01 -2.195985e+01
     vertex -8.750000e+00 -9.539110e+01 -2.194854e+01
     vertex -5.750000e+00 -9.539110e+01 -2.194854e+01
   endloop
 endfacet
 facet normal  0.000000e+00  2.577146e-01 -9.662211e-01
   outer loop
     vertex -5.750000e+00 -9.543351e+01 -2.195985e+01
     vertex -8.750000e+00 -9.543351e+01 -2.195985e+01
     vertex -8.750000e+00 -9.539110e+01 -2.194854e+01
   endloop
 endfacet
 facet normal  0.000000e+00  2.841250e-01 -9.587873e-01
   outer loop
     vertex -5.750000e+00 -9.543351e+01 -2.195985e+01
     vertex -8.750000e+00 -9.547560e+01 -2.197232e+01
     vertex -8.750000e+00 -9.543351e+01 -2.195985e+01
   endloop
 endfacet
 facet normal  0.000000e+00  2.841250e-01 -9.587873e-01
   outer loop
     vertex -5.750000e+00 -9.547560e+01 -2.197232e+01
     vertex -8.750000e+00 -9.547560e+01 -2.197232e+01
     vertex -5.750000e+00 -9.543351e+01 -2.195985e+01
   endloop
 endfacet
 facet normal  0.000000e+00  3.103214e-01 -9.506317e-01
   outer loop
     vertex -5.750000e+00 -9.547560e+01 -2.197232e+01
     vertex -8.750000e+00 -9.551733e+01 -2.198594e+01
     vertex -8.750000e+00 -9.547560e+01 -2.197232e+01
   endloop
 endfacet
 facet normal  0.000000e+00  3.103214e-01 -9.506317e-01
   outer loop
     vertex -5.750000e+00 -9.551733e+01 -2.198594e+01
     vertex -8.750000e+00 -9.551733e+01 -2.198594e+01
     vertex -5.750000e+00 -9.547560e+01 -2.197232e+01
   endloop
 endfacet
 facet normal  0.000000e+00  3.362843e-01 -9.417605e-01
   outer loop
     vertex -5.750000e+00 -9.551733e+01 -2.198594e+01
     vertex -8.750000e+00 -9.555868e+01 -2.200071e+01
     vertex -8.750000e+00 -9.551733e+01 -2.198594e+01
   endloop
 endfacet
 facet normal  0.000000e+00  3.362843e-01 -9.417605e-01
   outer loop
     vertex -5.750000e+00 -9.555868e+01 -2.200071e+01
     vertex -8.750000e+00 -9.555868e+01 -2.200071e+01
     vertex -5.750000e+00 -9.551733e+01 -2.198594e+01
   endloop
 endfacet
 facet normal  0.000000e+00  3.619940e-01 -9.321804e-01
   outer loop
     vertex -5.750000e+00 -9.559960e+01 -2.201660e+01
     vertex -8.750000e+00 -9.555868e+01 -2.200071e+01
     vertex -5.750000e+00 -9.555868e+01 -2.200071e+01
   endloop
 endfacet
 facet normal  0.000000e+00  3.619940e-01 -9.321804e-01
   outer loop
     vertex -5.750000e+00 -9.559960e+01 -2.201660e+01
     vertex -8.750000e+00 -9.559960e+01 -2.201660e+01
     vertex -8.750000e+00 -9.555868e+01 -2.200071e+01
   endloop
 endfacet
 facet normal  0.000000e+00  3.874313e-01 -9.218986e-01
   outer loop
     vertex -5.750000e+00 -9.564007e+01 -2.203360e+01
     vertex -8.750000e+00 -9.559960e+01 -2.201660e+01
     vertex -5.750000e+00 -9.559960e+01 -2.201660e+01
   endloop
 endfacet
 facet normal  0.000000e+00  3.874313e-01 -9.218986e-01
   outer loop
     vertex -5.750000e+00 -9.564007e+01 -2.203360e+01
     vertex -8.750000e+00 -9.564007e+01 -2.203360e+01
     vertex -8.750000e+00 -9.559960e+01 -2.201660e+01
   endloop
 endfacet
 facet normal  0.000000e+00  4.125769e-01 -9.109228e-01
   outer loop
     vertex -5.750000e+00 -9.568005e+01 -2.205172e+01
     vertex -8.750000e+00 -9.564007e+01 -2.203360e+01
     vertex -5.750000e+00 -9.564007e+01 -2.203360e+01
   endloop
 endfacet
 facet normal  0.000000e+00  4.125769e-01 -9.109228e-01
   outer loop
     vertex -5.750000e+00 -9.568005e+01 -2.205172e+01
     vertex -8.750000e+00 -9.568005e+01 -2.205172e+01
     vertex -8.750000e+00 -9.564007e+01 -2.203360e+01
   endloop
 endfacet
 facet normal  0.000000e+00  4.374119e-01 -8.992613e-01
   outer loop
     vertex -5.750000e+00 -9.571953e+01 -2.207092e+01
     vertex -8.750000e+00 -9.568005e+01 -2.205172e+01
     vertex -5.750000e+00 -9.568005e+01 -2.205172e+01
   endloop
 endfacet
 facet normal  0.000000e+00  4.374119e-01 -8.992613e-01
   outer loop
     vertex -5.750000e+00 -9.571953e+01 -2.207092e+01
     vertex -8.750000e+00 -9.571953e+01 -2.207092e+01
     vertex -8.750000e+00 -9.568005e+01 -2.205172e+01
   endloop
 endfacet
 facet normal  0.000000e+00  4.619176e-01 -8.869228e-01
   outer loop
     vertex -5.750000e+00 -9.575847e+01 -2.209120e+01
     vertex -8.750000e+00 -9.571953e+01 -2.207092e+01
     vertex -5.750000e+00 -9.571953e+01 -2.207092e+01
   endloop
 endfacet
 facet normal  0.000000e+00  4.619176e-01 -8.869228e-01
   outer loop
     vertex -5.750000e+00 -9.575847e+01 -2.209120e+01
     vertex -8.750000e+00 -9.575847e+01 -2.209120e+01
     vertex -8.750000e+00 -9.571953e+01 -2.207092e+01
   endloop
 endfacet
 facet normal  0.000000e+00  4.860756e-01 -8.739167e-01
   outer loop
     vertex -5.750000e+00 -9.579683e+01 -2.211253e+01
     vertex -8.750000e+00 -9.575847e+01 -2.209120e+01
     vertex -5.750000e+00 -9.575847e+01 -2.209120e+01
   endloop
 endfacet
 facet normal  0.000000e+00  4.860756e-01 -8.739167e-01
   outer loop
     vertex -5.750000e+00 -9.579683e+01 -2.211253e+01
     vertex -8.750000e+00 -9.579683e+01 -2.211253e+01
     vertex -8.750000e+00 -9.575847e+01 -2.209120e+01
   endloop
 endfacet
 facet normal  0.000000e+00  5.098678e-01 -8.602528e-01
   outer loop
     vertex -5.750000e+00 -9.583459e+01 -2.213492e+01
     vertex -8.750000e+00 -9.579683e+01 -2.211253e+01
     vertex -5.750000e+00 -9.579683e+01 -2.211253e+01
   endloop
 endfacet
 facet normal  0.000000e+00  5.098678e-01 -8.602528e-01
   outer loop
     vertex -5.750000e+00 -9.583459e+01 -2.213492e+01
     vertex -8.750000e+00 -9.583459e+01 -2.213492e+01
     vertex -8.750000e+00 -9.579683e+01 -2.211253e+01
   endloop
 endfacet
 facet normal  0.000000e+00  5.332761e-01 -8.459413e-01
   outer loop
     vertex -5.750000e+00 -9.587173e+01 -2.215833e+01
     vertex -8.750000e+00 -9.583459e+01 -2.213492e+01
     vertex -5.750000e+00 -9.583459e+01 -2.213492e+01
   endloop
 endfacet
 facet normal  0.000000e+00  5.332761e-01 -8.459413e-01
   outer loop
     vertex -5.750000e+00 -9.587173e+01 -2.215833e+01
     vertex -8.750000e+00 -9.587173e+01 -2.215833e+01
     vertex -8.750000e+00 -9.583459e+01 -2.213492e+01
   endloop
 endfacet
 facet normal  0.000000e+00  5.562829e-01 -8.309929e-01
   outer loop
     vertex -5.750000e+00 -9.590821e+01 -2.218275e+01
     vertex -8.750000e+00 -9.590821e+01 -2.218275e+01
     vertex -8.750000e+00 -9.587173e+01 -2.215833e+01
   endloop
 endfacet
 facet normal  0.000000e+00  5.562829e-01 -8.309929e-01
   outer loop
     vertex -5.750000e+00 -9.590821e+01 -2.218275e+01
     vertex -8.750000e+00 -9.587173e+01 -2.215833e+01
     vertex -5.750000e+00 -9.587173e+01 -2.215833e+01
   endloop
 endfacet
 facet normal  0.000000e+00  5.788711e-01 -8.154191e-01
   outer loop
     vertex -5.750000e+00 -9.594400e+01 -2.220816e+01
     vertex -8.750000e+00 -9.594400e+01 -2.220816e+01
     vertex -8.750000e+00 -9.590821e+01 -2.218275e+01
   endloop
 endfacet
 facet normal  0.000000e+00  5.788711e-01 -8.154191e-01
   outer loop
     vertex -5.750000e+00 -9.594400e+01 -2.220816e+01
     vertex -8.750000e+00 -9.590821e+01 -2.218275e+01
     vertex -5.750000e+00 -9.590821e+01 -2.218275e+01
   endloop
 endfacet
 facet normal  0.000000e+00  6.010234e-01 -7.992314e-01
   outer loop
     vertex -5.750000e+00 -9.597909e+01 -2.223454e+01
     vertex -8.750000e+00 -9.597909e+01 -2.223454e+01
     vertex -8.750000e+00 -9.594400e+01 -2.220816e+01
   endloop
 endfacet
 facet normal  0.000000e+00  6.010234e-01 -7.992314e-01
   outer loop
     vertex -5.750000e+00 -9.597909e+01 -2.223454e+01
     vertex -8.750000e+00 -9.594400e+01 -2.220816e+01
     vertex -5.750000e+00 -9.594400e+01 -2.220816e+01
   endloop
 endfacet
 facet normal  0.000000e+00  6.227234e-01 -7.824421e-01
   outer loop
     vertex -5.750000e+00 -9.601344e+01 -2.226188e+01
     vertex -8.750000e+00 -9.601344e+01 -2.226188e+01
     vertex -8.750000e+00 -9.597909e+01 -2.223454e+01
   endloop
 endfacet
 facet normal  0.000000e+00  6.227234e-01 -7.824421e-01
   outer loop
     vertex -5.750000e+00 -9.601344e+01 -2.226188e+01
     vertex -8.750000e+00 -9.597909e+01 -2.223454e+01
     vertex -5.750000e+00 -9.597909e+01 -2.223454e+01
   endloop
 endfacet
 facet normal  0.000000e+00  6.439545e-01 -7.650637e-01
   outer loop
     vertex -5.750000e+00 -9.604702e+01 -2.229015e+01
     vertex -8.750000e+00 -9.604702e+01 -2.229015e+01
     vertex -8.750000e+00 -9.601344e+01 -2.226188e+01
   endloop
 endfacet
 facet normal  0.000000e+00  6.439545e-01 -7.650637e-01
   outer loop
     vertex -5.750000e+00 -9.604702e+01 -2.229015e+01
     vertex -8.750000e+00 -9.601344e+01 -2.226188e+01
     vertex -5.750000e+00 -9.601344e+01 -2.226188e+01
   endloop
 endfacet
 facet normal  0.000000e+00  6.647010e-01 -7.471095e-01
   outer loop
     vertex -5.750000e+00 -9.607982e+01 -2.231933e+01
     vertex -8.750000e+00 -9.607982e+01 -2.231933e+01
     vertex -8.750000e+00 -9.604702e+01 -2.229015e+01
   endloop
 endfacet
 facet normal  0.000000e+00  6.849470e-01 -7.285929e-01
   outer loop
     vertex -5.750000e+00 -9.607982e+01 -2.231933e+01
     vertex -8.750000e+00 -9.611180e+01 -2.234940e+01
     vertex -8.750000e+00 -9.607982e+01 -2.231933e+01
   endloop
 endfacet
 facet normal  0.000000e+00  6.647010e-01 -7.471095e-01
   outer loop
     vertex -5.750000e+00 -9.607982e+01 -2.231933e+01
     vertex -8.750000e+00 -9.604702e+01 -2.229015e+01
     vertex -5.750000e+00 -9.604702e+01 -2.229015e+01
   endloop
 endfacet
 facet normal  0.000000e+00  6.849470e-01 -7.285929e-01
   outer loop
     vertex -5.750000e+00 -9.611180e+01 -2.234940e+01
     vertex -8.750000e+00 -9.611180e+01 -2.234940e+01
     vertex -5.750000e+00 -9.607982e+01 -2.231933e+01
   endloop
 endfacet
 facet normal  0.000000e+00  7.046775e-01 -7.095278e-01
   outer loop
     vertex -5.750000e+00 -9.614295e+01 -2.238033e+01
     vertex -8.750000e+00 -9.614295e+01 -2.238033e+01
     vertex -8.750000e+00 -9.611180e+01 -2.234940e+01
   endloop
 endfacet
 facet normal  0.000000e+00  7.238775e-01 -6.899286e-01
   outer loop
     vertex -5.750000e+00 -9.614295e+01 -2.238033e+01
     vertex -8.750000e+00 -9.617324e+01 -2.241211e+01
     vertex -8.750000e+00 -9.614295e+01 -2.238033e+01
   endloop
 endfacet
 facet normal  0.000000e+00  7.046775e-01 -7.095278e-01
   outer loop
     vertex -5.750000e+00 -9.614295e+01 -2.238033e+01
     vertex -8.750000e+00 -9.611180e+01 -2.234940e+01
     vertex -5.750000e+00 -9.611180e+01 -2.234940e+01
   endloop
 endfacet
 facet normal  0.000000e+00  7.238775e-01 -6.899286e-01
   outer loop
     vertex -5.750000e+00 -9.617324e+01 -2.241211e+01
     vertex -8.750000e+00 -9.617324e+01 -2.241211e+01
     vertex -5.750000e+00 -9.614295e+01 -2.238033e+01
   endloop
 endfacet
 facet normal  0.000000e+00  7.425325e-01 -6.698100e-01
   outer loop
     vertex -5.750000e+00 -9.620264e+01 -2.244470e+01
     vertex -8.750000e+00 -9.620264e+01 -2.244470e+01
     vertex -8.750000e+00 -9.617324e+01 -2.241211e+01
   endloop
 endfacet
 facet normal  0.000000e+00  7.425325e-01 -6.698100e-01
   outer loop
     vertex -5.750000e+00 -9.620264e+01 -2.244470e+01
     vertex -8.750000e+00 -9.617324e+01 -2.241211e+01
     vertex -5.750000e+00 -9.617324e+01 -2.241211e+01
   endloop
 endfacet
 facet normal  0.000000e+00  7.606287e-01 -6.491872e-01
   outer loop
     vertex -5.750000e+00 -9.623114e+01 -2.247809e+01
     vertex -8.750000e+00 -9.623114e+01 -2.247809e+01
     vertex -8.750000e+00 -9.620264e+01 -2.244470e+01
   endloop
 endfacet
 facet normal  0.000000e+00  7.781522e-01 -6.280757e-01
   outer loop
     vertex -5.750000e+00 -9.623114e+01 -2.247809e+01
     vertex -8.750000e+00 -9.625871e+01 -2.251225e+01
     vertex -8.750000e+00 -9.623114e+01 -2.247809e+01
   endloop
 endfacet
 facet normal  0.000000e+00  7.606287e-01 -6.491872e-01
   outer loop
     vertex -5.750000e+00 -9.623114e+01 -2.247809e+01
     vertex -8.750000e+00 -9.620264e+01 -2.244470e+01
     vertex -5.750000e+00 -9.620264e+01 -2.244470e+01
   endloop
 endfacet
 facet normal  0.000000e+00  7.950900e-01 -6.064915e-01
   outer loop
     vertex -5.750000e+00 -9.625871e+01 -2.251225e+01
     vertex -8.750000e+00 -9.628534e+01 -2.254716e+01
     vertex -8.750000e+00 -9.625871e+01 -2.251225e+01
   endloop
 endfacet
 facet normal  0.000000e+00  7.781522e-01 -6.280757e-01
   outer loop
     vertex -5.750000e+00 -9.625871e+01 -2.251225e+01
     vertex -8.750000e+00 -9.625871e+01 -2.251225e+01
     vertex -5.750000e+00 -9.623114e+01 -2.247809e+01
   endloop
 endfacet
 facet normal  0.000000e+00  7.950900e-01 -6.064915e-01
   outer loop
     vertex -5.750000e+00 -9.628534e+01 -2.254716e+01
     vertex -8.750000e+00 -9.628534e+01 -2.254716e+01
     vertex -5.750000e+00 -9.625871e+01 -2.251225e+01
   endloop
 endfacet
 facet normal  0.000000e+00  8.114292e-01 -5.844507e-01
   outer loop
     vertex -5.750000e+00 -9.631099e+01 -2.258278e+01
     vertex -8.750000e+00 -9.628534e+01 -2.254716e+01
     vertex -5.750000e+00 -9.628534e+01 -2.254716e+01
   endloop
 endfacet
 facet normal  0.000000e+00  8.114292e-01 -5.844507e-01
   outer loop
     vertex -5.750000e+00 -9.631099e+01 -2.258278e+01
     vertex -8.750000e+00 -9.631099e+01 -2.258278e+01
     vertex -8.750000e+00 -9.628534e+01 -2.254716e+01
   endloop
 endfacet
 facet normal  0.000000e+00  8.271577e-01 -5.619699e-01
   outer loop
     vertex -5.750000e+00 -9.633566e+01 -2.261909e+01
     vertex -8.750000e+00 -9.633566e+01 -2.261909e+01
     vertex -8.750000e+00 -9.631099e+01 -2.258278e+01
   endloop
 endfacet
 facet normal  0.000000e+00  8.271577e-01 -5.619699e-01
   outer loop
     vertex -5.750000e+00 -9.633566e+01 -2.261909e+01
     vertex -8.750000e+00 -9.631099e+01 -2.258278e+01
     vertex -5.750000e+00 -9.631099e+01 -2.258278e+01
   endloop
 endfacet
 facet normal  0.000000e+00  8.422635e-01 -5.390661e-01
   outer loop
     vertex -5.750000e+00 -9.635933e+01 -2.265606e+01
     vertex -8.750000e+00 -9.633566e+01 -2.261909e+01
     vertex -5.750000e+00 -9.633566e+01 -2.261909e+01
   endloop
 endfacet
 facet normal  0.000000e+00  8.422635e-01 -5.390661e-01
   outer loop
     vertex -5.750000e+00 -9.635933e+01 -2.265606e+01
     vertex -8.750000e+00 -9.635933e+01 -2.265606e+01
     vertex -8.750000e+00 -9.633566e+01 -2.261909e+01
   endloop
 endfacet
 facet normal  0.000000e+00  8.567352e-01 -5.157565e-01
   outer loop
     vertex -5.750000e+00 -9.638197e+01 -2.269367e+01
     vertex -8.750000e+00 -9.635933e+01 -2.265606e+01
     vertex -5.750000e+00 -9.635933e+01 -2.265606e+01
   endloop
 endfacet
 facet normal  0.000000e+00  8.567352e-01 -5.157565e-01
   outer loop
     vertex -5.750000e+00 -9.638197e+01 -2.269367e+01
     vertex -8.750000e+00 -9.638197e+01 -2.269367e+01
     vertex -8.750000e+00 -9.635933e+01 -2.265606e+01
   endloop
 endfacet
 facet normal  0.000000e+00  8.705620e-01 -4.920587e-01
   outer loop
     vertex -5.750000e+00 -9.640357e+01 -2.273189e+01
     vertex -8.750000e+00 -9.638197e+01 -2.269367e+01
     vertex -5.750000e+00 -9.638197e+01 -2.269367e+01
   endloop
 endfacet
 facet normal  0.000000e+00  8.705620e-01 -4.920587e-01
   outer loop
     vertex -5.750000e+00 -9.640357e+01 -2.273189e+01
     vertex -8.750000e+00 -9.640357e+01 -2.273189e+01
     vertex -8.750000e+00 -9.638197e+01 -2.269367e+01
   endloop
 endfacet
 facet normal  0.000000e+00  8.837335e-01 -4.679904e-01
   outer loop
     vertex -5.750000e+00 -9.642411e+01 -2.277068e+01
     vertex -8.750000e+00 -9.640357e+01 -2.273189e+01
     vertex -5.750000e+00 -9.640357e+01 -2.273189e+01
   endloop
 endfacet
 facet normal  0.000000e+00  8.837335e-01 -4.679904e-01
   outer loop
     vertex -5.750000e+00 -9.642411e+01 -2.277068e+01
     vertex -8.750000e+00 -9.642411e+01 -2.277068e+01
     vertex -8.750000e+00 -9.640357e+01 -2.273189e+01
   endloop
 endfacet
 facet normal  0.000000e+00  8.962398e-01 -4.435699e-01
   outer loop
     vertex -5.750000e+00 -9.644358e+01 -2.281003e+01
     vertex -8.750000e+00 -9.642411e+01 -2.277068e+01
     vertex -5.750000e+00 -9.642411e+01 -2.277068e+01
   endloop
 endfacet
 facet normal  0.000000e+00  8.962398e-01 -4.435699e-01
   outer loop
     vertex -5.750000e+00 -9.644358e+01 -2.281003e+01
     vertex -8.750000e+00 -9.644358e+01 -2.281003e+01
     vertex -8.750000e+00 -9.642411e+01 -2.277068e+01
   endloop
 endfacet
 facet normal  0.000000e+00  9.080714e-01 -4.188155e-01
   outer loop
     vertex -5.750000e+00 -9.646197e+01 -2.284989e+01
     vertex -8.750000e+00 -9.644358e+01 -2.281003e+01
     vertex -5.750000e+00 -9.644358e+01 -2.281003e+01
   endloop
 endfacet
 facet normal  0.000000e+00  9.080714e-01 -4.188155e-01
   outer loop
     vertex -5.750000e+00 -9.646197e+01 -2.284989e+01
     vertex -8.750000e+00 -9.646197e+01 -2.284989e+01
     vertex -8.750000e+00 -9.644358e+01 -2.281003e+01
   endloop
 endfacet
 facet normal  0.000000e+00  9.192194e-01 -3.937458e-01
   outer loop
     vertex -5.750000e+00 -9.647926e+01 -2.289024e+01
     vertex -8.750000e+00 -9.646197e+01 -2.284989e+01
     vertex -5.750000e+00 -9.646197e+01 -2.284989e+01
   endloop
 endfacet
 facet normal  0.000000e+00  9.192194e-01 -3.937458e-01
   outer loop
     vertex -5.750000e+00 -9.647926e+01 -2.289024e+01
     vertex -8.750000e+00 -9.647926e+01 -2.289024e+01
     vertex -8.750000e+00 -9.646197e+01 -2.284989e+01
   endloop
 endfacet
 facet normal  0.000000e+00  9.296754e-01 -3.683796e-01
   outer loop
     vertex -5.750000e+00 -9.649543e+01 -2.293105e+01
     vertex -8.750000e+00 -9.647926e+01 -2.289024e+01
     vertex -5.750000e+00 -9.647926e+01 -2.289024e+01
   endloop
 endfacet
 facet normal  0.000000e+00  9.296754e-01 -3.683796e-01
   outer loop
     vertex -5.750000e+00 -9.649543e+01 -2.293105e+01
     vertex -8.750000e+00 -9.649543e+01 -2.293105e+01
     vertex -8.750000e+00 -9.647926e+01 -2.289024e+01
   endloop
 endfacet
 facet normal  0.000000e+00  9.394317e-01 -3.427362e-01
   outer loop
     vertex -5.750000e+00 -9.649543e+01 -2.293105e+01
     vertex -8.750000e+00 -9.651047e+01 -2.297229e+01
     vertex -8.750000e+00 -9.649543e+01 -2.293105e+01
   endloop
 endfacet
 facet normal  0.000000e+00  9.394317e-01 -3.427362e-01
   outer loop
     vertex -5.750000e+00 -9.651047e+01 -2.297229e+01
     vertex -8.750000e+00 -9.651047e+01 -2.297229e+01
     vertex -5.750000e+00 -9.649543e+01 -2.293105e+01
   endloop
 endfacet
 facet normal  0.000000e+00  9.484807e-01 -3.168348e-01
   outer loop
     vertex -5.750000e+00 -9.652438e+01 -2.301393e+01
     vertex -8.750000e+00 -9.651047e+01 -2.297229e+01
     vertex -5.750000e+00 -9.651047e+01 -2.297229e+01
   endloop
 endfacet
 facet normal  0.000000e+00  9.484807e-01 -3.168348e-01
   outer loop
     vertex -5.750000e+00 -9.652438e+01 -2.301393e+01
     vertex -8.750000e+00 -9.652438e+01 -2.301393e+01
     vertex -8.750000e+00 -9.651047e+01 -2.297229e+01
   endloop
 endfacet
 facet normal  0.000000e+00  9.568158e-01 -2.906949e-01
   outer loop
     vertex -5.750000e+00 -9.653714e+01 -2.305593e+01
     vertex -8.750000e+00 -9.652438e+01 -2.301393e+01
     vertex -5.750000e+00 -9.652438e+01 -2.301393e+01
   endloop
 endfacet
 facet normal  0.000000e+00  9.568158e-01 -2.906949e-01
   outer loop
     vertex -5.750000e+00 -9.653714e+01 -2.305593e+01
     vertex -8.750000e+00 -9.653714e+01 -2.305593e+01
     vertex -8.750000e+00 -9.652438e+01 -2.301393e+01
   endloop
 endfacet
 facet normal  0.000000e+00  9.644306e-01 -2.643362e-01
   outer loop
     vertex -5.750000e+00 -9.654875e+01 -2.309827e+01
     vertex -8.750000e+00 -9.653714e+01 -2.305593e+01
     vertex -5.750000e+00 -9.653714e+01 -2.305593e+01
   endloop
 endfacet
 facet normal  0.000000e+00  9.644306e-01 -2.643362e-01
   outer loop
     vertex -5.750000e+00 -9.654875e+01 -2.309827e+01
     vertex -8.750000e+00 -9.654875e+01 -2.309827e+01
     vertex -8.750000e+00 -9.653714e+01 -2.305593e+01
   endloop
 endfacet
 facet normal  0.000000e+00  9.713194e-01 -2.377784e-01
   outer loop
     vertex -5.750000e+00 -9.655918e+01 -2.314091e+01
     vertex -8.750000e+00 -9.654875e+01 -2.309827e+01
     vertex -5.750000e+00 -9.654875e+01 -2.309827e+01
   endloop
 endfacet
 facet normal  0.000000e+00  9.713194e-01 -2.377784e-01
   outer loop
     vertex -5.750000e+00 -9.655918e+01 -2.314091e+01
     vertex -8.750000e+00 -9.655918e+01 -2.314091e+01
     vertex -8.750000e+00 -9.654875e+01 -2.309827e+01
   endloop
 endfacet
 facet normal  0.000000e+00  9.774771e-01 -2.110417e-01
   outer loop
     vertex -5.750000e+00 -9.656845e+01 -2.318382e+01
     vertex -8.750000e+00 -9.655918e+01 -2.314091e+01
     vertex -5.750000e+00 -9.655918e+01 -2.314091e+01
   endloop
 endfacet
 facet normal  0.000000e+00  9.774771e-01 -2.110417e-01
   outer loop
     vertex -5.750000e+00 -9.656845e+01 -2.318382e+01
     vertex -8.750000e+00 -9.656845e+01 -2.318382e+01
     vertex -8.750000e+00 -9.655918e+01 -2.314091e+01
   endloop
 endfacet
 facet normal  0.000000e+00  9.828989e-01 -1.841461e-01
   outer loop
     vertex -5.750000e+00 -9.657653e+01 -2.322697e+01
     vertex -8.750000e+00 -9.656845e+01 -2.318382e+01
     vertex -5.750000e+00 -9.656845e+01 -2.318382e+01
   endloop
 endfacet
 facet normal  0.000000e+00  9.828989e-01 -1.841461e-01
   outer loop
     vertex -5.750000e+00 -9.657653e+01 -2.322697e+01
     vertex -8.750000e+00 -9.657653e+01 -2.322697e+01
     vertex -8.750000e+00 -9.656845e+01 -2.318382e+01
   endloop
 endfacet
 facet normal  0.000000e+00  9.875808e-01 -1.571119e-01
   outer loop
     vertex -5.750000e+00 -9.657653e+01 -2.322697e+01
     vertex -8.750000e+00 -9.658343e+01 -2.327032e+01
     vertex -8.750000e+00 -9.657653e+01 -2.322697e+01
   endloop
 endfacet
 facet normal  0.000000e+00  9.875808e-01 -1.571119e-01
   outer loop
     vertex -5.750000e+00 -9.658343e+01 -2.327032e+01
     vertex -8.750000e+00 -9.658343e+01 -2.327032e+01
     vertex -5.750000e+00 -9.657653e+01 -2.322697e+01
   endloop
 endfacet
 facet normal  0.000000e+00  9.915193e-01 -1.299594e-01
   outer loop
     vertex -5.750000e+00 -9.658343e+01 -2.327032e+01
     vertex -8.750000e+00 -9.658913e+01 -2.331385e+01
     vertex -8.750000e+00 -9.658343e+01 -2.327032e+01
   endloop
 endfacet
 facet normal  0.000000e+00  9.915193e-01 -1.299594e-01
   outer loop
     vertex -5.750000e+00 -9.658913e+01 -2.331385e+01
     vertex -8.750000e+00 -9.658913e+01 -2.331385e+01
     vertex -5.750000e+00 -9.658343e+01 -2.327032e+01
   endloop
 endfacet
 facet normal  0.000000e+00  9.947114e-01 -1.027091e-01
   outer loop
     vertex -5.750000e+00 -9.659364e+01 -2.335751e+01
     vertex -8.750000e+00 -9.658913e+01 -2.331385e+01
     vertex -5.750000e+00 -9.658913e+01 -2.331385e+01
   endloop
 endfacet
 facet normal  0.000000e+00  9.947114e-01 -1.027091e-01
   outer loop
     vertex -5.750000e+00 -9.659364e+01 -2.335751e+01
     vertex -8.750000e+00 -9.659364e+01 -2.335751e+01
     vertex -8.750000e+00 -9.658913e+01 -2.331385e+01
   endloop
 endfacet
 facet normal  0.000000e+00  9.971548e-01 -7.538152e-02
   outer loop
     vertex -5.750000e+00 -9.659695e+01 -2.340129e+01
     vertex -8.750000e+00 -9.659364e+01 -2.335751e+01
     vertex -5.750000e+00 -9.659364e+01 -2.335751e+01
   endloop
 endfacet
 facet normal  0.000000e+00  9.971548e-01 -7.538152e-02
   outer loop
     vertex -5.750000e+00 -9.659695e+01 -2.340129e+01
     vertex -8.750000e+00 -9.659695e+01 -2.340129e+01
     vertex -8.750000e+00 -9.659364e+01 -2.335751e+01
   endloop
 endfacet
 facet normal  0.000000e+00  9.988475e-01 -4.799716e-02
   outer loop
     vertex -5.750000e+00 -9.659906e+01 -2.344514e+01
     vertex -8.750000e+00 -9.659695e+01 -2.340129e+01
     vertex -5.750000e+00 -9.659695e+01 -2.340129e+01
   endloop
 endfacet
 facet normal  0.000000e+00  9.988475e-01 -4.799716e-02
   outer loop
     vertex -5.750000e+00 -9.659906e+01 -2.344514e+01
     vertex -8.750000e+00 -9.659906e+01 -2.344514e+01
     vertex -8.750000e+00 -9.659695e+01 -2.340129e+01
   endloop
 endfacet
 facet normal  0.000000e+00  9.997883e-01 -2.057667e-02
   outer loop
     vertex -5.750000e+00 -9.659996e+01 -2.348903e+01
     vertex -8.750000e+00 -9.659996e+01 -2.348903e+01
     vertex -8.750000e+00 -9.659906e+01 -2.344514e+01
   endloop
 endfacet
 facet normal  0.000000e+00  9.997883e-01 -2.057667e-02
   outer loop
     vertex -5.750000e+00 -9.659996e+01 -2.348903e+01
     vertex -8.750000e+00 -9.659906e+01 -2.344514e+01
     vertex -5.750000e+00 -9.659906e+01 -2.344514e+01
   endloop
 endfacet
 facet normal  0.000000e+00  9.999765e-01  6.859319e-03
   outer loop
     vertex -5.750000e+00 -9.659996e+01 -2.348903e+01
     vertex -8.750000e+00 -9.659966e+01 -2.353292e+01
     vertex -8.750000e+00 -9.659996e+01 -2.348903e+01
   endloop
 endfacet
 facet normal  0.000000e+00  9.999765e-01  6.859319e-03
   outer loop
     vertex -5.750000e+00 -9.659966e+01 -2.353292e+01
     vertex -8.750000e+00 -9.659966e+01 -2.353292e+01
     vertex -5.750000e+00 -9.659996e+01 -2.348903e+01
   endloop
 endfacet
 facet normal  0.000000e+00  9.994119e-01  3.429014e-02
   outer loop
     vertex -5.750000e+00 -9.659816e+01 -2.357680e+01
     vertex -8.750000e+00 -9.659816e+01 -2.357680e+01
     vertex -8.750000e+00 -9.659966e+01 -2.353292e+01
   endloop
 endfacet
 facet normal  0.000000e+00  9.994119e-01  3.429014e-02
   outer loop
     vertex -5.750000e+00 -9.659816e+01 -2.357680e+01
     vertex -8.750000e+00 -9.659966e+01 -2.353292e+01
     vertex -5.750000e+00 -9.659966e+01 -2.353292e+01
   endloop
 endfacet
 facet normal  0.000000e+00  9.980950e-01  6.169515e-02
   outer loop
     vertex -5.750000e+00 -9.659545e+01 -2.362061e+01
     vertex -8.750000e+00 -9.659545e+01 -2.362061e+01
     vertex -8.750000e+00 -9.659816e+01 -2.357680e+01
   endloop
 endfacet
 facet normal  0.000000e+00  9.960268e-01  8.905371e-02
   outer loop
     vertex -5.750000e+00 -9.659545e+01 -2.362061e+01
     vertex -8.750000e+00 -9.659154e+01 -2.366433e+01
     vertex -8.750000e+00 -9.659545e+01 -2.362061e+01
   endloop
 endfacet
 facet normal  0.000000e+00  9.980950e-01  6.169515e-02
   outer loop
     vertex -5.750000e+00 -9.659545e+01 -2.362061e+01
     vertex -8.750000e+00 -9.659816e+01 -2.357680e+01
     vertex -5.750000e+00 -9.659816e+01 -2.357680e+01
   endloop
 endfacet
 facet normal  0.000000e+00  9.960268e-01  8.905371e-02
   outer loop
     vertex -5.750000e+00 -9.659154e+01 -2.366433e+01
     vertex -8.750000e+00 -9.659154e+01 -2.366433e+01
     vertex -5.750000e+00 -9.659545e+01 -2.362061e+01
   endloop
 endfacet
 facet normal  0.000000e+00  9.932088e-01  1.163452e-01
   outer loop
     vertex -5.750000e+00 -9.658643e+01 -2.370794e+01
     vertex -8.750000e+00 -9.659154e+01 -2.366433e+01
     vertex -5.750000e+00 -9.659154e+01 -2.366433e+01
   endloop
 endfacet
 facet normal  0.000000e+00  9.932088e-01  1.163452e-01
   outer loop
     vertex -5.750000e+00 -9.658643e+01 -2.370794e+01
     vertex -8.750000e+00 -9.658643e+01 -2.370794e+01
     vertex -8.750000e+00 -9.659154e+01 -2.366433e+01
   endloop
 endfacet
 facet normal  0.000000e+00  9.896432e-01  1.435492e-01
   outer loop
     vertex -5.750000e+00 -9.658013e+01 -2.375138e+01
     vertex -8.750000e+00 -9.658643e+01 -2.370794e+01
     vertex -5.750000e+00 -9.658643e+01 -2.370794e+01
   endloop
 endfacet
 facet normal  0.000000e+00  9.896432e-01  1.435492e-01
   outer loop
     vertex -5.750000e+00 -9.658013e+01 -2.375138e+01
     vertex -8.750000e+00 -9.658013e+01 -2.375138e+01
     vertex -8.750000e+00 -9.658643e+01 -2.370794e+01
   endloop
 endfacet
 facet normal  0.000000e+00  9.853326e-01  1.706451e-01
   outer loop
     vertex -5.750000e+00 -9.658013e+01 -2.375138e+01
     vertex -8.750000e+00 -9.657264e+01 -2.379463e+01
     vertex -8.750000e+00 -9.658013e+01 -2.375138e+01
   endloop
 endfacet
 facet normal  0.000000e+00  9.853326e-01  1.706451e-01
   outer loop
     vertex -5.750000e+00 -9.657264e+01 -2.379463e+01
     vertex -8.750000e+00 -9.657264e+01 -2.379463e+01
     vertex -5.750000e+00 -9.658013e+01 -2.375138e+01
   endloop
 endfacet
 facet normal  0.000000e+00  9.802802e-01  1.976125e-01
   outer loop
     vertex -5.750000e+00 -9.656396e+01 -2.383767e+01
     vertex -8.750000e+00 -9.657264e+01 -2.379463e+01
     vertex -5.750000e+00 -9.657264e+01 -2.379463e+01
   endloop
 endfacet
 facet normal  0.000000e+00  9.802802e-01  1.976125e-01
   outer loop
     vertex -5.750000e+00 -9.656396e+01 -2.383767e+01
     vertex -8.750000e+00 -9.656396e+01 -2.383767e+01
     vertex -8.750000e+00 -9.657264e+01 -2.379463e+01
   endloop
 endfacet
 facet normal  0.000000e+00  9.744899e-01  2.244312e-01
   outer loop
     vertex -5.750000e+00 -9.655411e+01 -2.388045e+01
     vertex -8.750000e+00 -9.656396e+01 -2.383767e+01
     vertex -5.750000e+00 -9.656396e+01 -2.383767e+01
   endloop
 endfacet
 facet normal  0.000000e+00  9.744899e-01  2.244312e-01
   outer loop
     vertex -5.750000e+00 -9.655411e+01 -2.388045e+01
     vertex -8.750000e+00 -9.655411e+01 -2.388045e+01
     vertex -8.750000e+00 -9.656396e+01 -2.383767e+01
   endloop
 endfacet
 facet normal  0.000000e+00  9.679661e-01  2.510809e-01
   outer loop
     vertex -5.750000e+00 -9.655411e+01 -2.388045e+01
     vertex -8.750000e+00 -9.654309e+01 -2.392294e+01
     vertex -8.750000e+00 -9.655411e+01 -2.388045e+01
   endloop
 endfacet
 facet normal  0.000000e+00  9.679661e-01  2.510809e-01
   outer loop
     vertex -5.750000e+00 -9.654309e+01 -2.392294e+01
     vertex -8.750000e+00 -9.654309e+01 -2.392294e+01
     vertex -5.750000e+00 -9.655411e+01 -2.388045e+01
   endloop
 endfacet
 facet normal  0.000000e+00  9.607136e-01  2.775416e-01
   outer loop
     vertex -5.750000e+00 -9.653091e+01 -2.396511e+01
     vertex -8.750000e+00 -9.654309e+01 -2.392294e+01
     vertex -5.750000e+00 -9.654309e+01 -2.392294e+01
   endloop
 endfacet
 facet normal  0.000000e+00  9.607136e-01  2.775416e-01
   outer loop
     vertex -5.750000e+00 -9.653091e+01 -2.396511e+01
     vertex -8.750000e+00 -9.653091e+01 -2.396511e+01
     vertex -8.750000e+00 -9.654309e+01 -2.392294e+01
   endloop
 endfacet
 facet normal  0.000000e+00  9.527379e-01  3.037934e-01
   outer loop
     vertex -5.750000e+00 -9.651757e+01 -2.400694e+01
     vertex -8.750000e+00 -9.653091e+01 -2.396511e+01
     vertex -5.750000e+00 -9.653091e+01 -2.396511e+01
   endloop
 endfacet
 facet normal  0.000000e+00  9.527379e-01  3.037934e-01
   outer loop
     vertex -5.750000e+00 -9.651757e+01 -2.400694e+01
     vertex -8.750000e+00 -9.651757e+01 -2.400694e+01
     vertex -8.750000e+00 -9.653091e+01 -2.396511e+01
   endloop
 endfacet
 facet normal  0.000000e+00  9.440450e-01  3.298166e-01
   outer loop
     vertex -5.750000e+00 -9.650309e+01 -2.404838e+01
     vertex -8.750000e+00 -9.651757e+01 -2.400694e+01
     vertex -5.750000e+00 -9.651757e+01 -2.400694e+01
   endloop
 endfacet
 facet normal  0.000000e+00  9.440450e-01  3.298166e-01
   outer loop
     vertex -5.750000e+00 -9.650309e+01 -2.404838e+01
     vertex -8.750000e+00 -9.650309e+01 -2.404838e+01
     vertex -8.750000e+00 -9.651757e+01 -2.400694e+01
   endloop
 endfacet
 facet normal  0.000000e+00  9.346415e-01  3.555914e-01
   outer loop
     vertex -5.750000e+00 -9.650309e+01 -2.404838e+01
     vertex -8.750000e+00 -9.648748e+01 -2.408941e+01
     vertex -8.750000e+00 -9.650309e+01 -2.404838e+01
   endloop
 endfacet
 facet normal  0.000000e+00  9.346415e-01  3.555914e-01
   outer loop
     vertex -5.750000e+00 -9.648748e+01 -2.408941e+01
     vertex -8.750000e+00 -9.648748e+01 -2.408941e+01
     vertex -5.750000e+00 -9.650309e+01 -2.404838e+01
   endloop
 endfacet
 facet normal  0.000000e+00  9.137314e-01  4.063188e-01
   outer loop
     vertex -5.750000e+00 -9.647075e+01 -2.412999e+01
     vertex -8.750000e+00 -9.645291e+01 -2.417010e+01
     vertex -8.750000e+00 -9.647075e+01 -2.412999e+01
   endloop
 endfacet
 facet normal  0.000000e+00  9.245344e-01  3.810986e-01
   outer loop
     vertex -5.750000e+00 -9.647075e+01 -2.412999e+01
     vertex -8.750000e+00 -9.648748e+01 -2.408941e+01
     vertex -5.750000e+00 -9.648748e+01 -2.408941e+01
   endloop
 endfacet
 facet normal  0.000000e+00  9.245344e-01  3.810986e-01
   outer loop
     vertex -5.750000e+00 -9.647075e+01 -2.412999e+01
     vertex -8.750000e+00 -9.647075e+01 -2.412999e+01
     vertex -8.750000e+00 -9.648748e+01 -2.408941e+01
   endloop
 endfacet
 facet normal  0.000000e+00  9.137314e-01  4.063188e-01
   outer loop
     vertex -5.750000e+00 -9.645291e+01 -2.417010e+01
     vertex -8.750000e+00 -9.645291e+01 -2.417010e+01
     vertex -5.750000e+00 -9.647075e+01 -2.412999e+01
   endloop
 endfacet
 facet normal  0.000000e+00  9.022405e-01  4.312333e-01
   outer loop
     vertex -5.750000e+00 -9.643398e+01 -2.420971e+01
     vertex -8.750000e+00 -9.643398e+01 -2.420971e+01
     vertex -8.750000e+00 -9.645291e+01 -2.417010e+01
   endloop
 endfacet
 facet normal  0.000000e+00  9.022405e-01  4.312333e-01
   outer loop
     vertex -5.750000e+00 -9.643398e+01 -2.420971e+01
     vertex -8.750000e+00 -9.645291e+01 -2.417010e+01
     vertex -5.750000e+00 -9.645291e+01 -2.417010e+01
   endloop
 endfacet
 facet normal  0.000000e+00  8.900704e-01  4.558231e-01
   outer loop
     vertex -5.750000e+00 -9.641397e+01 -2.424878e+01
     vertex -8.750000e+00 -9.641397e+01 -2.424878e+01
     vertex -8.750000e+00 -9.643398e+01 -2.420971e+01
   endloop
 endfacet
 facet normal  0.000000e+00  8.772303e-01  4.800697e-01
   outer loop
     vertex -5.750000e+00 -9.641397e+01 -2.424878e+01
     vertex -8.750000e+00 -9.639290e+01 -2.428729e+01
     vertex -8.750000e+00 -9.641397e+01 -2.424878e+01
   endloop
 endfacet
 facet normal  0.000000e+00  8.900704e-01  4.558231e-01
   outer loop
     vertex -5.750000e+00 -9.641397e+01 -2.424878e+01
     vertex -8.750000e+00 -9.643398e+01 -2.420971e+01
     vertex -5.750000e+00 -9.643398e+01 -2.420971e+01
   endloop
 endfacet
 facet normal  0.000000e+00  8.772303e-01  4.800697e-01
   outer loop
     vertex -5.750000e+00 -9.639290e+01 -2.428729e+01
     vertex -8.750000e+00 -9.639290e+01 -2.428729e+01
     vertex -5.750000e+00 -9.641397e+01 -2.424878e+01
   endloop
 endfacet
 facet normal  0.000000e+00  8.637299e-01  5.039550e-01
   outer loop
     vertex -5.750000e+00 -9.637078e+01 -2.432521e+01
     vertex -8.750000e+00 -9.637078e+01 -2.432521e+01
     vertex -8.750000e+00 -9.639290e+01 -2.428729e+01
   endloop
 endfacet
 facet normal  0.000000e+00  8.637299e-01  5.039550e-01
   outer loop
     vertex -5.750000e+00 -9.637078e+01 -2.432521e+01
     vertex -8.750000e+00 -9.639290e+01 -2.428729e+01
     vertex -5.750000e+00 -9.639290e+01 -2.428729e+01
   endloop
 endfacet
 facet normal  0.000000e+00  8.495793e-01  5.274609e-01
   outer loop
     vertex -5.750000e+00 -9.634762e+01 -2.436251e+01
     vertex -8.750000e+00 -9.634762e+01 -2.436251e+01
     vertex -8.750000e+00 -9.637078e+01 -2.432521e+01
   endloop
 endfacet
 facet normal  0.000000e+00  8.347891e-01  5.505698e-01
   outer loop
     vertex -5.750000e+00 -9.634762e+01 -2.436251e+01
     vertex -8.750000e+00 -9.632345e+01 -2.439915e+01
     vertex -8.750000e+00 -9.634762e+01 -2.436251e+01
   endloop
 endfacet
 facet normal  0.000000e+00  8.495793e-01  5.274609e-01
   outer loop
     vertex -5.750000e+00 -9.634762e+01 -2.436251e+01
     vertex -8.750000e+00 -9.637078e+01 -2.432521e+01
     vertex -5.750000e+00 -9.637078e+01 -2.432521e+01
   endloop
 endfacet
 facet normal  0.000000e+00  8.347891e-01  5.505698e-01
   outer loop
     vertex -5.750000e+00 -9.632345e+01 -2.439915e+01
     vertex -8.750000e+00 -9.632345e+01 -2.439915e+01
     vertex -5.750000e+00 -9.634762e+01 -2.436251e+01
   endloop
 endfacet
 facet normal  0.000000e+00  8.193706e-01  5.732642e-01
   outer loop
     vertex -5.750000e+00 -9.629829e+01 -2.443512e+01
     vertex -8.750000e+00 -9.629829e+01 -2.443512e+01
     vertex -8.750000e+00 -9.632345e+01 -2.439915e+01
   endloop
 endfacet
 facet normal  0.000000e+00  8.193706e-01  5.732642e-01
   outer loop
     vertex -5.750000e+00 -9.629829e+01 -2.443512e+01
     vertex -8.750000e+00 -9.632345e+01 -2.439915e+01
     vertex -5.750000e+00 -9.632345e+01 -2.439915e+01
   endloop
 endfacet
 facet normal  0.000000e+00  8.033352e-01  5.955271e-01
   outer loop
     vertex -5.750000e+00 -9.627214e+01 -2.447039e+01
     vertex -8.750000e+00 -9.627214e+01 -2.447039e+01
     vertex -8.750000e+00 -9.629829e+01 -2.443512e+01
   endloop
 endfacet
 facet normal  0.000000e+00  7.866951e-01  6.173417e-01
   outer loop
     vertex -5.750000e+00 -9.627214e+01 -2.447039e+01
     vertex -8.750000e+00 -9.624504e+01 -2.450492e+01
     vertex -8.750000e+00 -9.627214e+01 -2.447039e+01
   endloop
 endfacet
 facet normal  0.000000e+00  8.033352e-01  5.955271e-01
   outer loop
     vertex -5.750000e+00 -9.627214e+01 -2.447039e+01
     vertex -8.750000e+00 -9.629829e+01 -2.443512e+01
     vertex -5.750000e+00 -9.629829e+01 -2.443512e+01
   endloop
 endfacet
 facet normal  0.000000e+00  7.866951e-01  6.173417e-01
   outer loop
     vertex -5.750000e+00 -9.624504e+01 -2.450492e+01
     vertex -8.750000e+00 -9.624504e+01 -2.450492e+01
     vertex -5.750000e+00 -9.627214e+01 -2.447039e+01
   endloop
 endfacet
 facet normal  0.000000e+00  7.694628e-01  6.386916e-01
   outer loop
     vertex -5.750000e+00 -9.621701e+01 -2.453870e+01
     vertex -8.750000e+00 -9.621701e+01 -2.453870e+01
     vertex -8.750000e+00 -9.624504e+01 -2.450492e+01
   endloop
 endfacet
 facet normal  0.000000e+00  7.694628e-01  6.386916e-01
   outer loop
     vertex -5.750000e+00 -9.621701e+01 -2.453870e+01
     vertex -8.750000e+00 -9.624504e+01 -2.450492e+01
     vertex -5.750000e+00 -9.624504e+01 -2.450492e+01
   endloop
 endfacet
 facet normal  0.000000e+00  7.516513e-01  6.595607e-01
   outer loop
     vertex -5.750000e+00 -9.618805e+01 -2.457170e+01
     vertex -8.750000e+00 -9.618805e+01 -2.457170e+01
     vertex -8.750000e+00 -9.621701e+01 -2.453870e+01
   endloop
 endfacet
 facet normal  0.000000e+00  7.516513e-01  6.595607e-01
   outer loop
     vertex -5.750000e+00 -9.618805e+01 -2.457170e+01
     vertex -8.750000e+00 -9.621701e+01 -2.453870e+01
     vertex -5.750000e+00 -9.621701e+01 -2.453870e+01
   endloop
 endfacet
 facet normal  0.000000e+00  7.332740e-01  6.799333e-01
   outer loop
     vertex -5.750000e+00 -9.615820e+01 -2.460389e+01
     vertex -8.750000e+00 -9.615820e+01 -2.460389e+01
     vertex -8.750000e+00 -9.618805e+01 -2.457170e+01
   endloop
 endfacet
 facet normal  0.000000e+00  7.143447e-01  6.997940e-01
   outer loop
     vertex -5.750000e+00 -9.615820e+01 -2.460389e+01
     vertex -8.750000e+00 -9.612748e+01 -2.463524e+01
     vertex -8.750000e+00 -9.615820e+01 -2.460389e+01
   endloop
 endfacet
 facet normal  0.000000e+00  7.332740e-01  6.799333e-01
   outer loop
     vertex -5.750000e+00 -9.615820e+01 -2.460389e+01
     vertex -8.750000e+00 -9.618805e+01 -2.457170e+01
     vertex -5.750000e+00 -9.618805e+01 -2.457170e+01
   endloop
 endfacet
 facet normal  0.000000e+00  7.143447e-01  6.997940e-01
   outer loop
     vertex -5.750000e+00 -9.612748e+01 -2.463524e+01
     vertex -8.750000e+00 -9.612748e+01 -2.463524e+01
     vertex -5.750000e+00 -9.615820e+01 -2.460389e+01
   endloop
 endfacet
 facet normal  0.000000e+00  6.948776e-01  7.191280e-01
   outer loop
     vertex -5.750000e+00 -9.612748e+01 -2.463524e+01
     vertex -8.750000e+00 -9.609592e+01 -2.466575e+01
     vertex -8.750000e+00 -9.612748e+01 -2.463524e+01
   endloop
 endfacet
 facet normal  0.000000e+00  6.948776e-01  7.191280e-01
   outer loop
     vertex -5.750000e+00 -9.609592e+01 -2.466575e+01
     vertex -8.750000e+00 -9.609592e+01 -2.466575e+01
     vertex -5.750000e+00 -9.612748e+01 -2.463524e+01
   endloop
 endfacet
 facet normal  0.000000e+00  6.748875e-01  7.379206e-01
   outer loop
     vertex -5.750000e+00 -9.609592e+01 -2.466575e+01
     vertex -8.750000e+00 -9.606352e+01 -2.469538e+01
     vertex -8.750000e+00 -9.609592e+01 -2.466575e+01
   endloop
 endfacet
 facet normal  0.000000e+00  6.748875e-01  7.379206e-01
   outer loop
     vertex -5.750000e+00 -9.606352e+01 -2.469538e+01
     vertex -8.750000e+00 -9.606352e+01 -2.469538e+01
     vertex -5.750000e+00 -9.609592e+01 -2.466575e+01
   endloop
 endfacet
 facet normal  0.000000e+00  6.543893e-01  7.561578e-01
   outer loop
     vertex -5.750000e+00 -9.603033e+01 -2.472410e+01
     vertex -8.750000e+00 -9.606352e+01 -2.469538e+01
     vertex -5.750000e+00 -9.606352e+01 -2.469538e+01
   endloop
 endfacet
 facet normal  0.000000e+00  6.543893e-01  7.561578e-01
   outer loop
     vertex -5.750000e+00 -9.603033e+01 -2.472410e+01
     vertex -8.750000e+00 -9.603033e+01 -2.472410e+01
     vertex -8.750000e+00 -9.606352e+01 -2.469538e+01
   endloop
 endfacet
 facet normal  0.000000e+00  6.333986e-01  7.738257e-01
   outer loop
     vertex -5.750000e+00 -9.603033e+01 -2.472410e+01
     vertex -8.750000e+00 -9.599636e+01 -2.475191e+01
     vertex -8.750000e+00 -9.603033e+01 -2.472410e+01
   endloop
 endfacet
 facet normal  0.000000e+00  6.333986e-01  7.738257e-01
   outer loop
     vertex -5.750000e+00 -9.599636e+01 -2.475191e+01
     vertex -8.750000e+00 -9.599636e+01 -2.475191e+01
     vertex -5.750000e+00 -9.603033e+01 -2.472410e+01
   endloop
 endfacet
 facet normal  0.000000e+00  6.119310e-01  7.909112e-01
   outer loop
     vertex -5.750000e+00 -9.596164e+01 -2.477877e+01
     vertex -8.750000e+00 -9.596164e+01 -2.477877e+01
     vertex -8.750000e+00 -9.599636e+01 -2.475191e+01
   endloop
 endfacet
 facet normal  0.000000e+00  6.119310e-01  7.909112e-01
   outer loop
     vertex -5.750000e+00 -9.596164e+01 -2.477877e+01
     vertex -8.750000e+00 -9.599636e+01 -2.475191e+01
     vertex -5.750000e+00 -9.599636e+01 -2.475191e+01
   endloop
 endfacet
 facet normal  0.000000e+00  5.900028e-01  8.074012e-01
   outer loop
     vertex -5.750000e+00 -9.592619e+01 -2.480467e+01
     vertex -8.750000e+00 -9.596164e+01 -2.477877e+01
     vertex -5.750000e+00 -9.596164e+01 -2.477877e+01
   endloop
 endfacet
 facet normal  0.000000e+00  5.900028e-01  8.074012e-01
   outer loop
     vertex -5.750000e+00 -9.592619e+01 -2.480467e+01
     vertex -8.750000e+00 -9.592619e+01 -2.480467e+01
     vertex -8.750000e+00 -9.596164e+01 -2.477877e+01
   endloop
 endfacet
 facet normal  0.000000e+00  5.676304e-01  8.232835e-01
   outer loop
     vertex -5.750000e+00 -9.592619e+01 -2.480467e+01
     vertex -8.750000e+00 -9.589005e+01 -2.482959e+01
     vertex -8.750000e+00 -9.592619e+01 -2.480467e+01
   endloop
 endfacet
 facet normal  0.000000e+00  5.448308e-01  8.385460e-01
   outer loop
     vertex -5.750000e+00 -9.589005e+01 -2.482959e+01
     vertex -8.750000e+00 -9.585324e+01 -2.485351e+01
     vertex -8.750000e+00 -9.589005e+01 -2.482959e+01
   endloop
 endfacet
 facet normal  0.000000e+00  5.676304e-01  8.232835e-01
   outer loop
     vertex -5.750000e+00 -9.589005e+01 -2.482959e+01
     vertex -8.750000e+00 -9.589005e+01 -2.482959e+01
     vertex -5.750000e+00 -9.592619e+01 -2.480467e+01
   endloop
 endfacet
 facet normal  0.000000e+00  5.448308e-01  8.385460e-01
   outer loop
     vertex -5.750000e+00 -9.585324e+01 -2.485351e+01
     vertex -8.750000e+00 -9.585324e+01 -2.485351e+01
     vertex -5.750000e+00 -9.589005e+01 -2.482959e+01
   endloop
 endfacet
 facet normal  0.000000e+00  5.216210e-01  8.531773e-01
   outer loop
     vertex -5.750000e+00 -9.581579e+01 -2.487640e+01
     vertex -8.750000e+00 -9.581579e+01 -2.487640e+01
     vertex -8.750000e+00 -9.585324e+01 -2.485351e+01
   endloop
 endfacet
 facet normal  0.000000e+00  4.980186e-01  8.671664e-01
   outer loop
     vertex -5.750000e+00 -9.581579e+01 -2.487640e+01
     vertex -8.750000e+00 -9.577772e+01 -2.489827e+01
     vertex -8.750000e+00 -9.581579e+01 -2.487640e+01
   endloop
 endfacet
 facet normal  0.000000e+00  5.216210e-01  8.531773e-01
   outer loop
     vertex -5.750000e+00 -9.581579e+01 -2.487640e+01
     vertex -8.750000e+00 -9.585324e+01 -2.485351e+01
     vertex -5.750000e+00 -9.585324e+01 -2.485351e+01
   endloop
 endfacet
 facet normal  0.000000e+00  4.980186e-01  8.671664e-01
   outer loop
     vertex -5.750000e+00 -9.577772e+01 -2.489827e+01
     vertex -8.750000e+00 -9.577772e+01 -2.489827e+01
     vertex -5.750000e+00 -9.581579e+01 -2.487640e+01
   endloop
 endfacet
 facet normal  0.000000e+00  4.740412e-01  8.805026e-01
   outer loop
     vertex -5.750000e+00 -9.573907e+01 -2.491908e+01
     vertex -8.750000e+00 -9.573907e+01 -2.491908e+01
     vertex -8.750000e+00 -9.577772e+01 -2.489827e+01
   endloop
 endfacet
 facet normal  0.000000e+00  4.740412e-01  8.805026e-01
   outer loop
     vertex -5.750000e+00 -9.573907e+01 -2.491908e+01
     vertex -8.750000e+00 -9.577772e+01 -2.489827e+01
     vertex -5.750000e+00 -9.577772e+01 -2.489827e+01
   endloop
 endfacet
 facet normal  0.000000e+00  4.497071e-01  8.931761e-01
   outer loop
     vertex -5.750000e+00 -9.569986e+01 -2.493882e+01
     vertex -8.750000e+00 -9.569986e+01 -2.493882e+01
     vertex -8.750000e+00 -9.573907e+01 -2.491908e+01
   endloop
 endfacet
 facet normal  0.000000e+00  4.250344e-01  9.051772e-01
   outer loop
     vertex -5.750000e+00 -9.569986e+01 -2.493882e+01
     vertex -8.750000e+00 -9.566012e+01 -2.495748e+01
     vertex -8.750000e+00 -9.569986e+01 -2.493882e+01
   endloop
 endfacet
 facet normal  0.000000e+00  4.497071e-01  8.931761e-01
   outer loop
     vertex -5.750000e+00 -9.569986e+01 -2.493882e+01
     vertex -8.750000e+00 -9.573907e+01 -2.491908e+01
     vertex -5.750000e+00 -9.573907e+01 -2.491908e+01
   endloop
 endfacet
 facet normal  0.000000e+00  4.250344e-01  9.051772e-01
   outer loop
     vertex -5.750000e+00 -9.566012e+01 -2.495748e+01
     vertex -8.750000e+00 -9.566012e+01 -2.495748e+01
     vertex -5.750000e+00 -9.569986e+01 -2.493882e+01
   endloop
 endfacet
 facet normal  0.000000e+00  4.000417e-01  9.164969e-01
   outer loop
     vertex -5.750000e+00 -9.561989e+01 -2.497504e+01
     vertex -8.750000e+00 -9.561989e+01 -2.497504e+01
     vertex -8.750000e+00 -9.566012e+01 -2.495748e+01
   endloop
 endfacet
 facet normal  0.000000e+00  4.000417e-01  9.164969e-01
   outer loop
     vertex -5.750000e+00 -9.561989e+01 -2.497504e+01
     vertex -8.750000e+00 -9.566012e+01 -2.495748e+01
     vertex -5.750000e+00 -9.566012e+01 -2.495748e+01
   endloop
 endfacet
 facet normal  0.000000e+00  3.747479e-01  9.271267e-01
   outer loop
     vertex -5.750000e+00 -9.557919e+01 -2.499149e+01
     vertex -8.750000e+00 -9.557919e+01 -2.499149e+01
     vertex -8.750000e+00 -9.561989e+01 -2.497504e+01
   endloop
 endfacet
 facet normal  0.000000e+00  3.491720e-01  9.370586e-01
   outer loop
     vertex -5.750000e+00 -9.557919e+01 -2.499149e+01
     vertex -8.750000e+00 -9.553805e+01 -2.500682e+01
     vertex -8.750000e+00 -9.557919e+01 -2.499149e+01
   endloop
 endfacet
 facet normal  0.000000e+00  3.747479e-01  9.271267e-01
   outer loop
     vertex -5.750000e+00 -9.557919e+01 -2.499149e+01
     vertex -8.750000e+00 -9.561989e+01 -2.497504e+01
     vertex -5.750000e+00 -9.561989e+01 -2.497504e+01
   endloop
 endfacet
 facet normal  0.000000e+00  3.491720e-01  9.370586e-01
   outer loop
     vertex -5.750000e+00 -9.553805e+01 -2.500682e+01
     vertex -8.750000e+00 -9.553805e+01 -2.500682e+01
     vertex -5.750000e+00 -9.557919e+01 -2.499149e+01
   endloop
 endfacet
 facet normal  0.000000e+00  3.233333e-01  9.462851e-01
   outer loop
     vertex -5.750000e+00 -9.549651e+01 -2.502101e+01
     vertex -8.750000e+00 -9.549651e+01 -2.502101e+01
     vertex -8.750000e+00 -9.553805e+01 -2.500682e+01
   endloop
 endfacet
 facet normal  0.000000e+00  3.233333e-01  9.462851e-01
   outer loop
     vertex -5.750000e+00 -9.549651e+01 -2.502101e+01
     vertex -8.750000e+00 -9.553805e+01 -2.500682e+01
     vertex -5.750000e+00 -9.553805e+01 -2.500682e+01
   endloop
 endfacet
 facet normal  0.000000e+00  2.972512e-01  9.547993e-01
   outer loop
     vertex -5.750000e+00 -9.545460e+01 -2.503406e+01
     vertex -8.750000e+00 -9.545460e+01 -2.503406e+01
     vertex -8.750000e+00 -9.549651e+01 -2.502101e+01
   endloop
 endfacet
 facet normal  0.000000e+00  2.709453e-01  9.625948e-01
   outer loop
     vertex -5.750000e+00 -9.545460e+01 -2.503406e+01
     vertex -8.750000e+00 -9.541234e+01 -2.504595e+01
     vertex -8.750000e+00 -9.545460e+01 -2.503406e+01
   endloop
 endfacet
 facet normal  0.000000e+00  2.972512e-01  9.547993e-01
   outer loop
     vertex -5.750000e+00 -9.545460e+01 -2.503406e+01
     vertex -8.750000e+00 -9.549651e+01 -2.502101e+01
     vertex -5.750000e+00 -9.549651e+01 -2.502101e+01
   endloop
 endfacet
 facet normal  0.000000e+00  2.709453e-01  9.625948e-01
   outer loop
     vertex -5.750000e+00 -9.541234e+01 -2.504595e+01
     vertex -8.750000e+00 -9.541234e+01 -2.504595e+01
     vertex -5.750000e+00 -9.545460e+01 -2.503406e+01
   endloop
 endfacet
 facet normal  0.000000e+00  2.444354e-01  9.696656e-01
   outer loop
     vertex -5.750000e+00 -9.536978e+01 -2.505668e+01
     vertex -8.750000e+00 -9.536978e+01 -2.505668e+01
     vertex -8.750000e+00 -9.541234e+01 -2.504595e+01
   endloop
 endfacet
 facet normal  0.000000e+00  2.444354e-01  9.696656e-01
   outer loop
     vertex -5.750000e+00 -9.536978e+01 -2.505668e+01
     vertex -8.750000e+00 -9.541234e+01 -2.504595e+01
     vertex -5.750000e+00 -9.541234e+01 -2.504595e+01
   endloop
 endfacet
 facet normal  0.000000e+00  2.177416e-01  9.760065e-01
   outer loop
     vertex -5.750000e+00 -9.532693e+01 -2.506624e+01
     vertex -8.750000e+00 -9.532693e+01 -2.506624e+01
     vertex -8.750000e+00 -9.536978e+01 -2.505668e+01
   endloop
 endfacet
 facet normal  0.000000e+00  1.908838e-01  9.816126e-01
   outer loop
     vertex -5.750000e+00 -9.532693e+01 -2.506624e+01
     vertex -8.750000e+00 -9.528384e+01 -2.507462e+01
     vertex -8.750000e+00 -9.532693e+01 -2.506624e+01
   endloop
 endfacet
 facet normal  0.000000e+00  2.177416e-01  9.760065e-01
   outer loop
     vertex -5.750000e+00 -9.532693e+01 -2.506624e+01
     vertex -8.750000e+00 -9.536978e+01 -2.505668e+01
     vertex -5.750000e+00 -9.536978e+01 -2.505668e+01
   endloop
 endfacet
 facet normal  0.000000e+00  1.908838e-01  9.816126e-01
   outer loop
     vertex -5.750000e+00 -9.528384e+01 -2.507462e+01
     vertex -8.750000e+00 -9.528384e+01 -2.507462e+01
     vertex -5.750000e+00 -9.532693e+01 -2.506624e+01
   endloop
 endfacet
 facet normal  0.000000e+00  1.638824e-01  9.864799e-01
   outer loop
     vertex -5.750000e+00 -9.524053e+01 -2.508182e+01
     vertex -8.750000e+00 -9.524053e+01 -2.508182e+01
     vertex -8.750000e+00 -9.528384e+01 -2.507462e+01
   endloop
 endfacet
 facet normal  0.000000e+00  1.638824e-01  9.864799e-01
   outer loop
     vertex -5.750000e+00 -9.524053e+01 -2.508182e+01
     vertex -8.750000e+00 -9.528384e+01 -2.507462e+01
     vertex -5.750000e+00 -9.528384e+01 -2.507462e+01
   endloop
 endfacet
 facet normal  0.000000e+00  1.367575e-01  9.906046e-01
   outer loop
     vertex -5.750000e+00 -9.519705e+01 -2.508782e+01
     vertex -8.750000e+00 -9.519705e+01 -2.508782e+01
     vertex -8.750000e+00 -9.524053e+01 -2.508182e+01
   endloop
 endfacet
 facet normal  0.000000e+00  1.095298e-01  9.939835e-01
   outer loop
     vertex -5.750000e+00 -9.519705e+01 -2.508782e+01
     vertex -8.750000e+00 -9.515341e+01 -2.509263e+01
     vertex -8.750000e+00 -9.519705e+01 -2.508782e+01
   endloop
 endfacet
 facet normal  0.000000e+00  1.367575e-01  9.906046e-01
   outer loop
     vertex -5.750000e+00 -9.519705e+01 -2.508782e+01
     vertex -8.750000e+00 -9.524053e+01 -2.508182e+01
     vertex -5.750000e+00 -9.524053e+01 -2.508182e+01
   endloop
 endfacet
 facet normal  0.000000e+00  1.095298e-01  9.939835e-01
   outer loop
     vertex -5.750000e+00 -9.515341e+01 -2.509263e+01
     vertex -8.750000e+00 -9.515341e+01 -2.509263e+01
     vertex -5.750000e+00 -9.519705e+01 -2.508782e+01
   endloop
 endfacet
 facet normal  0.000000e+00  8.221955e-02  9.966142e-01
   outer loop
     vertex -5.750000e+00 -9.510966e+01 -2.509624e+01
     vertex -8.750000e+00 -9.515341e+01 -2.509263e+01
     vertex -5.750000e+00 -9.515341e+01 -2.509263e+01
   endloop
 endfacet
 facet normal  0.000000e+00  8.221955e-02  9.966142e-01
   outer loop
     vertex -5.750000e+00 -9.510966e+01 -2.509624e+01
     vertex -8.750000e+00 -9.510966e+01 -2.509624e+01
     vertex -8.750000e+00 -9.515341e+01 -2.509263e+01
   endloop
 endfacet
 facet normal  0.000000e+00  5.484744e-02  9.984947e-01
   outer loop
     vertex -5.750000e+00 -9.510966e+01 -2.509624e+01
     vertex -8.750000e+00 -9.506583e+01 -2.509865e+01
     vertex -8.750000e+00 -9.510966e+01 -2.509624e+01
   endloop
 endfacet
 facet normal  0.000000e+00  5.484744e-02  9.984947e-01
   outer loop
     vertex -5.750000e+00 -9.506583e+01 -2.509865e+01
     vertex -8.750000e+00 -9.506583e+01 -2.509865e+01
     vertex -5.750000e+00 -9.510966e+01 -2.509624e+01
   endloop
 endfacet
 facet normal  0.000000e+00  2.743405e-02  9.996236e-01
   outer loop
     vertex -5.750000e+00 -9.506583e+01 -2.509865e+01
     vertex -8.750000e+00 -9.502195e+01 -2.509985e+01
     vertex -8.750000e+00 -9.506583e+01 -2.509865e+01
   endloop
 endfacet
 facet normal  0.000000e+00  2.743405e-02  9.996236e-01
   outer loop
     vertex -5.750000e+00 -9.502195e+01 -2.509985e+01
     vertex -8.750000e+00 -9.502195e+01 -2.509985e+01
     vertex -5.750000e+00 -9.506583e+01 -2.509865e+01
   endloop
 endfacet
 facet normal  0.000000e+00  0.000000e+00  1.000000e+00
   outer loop
     vertex -5.750000e+00 -9.502195e+01 -2.509985e+01
     vertex -8.750000e+00 -9.497805e+01 -2.509985e+01
     vertex -8.750000e+00 -9.502195e+01 -2.509985e+01
   endloop
 endfacet
 facet normal  0.000000e+00  0.000000e+00  1.000000e+00
   outer loop
     vertex -5.750000e+00 -9.497805e+01 -2.509985e+01
     vertex -8.750000e+00 -9.497805e+01 -2.509985e+01
     vertex -5.750000e+00 -9.502195e+01 -2.509985e+01
   endloop
 endfacet
 facet normal  0.000000e+00 -2.743405e-02  9.996236e-01
   outer loop
     vertex -5.750000e+00 -9.493417e+01 -2.509865e+01
     vertex -8.750000e+00 -9.497805e+01 -2.509985e+01
     vertex -5.750000e+00 -9.497805e+01 -2.509985e+01
   endloop
 endfacet
 facet normal  0.000000e+00 -2.743405e-02  9.996236e-01
   outer loop
     vertex -5.750000e+00 -9.493417e+01 -2.509865e+01
     vertex -8.750000e+00 -9.493417e+01 -2.509865e+01
     vertex -8.750000e+00 -9.497805e+01 -2.509985e+01
   endloop
 endfacet
 facet normal  0.000000e+00 -5.484744e-02  9.984947e-01
   outer loop
     vertex -5.750000e+00 -9.489034e+01 -2.509624e+01
     vertex -8.750000e+00 -9.493417e+01 -2.509865e+01
     vertex -5.750000e+00 -9.493417e+01 -2.509865e+01
   endloop
 endfacet
 facet normal  0.000000e+00 -5.484744e-02  9.984947e-01
   outer loop
     vertex -5.750000e+00 -9.489034e+01 -2.509624e+01
     vertex -8.750000e+00 -9.489034e+01 -2.509624e+01
     vertex -8.750000e+00 -9.493417e+01 -2.509865e+01
   endloop
 endfacet
 facet normal  0.000000e+00 -8.221955e-02  9.966142e-01
   outer loop
     vertex -5.750000e+00 -9.484659e+01 -2.509263e+01
     vertex -8.750000e+00 -9.489034e+01 -2.509624e+01
     vertex -5.750000e+00 -9.489034e+01 -2.509624e+01
   endloop
 endfacet
 facet normal  0.000000e+00 -8.221955e-02  9.966142e-01
   outer loop
     vertex -5.750000e+00 -9.484659e+01 -2.509263e+01
     vertex -8.750000e+00 -9.484659e+01 -2.509263e+01
     vertex -8.750000e+00 -9.489034e+01 -2.509624e+01
   endloop
 endfacet
 facet normal  0.000000e+00 -1.095298e-01  9.939835e-01
   outer loop
     vertex -5.750000e+00 -9.484659e+01 -2.509263e+01
     vertex -8.750000e+00 -9.480295e+01 -2.508782e+01
     vertex -8.750000e+00 -9.484659e+01 -2.509263e+01
   endloop
 endfacet
 facet normal  0.000000e+00 -1.095298e-01  9.939835e-01
   outer loop
     vertex -5.750000e+00 -9.480295e+01 -2.508782e+01
     vertex -8.750000e+00 -9.480295e+01 -2.508782e+01
     vertex -5.750000e+00 -9.484659e+01 -2.509263e+01
   endloop
 endfacet
 facet normal  0.000000e+00 -1.367575e-01  9.906046e-01
   outer loop
     vertex -5.750000e+00 -9.480295e+01 -2.508782e+01
     vertex -8.750000e+00 -9.475947e+01 -2.508182e+01
     vertex -8.750000e+00 -9.480295e+01 -2.508782e+01
   endloop
 endfacet
 facet normal  0.000000e+00 -1.367575e-01  9.906046e-01
   outer loop
     vertex -5.750000e+00 -9.475947e+01 -2.508182e+01
     vertex -8.750000e+00 -9.475947e+01 -2.508182e+01
     vertex -5.750000e+00 -9.480295e+01 -2.508782e+01
   endloop
 endfacet
 facet normal  0.000000e+00 -1.638824e-01  9.864799e-01
   outer loop
     vertex -5.750000e+00 -9.475947e+01 -2.508182e+01
     vertex -8.750000e+00 -9.471616e+01 -2.507462e+01
     vertex -8.750000e+00 -9.475947e+01 -2.508182e+01
   endloop
 endfacet
 facet normal  0.000000e+00 -1.638824e-01  9.864799e-01
   outer loop
     vertex -5.750000e+00 -9.471616e+01 -2.507462e+01
     vertex -8.750000e+00 -9.471616e+01 -2.507462e+01
     vertex -5.750000e+00 -9.475947e+01 -2.508182e+01
   endloop
 endfacet
 facet normal  0.000000e+00 -1.908838e-01  9.816126e-01
   outer loop
     vertex -5.750000e+00 -9.467307e+01 -2.506624e+01
     vertex -8.750000e+00 -9.471616e+01 -2.507462e+01
     vertex -5.750000e+00 -9.471616e+01 -2.507462e+01
   endloop
 endfacet
 facet normal  0.000000e+00 -1.908838e-01  9.816126e-01
   outer loop
     vertex -5.750000e+00 -9.467307e+01 -2.506624e+01
     vertex -8.750000e+00 -9.467307e+01 -2.506624e+01
     vertex -8.750000e+00 -9.471616e+01 -2.507462e+01
   endloop
 endfacet
 facet normal  0.000000e+00 -2.177416e-01  9.760065e-01
   outer loop
     vertex -5.750000e+00 -9.467307e+01 -2.506624e+01
     vertex -8.750000e+00 -9.463022e+01 -2.505668e+01
     vertex -8.750000e+00 -9.467307e+01 -2.506624e+01
   endloop
 endfacet
 facet normal  0.000000e+00 -2.177416e-01  9.760065e-01
   outer loop
     vertex -5.750000e+00 -9.463022e+01 -2.505668e+01
     vertex -8.750000e+00 -9.463022e+01 -2.505668e+01
     vertex -5.750000e+00 -9.467307e+01 -2.506624e+01
   endloop
 endfacet
 facet normal  0.000000e+00 -2.444354e-01  9.696656e-01
   outer loop
     vertex -5.750000e+00 -9.458766e+01 -2.504595e+01
     vertex -8.750000e+00 -9.458766e+01 -2.504595e+01
     vertex -8.750000e+00 -9.463022e+01 -2.505668e+01
   endloop
 endfacet
 facet normal  0.000000e+00 -2.709453e-01  9.625948e-01
   outer loop
     vertex -5.750000e+00 -9.458766e+01 -2.504595e+01
     vertex -8.750000e+00 -9.454540e+01 -2.503406e+01
     vertex -8.750000e+00 -9.458766e+01 -2.504595e+01
   endloop
 endfacet
 facet normal  0.000000e+00 -2.444354e-01  9.696656e-01
   outer loop
     vertex -5.750000e+00 -9.458766e+01 -2.504595e+01
     vertex -8.750000e+00 -9.463022e+01 -2.505668e+01
     vertex -5.750000e+00 -9.463022e+01 -2.505668e+01
   endloop
 endfacet
 facet normal  0.000000e+00 -2.709453e-01  9.625948e-01
   outer loop
     vertex -5.750000e+00 -9.454540e+01 -2.503406e+01
     vertex -8.750000e+00 -9.454540e+01 -2.503406e+01
     vertex -5.750000e+00 -9.458766e+01 -2.504595e+01
   endloop
 endfacet
 facet normal  0.000000e+00 -2.972512e-01  9.547993e-01
   outer loop
     vertex -5.750000e+00 -9.450349e+01 -2.502101e+01
     vertex -8.750000e+00 -9.450349e+01 -2.502101e+01
     vertex -8.750000e+00 -9.454540e+01 -2.503406e+01
   endloop
 endfacet
 facet normal  0.000000e+00 -2.972512e-01  9.547993e-01
   outer loop
     vertex -5.750000e+00 -9.450349e+01 -2.502101e+01
     vertex -8.750000e+00 -9.454540e+01 -2.503406e+01
     vertex -5.750000e+00 -9.454540e+01 -2.503406e+01
   endloop
 endfacet
 facet normal  0.000000e+00 -3.233333e-01  9.462851e-01
   outer loop
     vertex -5.750000e+00 -9.446195e+01 -2.500682e+01
     vertex -8.750000e+00 -9.446195e+01 -2.500682e+01
     vertex -8.750000e+00 -9.450349e+01 -2.502101e+01
   endloop
 endfacet
 facet normal  0.000000e+00 -3.491720e-01  9.370586e-01
   outer loop
     vertex -5.750000e+00 -9.446195e+01 -2.500682e+01
     vertex -8.750000e+00 -9.442081e+01 -2.499149e+01
     vertex -8.750000e+00 -9.446195e+01 -2.500682e+01
   endloop
 endfacet
 facet normal  0.000000e+00 -3.233333e-01  9.462851e-01
   outer loop
     vertex -5.750000e+00 -9.446195e+01 -2.500682e+01
     vertex -8.750000e+00 -9.450349e+01 -2.502101e+01
     vertex -5.750000e+00 -9.450349e+01 -2.502101e+01
   endloop
 endfacet
 facet normal  0.000000e+00 -3.491720e-01  9.370586e-01
   outer loop
     vertex -5.750000e+00 -9.442081e+01 -2.499149e+01
     vertex -8.750000e+00 -9.442081e+01 -2.499149e+01
     vertex -5.750000e+00 -9.446195e+01 -2.500682e+01
   endloop
 endfacet
 facet normal  0.000000e+00 -3.747479e-01  9.271267e-01
   outer loop
     vertex -5.750000e+00 -9.438011e+01 -2.497504e+01
     vertex -8.750000e+00 -9.438011e+01 -2.497504e+01
     vertex -8.750000e+00 -9.442081e+01 -2.499149e+01
   endloop
 endfacet
 facet normal  0.000000e+00 -3.747479e-01  9.271267e-01
   outer loop
     vertex -5.750000e+00 -9.438011e+01 -2.497504e+01
     vertex -8.750000e+00 -9.442081e+01 -2.499149e+01
     vertex -5.750000e+00 -9.442081e+01 -2.499149e+01
   endloop
 endfacet
 facet normal  0.000000e+00 -4.000417e-01  9.164969e-01
   outer loop
     vertex -5.750000e+00 -9.433988e+01 -2.495748e+01
     vertex -8.750000e+00 -9.433988e+01 -2.495748e+01
     vertex -8.750000e+00 -9.438011e+01 -2.497504e+01
   endloop
 endfacet
 facet normal  0.000000e+00 -4.250344e-01  9.051772e-01
   outer loop
     vertex -5.750000e+00 -9.433988e+01 -2.495748e+01
     vertex -8.750000e+00 -9.430014e+01 -2.493882e+01
     vertex -8.750000e+00 -9.433988e+01 -2.495748e+01
   endloop
 endfacet
 facet normal  0.000000e+00 -4.000417e-01  9.164969e-01
   outer loop
     vertex -5.750000e+00 -9.433988e+01 -2.495748e+01
     vertex -8.750000e+00 -9.438011e+01 -2.497504e+01
     vertex -5.750000e+00 -9.438011e+01 -2.497504e+01
   endloop
 endfacet
 facet normal  0.000000e+00 -4.497071e-01  8.931761e-01
   outer loop
     vertex -5.750000e+00 -9.430014e+01 -2.493882e+01
     vertex -8.750000e+00 -9.426093e+01 -2.491908e+01
     vertex -8.750000e+00 -9.430014e+01 -2.493882e+01
   endloop
 endfacet
 facet normal  0.000000e+00 -4.250344e-01  9.051772e-01
   outer loop
     vertex -5.750000e+00 -9.430014e+01 -2.493882e+01
     vertex -8.750000e+00 -9.430014e+01 -2.493882e+01
     vertex -5.750000e+00 -9.433988e+01 -2.495748e+01
   endloop
 endfacet
 facet normal  0.000000e+00 -4.497071e-01  8.931761e-01
   outer loop
     vertex -5.750000e+00 -9.426093e+01 -2.491908e+01
     vertex -8.750000e+00 -9.426093e+01 -2.491908e+01
     vertex -5.750000e+00 -9.430014e+01 -2.493882e+01
   endloop
 endfacet
 facet normal  0.000000e+00 -4.740412e-01  8.805026e-01
   outer loop
     vertex -5.750000e+00 -9.422228e+01 -2.489827e+01
     vertex -8.750000e+00 -9.422228e+01 -2.489827e+01
     vertex -8.750000e+00 -9.426093e+01 -2.491908e+01
   endloop
 endfacet
 facet normal  0.000000e+00 -4.740412e-01  8.805026e-01
   outer loop
     vertex -5.750000e+00 -9.422228e+01 -2.489827e+01
     vertex -8.750000e+00 -9.426093e+01 -2.491908e+01
     vertex -5.750000e+00 -9.426093e+01 -2.491908e+01
   endloop
 endfacet
 facet normal  0.000000e+00 -4.980186e-01  8.671664e-01
   outer loop
     vertex -5.750000e+00 -9.418421e+01 -2.487640e+01
     vertex -8.750000e+00 -9.418421e+01 -2.487640e+01
     vertex -8.750000e+00 -9.422228e+01 -2.489827e+01
   endloop
 endfacet
 facet normal  0.000000e+00 -5.216210e-01  8.531773e-01
   outer loop
     vertex -5.750000e+00 -9.418421e+01 -2.487640e+01
     vertex -8.750000e+00 -9.414676e+01 -2.485351e+01
     vertex -8.750000e+00 -9.418421e+01 -2.487640e+01
   endloop
 endfacet
 facet normal  0.000000e+00 -4.980186e-01  8.671664e-01
   outer loop
     vertex -5.750000e+00 -9.418421e+01 -2.487640e+01
     vertex -8.750000e+00 -9.422228e+01 -2.489827e+01
     vertex -5.750000e+00 -9.422228e+01 -2.489827e+01
   endloop
 endfacet
 facet normal  0.000000e+00 -5.216210e-01  8.531773e-01
   outer loop
     vertex -5.750000e+00 -9.414676e+01 -2.485351e+01
     vertex -8.750000e+00 -9.414676e+01 -2.485351e+01
     vertex -5.750000e+00 -9.418421e+01 -2.487640e+01
   endloop
 endfacet
 facet normal  0.000000e+00 -5.448308e-01  8.385460e-01
   outer loop
     vertex -5.750000e+00 -9.410995e+01 -2.482959e+01
     vertex -8.750000e+00 -9.414676e+01 -2.485351e+01
     vertex -5.750000e+00 -9.414676e+01 -2.485351e+01
   endloop
 endfacet
 facet normal  0.000000e+00 -5.448308e-01  8.385460e-01
   outer loop
     vertex -5.750000e+00 -9.410995e+01 -2.482959e+01
     vertex -8.750000e+00 -9.410995e+01 -2.482959e+01
     vertex -8.750000e+00 -9.414676e+01 -2.485351e+01
   endloop
 endfacet
 facet normal  0.000000e+00 -5.676304e-01  8.232835e-01
   outer loop
     vertex -5.750000e+00 -9.410995e+01 -2.482959e+01
     vertex -8.750000e+00 -9.407381e+01 -2.480467e+01
     vertex -8.750000e+00 -9.410995e+01 -2.482959e+01
   endloop
 endfacet
 facet normal  0.000000e+00 -5.676304e-01  8.232835e-01
   outer loop
     vertex -5.750000e+00 -9.407381e+01 -2.480467e+01
     vertex -8.750000e+00 -9.407381e+01 -2.480467e+01
     vertex -5.750000e+00 -9.410995e+01 -2.482959e+01
   endloop
 endfacet
 facet normal  0.000000e+00 -5.900028e-01  8.074012e-01
   outer loop
     vertex -5.750000e+00 -9.407381e+01 -2.480467e+01
     vertex -8.750000e+00 -9.403836e+01 -2.477877e+01
     vertex -8.750000e+00 -9.407381e+01 -2.480467e+01
   endloop
 endfacet
 facet normal  0.000000e+00 -5.900028e-01  8.074012e-01
   outer loop
     vertex -5.750000e+00 -9.403836e+01 -2.477877e+01
     vertex -8.750000e+00 -9.403836e+01 -2.477877e+01
     vertex -5.750000e+00 -9.407381e+01 -2.480467e+01
   endloop
 endfacet
 facet normal  0.000000e+00 -6.119310e-01  7.909112e-01
   outer loop
     vertex -5.750000e+00 -9.400364e+01 -2.475191e+01
     vertex -8.750000e+00 -9.403836e+01 -2.477877e+01
     vertex -5.750000e+00 -9.403836e+01 -2.477877e+01
   endloop
 endfacet
 facet normal  0.000000e+00 -6.119310e-01  7.909112e-01
   outer loop
     vertex -5.750000e+00 -9.400364e+01 -2.475191e+01
     vertex -8.750000e+00 -9.400364e+01 -2.475191e+01
     vertex -8.750000e+00 -9.403836e+01 -2.477877e+01
   endloop
 endfacet
 facet normal  0.000000e+00 -6.333986e-01  7.738257e-01
   outer loop
     vertex -5.750000e+00 -9.400364e+01 -2.475191e+01
     vertex -8.750000e+00 -9.396967e+01 -2.472410e+01
     vertex -8.750000e+00 -9.400364e+01 -2.475191e+01
   endloop
 endfacet
 facet normal  0.000000e+00 -6.333986e-01  7.738257e-01
   outer loop
     vertex -5.750000e+00 -9.396967e+01 -2.472410e+01
     vertex -8.750000e+00 -9.396967e+01 -2.472410e+01
     vertex -5.750000e+00 -9.400364e+01 -2.475191e+01
   endloop
 endfacet
 facet normal  0.000000e+00 -6.543893e-01  7.561578e-01
   outer loop
     vertex -5.750000e+00 -9.393648e+01 -2.469538e+01
     vertex -8.750000e+00 -9.396967e+01 -2.472410e+01
     vertex -5.750000e+00 -9.396967e+01 -2.472410e+01
   endloop
 endfacet
 facet normal  0.000000e+00 -6.543893e-01  7.561578e-01
   outer loop
     vertex -5.750000e+00 -9.393648e+01 -2.469538e+01
     vertex -8.750000e+00 -9.393648e+01 -2.469538e+01
     vertex -8.750000e+00 -9.396967e+01 -2.472410e+01
   endloop
 endfacet
 facet normal  0.000000e+00 -6.748875e-01  7.379206e-01
   outer loop
     vertex -5.750000e+00 -9.393648e+01 -2.469538e+01
     vertex -8.750000e+00 -9.390408e+01 -2.466575e+01
     vertex -8.750000e+00 -9.393648e+01 -2.469538e+01
   endloop
 endfacet
 facet normal  0.000000e+00 -6.748875e-01  7.379206e-01
   outer loop
     vertex -5.750000e+00 -9.390408e+01 -2.466575e+01
     vertex -8.750000e+00 -9.390408e+01 -2.466575e+01
     vertex -5.750000e+00 -9.393648e+01 -2.469538e+01
   endloop
 endfacet
 facet normal  0.000000e+00 -6.948776e-01  7.191280e-01
   outer loop
     vertex -5.750000e+00 -9.390408e+01 -2.466575e+01
     vertex -8.750000e+00 -9.387252e+01 -2.463524e+01
     vertex -8.750000e+00 -9.390408e+01 -2.466575e+01
   endloop
 endfacet
 facet normal  0.000000e+00 -6.948776e-01  7.191280e-01
   outer loop
     vertex -5.750000e+00 -9.387252e+01 -2.463524e+01
     vertex -8.750000e+00 -9.387252e+01 -2.463524e+01
     vertex -5.750000e+00 -9.390408e+01 -2.466575e+01
   endloop
 endfacet
 facet normal  0.000000e+00 -7.143447e-01  6.997940e-01
   outer loop
     vertex -5.750000e+00 -9.387252e+01 -2.463524e+01
     vertex -8.750000e+00 -9.384180e+01 -2.460389e+01
     vertex -8.750000e+00 -9.387252e+01 -2.463524e+01
   endloop
 endfacet
 facet normal  0.000000e+00 -7.143447e-01  6.997940e-01
   outer loop
     vertex -5.750000e+00 -9.384180e+01 -2.460389e+01
     vertex -8.750000e+00 -9.384180e+01 -2.460389e+01
     vertex -5.750000e+00 -9.387252e+01 -2.463524e+01
   endloop
 endfacet
 facet normal  0.000000e+00 -7.332740e-01  6.799333e-01
   outer loop
     vertex -5.750000e+00 -9.381195e+01 -2.457170e+01
     vertex -8.750000e+00 -9.384180e+01 -2.460389e+01
     vertex -5.750000e+00 -9.384180e+01 -2.460389e+01
   endloop
 endfacet
 facet normal  0.000000e+00 -7.332740e-01  6.799333e-01
   outer loop
     vertex -5.750000e+00 -9.381195e+01 -2.457170e+01
     vertex -8.750000e+00 -9.381195e+01 -2.457170e+01
     vertex -8.750000e+00 -9.384180e+01 -2.460389e+01
   endloop
 endfacet
 facet normal  0.000000e+00 -7.516513e-01  6.595607e-01
   outer loop
     vertex -5.750000e+00 -9.378299e+01 -2.453870e+01
     vertex -8.750000e+00 -9.381195e+01 -2.457170e+01
     vertex -5.750000e+00 -9.381195e+01 -2.457170e+01
   endloop
 endfacet
 facet normal  0.000000e+00 -7.516513e-01  6.595607e-01
   outer loop
     vertex -5.750000e+00 -9.378299e+01 -2.453870e+01
     vertex -8.750000e+00 -9.378299e+01 -2.453870e+01
     vertex -8.750000e+00 -9.381195e+01 -2.457170e+01
   endloop
 endfacet
 facet normal  0.000000e+00 -7.694628e-01  6.386916e-01
   outer loop
     vertex -5.750000e+00 -9.378299e+01 -2.453870e+01
     vertex -8.750000e+00 -9.375496e+01 -2.450492e+01
     vertex -8.750000e+00 -9.378299e+01 -2.453870e+01
   endloop
 endfacet
 facet normal  0.000000e+00 -7.694628e-01  6.386916e-01
   outer loop
     vertex -5.750000e+00 -9.375496e+01 -2.450492e+01
     vertex -8.750000e+00 -9.375496e+01 -2.450492e+01
     vertex -5.750000e+00 -9.378299e+01 -2.453870e+01
   endloop
 endfacet
 facet normal  0.000000e+00 -7.866951e-01  6.173417e-01
   outer loop
     vertex -5.750000e+00 -9.372786e+01 -2.447039e+01
     vertex -8.750000e+00 -9.375496e+01 -2.450492e+01
     vertex -5.750000e+00 -9.375496e+01 -2.450492e+01
   endloop
 endfacet
 facet normal  0.000000e+00 -7.866951e-01  6.173417e-01
   outer loop
     vertex -5.750000e+00 -9.372786e+01 -2.447039e+01
     vertex -8.750000e+00 -9.372786e+01 -2.447039e+01
     vertex -8.750000e+00 -9.375496e+01 -2.450492e+01
   endloop
 endfacet
 facet normal  0.000000e+00 -8.033352e-01  5.955271e-01
   outer loop
     vertex -5.750000e+00 -9.372786e+01 -2.447039e+01
     vertex -8.750000e+00 -9.370171e+01 -2.443512e+01
     vertex -8.750000e+00 -9.372786e+01 -2.447039e+01
   endloop
 endfacet
 facet normal  0.000000e+00 -8.033352e-01  5.955271e-01
   outer loop
     vertex -5.750000e+00 -9.370171e+01 -2.443512e+01
     vertex -8.750000e+00 -9.370171e+01 -2.443512e+01
     vertex -5.750000e+00 -9.372786e+01 -2.447039e+01
   endloop
 endfacet
 facet normal  0.000000e+00 -8.193706e-01  5.732642e-01
   outer loop
     vertex -5.750000e+00 -9.370171e+01 -2.443512e+01
     vertex -8.750000e+00 -9.367655e+01 -2.439915e+01
     vertex -8.750000e+00 -9.370171e+01 -2.443512e+01
   endloop
 endfacet
 facet normal  0.000000e+00 -8.193706e-01  5.732642e-01
   outer loop
     vertex -5.750000e+00 -9.367655e+01 -2.439915e+01
     vertex -8.750000e+00 -9.367655e+01 -2.439915e+01
     vertex -5.750000e+00 -9.370171e+01 -2.443512e+01
   endloop
 endfacet
 facet normal  0.000000e+00 -8.347891e-01  5.505698e-01
   outer loop
     vertex -5.750000e+00 -9.367655e+01 -2.439915e+01
     vertex -8.750000e+00 -9.365238e+01 -2.436251e+01
     vertex -8.750000e+00 -9.367655e+01 -2.439915e+01
   endloop
 endfacet
 facet normal  0.000000e+00 -8.347891e-01  5.505698e-01
   outer loop
     vertex -5.750000e+00 -9.365238e+01 -2.436251e+01
     vertex -8.750000e+00 -9.365238e+01 -2.436251e+01
     vertex -5.750000e+00 -9.367655e+01 -2.439915e+01
   endloop
 endfacet
 facet normal  0.000000e+00 -8.495793e-01  5.274609e-01
   outer loop
     vertex -5.750000e+00 -9.362922e+01 -2.432521e+01
     vertex -8.750000e+00 -9.365238e+01 -2.436251e+01
     vertex -5.750000e+00 -9.365238e+01 -2.436251e+01
   endloop
 endfacet
 facet normal  0.000000e+00 -8.495793e-01  5.274609e-01
   outer loop
     vertex -5.750000e+00 -9.362922e+01 -2.432521e+01
     vertex -8.750000e+00 -9.362922e+01 -2.432521e+01
     vertex -8.750000e+00 -9.365238e+01 -2.436251e+01
   endloop
 endfacet
 facet normal  0.000000e+00 -8.637299e-01  5.039550e-01
   outer loop
     vertex -5.750000e+00 -9.362922e+01 -2.432521e+01
     vertex -8.750000e+00 -9.360710e+01 -2.428729e+01
     vertex -8.750000e+00 -9.362922e+01 -2.432521e+01
   endloop
 endfacet
 facet normal  0.000000e+00 -8.637299e-01  5.039550e-01
   outer loop
     vertex -5.750000e+00 -9.360710e+01 -2.428729e+01
     vertex -8.750000e+00 -9.360710e+01 -2.428729e+01
     vertex -5.750000e+00 -9.362922e+01 -2.432521e+01
   endloop
 endfacet
 facet normal  0.000000e+00 -8.772303e-01  4.800697e-01
   outer loop
     vertex -5.750000e+00 -9.358603e+01 -2.424878e+01
     vertex -8.750000e+00 -9.360710e+01 -2.428729e+01
     vertex -5.750000e+00 -9.360710e+01 -2.428729e+01
   endloop
 endfacet
 facet normal  0.000000e+00 -8.772303e-01  4.800697e-01
   outer loop
     vertex -5.750000e+00 -9.358603e+01 -2.424878e+01
     vertex -8.750000e+00 -9.358603e+01 -2.424878e+01
     vertex -8.750000e+00 -9.360710e+01 -2.428729e+01
   endloop
 endfacet
 facet normal  0.000000e+00 -8.900704e-01  4.558231e-01
   outer loop
     vertex -5.750000e+00 -9.358603e+01 -2.424878e+01
     vertex -8.750000e+00 -9.356602e+01 -2.420971e+01
     vertex -8.750000e+00 -9.358603e+01 -2.424878e+01
   endloop
 endfacet
 facet normal  0.000000e+00 -8.900704e-01  4.558231e-01
   outer loop
     vertex -5.750000e+00 -9.356602e+01 -2.420971e+01
     vertex -8.750000e+00 -9.356602e+01 -2.420971e+01
     vertex -5.750000e+00 -9.358603e+01 -2.424878e+01
   endloop
 endfacet
 facet normal  0.000000e+00 -9.022405e-01  4.312333e-01
   outer loop
     vertex -5.750000e+00 -9.354709e+01 -2.417010e+01
     vertex -8.750000e+00 -9.356602e+01 -2.420971e+01
     vertex -5.750000e+00 -9.356602e+01 -2.420971e+01
   endloop
 endfacet
 facet normal  0.000000e+00 -9.022405e-01  4.312333e-01
   outer loop
     vertex -5.750000e+00 -9.354709e+01 -2.417010e+01
     vertex -8.750000e+00 -9.354709e+01 -2.417010e+01
     vertex -8.750000e+00 -9.356602e+01 -2.420971e+01
   endloop
 endfacet
 facet normal  0.000000e+00 -9.137314e-01  4.063188e-01
   outer loop
     vertex -5.750000e+00 -9.352925e+01 -2.412999e+01
     vertex -8.750000e+00 -9.354709e+01 -2.417010e+01
     vertex -5.750000e+00 -9.354709e+01 -2.417010e+01
   endloop
 endfacet
 facet normal  0.000000e+00 -9.137314e-01  4.063188e-01
   outer loop
     vertex -5.750000e+00 -9.352925e+01 -2.412999e+01
     vertex -8.750000e+00 -9.352925e+01 -2.412999e+01
     vertex -8.750000e+00 -9.354709e+01 -2.417010e+01
   endloop
 endfacet
 facet normal  0.000000e+00 -9.245344e-01  3.810986e-01
   outer loop
     vertex -5.750000e+00 -9.352925e+01 -2.412999e+01
     vertex -8.750000e+00 -9.351252e+01 -2.408941e+01
     vertex -8.750000e+00 -9.352925e+01 -2.412999e+01
   endloop
 endfacet
 facet normal  0.000000e+00 -9.245344e-01  3.810986e-01
   outer loop
     vertex -5.750000e+00 -9.351252e+01 -2.408941e+01
     vertex -8.750000e+00 -9.351252e+01 -2.408941e+01
     vertex -5.750000e+00 -9.352925e+01 -2.412999e+01
   endloop
 endfacet
 facet normal  0.000000e+00 -9.346415e-01  3.555914e-01
   outer loop
     vertex -5.750000e+00 -9.349691e+01 -2.404838e+01
     vertex -8.750000e+00 -9.349691e+01 -2.404838e+01
     vertex -8.750000e+00 -9.351252e+01 -2.408941e+01
   endloop
 endfacet
 facet normal  0.000000e+00 -9.346415e-01  3.555914e-01
   outer loop
     vertex -5.750000e+00 -9.349691e+01 -2.404838e+01
     vertex -8.750000e+00 -9.351252e+01 -2.408941e+01
     vertex -5.750000e+00 -9.351252e+01 -2.408941e+01
   endloop
 endfacet
 facet normal  0.000000e+00 -9.440450e-01  3.298166e-01
   outer loop
     vertex -5.750000e+00 -9.348243e+01 -2.400694e+01
     vertex -8.750000e+00 -9.348243e+01 -2.400694e+01
     vertex -8.750000e+00 -9.349691e+01 -2.404838e+01
   endloop
 endfacet
 facet normal  0.000000e+00 -9.527379e-01  3.037934e-01
   outer loop
     vertex -5.750000e+00 -9.348243e+01 -2.400694e+01
     vertex -8.750000e+00 -9.346909e+01 -2.396511e+01
     vertex -8.750000e+00 -9.348243e+01 -2.400694e+01
   endloop
 endfacet
 facet normal  0.000000e+00 -9.440450e-01  3.298166e-01
   outer loop
     vertex -5.750000e+00 -9.348243e+01 -2.400694e+01
     vertex -8.750000e+00 -9.349691e+01 -2.404838e+01
     vertex -5.750000e+00 -9.349691e+01 -2.404838e+01
   endloop
 endfacet
 facet normal  0.000000e+00 -9.607136e-01  2.775416e-01
   outer loop
     vertex -5.750000e+00 -9.346909e+01 -2.396511e+01
     vertex -8.750000e+00 -9.345691e+01 -2.392294e+01
     vertex -8.750000e+00 -9.346909e+01 -2.396511e+01
   endloop
 endfacet
 facet normal  0.000000e+00 -9.527379e-01  3.037934e-01
   outer loop
     vertex -5.750000e+00 -9.346909e+01 -2.396511e+01
     vertex -8.750000e+00 -9.346909e+01 -2.396511e+01
     vertex -5.750000e+00 -9.348243e+01 -2.400694e+01
   endloop
 endfacet
 facet normal  0.000000e+00 -9.607136e-01  2.775416e-01
   outer loop
     vertex -5.750000e+00 -9.345691e+01 -2.392294e+01
     vertex -8.750000e+00 -9.345691e+01 -2.392294e+01
     vertex -5.750000e+00 -9.346909e+01 -2.396511e+01
   endloop
 endfacet
 facet normal  0.000000e+00 -9.679661e-01  2.510809e-01
   outer loop
     vertex -5.750000e+00 -9.344589e+01 -2.388045e+01
     vertex -8.750000e+00 -9.345691e+01 -2.392294e+01
     vertex -5.750000e+00 -9.345691e+01 -2.392294e+01
   endloop
 endfacet
 facet normal  0.000000e+00 -9.679661e-01  2.510809e-01
   outer loop
     vertex -5.750000e+00 -9.344589e+01 -2.388045e+01
     vertex -8.750000e+00 -9.344589e+01 -2.388045e+01
     vertex -8.750000e+00 -9.345691e+01 -2.392294e+01
   endloop
 endfacet
 facet normal  0.000000e+00 -9.744899e-01  2.244312e-01
   outer loop
     vertex -5.750000e+00 -9.344589e+01 -2.388045e+01
     vertex -8.750000e+00 -9.343604e+01 -2.383767e+01
     vertex -8.750000e+00 -9.344589e+01 -2.388045e+01
   endloop
 endfacet
 facet normal  0.000000e+00 -9.744899e-01  2.244312e-01
   outer loop
     vertex -5.750000e+00 -9.343604e+01 -2.383767e+01
     vertex -8.750000e+00 -9.343604e+01 -2.383767e+01
     vertex -5.750000e+00 -9.344589e+01 -2.388045e+01
   endloop
 endfacet
 facet normal  0.000000e+00 -9.802802e-01  1.976125e-01
   outer loop
     vertex -5.750000e+00 -9.342736e+01 -2.379463e+01
     vertex -8.750000e+00 -9.343604e+01 -2.383767e+01
     vertex -5.750000e+00 -9.343604e+01 -2.383767e+01
   endloop
 endfacet
 facet normal  0.000000e+00 -9.802802e-01  1.976125e-01
   outer loop
     vertex -5.750000e+00 -9.342736e+01 -2.379463e+01
     vertex -8.750000e+00 -9.342736e+01 -2.379463e+01
     vertex -8.750000e+00 -9.343604e+01 -2.383767e+01
   endloop
 endfacet
 facet normal  0.000000e+00 -9.853326e-01  1.706451e-01
   outer loop
     vertex -5.750000e+00 -9.342736e+01 -2.379463e+01
     vertex -8.750000e+00 -9.341987e+01 -2.375138e+01
     vertex -8.750000e+00 -9.342736e+01 -2.379463e+01
   endloop
 endfacet
 facet normal  0.000000e+00 -9.853326e-01  1.706451e-01
   outer loop
     vertex -5.750000e+00 -9.341987e+01 -2.375138e+01
     vertex -8.750000e+00 -9.341987e+01 -2.375138e+01
     vertex -5.750000e+00 -9.342736e+01 -2.379463e+01
   endloop
 endfacet
 facet normal  0.000000e+00 -9.896432e-01  1.435492e-01
   outer loop
     vertex -5.750000e+00 -9.341987e+01 -2.375138e+01
     vertex -8.750000e+00 -9.341357e+01 -2.370794e+01
     vertex -8.750000e+00 -9.341987e+01 -2.375138e+01
   endloop
 endfacet
 facet normal  0.000000e+00 -9.896432e-01  1.435492e-01
   outer loop
     vertex -5.750000e+00 -9.341357e+01 -2.370794e+01
     vertex -8.750000e+00 -9.341357e+01 -2.370794e+01
     vertex -5.750000e+00 -9.341987e+01 -2.375138e+01
   endloop
 endfacet
 facet normal  0.000000e+00 -9.932088e-01  1.163452e-01
   outer loop
     vertex -5.750000e+00 -9.341357e+01 -2.370794e+01
     vertex -8.750000e+00 -9.340846e+01 -2.366433e+01
     vertex -8.750000e+00 -9.341357e+01 -2.370794e+01
   endloop
 endfacet
 facet normal  0.000000e+00 -9.932088e-01  1.163452e-01
   outer loop
     vertex -5.750000e+00 -9.340846e+01 -2.366433e+01
     vertex -8.750000e+00 -9.340846e+01 -2.366433e+01
     vertex -5.750000e+00 -9.341357e+01 -2.370794e+01
   endloop
 endfacet
 facet normal  0.000000e+00 -9.960268e-01  8.905371e-02
   outer loop
     vertex -5.750000e+00 -9.340455e+01 -2.362061e+01
     vertex -8.750000e+00 -9.340846e+01 -2.366433e+01
     vertex -5.750000e+00 -9.340846e+01 -2.366433e+01
   endloop
 endfacet
 facet normal  0.000000e+00 -9.960268e-01  8.905371e-02
   outer loop
     vertex -5.750000e+00 -9.340455e+01 -2.362061e+01
     vertex -8.750000e+00 -9.340455e+01 -2.362061e+01
     vertex -8.750000e+00 -9.340846e+01 -2.366433e+01
   endloop
 endfacet
 facet normal  0.000000e+00 -9.980950e-01  6.169515e-02
   outer loop
     vertex -5.750000e+00 -9.340455e+01 -2.362061e+01
     vertex -8.750000e+00 -9.340184e+01 -2.357680e+01
     vertex -8.750000e+00 -9.340455e+01 -2.362061e+01
   endloop
 endfacet
 facet normal  0.000000e+00 -9.980950e-01  6.169515e-02
   outer loop
     vertex -5.750000e+00 -9.340184e+01 -2.357680e+01
     vertex -8.750000e+00 -9.340184e+01 -2.357680e+01
     vertex -5.750000e+00 -9.340455e+01 -2.362061e+01
   endloop
 endfacet
 facet normal  0.000000e+00 -9.994119e-01  3.429014e-02
   outer loop
     vertex -5.750000e+00 -9.340034e+01 -2.353292e+01
     vertex -8.750000e+00 -9.340184e+01 -2.357680e+01
     vertex -5.750000e+00 -9.340184e+01 -2.357680e+01
   endloop
 endfacet
 facet normal  0.000000e+00 -9.994119e-01  3.429014e-02
   outer loop
     vertex -5.750000e+00 -9.340034e+01 -2.353292e+01
     vertex -8.750000e+00 -9.340034e+01 -2.353292e+01
     vertex -8.750000e+00 -9.340184e+01 -2.357680e+01
   endloop
 endfacet
 facet normal  0.000000e+00 -9.999765e-01  6.859319e-03
   outer loop
     vertex -5.750000e+00 -9.340034e+01 -2.353292e+01
     vertex -8.750000e+00 -9.340004e+01 -2.348903e+01
     vertex -8.750000e+00 -9.340034e+01 -2.353292e+01
   endloop
 endfacet
 facet normal  0.000000e+00 -9.999765e-01  6.859319e-03
   outer loop
     vertex -5.750000e+00 -9.340004e+01 -2.348903e+01
     vertex -8.750000e+00 -9.340004e+01 -2.348903e+01
     vertex -5.750000e+00 -9.340034e+01 -2.353292e+01
   endloop
 endfacet
 facet normal -0.000000e+00 -9.988475e-01 -4.799716e-02
   outer loop
     vertex -5.750000e+00 -9.340094e+01 -2.344514e+01
     vertex -8.750000e+00 -9.340305e+01 -2.340129e+01
     vertex -8.750000e+00 -9.340094e+01 -2.344514e+01
   endloop
 endfacet
 facet normal  0.000000e+00 -9.997883e-01 -2.057667e-02
   outer loop
     vertex -5.750000e+00 -9.340094e+01 -2.344514e+01
     vertex -8.750000e+00 -9.340004e+01 -2.348903e+01
     vertex -5.750000e+00 -9.340004e+01 -2.348903e+01
   endloop
 endfacet
 facet normal -0.000000e+00 -9.997883e-01 -2.057667e-02
   outer loop
     vertex -5.750000e+00 -9.340094e+01 -2.344514e+01
     vertex -8.750000e+00 -9.340094e+01 -2.344514e+01
     vertex -8.750000e+00 -9.340004e+01 -2.348903e+01
   endloop
 endfacet
 facet normal -0.000000e+00 -9.988475e-01 -4.799716e-02
   outer loop
     vertex -5.750000e+00 -9.340305e+01 -2.340129e+01
     vertex -8.750000e+00 -9.340305e+01 -2.340129e+01
     vertex -5.750000e+00 -9.340094e+01 -2.344514e+01
   endloop
 endfacet
 facet normal -0.000000e+00 -9.971548e-01 -7.538152e-02
   outer loop
     vertex -5.750000e+00 -9.340636e+01 -2.335751e+01
     vertex -8.750000e+00 -9.340636e+01 -2.335751e+01
     vertex -8.750000e+00 -9.340305e+01 -2.340129e+01
   endloop
 endfacet
 facet normal  0.000000e+00 -9.971548e-01 -7.538152e-02
   outer loop
     vertex -5.750000e+00 -9.340636e+01 -2.335751e+01
     vertex -8.750000e+00 -9.340305e+01 -2.340129e+01
     vertex -5.750000e+00 -9.340305e+01 -2.340129e+01
   endloop
 endfacet
 facet normal -0.000000e+00 -9.947114e-01 -1.027091e-01
   outer loop
     vertex -5.750000e+00 -9.341087e+01 -2.331385e+01
     vertex -8.750000e+00 -9.341087e+01 -2.331385e+01
     vertex -8.750000e+00 -9.340636e+01 -2.335751e+01
   endloop
 endfacet
 facet normal  0.000000e+00 -9.947114e-01 -1.027091e-01
   outer loop
     vertex -5.750000e+00 -9.341087e+01 -2.331385e+01
     vertex -8.750000e+00 -9.340636e+01 -2.335751e+01
     vertex -5.750000e+00 -9.340636e+01 -2.335751e+01
   endloop
 endfacet
 facet normal -0.000000e+00 -9.915193e-01 -1.299594e-01
   outer loop
     vertex -5.750000e+00 -9.341657e+01 -2.327032e+01
     vertex -8.750000e+00 -9.341657e+01 -2.327032e+01
     vertex -8.750000e+00 -9.341087e+01 -2.331385e+01
   endloop
 endfacet
 facet normal  0.000000e+00 -9.915193e-01 -1.299594e-01
   outer loop
     vertex -5.750000e+00 -9.341657e+01 -2.327032e+01
     vertex -8.750000e+00 -9.341087e+01 -2.331385e+01
     vertex -5.750000e+00 -9.341087e+01 -2.331385e+01
   endloop
 endfacet
 facet normal -0.000000e+00 -9.875808e-01 -1.571119e-01
   outer loop
     vertex -5.750000e+00 -9.342347e+01 -2.322697e+01
     vertex -8.750000e+00 -9.342347e+01 -2.322697e+01
     vertex -8.750000e+00 -9.341657e+01 -2.327032e+01
   endloop
 endfacet
 facet normal -0.000000e+00 -9.828989e-01 -1.841461e-01
   outer loop
     vertex -5.750000e+00 -9.342347e+01 -2.322697e+01
     vertex -8.750000e+00 -9.343155e+01 -2.318382e+01
     vertex -8.750000e+00 -9.342347e+01 -2.322697e+01
   endloop
 endfacet
 facet normal  0.000000e+00 -9.875808e-01 -1.571119e-01
   outer loop
     vertex -5.750000e+00 -9.342347e+01 -2.322697e+01
     vertex -8.750000e+00 -9.341657e+01 -2.327032e+01
     vertex -5.750000e+00 -9.341657e+01 -2.327032e+01
   endloop
 endfacet
 facet normal -0.000000e+00 -9.774771e-01 -2.110417e-01
   outer loop
     vertex -5.750000e+00 -9.343155e+01 -2.318382e+01
     vertex -8.750000e+00 -9.344082e+01 -2.314091e+01
     vertex -8.750000e+00 -9.343155e+01 -2.318382e+01
   endloop
 endfacet
 facet normal -0.000000e+00 -9.828989e-01 -1.841461e-01
   outer loop
     vertex -5.750000e+00 -9.343155e+01 -2.318382e+01
     vertex -8.750000e+00 -9.343155e+01 -2.318382e+01
     vertex -5.750000e+00 -9.342347e+01 -2.322697e+01
   endloop
 endfacet
 facet normal -0.000000e+00 -9.713194e-01 -2.377784e-01
   outer loop
     vertex -5.750000e+00 -9.344082e+01 -2.314091e+01
     vertex -8.750000e+00 -9.345125e+01 -2.309827e+01
     vertex -8.750000e+00 -9.344082e+01 -2.314091e+01
   endloop
 endfacet
 facet normal -0.000000e+00 -9.774771e-01 -2.110417e-01
   outer loop
     vertex -5.750000e+00 -9.344082e+01 -2.314091e+01
     vertex -8.750000e+00 -9.344082e+01 -2.314091e+01
     vertex -5.750000e+00 -9.343155e+01 -2.318382e+01
   endloop
 endfacet
 facet normal -0.000000e+00 -9.644306e-01 -2.643362e-01
   outer loop
     vertex -5.750000e+00 -9.345125e+01 -2.309827e+01
     vertex -8.750000e+00 -9.346286e+01 -2.305593e+01
     vertex -8.750000e+00 -9.345125e+01 -2.309827e+01
   endloop
 endfacet
 facet normal -0.000000e+00 -9.713194e-01 -2.377784e-01
   outer loop
     vertex -5.750000e+00 -9.345125e+01 -2.309827e+01
     vertex -8.750000e+00 -9.345125e+01 -2.309827e+01
     vertex -5.750000e+00 -9.344082e+01 -2.314091e+01
   endloop
 endfacet
 facet normal -0.000000e+00 -9.644306e-01 -2.643362e-01
   outer loop
     vertex -5.750000e+00 -9.346286e+01 -2.305593e+01
     vertex -8.750000e+00 -9.346286e+01 -2.305593e+01
     vertex -5.750000e+00 -9.345125e+01 -2.309827e+01
   endloop
 endfacet
 facet normal -0.000000e+00 -9.568158e-01 -2.906949e-01
   outer loop
     vertex -5.750000e+00 -9.347562e+01 -2.301393e+01
     vertex -8.750000e+00 -9.347562e+01 -2.301393e+01
     vertex -8.750000e+00 -9.346286e+01 -2.305593e+01
   endloop
 endfacet
 facet normal  0.000000e+00 -9.568158e-01 -2.906949e-01
   outer loop
     vertex -5.750000e+00 -9.347562e+01 -2.301393e+01
     vertex -8.750000e+00 -9.346286e+01 -2.305593e+01
     vertex -5.750000e+00 -9.346286e+01 -2.305593e+01
   endloop
 endfacet
 facet normal -0.000000e+00 -9.484807e-01 -3.168348e-01
   outer loop
     vertex -5.750000e+00 -9.348953e+01 -2.297229e+01
     vertex -8.750000e+00 -9.348953e+01 -2.297229e+01
     vertex -8.750000e+00 -9.347562e+01 -2.301393e+01
   endloop
 endfacet
 facet normal -0.000000e+00 -9.394317e-01 -3.427362e-01
   outer loop
     vertex -5.750000e+00 -9.348953e+01 -2.297229e+01
     vertex -8.750000e+00 -9.350457e+01 -2.293105e+01
     vertex -8.750000e+00 -9.348953e+01 -2.297229e+01
   endloop
 endfacet
 facet normal  0.000000e+00 -9.484807e-01 -3.168348e-01
   outer loop
     vertex -5.750000e+00 -9.348953e+01 -2.297229e+01
     vertex -8.750000e+00 -9.347562e+01 -2.301393e+01
     vertex -5.750000e+00 -9.347562e+01 -2.301393e+01
   endloop
 endfacet
 facet normal -0.000000e+00 -9.394317e-01 -3.427362e-01
   outer loop
     vertex -5.750000e+00 -9.350457e+01 -2.293105e+01
     vertex -8.750000e+00 -9.350457e+01 -2.293105e+01
     vertex -5.750000e+00 -9.348953e+01 -2.297229e+01
   endloop
 endfacet
 facet normal -0.000000e+00 -9.296754e-01 -3.683796e-01
   outer loop
     vertex -5.750000e+00 -9.352074e+01 -2.289024e+01
     vertex -8.750000e+00 -9.352074e+01 -2.289024e+01
     vertex -8.750000e+00 -9.350457e+01 -2.293105e+01
   endloop
 endfacet
 facet normal  0.000000e+00 -9.296754e-01 -3.683796e-01
   outer loop
     vertex -5.750000e+00 -9.352074e+01 -2.289024e+01
     vertex -8.750000e+00 -9.350457e+01 -2.293105e+01
     vertex -5.750000e+00 -9.350457e+01 -2.293105e+01
   endloop
 endfacet
 facet normal  0.000000e+00 -9.192194e-01 -3.937458e-01
   outer loop
     vertex -5.750000e+00 -9.353803e+01 -2.284989e+01
     vertex -8.750000e+00 -9.352074e+01 -2.289024e+01
     vertex -5.750000e+00 -9.352074e+01 -2.289024e+01
   endloop
 endfacet
 facet normal -0.000000e+00 -9.192194e-01 -3.937458e-01
   outer loop
     vertex -5.750000e+00 -9.353803e+01 -2.284989e+01
     vertex -8.750000e+00 -9.353803e+01 -2.284989e+01
     vertex -8.750000e+00 -9.352074e+01 -2.289024e+01
   endloop
 endfacet
 facet normal -0.000000e+00 -9.080714e-01 -4.188155e-01
   outer loop
     vertex -5.750000e+00 -9.353803e+01 -2.284989e+01
     vertex -8.750000e+00 -9.355642e+01 -2.281003e+01
     vertex -8.750000e+00 -9.353803e+01 -2.284989e+01
   endloop
 endfacet
 facet normal -0.000000e+00 -9.080714e-01 -4.188155e-01
   outer loop
     vertex -5.750000e+00 -9.355642e+01 -2.281003e+01
     vertex -8.750000e+00 -9.355642e+01 -2.281003e+01
     vertex -5.750000e+00 -9.353803e+01 -2.284989e+01
   endloop
 endfacet
 facet normal -0.000000e+00 -8.962398e-01 -4.435699e-01
   outer loop
     vertex -5.750000e+00 -9.357589e+01 -2.277068e+01
     vertex -8.750000e+00 -9.357589e+01 -2.277068e+01
     vertex -8.750000e+00 -9.355642e+01 -2.281003e+01
   endloop
 endfacet
 facet normal -0.000000e+00 -8.837335e-01 -4.679904e-01
   outer loop
     vertex -5.750000e+00 -9.357589e+01 -2.277068e+01
     vertex -8.750000e+00 -9.359643e+01 -2.273189e+01
     vertex -8.750000e+00 -9.357589e+01 -2.277068e+01
   endloop
 endfacet
 facet normal  0.000000e+00 -8.962398e-01 -4.435699e-01
   outer loop
     vertex -5.750000e+00 -9.357589e+01 -2.277068e+01
     vertex -8.750000e+00 -9.355642e+01 -2.281003e+01
     vertex -5.750000e+00 -9.355642e+01 -2.281003e+01
   endloop
 endfacet
 facet normal -0.000000e+00 -8.837335e-01 -4.679904e-01
   outer loop
     vertex -5.750000e+00 -9.359643e+01 -2.273189e+01
     vertex -8.750000e+00 -9.359643e+01 -2.273189e+01
     vertex -5.750000e+00 -9.357589e+01 -2.277068e+01
   endloop
 endfacet
 facet normal -0.000000e+00 -8.705620e-01 -4.920587e-01
   outer loop
     vertex -5.750000e+00 -9.359643e+01 -2.273189e+01
     vertex -8.750000e+00 -9.361803e+01 -2.269367e+01
     vertex -8.750000e+00 -9.359643e+01 -2.273189e+01
   endloop
 endfacet
 facet normal -0.000000e+00 -8.705620e-01 -4.920587e-01
   outer loop
     vertex -5.750000e+00 -9.361803e+01 -2.269367e+01
     vertex -8.750000e+00 -9.361803e+01 -2.269367e+01
     vertex -5.750000e+00 -9.359643e+01 -2.273189e+01
   endloop
 endfacet
 facet normal -0.000000e+00 -8.567352e-01 -5.157565e-01
   outer loop
     vertex -5.750000e+00 -9.361803e+01 -2.269367e+01
     vertex -8.750000e+00 -9.364067e+01 -2.265606e+01
     vertex -8.750000e+00 -9.361803e+01 -2.269367e+01
   endloop
 endfacet
 facet normal -0.000000e+00 -8.567352e-01 -5.157565e-01
   outer loop
     vertex -5.750000e+00 -9.364067e+01 -2.265606e+01
     vertex -8.750000e+00 -9.364067e+01 -2.265606e+01
     vertex -5.750000e+00 -9.361803e+01 -2.269367e+01
   endloop
 endfacet
 facet normal -0.000000e+00 -8.422635e-01 -5.390661e-01
   outer loop
     vertex -5.750000e+00 -9.366434e+01 -2.261909e+01
     vertex -8.750000e+00 -9.366434e+01 -2.261909e+01
     vertex -8.750000e+00 -9.364067e+01 -2.265606e+01
   endloop
 endfacet
 facet normal  0.000000e+00 -8.422635e-01 -5.390661e-01
   outer loop
     vertex -5.750000e+00 -9.366434e+01 -2.261909e+01
     vertex -8.750000e+00 -9.364067e+01 -2.265606e+01
     vertex -5.750000e+00 -9.364067e+01 -2.265606e+01
   endloop
 endfacet
 facet normal -0.000000e+00 -8.271577e-01 -5.619699e-01
   outer loop
     vertex -5.750000e+00 -9.368901e+01 -2.258278e+01
     vertex -8.750000e+00 -9.368901e+01 -2.258278e+01
     vertex -8.750000e+00 -9.366434e+01 -2.261909e+01
   endloop
 endfacet
 facet normal -0.000000e+00 -8.114292e-01 -5.844507e-01
   outer loop
     vertex -5.750000e+00 -9.368901e+01 -2.258278e+01
     vertex -8.750000e+00 -9.371466e+01 -2.254716e+01
     vertex -8.750000e+00 -9.368901e+01 -2.258278e+01
   endloop
 endfacet
 facet normal  0.000000e+00 -8.271577e-01 -5.619699e-01
   outer loop
     vertex -5.750000e+00 -9.368901e+01 -2.258278e+01
     vertex -8.750000e+00 -9.366434e+01 -2.261909e+01
     vertex -5.750000e+00 -9.366434e+01 -2.261909e+01
   endloop
 endfacet
 facet normal -0.000000e+00 -8.114292e-01 -5.844507e-01
   outer loop
     vertex -5.750000e+00 -9.371466e+01 -2.254716e+01
     vertex -8.750000e+00 -9.371466e+01 -2.254716e+01
     vertex -5.750000e+00 -9.368901e+01 -2.258278e+01
   endloop
 endfacet
 facet normal -0.000000e+00 -7.950900e-01 -6.064915e-01
   outer loop
     vertex -5.750000e+00 -9.374129e+01 -2.251225e+01
     vertex -8.750000e+00 -9.374129e+01 -2.251225e+01
     vertex -8.750000e+00 -9.371466e+01 -2.254716e+01
   endloop
 endfacet
 facet normal -0.000000e+00 -7.781522e-01 -6.280757e-01
   outer loop
     vertex -5.750000e+00 -9.374129e+01 -2.251225e+01
     vertex -8.750000e+00 -9.376886e+01 -2.247809e+01
     vertex -8.750000e+00 -9.374129e+01 -2.251225e+01
   endloop
 endfacet
 facet normal  0.000000e+00 -7.950900e-01 -6.064915e-01
   outer loop
     vertex -5.750000e+00 -9.374129e+01 -2.251225e+01
     vertex -8.750000e+00 -9.371466e+01 -2.254716e+01
     vertex -5.750000e+00 -9.371466e+01 -2.254716e+01
   endloop
 endfacet
 facet normal -0.000000e+00 -7.781522e-01 -6.280757e-01
   outer loop
     vertex -5.750000e+00 -9.376886e+01 -2.247809e+01
     vertex -8.750000e+00 -9.376886e+01 -2.247809e+01
     vertex -5.750000e+00 -9.374129e+01 -2.251225e+01
   endloop
 endfacet
 facet normal -0.000000e+00 -7.606287e-01 -6.491872e-01
   outer loop
     vertex -5.750000e+00 -9.376886e+01 -2.247809e+01
     vertex -8.750000e+00 -9.379736e+01 -2.244470e+01
     vertex -8.750000e+00 -9.376886e+01 -2.247809e+01
   endloop
 endfacet
 facet normal -0.000000e+00 -7.606287e-01 -6.491872e-01
   outer loop
     vertex -5.750000e+00 -9.379736e+01 -2.244470e+01
     vertex -8.750000e+00 -9.379736e+01 -2.244470e+01
     vertex -5.750000e+00 -9.376886e+01 -2.247809e+01
   endloop
 endfacet
 facet normal -0.000000e+00 -7.425325e-01 -6.698100e-01
   outer loop
     vertex -5.750000e+00 -9.382676e+01 -2.241211e+01
     vertex -8.750000e+00 -9.382676e+01 -2.241211e+01
     vertex -8.750000e+00 -9.379736e+01 -2.244470e+01
   endloop
 endfacet
 facet normal  0.000000e+00 -7.425325e-01 -6.698100e-01
   outer loop
     vertex -5.750000e+00 -9.382676e+01 -2.241211e+01
     vertex -8.750000e+00 -9.379736e+01 -2.244470e+01
     vertex -5.750000e+00 -9.379736e+01 -2.244470e+01
   endloop
 endfacet
 facet normal -0.000000e+00 -7.238775e-01 -6.899286e-01
   outer loop
     vertex -5.750000e+00 -9.385705e+01 -2.238033e+01
     vertex -8.750000e+00 -9.385705e+01 -2.238033e+01
     vertex -8.750000e+00 -9.382676e+01 -2.241211e+01
   endloop
 endfacet
 facet normal  0.000000e+00 -7.238775e-01 -6.899286e-01
   outer loop
     vertex -5.750000e+00 -9.385705e+01 -2.238033e+01
     vertex -8.750000e+00 -9.382676e+01 -2.241211e+01
     vertex -5.750000e+00 -9.382676e+01 -2.241211e+01
   endloop
 endfacet
 facet normal -0.000000e+00 -7.046775e-01 -7.095278e-01
   outer loop
     vertex -5.750000e+00 -9.388820e+01 -2.234940e+01
     vertex -8.750000e+00 -9.388820e+01 -2.234940e+01
     vertex -8.750000e+00 -9.385705e+01 -2.238033e+01
   endloop
 endfacet
 facet normal  0.000000e+00 -7.046775e-01 -7.095278e-01
   outer loop
     vertex -5.750000e+00 -9.388820e+01 -2.234940e+01
     vertex -8.750000e+00 -9.385705e+01 -2.238033e+01
     vertex -5.750000e+00 -9.385705e+01 -2.238033e+01
   endloop
 endfacet
 facet normal -0.000000e+00 -6.849470e-01 -7.285929e-01
   outer loop
     vertex -5.750000e+00 -9.392018e+01 -2.231933e+01
     vertex -8.750000e+00 -9.392018e+01 -2.231933e+01
     vertex -8.750000e+00 -9.388820e+01 -2.234940e+01
   endloop
 endfacet
 facet normal  0.000000e+00 -6.849470e-01 -7.285929e-01
   outer loop
     vertex -5.750000e+00 -9.392018e+01 -2.231933e+01
     vertex -8.750000e+00 -9.388820e+01 -2.234940e+01
     vertex -5.750000e+00 -9.388820e+01 -2.234940e+01
   endloop
 endfacet
 facet normal -0.000000e+00 -6.647010e-01 -7.471095e-01
   outer loop
     vertex -5.750000e+00 -9.395298e+01 -2.229015e+01
     vertex -8.750000e+00 -9.395298e+01 -2.229015e+01
     vertex -8.750000e+00 -9.392018e+01 -2.231933e+01
   endloop
 endfacet
 facet normal  0.000000e+00 -6.647010e-01 -7.471095e-01
   outer loop
     vertex -5.750000e+00 -9.395298e+01 -2.229015e+01
     vertex -8.750000e+00 -9.392018e+01 -2.231933e+01
     vertex -5.750000e+00 -9.392018e+01 -2.231933e+01
   endloop
 endfacet
 facet normal -0.000000e+00 -6.439545e-01 -7.650637e-01
   outer loop
     vertex -5.750000e+00 -9.398656e+01 -2.226188e+01
     vertex -8.750000e+00 -9.398656e+01 -2.226188e+01
     vertex -8.750000e+00 -9.395298e+01 -2.229015e+01
   endloop
 endfacet
 facet normal  0.000000e+00 -6.439545e-01 -7.650637e-01
   outer loop
     vertex -5.750000e+00 -9.398656e+01 -2.226188e+01
     vertex -8.750000e+00 -9.395298e+01 -2.229015e+01
     vertex -5.750000e+00 -9.395298e+01 -2.229015e+01
   endloop
 endfacet
 facet normal -0.000000e+00 -6.227234e-01 -7.824421e-01
   outer loop
     vertex -5.750000e+00 -9.402091e+01 -2.223454e+01
     vertex -8.750000e+00 -9.402091e+01 -2.223454e+01
     vertex -8.750000e+00 -9.398656e+01 -2.226188e+01
   endloop
 endfacet
 facet normal  0.000000e+00 -6.227234e-01 -7.824421e-01
   outer loop
     vertex -5.750000e+00 -9.402091e+01 -2.223454e+01
     vertex -8.750000e+00 -9.398656e+01 -2.226188e+01
     vertex -5.750000e+00 -9.398656e+01 -2.226188e+01
   endloop
 endfacet
 facet normal -0.000000e+00 -6.010234e-01 -7.992314e-01
   outer loop
     vertex -5.750000e+00 -9.405600e+01 -2.220816e+01
     vertex -8.750000e+00 -9.405600e+01 -2.220816e+01
     vertex -8.750000e+00 -9.402091e+01 -2.223454e+01
   endloop
 endfacet
 facet normal  0.000000e+00 -6.010234e-01 -7.992314e-01
   outer loop
     vertex -5.750000e+00 -9.405600e+01 -2.220816e+01
     vertex -8.750000e+00 -9.402091e+01 -2.223454e+01
     vertex -5.750000e+00 -9.402091e+01 -2.223454e+01
   endloop
 endfacet
 facet normal -0.000000e+00 -5.788711e-01 -8.154191e-01
   outer loop
     vertex -5.750000e+00 -9.409179e+01 -2.218275e+01
     vertex -8.750000e+00 -9.409179e+01 -2.218275e+01
     vertex -8.750000e+00 -9.405600e+01 -2.220816e+01
   endloop
 endfacet
 facet normal -0.000000e+00 -5.562829e-01 -8.309929e-01
   outer loop
     vertex -5.750000e+00 -9.409179e+01 -2.218275e+01
     vertex -8.750000e+00 -9.412827e+01 -2.215833e+01
     vertex -8.750000e+00 -9.409179e+01 -2.218275e+01
   endloop
 endfacet
 facet normal  0.000000e+00 -5.788711e-01 -8.154191e-01
   outer loop
     vertex -5.750000e+00 -9.409179e+01 -2.218275e+01
     vertex -8.750000e+00 -9.405600e+01 -2.220816e+01
     vertex -5.750000e+00 -9.405600e+01 -2.220816e+01
   endloop
 endfacet
 facet normal -0.000000e+00 -5.562829e-01 -8.309929e-01
   outer loop
     vertex -5.750000e+00 -9.412827e+01 -2.215833e+01
     vertex -8.750000e+00 -9.412827e+01 -2.215833e+01
     vertex -5.750000e+00 -9.409179e+01 -2.218275e+01
   endloop
 endfacet
 facet normal -0.000000e+00 -5.332761e-01 -8.459413e-01
   outer loop
     vertex -5.750000e+00 -9.416541e+01 -2.213492e+01
     vertex -8.750000e+00 -9.416541e+01 -2.213492e+01
     vertex -8.750000e+00 -9.412827e+01 -2.215833e+01
   endloop
 endfacet
 facet normal -0.000000e+00 -5.098678e-01 -8.602528e-01
   outer loop
     vertex -5.750000e+00 -9.416541e+01 -2.213492e+01
     vertex -8.750000e+00 -9.420317e+01 -2.211253e+01
     vertex -8.750000e+00 -9.416541e+01 -2.213492e+01
   endloop
 endfacet
 facet normal  0.000000e+00 -5.332761e-01 -8.459413e-01
   outer loop
     vertex -5.750000e+00 -9.416541e+01 -2.213492e+01
     vertex -8.750000e+00 -9.412827e+01 -2.215833e+01
     vertex -5.750000e+00 -9.412827e+01 -2.215833e+01
   endloop
 endfacet
 facet normal -0.000000e+00 -5.098678e-01 -8.602528e-01
   outer loop
     vertex -5.750000e+00 -9.420317e+01 -2.211253e+01
     vertex -8.750000e+00 -9.420317e+01 -2.211253e+01
     vertex -5.750000e+00 -9.416541e+01 -2.213492e+01
   endloop
 endfacet
 facet normal -0.000000e+00 -4.860756e-01 -8.739167e-01
   outer loop
     vertex -5.750000e+00 -9.424153e+01 -2.209120e+01
     vertex -8.750000e+00 -9.424153e+01 -2.209120e+01
     vertex -8.750000e+00 -9.420317e+01 -2.211253e+01
   endloop
 endfacet
 facet normal  0.000000e+00 -4.860756e-01 -8.739167e-01
   outer loop
     vertex -5.750000e+00 -9.424153e+01 -2.209120e+01
     vertex -8.750000e+00 -9.420317e+01 -2.211253e+01
     vertex -5.750000e+00 -9.420317e+01 -2.211253e+01
   endloop
 endfacet
 facet normal  0.000000e+00 -4.619176e-01 -8.869228e-01
   outer loop
     vertex -5.750000e+00 -9.428047e+01 -2.207092e+01
     vertex -8.750000e+00 -9.424153e+01 -2.209120e+01
     vertex -5.750000e+00 -9.424153e+01 -2.209120e+01
   endloop
 endfacet
 facet normal -0.000000e+00 -4.619176e-01 -8.869228e-01
   outer loop
     vertex -5.750000e+00 -9.428047e+01 -2.207092e+01
     vertex -8.750000e+00 -9.428047e+01 -2.207092e+01
     vertex -8.750000e+00 -9.424153e+01 -2.209120e+01
   endloop
 endfacet
 facet normal -0.000000e+00 -4.374119e-01 -8.992613e-01
   outer loop
     vertex -5.750000e+00 -9.428047e+01 -2.207092e+01
     vertex -8.750000e+00 -9.431995e+01 -2.205172e+01
     vertex -8.750000e+00 -9.428047e+01 -2.207092e+01
   endloop
 endfacet
 facet normal -0.000000e+00 -4.374119e-01 -8.992613e-01
   outer loop
     vertex -5.750000e+00 -9.431995e+01 -2.205172e+01
     vertex -8.750000e+00 -9.431995e+01 -2.205172e+01
     vertex -5.750000e+00 -9.428047e+01 -2.207092e+01
   endloop
 endfacet
 facet normal  0.000000e+00 -4.125769e-01 -9.109228e-01
   outer loop
     vertex -5.750000e+00 -9.435993e+01 -2.203360e+01
     vertex -8.750000e+00 -9.431995e+01 -2.205172e+01
     vertex -5.750000e+00 -9.431995e+01 -2.205172e+01
   endloop
 endfacet
 facet normal -0.000000e+00 -4.125769e-01 -9.109228e-01
   outer loop
     vertex -5.750000e+00 -9.435993e+01 -2.203360e+01
     vertex -8.750000e+00 -9.435993e+01 -2.203360e+01
     vertex -8.750000e+00 -9.431995e+01 -2.205172e+01
   endloop
 endfacet
 facet normal  0.000000e+00 -3.874313e-01 -9.218986e-01
   outer loop
     vertex -5.750000e+00 -9.440040e+01 -2.201660e+01
     vertex -8.750000e+00 -9.435993e+01 -2.203360e+01
     vertex -5.750000e+00 -9.435993e+01 -2.203360e+01
   endloop
 endfacet
 facet normal -0.000000e+00 -3.874313e-01 -9.218986e-01
   outer loop
     vertex -5.750000e+00 -9.440040e+01 -2.201660e+01
     vertex -8.750000e+00 -9.440040e+01 -2.201660e+01
     vertex -8.750000e+00 -9.435993e+01 -2.203360e+01
   endloop
 endfacet
 facet normal  0.000000e+00 -3.619940e-01 -9.321804e-01
   outer loop
     vertex -5.750000e+00 -9.444132e+01 -2.200071e+01
     vertex -8.750000e+00 -9.440040e+01 -2.201660e+01
     vertex -5.750000e+00 -9.440040e+01 -2.201660e+01
   endloop
 endfacet
 facet normal -0.000000e+00 -3.619940e-01 -9.321804e-01
   outer loop
     vertex -5.750000e+00 -9.444132e+01 -2.200071e+01
     vertex -8.750000e+00 -9.444132e+01 -2.200071e+01
     vertex -8.750000e+00 -9.440040e+01 -2.201660e+01
   endloop
 endfacet
 facet normal  0.000000e+00 -3.362843e-01 -9.417605e-01
   outer loop
     vertex -5.750000e+00 -9.448267e+01 -2.198594e+01
     vertex -8.750000e+00 -9.444132e+01 -2.200071e+01
     vertex -5.750000e+00 -9.444132e+01 -2.200071e+01
   endloop
 endfacet
 facet normal -0.000000e+00 -3.362843e-01 -9.417605e-01
   outer loop
     vertex -5.750000e+00 -9.448267e+01 -2.198594e+01
     vertex -8.750000e+00 -9.448267e+01 -2.198594e+01
     vertex -8.750000e+00 -9.444132e+01 -2.200071e+01
   endloop
 endfacet
 facet normal  0.000000e+00 -3.103214e-01 -9.506317e-01
   outer loop
     vertex -5.750000e+00 -9.452440e+01 -2.197232e+01
     vertex -8.750000e+00 -9.448267e+01 -2.198594e+01
     vertex -5.750000e+00 -9.448267e+01 -2.198594e+01
   endloop
 endfacet
 facet normal -0.000000e+00 -3.103214e-01 -9.506317e-01
   outer loop
     vertex -5.750000e+00 -9.452440e+01 -2.197232e+01
     vertex -8.750000e+00 -9.452440e+01 -2.197232e+01
     vertex -8.750000e+00 -9.448267e+01 -2.198594e+01
   endloop
 endfacet
 facet normal -0.000000e+00 -2.841250e-01 -9.587873e-01
   outer loop
     vertex -5.750000e+00 -9.452440e+01 -2.197232e+01
     vertex -8.750000e+00 -9.456649e+01 -2.195985e+01
     vertex -8.750000e+00 -9.452440e+01 -2.197232e+01
   endloop
 endfacet
 facet normal -0.000000e+00 -2.841250e-01 -9.587873e-01
   outer loop
     vertex -5.750000e+00 -9.456649e+01 -2.195985e+01
     vertex -8.750000e+00 -9.456649e+01 -2.195985e+01
     vertex -5.750000e+00 -9.452440e+01 -2.197232e+01
   endloop
 endfacet
 facet normal  0.000000e+00 -2.577146e-01 -9.662211e-01
   outer loop
     vertex -5.750000e+00 -9.460890e+01 -2.194854e+01
     vertex -8.750000e+00 -9.456649e+01 -2.195985e+01
     vertex -5.750000e+00 -9.456649e+01 -2.195985e+01
   endloop
 endfacet
 facet normal -0.000000e+00 -2.577146e-01 -9.662211e-01
   outer loop
     vertex -5.750000e+00 -9.460890e+01 -2.194854e+01
     vertex -8.750000e+00 -9.460890e+01 -2.194854e+01
     vertex -8.750000e+00 -9.456649e+01 -2.195985e+01
   endloop
 endfacet
 facet normal  0.000000e+00 -2.311102e-01 -9.729276e-01
   outer loop
     vertex -5.750000e+00 -9.465161e+01 -2.193839e+01
     vertex -8.750000e+00 -9.460890e+01 -2.194854e+01
     vertex -5.750000e+00 -9.460890e+01 -2.194854e+01
   endloop
 endfacet
 facet normal -0.000000e+00 -2.311102e-01 -9.729276e-01
   outer loop
     vertex -5.750000e+00 -9.465161e+01 -2.193839e+01
     vertex -8.750000e+00 -9.465161e+01 -2.193839e+01
     vertex -8.750000e+00 -9.460890e+01 -2.194854e+01
   endloop
 endfacet
 facet normal  0.000000e+00 -2.043319e-01 -9.789017e-01
   outer loop
     vertex -5.750000e+00 -9.469459e+01 -2.192942e+01
     vertex -8.750000e+00 -9.465161e+01 -2.193839e+01
     vertex -5.750000e+00 -9.465161e+01 -2.193839e+01
   endloop
 endfacet
 facet normal -0.000000e+00 -2.043319e-01 -9.789017e-01
   outer loop
     vertex -5.750000e+00 -9.469459e+01 -2.192942e+01
     vertex -8.750000e+00 -9.469459e+01 -2.192942e+01
     vertex -8.750000e+00 -9.465161e+01 -2.193839e+01
   endloop
 endfacet
 facet normal  0.000000e+00 -1.773998e-01 -9.841389e-01
   outer loop
     vertex -5.750000e+00 -9.473779e+01 -2.192163e+01
     vertex -8.750000e+00 -9.469459e+01 -2.192942e+01
     vertex -5.750000e+00 -9.469459e+01 -2.192942e+01
   endloop
 endfacet
 facet normal -0.000000e+00 -1.773998e-01 -9.841389e-01
   outer loop
     vertex -5.750000e+00 -9.473779e+01 -2.192163e+01
     vertex -8.750000e+00 -9.473779e+01 -2.192163e+01
     vertex -8.750000e+00 -9.469459e+01 -2.192942e+01
   endloop
 endfacet
 facet normal  0.000000e+00 -1.503341e-01 -9.886353e-01
   outer loop
     vertex -5.750000e+00 -9.478119e+01 -2.191503e+01
     vertex -8.750000e+00 -9.473779e+01 -2.192163e+01
     vertex -5.750000e+00 -9.473779e+01 -2.192163e+01
   endloop
 endfacet
 facet normal -0.000000e+00 -1.503341e-01 -9.886353e-01
   outer loop
     vertex -5.750000e+00 -9.478119e+01 -2.191503e+01
     vertex -8.750000e+00 -9.478119e+01 -2.191503e+01
     vertex -8.750000e+00 -9.473779e+01 -2.192163e+01
   endloop
 endfacet
 facet normal -0.000000e+00 -1.231552e-01 -9.923874e-01
   outer loop
     vertex -5.750000e+00 -9.478119e+01 -2.191503e+01
     vertex -8.750000e+00 -9.482475e+01 -2.190963e+01
     vertex -8.750000e+00 -9.478119e+01 -2.191503e+01
   endloop
 endfacet
 facet normal -0.000000e+00 -1.231552e-01 -9.923874e-01
   outer loop
     vertex -5.750000e+00 -9.482475e+01 -2.190963e+01
     vertex -8.750000e+00 -9.482475e+01 -2.190963e+01
     vertex -5.750000e+00 -9.478119e+01 -2.191503e+01
   endloop
 endfacet
 facet normal -0.000000e+00 -9.588368e-02 -9.953925e-01
   outer loop
     vertex -5.750000e+00 -9.486845e+01 -2.190542e+01
     vertex -8.750000e+00 -9.486845e+01 -2.190542e+01
     vertex -8.750000e+00 -9.482475e+01 -2.190963e+01
   endloop
 endfacet
 facet normal -0.000000e+00 -6.853995e-02 -9.976484e-01
   outer loop
     vertex -5.750000e+00 -9.486845e+01 -2.190542e+01
     vertex -8.750000e+00 -9.491224e+01 -2.190241e+01
     vertex -8.750000e+00 -9.486845e+01 -2.190542e+01
   endloop
 endfacet
 facet normal  0.000000e+00 -9.588368e-02 -9.953925e-01
   outer loop
     vertex -5.750000e+00 -9.486845e+01 -2.190542e+01
     vertex -8.750000e+00 -9.482475e+01 -2.190963e+01
     vertex -5.750000e+00 -9.482475e+01 -2.190963e+01
   endloop
 endfacet
 facet normal -0.000000e+00 -6.853995e-02 -9.976484e-01
   outer loop
     vertex -5.750000e+00 -9.491224e+01 -2.190241e+01
     vertex -8.750000e+00 -9.491224e+01 -2.190241e+01
     vertex -5.750000e+00 -9.486845e+01 -2.190542e+01
   endloop
 endfacet
 facet normal -0.000000e+00 -4.114462e-02 -9.991532e-01
   outer loop
     vertex -5.750000e+00 -9.495611e+01 -2.190060e+01
     vertex -8.750000e+00 -9.495611e+01 -2.190060e+01
     vertex -8.750000e+00 -9.491224e+01 -2.190241e+01
   endloop
 endfacet
 facet normal  0.000000e+00 -4.114462e-02 -9.991532e-01
   outer loop
     vertex -5.750000e+00 -9.495611e+01 -2.190060e+01
     vertex -8.750000e+00 -9.491224e+01 -2.190241e+01
     vertex -5.750000e+00 -9.491224e+01 -2.190241e+01
   endloop
 endfacet
 facet normal -0.000000e+00 -1.371831e-02 -9.999059e-01
   outer loop
     vertex -5.750000e+00 -9.500000e+01 -2.190000e+01
     vertex -8.750000e+00 -9.500000e+01 -2.190000e+01
     vertex -8.750000e+00 -9.495611e+01 -2.190060e+01
   endloop
 endfacet
 facet normal  0.000000e+00 -1.371831e-02 -9.999059e-01
   outer loop
     vertex -5.750000e+00 -9.500000e+01 -2.190000e+01
     vertex -8.750000e+00 -9.495611e+01 -2.190060e+01
     vertex -5.750000e+00 -9.495611e+01 -2.190060e+01
   endloop
 endfacet
 facet normal  0.000000e+00  1.371831e-02 -9.999059e-01
   outer loop
     vertex  8.750000e+00 -9.504389e+01 -2.190060e+01
     vertex  5.750000e+00 -9.500000e+01 -2.190000e+01
     vertex  8.750000e+00 -9.500000e+01 -2.190000e+01
   endloop
 endfacet
 facet normal  0.000000e+00  1.371831e-02 -9.999059e-01
   outer loop
     vertex  8.750000e+00 -9.504389e+01 -2.190060e+01
     vertex  5.750000e+00 -9.504389e+01 -2.190060e+01
     vertex  5.750000e+00 -9.500000e+01 -2.190000e+01
   endloop
 endfacet
 facet normal  0.000000e+00  4.114462e-02 -9.991532e-01
   outer loop
     vertex  8.750000e+00 -9.508776e+01 -2.190241e+01
     vertex  5.750000e+00 -9.508776e+01 -2.190241e+01
     vertex  5.750000e+00 -9.504389e+01 -2.190060e+01
   endloop
 endfacet
 facet normal  0.000000e+00  4.114462e-02 -9.991532e-01
   outer loop
     vertex  8.750000e+00 -9.508776e+01 -2.190241e+01
     vertex  5.750000e+00 -9.504389e+01 -2.190060e+01
     vertex  8.750000e+00 -9.504389e+01 -2.190060e+01
   endloop
 endfacet
 facet normal  0.000000e+00  6.853995e-02 -9.976484e-01
   outer loop
     vertex  8.750000e+00 -9.513155e+01 -2.190542e+01
     vertex  5.750000e+00 -9.513155e+01 -2.190542e+01
     vertex  5.750000e+00 -9.508776e+01 -2.190241e+01
   endloop
 endfacet
 facet normal  0.000000e+00  6.853995e-02 -9.976484e-01
   outer loop
     vertex  8.750000e+00 -9.513155e+01 -2.190542e+01
     vertex  5.750000e+00 -9.508776e+01 -2.190241e+01
     vertex  8.750000e+00 -9.508776e+01 -2.190241e+01
   endloop
 endfacet
 facet normal  0.000000e+00  9.588368e-02 -9.953925e-01
   outer loop
     vertex  8.750000e+00 -9.517525e+01 -2.190963e+01
     vertex  5.750000e+00 -9.517525e+01 -2.190963e+01
     vertex  5.750000e+00 -9.513155e+01 -2.190542e+01
   endloop
 endfacet
 facet normal  0.000000e+00  9.588368e-02 -9.953925e-01
   outer loop
     vertex  8.750000e+00 -9.517525e+01 -2.190963e+01
     vertex  5.750000e+00 -9.513155e+01 -2.190542e+01
     vertex  8.750000e+00 -9.513155e+01 -2.190542e+01
   endloop
 endfacet
 facet normal  0.000000e+00  1.231552e-01 -9.923874e-01
   outer loop
     vertex  8.750000e+00 -9.521881e+01 -2.191503e+01
     vertex  5.750000e+00 -9.521881e+01 -2.191503e+01
     vertex  5.750000e+00 -9.517525e+01 -2.190963e+01
   endloop
 endfacet
 facet normal  0.000000e+00  1.231552e-01 -9.923874e-01
   outer loop
     vertex  8.750000e+00 -9.521881e+01 -2.191503e+01
     vertex  5.750000e+00 -9.517525e+01 -2.190963e+01
     vertex  8.750000e+00 -9.517525e+01 -2.190963e+01
   endloop
 endfacet
 facet normal  0.000000e+00  1.503341e-01 -9.886353e-01
   outer loop
     vertex  8.750000e+00 -9.526221e+01 -2.192163e+01
     vertex  5.750000e+00 -9.526221e+01 -2.192163e+01
     vertex  5.750000e+00 -9.521881e+01 -2.191503e+01
   endloop
 endfacet
 facet normal  0.000000e+00  1.773998e-01 -9.841389e-01
   outer loop
     vertex  8.750000e+00 -9.526221e+01 -2.192163e+01
     vertex  5.750000e+00 -9.530541e+01 -2.192942e+01
     vertex  5.750000e+00 -9.526221e+01 -2.192163e+01
   endloop
 endfacet
 facet normal  0.000000e+00  1.503341e-01 -9.886353e-01
   outer loop
     vertex  8.750000e+00 -9.526221e+01 -2.192163e+01
     vertex  5.750000e+00 -9.521881e+01 -2.191503e+01
     vertex  8.750000e+00 -9.521881e+01 -2.191503e+01
   endloop
 endfacet
 facet normal  0.000000e+00  1.773998e-01 -9.841389e-01
   outer loop
     vertex  8.750000e+00 -9.530541e+01 -2.192942e+01
     vertex  5.750000e+00 -9.530541e+01 -2.192942e+01
     vertex  8.750000e+00 -9.526221e+01 -2.192163e+01
   endloop
 endfacet
 facet normal  0.000000e+00  2.043319e-01 -9.789017e-01
   outer loop
     vertex  8.750000e+00 -9.534839e+01 -2.193839e+01
     vertex  5.750000e+00 -9.534839e+01 -2.193839e+01
     vertex  5.750000e+00 -9.530541e+01 -2.192942e+01
   endloop
 endfacet
 facet normal  0.000000e+00  2.043319e-01 -9.789017e-01
   outer loop
     vertex  8.750000e+00 -9.534839e+01 -2.193839e+01
     vertex  5.750000e+00 -9.530541e+01 -2.192942e+01
     vertex  8.750000e+00 -9.530541e+01 -2.192942e+01
   endloop
 endfacet
 facet normal  0.000000e+00  2.311102e-01 -9.729276e-01
   outer loop
     vertex  8.750000e+00 -9.539110e+01 -2.194854e+01
     vertex  5.750000e+00 -9.539110e+01 -2.194854e+01
     vertex  5.750000e+00 -9.534839e+01 -2.193839e+01
   endloop
 endfacet
 facet normal  0.000000e+00  2.311102e-01 -9.729276e-01
   outer loop
     vertex  8.750000e+00 -9.539110e+01 -2.194854e+01
     vertex  5.750000e+00 -9.534839e+01 -2.193839e+01
     vertex  8.750000e+00 -9.534839e+01 -2.193839e+01
   endloop
 endfacet
 facet normal  0.000000e+00  2.577146e-01 -9.662211e-01
   outer loop
     vertex  8.750000e+00 -9.543351e+01 -2.195985e+01
     vertex  5.750000e+00 -9.539110e+01 -2.194854e+01
     vertex  8.750000e+00 -9.539110e+01 -2.194854e+01
   endloop
 endfacet
 facet normal  0.000000e+00  2.577146e-01 -9.662211e-01
   outer loop
     vertex  8.750000e+00 -9.543351e+01 -2.195985e+01
     vertex  5.750000e+00 -9.543351e+01 -2.195985e+01
     vertex  5.750000e+00 -9.539110e+01 -2.194854e+01
   endloop
 endfacet
 facet normal  0.000000e+00  2.841250e-01 -9.587873e-01
   outer loop
     vertex  8.750000e+00 -9.543351e+01 -2.195985e+01
     vertex  5.750000e+00 -9.547560e+01 -2.197232e+01
     vertex  5.750000e+00 -9.543351e+01 -2.195985e+01
   endloop
 endfacet
 facet normal  0.000000e+00  2.841250e-01 -9.587873e-01
   outer loop
     vertex  8.750000e+00 -9.547560e+01 -2.197232e+01
     vertex  5.750000e+00 -9.547560e+01 -2.197232e+01
     vertex  8.750000e+00 -9.543351e+01 -2.195985e+01
   endloop
 endfacet
 facet normal  0.000000e+00  3.103214e-01 -9.506317e-01
   outer loop
     vertex  8.750000e+00 -9.547560e+01 -2.197232e+01
     vertex  5.750000e+00 -9.551733e+01 -2.198594e+01
     vertex  5.750000e+00 -9.547560e+01 -2.197232e+01
   endloop
 endfacet
 facet normal  0.000000e+00  3.103214e-01 -9.506317e-01
   outer loop
     vertex  8.750000e+00 -9.551733e+01 -2.198594e+01
     vertex  5.750000e+00 -9.551733e+01 -2.198594e+01
     vertex  8.750000e+00 -9.547560e+01 -2.197232e+01
   endloop
 endfacet
 facet normal  0.000000e+00  3.362843e-01 -9.417605e-01
   outer loop
     vertex  8.750000e+00 -9.551733e+01 -2.198594e+01
     vertex  5.750000e+00 -9.555868e+01 -2.200071e+01
     vertex  5.750000e+00 -9.551733e+01 -2.198594e+01
   endloop
 endfacet
 facet normal  0.000000e+00  3.362843e-01 -9.417605e-01
   outer loop
     vertex  8.750000e+00 -9.555868e+01 -2.200071e+01
     vertex  5.750000e+00 -9.555868e+01 -2.200071e+01
     vertex  8.750000e+00 -9.551733e+01 -2.198594e+01
   endloop
 endfacet
 facet normal  0.000000e+00  3.619940e-01 -9.321804e-01
   outer loop
     vertex  8.750000e+00 -9.559960e+01 -2.201660e+01
     vertex  5.750000e+00 -9.555868e+01 -2.200071e+01
     vertex  8.750000e+00 -9.555868e+01 -2.200071e+01
   endloop
 endfacet
 facet normal  0.000000e+00  3.619940e-01 -9.321804e-01
   outer loop
     vertex  8.750000e+00 -9.559960e+01 -2.201660e+01
     vertex  5.750000e+00 -9.559960e+01 -2.201660e+01
     vertex  5.750000e+00 -9.555868e+01 -2.200071e+01
   endloop
 endfacet
 facet normal  0.000000e+00  3.874313e-01 -9.218986e-01
   outer loop
     vertex  8.750000e+00 -9.564007e+01 -2.203360e+01
     vertex  5.750000e+00 -9.559960e+01 -2.201660e+01
     vertex  8.750000e+00 -9.559960e+01 -2.201660e+01
   endloop
 endfacet
 facet normal  0.000000e+00  3.874313e-01 -9.218986e-01
   outer loop
     vertex  8.750000e+00 -9.564007e+01 -2.203360e+01
     vertex  5.750000e+00 -9.564007e+01 -2.203360e+01
     vertex  5.750000e+00 -9.559960e+01 -2.201660e+01
   endloop
 endfacet
 facet normal  0.000000e+00  4.125769e-01 -9.109228e-01
   outer loop
     vertex  8.750000e+00 -9.568005e+01 -2.205172e+01
     vertex  5.750000e+00 -9.564007e+01 -2.203360e+01
     vertex  8.750000e+00 -9.564007e+01 -2.203360e+01
   endloop
 endfacet
 facet normal  0.000000e+00  4.125769e-01 -9.109228e-01
   outer loop
     vertex  8.750000e+00 -9.568005e+01 -2.205172e+01
     vertex  5.750000e+00 -9.568005e+01 -2.205172e+01
     vertex  5.750000e+00 -9.564007e+01 -2.203360e+01
   endloop
 endfacet
 facet normal  0.000000e+00  4.374119e-01 -8.992613e-01
   outer loop
     vertex  8.750000e+00 -9.571953e+01 -2.207092e+01
     vertex  5.750000e+00 -9.568005e+01 -2.205172e+01
     vertex  8.750000e+00 -9.568005e+01 -2.205172e+01
   endloop
 endfacet
 facet normal  0.000000e+00  4.374119e-01 -8.992613e-01
   outer loop
     vertex  8.750000e+00 -9.571953e+01 -2.207092e+01
     vertex  5.750000e+00 -9.571953e+01 -2.207092e+01
     vertex  5.750000e+00 -9.568005e+01 -2.205172e+01
   endloop
 endfacet
 facet normal  0.000000e+00  4.619176e-01 -8.869228e-01
   outer loop
     vertex  8.750000e+00 -9.575847e+01 -2.209120e+01
     vertex  5.750000e+00 -9.571953e+01 -2.207092e+01
     vertex  8.750000e+00 -9.571953e+01 -2.207092e+01
   endloop
 endfacet
 facet normal  0.000000e+00  4.619176e-01 -8.869228e-01
   outer loop
     vertex  8.750000e+00 -9.575847e+01 -2.209120e+01
     vertex  5.750000e+00 -9.575847e+01 -2.209120e+01
     vertex  5.750000e+00 -9.571953e+01 -2.207092e+01
   endloop
 endfacet
 facet normal  0.000000e+00  4.860756e-01 -8.739167e-01
   outer loop
     vertex  8.750000e+00 -9.579683e+01 -2.211253e+01
     vertex  5.750000e+00 -9.575847e+01 -2.209120e+01
     vertex  8.750000e+00 -9.575847e+01 -2.209120e+01
   endloop
 endfacet
 facet normal  0.000000e+00  4.860756e-01 -8.739167e-01
   outer loop
     vertex  8.750000e+00 -9.579683e+01 -2.211253e+01
     vertex  5.750000e+00 -9.579683e+01 -2.211253e+01
     vertex  5.750000e+00 -9.575847e+01 -2.209120e+01
   endloop
 endfacet
 facet normal  0.000000e+00  5.098678e-01 -8.602528e-01
   outer loop
     vertex  8.750000e+00 -9.583459e+01 -2.213492e+01
     vertex  5.750000e+00 -9.579683e+01 -2.211253e+01
     vertex  8.750000e+00 -9.579683e+01 -2.211253e+01
   endloop
 endfacet
 facet normal  0.000000e+00  5.098678e-01 -8.602528e-01
   outer loop
     vertex  8.750000e+00 -9.583459e+01 -2.213492e+01
     vertex  5.750000e+00 -9.583459e+01 -2.213492e+01
     vertex  5.750000e+00 -9.579683e+01 -2.211253e+01
   endloop
 endfacet
 facet normal  0.000000e+00  5.332761e-01 -8.459413e-01
   outer loop
     vertex  8.750000e+00 -9.587173e+01 -2.215833e+01
     vertex  5.750000e+00 -9.583459e+01 -2.213492e+01
     vertex  8.750000e+00 -9.583459e+01 -2.213492e+01
   endloop
 endfacet
 facet normal  0.000000e+00  5.332761e-01 -8.459413e-01
   outer loop
     vertex  8.750000e+00 -9.587173e+01 -2.215833e+01
     vertex  5.750000e+00 -9.587173e+01 -2.215833e+01
     vertex  5.750000e+00 -9.583459e+01 -2.213492e+01
   endloop
 endfacet
 facet normal  0.000000e+00  5.562829e-01 -8.309929e-01
   outer loop
     vertex  8.750000e+00 -9.590821e+01 -2.218275e+01
     vertex  5.750000e+00 -9.590821e+01 -2.218275e+01
     vertex  5.750000e+00 -9.587173e+01 -2.215833e+01
   endloop
 endfacet
 facet normal  0.000000e+00  5.562829e-01 -8.309929e-01
   outer loop
     vertex  8.750000e+00 -9.590821e+01 -2.218275e+01
     vertex  5.750000e+00 -9.587173e+01 -2.215833e+01
     vertex  8.750000e+00 -9.587173e+01 -2.215833e+01
   endloop
 endfacet
 facet normal  0.000000e+00  5.788711e-01 -8.154191e-01
   outer loop
     vertex  8.750000e+00 -9.594400e+01 -2.220816e+01
     vertex  5.750000e+00 -9.594400e+01 -2.220816e+01
     vertex  5.750000e+00 -9.590821e+01 -2.218275e+01
   endloop
 endfacet
 facet normal  0.000000e+00  5.788711e-01 -8.154191e-01
   outer loop
     vertex  8.750000e+00 -9.594400e+01 -2.220816e+01
     vertex  5.750000e+00 -9.590821e+01 -2.218275e+01
     vertex  8.750000e+00 -9.590821e+01 -2.218275e+01
   endloop
 endfacet
 facet normal  0.000000e+00  6.010234e-01 -7.992314e-01
   outer loop
     vertex  8.750000e+00 -9.597909e+01 -2.223454e+01
     vertex  5.750000e+00 -9.597909e+01 -2.223454e+01
     vertex  5.750000e+00 -9.594400e+01 -2.220816e+01
   endloop
 endfacet
 facet normal  0.000000e+00  6.010234e-01 -7.992314e-01
   outer loop
     vertex  8.750000e+00 -9.597909e+01 -2.223454e+01
     vertex  5.750000e+00 -9.594400e+01 -2.220816e+01
     vertex  8.750000e+00 -9.594400e+01 -2.220816e+01
   endloop
 endfacet
 facet normal  0.000000e+00  6.227234e-01 -7.824421e-01
   outer loop
     vertex  8.750000e+00 -9.601344e+01 -2.226188e+01
     vertex  5.750000e+00 -9.601344e+01 -2.226188e+01
     vertex  5.750000e+00 -9.597909e+01 -2.223454e+01
   endloop
 endfacet
 facet normal  0.000000e+00  6.227234e-01 -7.824421e-01
   outer loop
     vertex  8.750000e+00 -9.601344e+01 -2.226188e+01
     vertex  5.750000e+00 -9.597909e+01 -2.223454e+01
     vertex  8.750000e+00 -9.597909e+01 -2.223454e+01
   endloop
 endfacet
 facet normal  0.000000e+00  6.439545e-01 -7.650637e-01
   outer loop
     vertex  8.750000e+00 -9.604702e+01 -2.229015e+01
     vertex  5.750000e+00 -9.604702e+01 -2.229015e+01
     vertex  5.750000e+00 -9.601344e+01 -2.226188e+01
   endloop
 endfacet
 facet normal  0.000000e+00  6.439545e-01 -7.650637e-01
   outer loop
     vertex  8.750000e+00 -9.604702e+01 -2.229015e+01
     vertex  5.750000e+00 -9.601344e+01 -2.226188e+01
     vertex  8.750000e+00 -9.601344e+01 -2.226188e+01
   endloop
 endfacet
 facet normal  0.000000e+00  6.647010e-01 -7.471095e-01
   outer loop
     vertex  8.750000e+00 -9.607982e+01 -2.231933e+01
     vertex  5.750000e+00 -9.607982e+01 -2.231933e+01
     vertex  5.750000e+00 -9.604702e+01 -2.229015e+01
   endloop
 endfacet
 facet normal  0.000000e+00  6.849470e-01 -7.285929e-01
   outer loop
     vertex  8.750000e+00 -9.607982e+01 -2.231933e+01
     vertex  5.750000e+00 -9.611180e+01 -2.234940e+01
     vertex  5.750000e+00 -9.607982e+01 -2.231933e+01
   endloop
 endfacet
 facet normal  0.000000e+00  6.647010e-01 -7.471095e-01
   outer loop
     vertex  8.750000e+00 -9.607982e+01 -2.231933e+01
     vertex  5.750000e+00 -9.604702e+01 -2.229015e+01
     vertex  8.750000e+00 -9.604702e+01 -2.229015e+01
   endloop
 endfacet
 facet normal  0.000000e+00  6.849470e-01 -7.285929e-01
   outer loop
     vertex  8.750000e+00 -9.611180e+01 -2.234940e+01
     vertex  5.750000e+00 -9.611180e+01 -2.234940e+01
     vertex  8.750000e+00 -9.607982e+01 -2.231933e+01
   endloop
 endfacet
 facet normal  0.000000e+00  7.046775e-01 -7.095278e-01
   outer loop
     vertex  8.750000e+00 -9.614295e+01 -2.238033e+01
     vertex  5.750000e+00 -9.614295e+01 -2.238033e+01
     vertex  5.750000e+00 -9.611180e+01 -2.234940e+01
   endloop
 endfacet
 facet normal  0.000000e+00  7.238775e-01 -6.899286e-01
   outer loop
     vertex  8.750000e+00 -9.614295e+01 -2.238033e+01
     vertex  5.750000e+00 -9.617324e+01 -2.241211e+01
     vertex  5.750000e+00 -9.614295e+01 -2.238033e+01
   endloop
 endfacet
 facet normal  0.000000e+00  7.046775e-01 -7.095278e-01
   outer loop
     vertex  8.750000e+00 -9.614295e+01 -2.238033e+01
     vertex  5.750000e+00 -9.611180e+01 -2.234940e+01
     vertex  8.750000e+00 -9.611180e+01 -2.234940e+01
   endloop
 endfacet
 facet normal  0.000000e+00  7.238775e-01 -6.899286e-01
   outer loop
     vertex  8.750000e+00 -9.617324e+01 -2.241211e+01
     vertex  5.750000e+00 -9.617324e+01 -2.241211e+01
     vertex  8.750000e+00 -9.614295e+01 -2.238033e+01
   endloop
 endfacet
 facet normal  0.000000e+00  7.425325e-01 -6.698100e-01
   outer loop
     vertex  8.750000e+00 -9.620264e+01 -2.244470e+01
     vertex  5.750000e+00 -9.620264e+01 -2.244470e+01
     vertex  5.750000e+00 -9.617324e+01 -2.241211e+01
   endloop
 endfacet
 facet normal  0.000000e+00  7.425325e-01 -6.698100e-01
   outer loop
     vertex  8.750000e+00 -9.620264e+01 -2.244470e+01
     vertex  5.750000e+00 -9.617324e+01 -2.241211e+01
     vertex  8.750000e+00 -9.617324e+01 -2.241211e+01
   endloop
 endfacet
 facet normal  0.000000e+00  7.606287e-01 -6.491872e-01
   outer loop
     vertex  8.750000e+00 -9.623114e+01 -2.247809e+01
     vertex  5.750000e+00 -9.623114e+01 -2.247809e+01
     vertex  5.750000e+00 -9.620264e+01 -2.244470e+01
   endloop
 endfacet
 facet normal  0.000000e+00  7.781522e-01 -6.280757e-01
   outer loop
     vertex  8.750000e+00 -9.623114e+01 -2.247809e+01
     vertex  5.750000e+00 -9.625871e+01 -2.251225e+01
     vertex  5.750000e+00 -9.623114e+01 -2.247809e+01
   endloop
 endfacet
 facet normal  0.000000e+00  7.606287e-01 -6.491872e-01
   outer loop
     vertex  8.750000e+00 -9.623114e+01 -2.247809e+01
     vertex  5.750000e+00 -9.620264e+01 -2.244470e+01
     vertex  8.750000e+00 -9.620264e+01 -2.244470e+01
   endloop
 endfacet
 facet normal  0.000000e+00  7.950900e-01 -6.064915e-01
   outer loop
     vertex  8.750000e+00 -9.625871e+01 -2.251225e+01
     vertex  5.750000e+00 -9.628534e+01 -2.254716e+01
     vertex  5.750000e+00 -9.625871e+01 -2.251225e+01
   endloop
 endfacet
 facet normal  0.000000e+00  7.781522e-01 -6.280757e-01
   outer loop
     vertex  8.750000e+00 -9.625871e+01 -2.251225e+01
     vertex  5.750000e+00 -9.625871e+01 -2.251225e+01
     vertex  8.750000e+00 -9.623114e+01 -2.247809e+01
   endloop
 endfacet
 facet normal  0.000000e+00  7.950900e-01 -6.064915e-01
   outer loop
     vertex  8.750000e+00 -9.628534e+01 -2.254716e+01
     vertex  5.750000e+00 -9.628534e+01 -2.254716e+01
     vertex  8.750000e+00 -9.625871e+01 -2.251225e+01
   endloop
 endfacet
 facet normal  0.000000e+00  8.114292e-01 -5.844507e-01
   outer loop
     vertex  8.750000e+00 -9.631099e+01 -2.258278e+01
     vertex  5.750000e+00 -9.628534e+01 -2.254716e+01
     vertex  8.750000e+00 -9.628534e+01 -2.254716e+01
   endloop
 endfacet
 facet normal  0.000000e+00  8.114292e-01 -5.844507e-01
   outer loop
     vertex  8.750000e+00 -9.631099e+01 -2.258278e+01
     vertex  5.750000e+00 -9.631099e+01 -2.258278e+01
     vertex  5.750000e+00 -9.628534e+01 -2.254716e+01
   endloop
 endfacet
 facet normal  0.000000e+00  8.271577e-01 -5.619699e-01
   outer loop
     vertex  8.750000e+00 -9.633566e+01 -2.261909e+01
     vertex  5.750000e+00 -9.633566e+01 -2.261909e+01
     vertex  5.750000e+00 -9.631099e+01 -2.258278e+01
   endloop
 endfacet
 facet normal  0.000000e+00  8.271577e-01 -5.619699e-01
   outer loop
     vertex  8.750000e+00 -9.633566e+01 -2.261909e+01
     vertex  5.750000e+00 -9.631099e+01 -2.258278e+01
     vertex  8.750000e+00 -9.631099e+01 -2.258278e+01
   endloop
 endfacet
 facet normal  0.000000e+00  8.422635e-01 -5.390661e-01
   outer loop
     vertex  8.750000e+00 -9.635933e+01 -2.265606e+01
     vertex  5.750000e+00 -9.633566e+01 -2.261909e+01
     vertex  8.750000e+00 -9.633566e+01 -2.261909e+01
   endloop
 endfacet
 facet normal  0.000000e+00  8.422635e-01 -5.390661e-01
   outer loop
     vertex  8.750000e+00 -9.635933e+01 -2.265606e+01
     vertex  5.750000e+00 -9.635933e+01 -2.265606e+01
     vertex  5.750000e+00 -9.633566e+01 -2.261909e+01
   endloop
 endfacet
 facet normal  0.000000e+00  8.567352e-01 -5.157565e-01
   outer loop
     vertex  8.750000e+00 -9.638197e+01 -2.269367e+01
     vertex  5.750000e+00 -9.635933e+01 -2.265606e+01
     vertex  8.750000e+00 -9.635933e+01 -2.265606e+01
   endloop
 endfacet
 facet normal  0.000000e+00  8.567352e-01 -5.157565e-01
   outer loop
     vertex  8.750000e+00 -9.638197e+01 -2.269367e+01
     vertex  5.750000e+00 -9.638197e+01 -2.269367e+01
     vertex  5.750000e+00 -9.635933e+01 -2.265606e+01
   endloop
 endfacet
 facet normal  0.000000e+00  8.705620e-01 -4.920587e-01
   outer loop
     vertex  8.750000e+00 -9.640357e+01 -2.273189e+01
     vertex  5.750000e+00 -9.638197e+01 -2.269367e+01
     vertex  8.750000e+00 -9.638197e+01 -2.269367e+01
   endloop
 endfacet
 facet normal  0.000000e+00  8.705620e-01 -4.920587e-01
   outer loop
     vertex  8.750000e+00 -9.640357e+01 -2.273189e+01
     vertex  5.750000e+00 -9.640357e+01 -2.273189e+01
     vertex  5.750000e+00 -9.638197e+01 -2.269367e+01
   endloop
 endfacet
 facet normal  0.000000e+00  8.837335e-01 -4.679904e-01
   outer loop
     vertex  8.750000e+00 -9.642411e+01 -2.277068e+01
     vertex  5.750000e+00 -9.640357e+01 -2.273189e+01
     vertex  8.750000e+00 -9.640357e+01 -2.273189e+01
   endloop
 endfacet
 facet normal  0.000000e+00  8.837335e-01 -4.679904e-01
   outer loop
     vertex  8.750000e+00 -9.642411e+01 -2.277068e+01
     vertex  5.750000e+00 -9.642411e+01 -2.277068e+01
     vertex  5.750000e+00 -9.640357e+01 -2.273189e+01
   endloop
 endfacet
 facet normal  0.000000e+00  8.962398e-01 -4.435699e-01
   outer loop
     vertex  8.750000e+00 -9.644358e+01 -2.281003e+01
     vertex  5.750000e+00 -9.642411e+01 -2.277068e+01
     vertex  8.750000e+00 -9.642411e+01 -2.277068e+01
   endloop
 endfacet
 facet normal  0.000000e+00  8.962398e-01 -4.435699e-01
   outer loop
     vertex  8.750000e+00 -9.644358e+01 -2.281003e+01
     vertex  5.750000e+00 -9.644358e+01 -2.281003e+01
     vertex  5.750000e+00 -9.642411e+01 -2.277068e+01
   endloop
 endfacet
 facet normal  0.000000e+00  9.080714e-01 -4.188155e-01
   outer loop
     vertex  8.750000e+00 -9.646197e+01 -2.284989e+01
     vertex  5.750000e+00 -9.644358e+01 -2.281003e+01
     vertex  8.750000e+00 -9.644358e+01 -2.281003e+01
   endloop
 endfacet
 facet normal  0.000000e+00  9.080714e-01 -4.188155e-01
   outer loop
     vertex  8.750000e+00 -9.646197e+01 -2.284989e+01
     vertex  5.750000e+00 -9.646197e+01 -2.284989e+01
     vertex  5.750000e+00 -9.644358e+01 -2.281003e+01
   endloop
 endfacet
 facet normal  0.000000e+00  9.192194e-01 -3.937458e-01
   outer loop
     vertex  8.750000e+00 -9.647926e+01 -2.289024e+01
     vertex  5.750000e+00 -9.646197e+01 -2.284989e+01
     vertex  8.750000e+00 -9.646197e+01 -2.284989e+01
   endloop
 endfacet
 facet normal  0.000000e+00  9.192194e-01 -3.937458e-01
   outer loop
     vertex  8.750000e+00 -9.647926e+01 -2.289024e+01
     vertex  5.750000e+00 -9.647926e+01 -2.289024e+01
     vertex  5.750000e+00 -9.646197e+01 -2.284989e+01
   endloop
 endfacet
 facet normal  0.000000e+00  9.296754e-01 -3.683796e-01
   outer loop
     vertex  8.750000e+00 -9.649543e+01 -2.293105e+01
     vertex  5.750000e+00 -9.647926e+01 -2.289024e+01
     vertex  8.750000e+00 -9.647926e+01 -2.289024e+01
   endloop
 endfacet
 facet normal  0.000000e+00  9.296754e-01 -3.683796e-01
   outer loop
     vertex  8.750000e+00 -9.649543e+01 -2.293105e+01
     vertex  5.750000e+00 -9.649543e+01 -2.293105e+01
     vertex  5.750000e+00 -9.647926e+01 -2.289024e+01
   endloop
 endfacet
 facet normal  0.000000e+00  9.394317e-01 -3.427362e-01
   outer loop
     vertex  8.750000e+00 -9.649543e+01 -2.293105e+01
     vertex  5.750000e+00 -9.651047e+01 -2.297229e+01
     vertex  5.750000e+00 -9.649543e+01 -2.293105e+01
   endloop
 endfacet
 facet normal  0.000000e+00  9.394317e-01 -3.427362e-01
   outer loop
     vertex  8.750000e+00 -9.651047e+01 -2.297229e+01
     vertex  5.750000e+00 -9.651047e+01 -2.297229e+01
     vertex  8.750000e+00 -9.649543e+01 -2.293105e+01
   endloop
 endfacet
 facet normal  0.000000e+00  9.484807e-01 -3.168348e-01
   outer loop
     vertex  8.750000e+00 -9.652438e+01 -2.301393e+01
     vertex  5.750000e+00 -9.651047e+01 -2.297229e+01
     vertex  8.750000e+00 -9.651047e+01 -2.297229e+01
   endloop
 endfacet
 facet normal  0.000000e+00  9.484807e-01 -3.168348e-01
   outer loop
     vertex  8.750000e+00 -9.652438e+01 -2.301393e+01
     vertex  5.750000e+00 -9.652438e+01 -2.301393e+01
     vertex  5.750000e+00 -9.651047e+01 -2.297229e+01
   endloop
 endfacet
 facet normal  0.000000e+00  9.568158e-01 -2.906949e-01
   outer loop
     vertex  8.750000e+00 -9.653714e+01 -2.305593e+01
     vertex  5.750000e+00 -9.652438e+01 -2.301393e+01
     vertex  8.750000e+00 -9.652438e+01 -2.301393e+01
   endloop
 endfacet
 facet normal  0.000000e+00  9.568158e-01 -2.906949e-01
   outer loop
     vertex  8.750000e+00 -9.653714e+01 -2.305593e+01
     vertex  5.750000e+00 -9.653714e+01 -2.305593e+01
     vertex  5.750000e+00 -9.652438e+01 -2.301393e+01
   endloop
 endfacet
 facet normal  0.000000e+00  9.644306e-01 -2.643362e-01
   outer loop
     vertex  8.750000e+00 -9.654875e+01 -2.309827e+01
     vertex  5.750000e+00 -9.653714e+01 -2.305593e+01
     vertex  8.750000e+00 -9.653714e+01 -2.305593e+01
   endloop
 endfacet
 facet normal  0.000000e+00  9.644306e-01 -2.643362e-01
   outer loop
     vertex  8.750000e+00 -9.654875e+01 -2.309827e+01
     vertex  5.750000e+00 -9.654875e+01 -2.309827e+01
     vertex  5.750000e+00 -9.653714e+01 -2.305593e+01
   endloop
 endfacet
 facet normal  0.000000e+00  9.713194e-01 -2.377784e-01
   outer loop
     vertex  8.750000e+00 -9.655918e+01 -2.314091e+01
     vertex  5.750000e+00 -9.654875e+01 -2.309827e+01
     vertex  8.750000e+00 -9.654875e+01 -2.309827e+01
   endloop
 endfacet
 facet normal  0.000000e+00  9.713194e-01 -2.377784e-01
   outer loop
     vertex  8.750000e+00 -9.655918e+01 -2.314091e+01
     vertex  5.750000e+00 -9.655918e+01 -2.314091e+01
     vertex  5.750000e+00 -9.654875e+01 -2.309827e+01
   endloop
 endfacet
 facet normal  0.000000e+00  9.774771e-01 -2.110417e-01
   outer loop
     vertex  8.750000e+00 -9.656845e+01 -2.318382e+01
     vertex  5.750000e+00 -9.655918e+01 -2.314091e+01
     vertex  8.750000e+00 -9.655918e+01 -2.314091e+01
   endloop
 endfacet
 facet normal  0.000000e+00  9.774771e-01 -2.110417e-01
   outer loop
     vertex  8.750000e+00 -9.656845e+01 -2.318382e+01
     vertex  5.750000e+00 -9.656845e+01 -2.318382e+01
     vertex  5.750000e+00 -9.655918e+01 -2.314091e+01
   endloop
 endfacet
 facet normal  0.000000e+00  9.828989e-01 -1.841461e-01
   outer loop
     vertex  8.750000e+00 -9.657653e+01 -2.322697e+01
     vertex  5.750000e+00 -9.656845e+01 -2.318382e+01
     vertex  8.750000e+00 -9.656845e+01 -2.318382e+01
   endloop
 endfacet
 facet normal  0.000000e+00  9.828989e-01 -1.841461e-01
   outer loop
     vertex  8.750000e+00 -9.657653e+01 -2.322697e+01
     vertex  5.750000e+00 -9.657653e+01 -2.322697e+01
     vertex  5.750000e+00 -9.656845e+01 -2.318382e+01
   endloop
 endfacet
 facet normal  0.000000e+00  9.875808e-01 -1.571119e-01
   outer loop
     vertex  8.750000e+00 -9.657653e+01 -2.322697e+01
     vertex  5.750000e+00 -9.658343e+01 -2.327032e+01
     vertex  5.750000e+00 -9.657653e+01 -2.322697e+01
   endloop
 endfacet
 facet normal  0.000000e+00  9.875808e-01 -1.571119e-01
   outer loop
     vertex  8.750000e+00 -9.658343e+01 -2.327032e+01
     vertex  5.750000e+00 -9.658343e+01 -2.327032e+01
     vertex  8.750000e+00 -9.657653e+01 -2.322697e+01
   endloop
 endfacet
 facet normal  0.000000e+00  9.915193e-01 -1.299594e-01
   outer loop
     vertex  8.750000e+00 -9.658343e+01 -2.327032e+01
     vertex  5.750000e+00 -9.658913e+01 -2.331385e+01
     vertex  5.750000e+00 -9.658343e+01 -2.327032e+01
   endloop
 endfacet
 facet normal  0.000000e+00  9.915193e-01 -1.299594e-01
   outer loop
     vertex  8.750000e+00 -9.658913e+01 -2.331385e+01
     vertex  5.750000e+00 -9.658913e+01 -2.331385e+01
     vertex  8.750000e+00 -9.658343e+01 -2.327032e+01
   endloop
 endfacet
 facet normal  0.000000e+00  9.947114e-01 -1.027091e-01
   outer loop
     vertex  8.750000e+00 -9.659364e+01 -2.335751e+01
     vertex  5.750000e+00 -9.658913e+01 -2.331385e+01
     vertex  8.750000e+00 -9.658913e+01 -2.331385e+01
   endloop
 endfacet
 facet normal  0.000000e+00  9.947114e-01 -1.027091e-01
   outer loop
     vertex  8.750000e+00 -9.659364e+01 -2.335751e+01
     vertex  5.750000e+00 -9.659364e+01 -2.335751e+01
     vertex  5.750000e+00 -9.658913e+01 -2.331385e+01
   endloop
 endfacet
 facet normal  0.000000e+00  9.971548e-01 -7.538152e-02
   outer loop
     vertex  8.750000e+00 -9.659695e+01 -2.340129e+01
     vertex  5.750000e+00 -9.659364e+01 -2.335751e+01
     vertex  8.750000e+00 -9.659364e+01 -2.335751e+01
   endloop
 endfacet
 facet normal  0.000000e+00  9.971548e-01 -7.538152e-02
   outer loop
     vertex  8.750000e+00 -9.659695e+01 -2.340129e+01
     vertex  5.750000e+00 -9.659695e+01 -2.340129e+01
     vertex  5.750000e+00 -9.659364e+01 -2.335751e+01
   endloop
 endfacet
 facet normal  0.000000e+00  9.988475e-01 -4.799716e-02
   outer loop
     vertex  8.750000e+00 -9.659906e+01 -2.344514e+01
     vertex  5.750000e+00 -9.659695e+01 -2.340129e+01
     vertex  8.750000e+00 -9.659695e+01 -2.340129e+01
   endloop
 endfacet
 facet normal  0.000000e+00  9.988475e-01 -4.799716e-02
   outer loop
     vertex  8.750000e+00 -9.659906e+01 -2.344514e+01
     vertex  5.750000e+00 -9.659906e+01 -2.344514e+01
     vertex  5.750000e+00 -9.659695e+01 -2.340129e+01
   endloop
 endfacet
 facet normal  0.000000e+00  9.997883e-01 -2.057667e-02
   outer loop
     vertex  8.750000e+00 -9.659996e+01 -2.348903e+01
     vertex  5.750000e+00 -9.659996e+01 -2.348903e+01
     vertex  5.750000e+00 -9.659906e+01 -2.344514e+01
   endloop
 endfacet
 facet normal  0.000000e+00  9.997883e-01 -2.057667e-02
   outer loop
     vertex  8.750000e+00 -9.659996e+01 -2.348903e+01
     vertex  5.750000e+00 -9.659906e+01 -2.344514e+01
     vertex  8.750000e+00 -9.659906e+01 -2.344514e+01
   endloop
 endfacet
 facet normal  0.000000e+00  9.999765e-01  6.859319e-03
   outer loop
     vertex  8.750000e+00 -9.659996e+01 -2.348903e+01
     vertex  5.750000e+00 -9.659966e+01 -2.353292e+01
     vertex  5.750000e+00 -9.659996e+01 -2.348903e+01
   endloop
 endfacet
 facet normal  0.000000e+00  9.999765e-01  6.859319e-03
   outer loop
     vertex  8.750000e+00 -9.659966e+01 -2.353292e+01
     vertex  5.750000e+00 -9.659966e+01 -2.353292e+01
     vertex  8.750000e+00 -9.659996e+01 -2.348903e+01
   endloop
 endfacet
 facet normal  0.000000e+00  9.994119e-01  3.429014e-02
   outer loop
     vertex  8.750000e+00 -9.659816e+01 -2.357680e+01
     vertex  5.750000e+00 -9.659816e+01 -2.357680e+01
     vertex  5.750000e+00 -9.659966e+01 -2.353292e+01
   endloop
 endfacet
 facet normal  0.000000e+00  9.994119e-01  3.429014e-02
   outer loop
     vertex  8.750000e+00 -9.659816e+01 -2.357680e+01
     vertex  5.750000e+00 -9.659966e+01 -2.353292e+01
     vertex  8.750000e+00 -9.659966e+01 -2.353292e+01
   endloop
 endfacet
 facet normal  0.000000e+00  9.980950e-01  6.169515e-02
   outer loop
     vertex  8.750000e+00 -9.659545e+01 -2.362061e+01
     vertex  5.750000e+00 -9.659545e+01 -2.362061e+01
     vertex  5.750000e+00 -9.659816e+01 -2.357680e+01
   endloop
 endfacet
 facet normal  0.000000e+00  9.960268e-01  8.905371e-02
   outer loop
     vertex  8.750000e+00 -9.659545e+01 -2.362061e+01
     vertex  5.750000e+00 -9.659154e+01 -2.366433e+01
     vertex  5.750000e+00 -9.659545e+01 -2.362061e+01
   endloop
 endfacet
 facet normal  0.000000e+00  9.980950e-01  6.169515e-02
   outer loop
     vertex  8.750000e+00 -9.659545e+01 -2.362061e+01
     vertex  5.750000e+00 -9.659816e+01 -2.357680e+01
     vertex  8.750000e+00 -9.659816e+01 -2.357680e+01
   endloop
 endfacet
 facet normal  0.000000e+00  9.960268e-01  8.905371e-02
   outer loop
     vertex  8.750000e+00 -9.659154e+01 -2.366433e+01
     vertex  5.750000e+00 -9.659154e+01 -2.366433e+01
     vertex  8.750000e+00 -9.659545e+01 -2.362061e+01
   endloop
 endfacet
 facet normal  0.000000e+00  9.932088e-01  1.163452e-01
   outer loop
     vertex  8.750000e+00 -9.658643e+01 -2.370794e+01
     vertex  5.750000e+00 -9.659154e+01 -2.366433e+01
     vertex  8.750000e+00 -9.659154e+01 -2.366433e+01
   endloop
 endfacet
 facet normal  0.000000e+00  9.932088e-01  1.163452e-01
   outer loop
     vertex  8.750000e+00 -9.658643e+01 -2.370794e+01
     vertex  5.750000e+00 -9.658643e+01 -2.370794e+01
     vertex  5.750000e+00 -9.659154e+01 -2.366433e+01
   endloop
 endfacet
 facet normal  0.000000e+00  9.896432e-01  1.435492e-01
   outer loop
     vertex  8.750000e+00 -9.658013e+01 -2.375138e+01
     vertex  5.750000e+00 -9.658643e+01 -2.370794e+01
     vertex  8.750000e+00 -9.658643e+01 -2.370794e+01
   endloop
 endfacet
 facet normal  0.000000e+00  9.896432e-01  1.435492e-01
   outer loop
     vertex  8.750000e+00 -9.658013e+01 -2.375138e+01
     vertex  5.750000e+00 -9.658013e+01 -2.375138e+01
     vertex  5.750000e+00 -9.658643e+01 -2.370794e+01
   endloop
 endfacet
 facet normal  0.000000e+00  9.853326e-01  1.706451e-01
   outer loop
     vertex  8.750000e+00 -9.658013e+01 -2.375138e+01
     vertex  5.750000e+00 -9.657264e+01 -2.379463e+01
     vertex  5.750000e+00 -9.658013e+01 -2.375138e+01
   endloop
 endfacet
 facet normal  0.000000e+00  9.853326e-01  1.706451e-01
   outer loop
     vertex  8.750000e+00 -9.657264e+01 -2.379463e+01
     vertex  5.750000e+00 -9.657264e+01 -2.379463e+01
     vertex  8.750000e+00 -9.658013e+01 -2.375138e+01
   endloop
 endfacet
 facet normal  0.000000e+00  9.802802e-01  1.976125e-01
   outer loop
     vertex  8.750000e+00 -9.656396e+01 -2.383767e+01
     vertex  5.750000e+00 -9.657264e+01 -2.379463e+01
     vertex  8.750000e+00 -9.657264e+01 -2.379463e+01
   endloop
 endfacet
 facet normal  0.000000e+00  9.802802e-01  1.976125e-01
   outer loop
     vertex  8.750000e+00 -9.656396e+01 -2.383767e+01
     vertex  5.750000e+00 -9.656396e+01 -2.383767e+01
     vertex  5.750000e+00 -9.657264e+01 -2.379463e+01
   endloop
 endfacet
 facet normal  0.000000e+00  9.744899e-01  2.244312e-01
   outer loop
     vertex  8.750000e+00 -9.655411e+01 -2.388045e+01
     vertex  5.750000e+00 -9.656396e+01 -2.383767e+01
     vertex  8.750000e+00 -9.656396e+01 -2.383767e+01
   endloop
 endfacet
 facet normal  0.000000e+00  9.744899e-01  2.244312e-01
   outer loop
     vertex  8.750000e+00 -9.655411e+01 -2.388045e+01
     vertex  5.750000e+00 -9.655411e+01 -2.388045e+01
     vertex  5.750000e+00 -9.656396e+01 -2.383767e+01
   endloop
 endfacet
 facet normal  0.000000e+00  9.679661e-01  2.510809e-01
   outer loop
     vertex  8.750000e+00 -9.655411e+01 -2.388045e+01
     vertex  5.750000e+00 -9.654309e+01 -2.392294e+01
     vertex  5.750000e+00 -9.655411e+01 -2.388045e+01
   endloop
 endfacet
 facet normal  0.000000e+00  9.679661e-01  2.510809e-01
   outer loop
     vertex  8.750000e+00 -9.654309e+01 -2.392294e+01
     vertex  5.750000e+00 -9.654309e+01 -2.392294e+01
     vertex  8.750000e+00 -9.655411e+01 -2.388045e+01
   endloop
 endfacet
 facet normal  0.000000e+00  9.607136e-01  2.775416e-01
   outer loop
     vertex  8.750000e+00 -9.653091e+01 -2.396511e+01
     vertex  5.750000e+00 -9.654309e+01 -2.392294e+01
     vertex  8.750000e+00 -9.654309e+01 -2.392294e+01
   endloop
 endfacet
 facet normal  0.000000e+00  9.607136e-01  2.775416e-01
   outer loop
     vertex  8.750000e+00 -9.653091e+01 -2.396511e+01
     vertex  5.750000e+00 -9.653091e+01 -2.396511e+01
     vertex  5.750000e+00 -9.654309e+01 -2.392294e+01
   endloop
 endfacet
 facet normal  0.000000e+00  9.527379e-01  3.037934e-01
   outer loop
     vertex  8.750000e+00 -9.651757e+01 -2.400694e+01
     vertex  5.750000e+00 -9.653091e+01 -2.396511e+01
     vertex  8.750000e+00 -9.653091e+01 -2.396511e+01
   endloop
 endfacet
 facet normal  0.000000e+00  9.527379e-01  3.037934e-01
   outer loop
     vertex  8.750000e+00 -9.651757e+01 -2.400694e+01
     vertex  5.750000e+00 -9.651757e+01 -2.400694e+01
     vertex  5.750000e+00 -9.653091e+01 -2.396511e+01
   endloop
 endfacet
 facet normal  0.000000e+00  9.440450e-01  3.298166e-01
   outer loop
     vertex  8.750000e+00 -9.650309e+01 -2.404838e+01
     vertex  5.750000e+00 -9.651757e+01 -2.400694e+01
     vertex  8.750000e+00 -9.651757e+01 -2.400694e+01
   endloop
 endfacet
 facet normal  0.000000e+00  9.440450e-01  3.298166e-01
   outer loop
     vertex  8.750000e+00 -9.650309e+01 -2.404838e+01
     vertex  5.750000e+00 -9.650309e+01 -2.404838e+01
     vertex  5.750000e+00 -9.651757e+01 -2.400694e+01
   endloop
 endfacet
 facet normal  0.000000e+00  9.346415e-01  3.555914e-01
   outer loop
     vertex  8.750000e+00 -9.650309e+01 -2.404838e+01
     vertex  5.750000e+00 -9.648748e+01 -2.408941e+01
     vertex  5.750000e+00 -9.650309e+01 -2.404838e+01
   endloop
 endfacet
 facet normal  0.000000e+00  9.346415e-01  3.555914e-01
   outer loop
     vertex  8.750000e+00 -9.648748e+01 -2.408941e+01
     vertex  5.750000e+00 -9.648748e+01 -2.408941e+01
     vertex  8.750000e+00 -9.650309e+01 -2.404838e+01
   endloop
 endfacet
 facet normal  0.000000e+00  9.137314e-01  4.063188e-01
   outer loop
     vertex  8.750000e+00 -9.647075e+01 -2.412999e+01
     vertex  5.750000e+00 -9.645291e+01 -2.417010e+01
     vertex  5.750000e+00 -9.647075e+01 -2.412999e+01
   endloop
 endfacet
 facet normal  0.000000e+00  9.245344e-01  3.810986e-01
   outer loop
     vertex  8.750000e+00 -9.647075e+01 -2.412999e+01
     vertex  5.750000e+00 -9.648748e+01 -2.408941e+01
     vertex  8.750000e+00 -9.648748e+01 -2.408941e+01
   endloop
 endfacet
 facet normal  0.000000e+00  9.245344e-01  3.810986e-01
   outer loop
     vertex  8.750000e+00 -9.647075e+01 -2.412999e+01
     vertex  5.750000e+00 -9.647075e+01 -2.412999e+01
     vertex  5.750000e+00 -9.648748e+01 -2.408941e+01
   endloop
 endfacet
 facet normal  0.000000e+00  9.137314e-01  4.063188e-01
   outer loop
     vertex  8.750000e+00 -9.645291e+01 -2.417010e+01
     vertex  5.750000e+00 -9.645291e+01 -2.417010e+01
     vertex  8.750000e+00 -9.647075e+01 -2.412999e+01
   endloop
 endfacet
 facet normal  0.000000e+00  9.022405e-01  4.312333e-01
   outer loop
     vertex  8.750000e+00 -9.643398e+01 -2.420971e+01
     vertex  5.750000e+00 -9.643398e+01 -2.420971e+01
     vertex  5.750000e+00 -9.645291e+01 -2.417010e+01
   endloop
 endfacet
 facet normal  0.000000e+00  9.022405e-01  4.312333e-01
   outer loop
     vertex  8.750000e+00 -9.643398e+01 -2.420971e+01
     vertex  5.750000e+00 -9.645291e+01 -2.417010e+01
     vertex  8.750000e+00 -9.645291e+01 -2.417010e+01
   endloop
 endfacet
 facet normal  0.000000e+00  8.900704e-01  4.558231e-01
   outer loop
     vertex  8.750000e+00 -9.641397e+01 -2.424878e+01
     vertex  5.750000e+00 -9.641397e+01 -2.424878e+01
     vertex  5.750000e+00 -9.643398e+01 -2.420971e+01
   endloop
 endfacet
 facet normal  0.000000e+00  8.772303e-01  4.800697e-01
   outer loop
     vertex  8.750000e+00 -9.641397e+01 -2.424878e+01
     vertex  5.750000e+00 -9.639290e+01 -2.428729e+01
     vertex  5.750000e+00 -9.641397e+01 -2.424878e+01
   endloop
 endfacet
 facet normal  0.000000e+00  8.900704e-01  4.558231e-01
   outer loop
     vertex  8.750000e+00 -9.641397e+01 -2.424878e+01
     vertex  5.750000e+00 -9.643398e+01 -2.420971e+01
     vertex  8.750000e+00 -9.643398e+01 -2.420971e+01
   endloop
 endfacet
 facet normal  0.000000e+00  8.772303e-01  4.800697e-01
   outer loop
     vertex  8.750000e+00 -9.639290e+01 -2.428729e+01
     vertex  5.750000e+00 -9.639290e+01 -2.428729e+01
     vertex  8.750000e+00 -9.641397e+01 -2.424878e+01
   endloop
 endfacet
 facet normal  0.000000e+00  8.637299e-01  5.039550e-01
   outer loop
     vertex  8.750000e+00 -9.637078e+01 -2.432521e+01
     vertex  5.750000e+00 -9.637078e+01 -2.432521e+01
     vertex  5.750000e+00 -9.639290e+01 -2.428729e+01
   endloop
 endfacet
 facet normal  0.000000e+00  8.637299e-01  5.039550e-01
   outer loop
     vertex  8.750000e+00 -9.637078e+01 -2.432521e+01
     vertex  5.750000e+00 -9.639290e+01 -2.428729e+01
     vertex  8.750000e+00 -9.639290e+01 -2.428729e+01
   endloop
 endfacet
 facet normal  0.000000e+00  8.495793e-01  5.274609e-01
   outer loop
     vertex  8.750000e+00 -9.634762e+01 -2.436251e+01
     vertex  5.750000e+00 -9.634762e+01 -2.436251e+01
     vertex  5.750000e+00 -9.637078e+01 -2.432521e+01
   endloop
 endfacet
 facet normal  0.000000e+00  8.347891e-01  5.505698e-01
   outer loop
     vertex  8.750000e+00 -9.634762e+01 -2.436251e+01
     vertex  5.750000e+00 -9.632345e+01 -2.439915e+01
     vertex  5.750000e+00 -9.634762e+01 -2.436251e+01
   endloop
 endfacet
 facet normal  0.000000e+00  8.495793e-01  5.274609e-01
   outer loop
     vertex  8.750000e+00 -9.634762e+01 -2.436251e+01
     vertex  5.750000e+00 -9.637078e+01 -2.432521e+01
     vertex  8.750000e+00 -9.637078e+01 -2.432521e+01
   endloop
 endfacet
 facet normal  0.000000e+00  8.347891e-01  5.505698e-01
   outer loop
     vertex  8.750000e+00 -9.632345e+01 -2.439915e+01
     vertex  5.750000e+00 -9.632345e+01 -2.439915e+01
     vertex  8.750000e+00 -9.634762e+01 -2.436251e+01
   endloop
 endfacet
 facet normal  0.000000e+00  8.193706e-01  5.732642e-01
   outer loop
     vertex  8.750000e+00 -9.629829e+01 -2.443512e+01
     vertex  5.750000e+00 -9.629829e+01 -2.443512e+01
     vertex  5.750000e+00 -9.632345e+01 -2.439915e+01
   endloop
 endfacet
 facet normal  0.000000e+00  8.193706e-01  5.732642e-01
   outer loop
     vertex  8.750000e+00 -9.629829e+01 -2.443512e+01
     vertex  5.750000e+00 -9.632345e+01 -2.439915e+01
     vertex  8.750000e+00 -9.632345e+01 -2.439915e+01
   endloop
 endfacet
 facet normal  0.000000e+00  8.033352e-01  5.955271e-01
   outer loop
     vertex  8.750000e+00 -9.627214e+01 -2.447039e+01
     vertex  5.750000e+00 -9.627214e+01 -2.447039e+01
     vertex  5.750000e+00 -9.629829e+01 -2.443512e+01
   endloop
 endfacet
 facet normal  0.000000e+00  7.866951e-01  6.173417e-01
   outer loop
     vertex  8.750000e+00 -9.627214e+01 -2.447039e+01
     vertex  5.750000e+00 -9.624504e+01 -2.450492e+01
     vertex  5.750000e+00 -9.627214e+01 -2.447039e+01
   endloop
 endfacet
 facet normal  0.000000e+00  8.033352e-01  5.955271e-01
   outer loop
     vertex  8.750000e+00 -9.627214e+01 -2.447039e+01
     vertex  5.750000e+00 -9.629829e+01 -2.443512e+01
     vertex  8.750000e+00 -9.629829e+01 -2.443512e+01
   endloop
 endfacet
 facet normal  0.000000e+00  7.866951e-01  6.173417e-01
   outer loop
     vertex  8.750000e+00 -9.624504e+01 -2.450492e+01
     vertex  5.750000e+00 -9.624504e+01 -2.450492e+01
     vertex  8.750000e+00 -9.627214e+01 -2.447039e+01
   endloop
 endfacet
 facet normal  0.000000e+00  7.694628e-01  6.386916e-01
   outer loop
     vertex  8.750000e+00 -9.621701e+01 -2.453870e+01
     vertex  5.750000e+00 -9.621701e+01 -2.453870e+01
     vertex  5.750000e+00 -9.624504e+01 -2.450492e+01
   endloop
 endfacet
 facet normal  0.000000e+00  7.694628e-01  6.386916e-01
   outer loop
     vertex  8.750000e+00 -9.621701e+01 -2.453870e+01
     vertex  5.750000e+00 -9.624504e+01 -2.450492e+01
     vertex  8.750000e+00 -9.624504e+01 -2.450492e+01
   endloop
 endfacet
 facet normal  0.000000e+00  7.516513e-01  6.595607e-01
   outer loop
     vertex  8.750000e+00 -9.618805e+01 -2.457170e+01
     vertex  5.750000e+00 -9.618805e+01 -2.457170e+01
     vertex  5.750000e+00 -9.621701e+01 -2.453870e+01
   endloop
 endfacet
 facet normal  0.000000e+00  7.516513e-01  6.595607e-01
   outer loop
     vertex  8.750000e+00 -9.618805e+01 -2.457170e+01
     vertex  5.750000e+00 -9.621701e+01 -2.453870e+01
     vertex  8.750000e+00 -9.621701e+01 -2.453870e+01
   endloop
 endfacet
 facet normal  0.000000e+00  7.332740e-01  6.799333e-01
   outer loop
     vertex  8.750000e+00 -9.615820e+01 -2.460389e+01
     vertex  5.750000e+00 -9.615820e+01 -2.460389e+01
     vertex  5.750000e+00 -9.618805e+01 -2.457170e+01
   endloop
 endfacet
 facet normal  0.000000e+00  7.143447e-01  6.997940e-01
   outer loop
     vertex  8.750000e+00 -9.615820e+01 -2.460389e+01
     vertex  5.750000e+00 -9.612748e+01 -2.463524e+01
     vertex  5.750000e+00 -9.615820e+01 -2.460389e+01
   endloop
 endfacet
 facet normal  0.000000e+00  7.332740e-01  6.799333e-01
   outer loop
     vertex  8.750000e+00 -9.615820e+01 -2.460389e+01
     vertex  5.750000e+00 -9.618805e+01 -2.457170e+01
     vertex  8.750000e+00 -9.618805e+01 -2.457170e+01
   endloop
 endfacet
 facet normal  0.000000e+00  7.143447e-01  6.997940e-01
   outer loop
     vertex  8.750000e+00 -9.612748e+01 -2.463524e+01
     vertex  5.750000e+00 -9.612748e+01 -2.463524e+01
     vertex  8.750000e+00 -9.615820e+01 -2.460389e+01
   endloop
 endfacet
 facet normal  0.000000e+00  6.948776e-01  7.191280e-01
   outer loop
     vertex  8.750000e+00 -9.612748e+01 -2.463524e+01
     vertex  5.750000e+00 -9.609592e+01 -2.466575e+01
     vertex  5.750000e+00 -9.612748e+01 -2.463524e+01
   endloop
 endfacet
 facet normal  0.000000e+00  6.948776e-01  7.191280e-01
   outer loop
     vertex  8.750000e+00 -9.609592e+01 -2.466575e+01
     vertex  5.750000e+00 -9.609592e+01 -2.466575e+01
     vertex  8.750000e+00 -9.612748e+01 -2.463524e+01
   endloop
 endfacet
 facet normal  0.000000e+00  6.748875e-01  7.379206e-01
   outer loop
     vertex  8.750000e+00 -9.609592e+01 -2.466575e+01
     vertex  5.750000e+00 -9.606352e+01 -2.469538e+01
     vertex  5.750000e+00 -9.609592e+01 -2.466575e+01
   endloop
 endfacet
 facet normal  0.000000e+00  6.748875e-01  7.379206e-01
   outer loop
     vertex  8.750000e+00 -9.606352e+01 -2.469538e+01
     vertex  5.750000e+00 -9.606352e+01 -2.469538e+01
     vertex  8.750000e+00 -9.609592e+01 -2.466575e+01
   endloop
 endfacet
 facet normal  0.000000e+00  6.543893e-01  7.561578e-01
   outer loop
     vertex  8.750000e+00 -9.603033e+01 -2.472410e+01
     vertex  5.750000e+00 -9.606352e+01 -2.469538e+01
     vertex  8.750000e+00 -9.606352e+01 -2.469538e+01
   endloop
 endfacet
 facet normal  0.000000e+00  6.543893e-01  7.561578e-01
   outer loop
     vertex  8.750000e+00 -9.603033e+01 -2.472410e+01
     vertex  5.750000e+00 -9.603033e+01 -2.472410e+01
     vertex  5.750000e+00 -9.606352e+01 -2.469538e+01
   endloop
 endfacet
 facet normal  0.000000e+00  6.333986e-01  7.738257e-01
   outer loop
     vertex  8.750000e+00 -9.603033e+01 -2.472410e+01
     vertex  5.750000e+00 -9.599636e+01 -2.475191e+01
     vertex  5.750000e+00 -9.603033e+01 -2.472410e+01
   endloop
 endfacet
 facet normal  0.000000e+00  6.333986e-01  7.738257e-01
   outer loop
     vertex  8.750000e+00 -9.599636e+01 -2.475191e+01
     vertex  5.750000e+00 -9.599636e+01 -2.475191e+01
     vertex  8.750000e+00 -9.603033e+01 -2.472410e+01
   endloop
 endfacet
 facet normal  0.000000e+00  6.119310e-01  7.909112e-01
   outer loop
     vertex  8.750000e+00 -9.596164e+01 -2.477877e+01
     vertex  5.750000e+00 -9.596164e+01 -2.477877e+01
     vertex  5.750000e+00 -9.599636e+01 -2.475191e+01
   endloop
 endfacet
 facet normal  0.000000e+00  6.119310e-01  7.909112e-01
   outer loop
     vertex  8.750000e+00 -9.596164e+01 -2.477877e+01
     vertex  5.750000e+00 -9.599636e+01 -2.475191e+01
     vertex  8.750000e+00 -9.599636e+01 -2.475191e+01
   endloop
 endfacet
 facet normal  0.000000e+00  5.900028e-01  8.074012e-01
   outer loop
     vertex  8.750000e+00 -9.592619e+01 -2.480467e+01
     vertex  5.750000e+00 -9.596164e+01 -2.477877e+01
     vertex  8.750000e+00 -9.596164e+01 -2.477877e+01
   endloop
 endfacet
 facet normal  0.000000e+00  5.900028e-01  8.074012e-01
   outer loop
     vertex  8.750000e+00 -9.592619e+01 -2.480467e+01
     vertex  5.750000e+00 -9.592619e+01 -2.480467e+01
     vertex  5.750000e+00 -9.596164e+01 -2.477877e+01
   endloop
 endfacet
 facet normal  0.000000e+00  5.676304e-01  8.232835e-01
   outer loop
     vertex  8.750000e+00 -9.592619e+01 -2.480467e+01
     vertex  5.750000e+00 -9.589005e+01 -2.482959e+01
     vertex  5.750000e+00 -9.592619e+01 -2.480467e+01
   endloop
 endfacet
 facet normal  0.000000e+00  5.448308e-01  8.385460e-01
   outer loop
     vertex  8.750000e+00 -9.589005e+01 -2.482959e+01
     vertex  5.750000e+00 -9.585324e+01 -2.485351e+01
     vertex  5.750000e+00 -9.589005e+01 -2.482959e+01
   endloop
 endfacet
 facet normal  0.000000e+00  5.676304e-01  8.232835e-01
   outer loop
     vertex  8.750000e+00 -9.589005e+01 -2.482959e+01
     vertex  5.750000e+00 -9.589005e+01 -2.482959e+01
     vertex  8.750000e+00 -9.592619e+01 -2.480467e+01
   endloop
 endfacet
 facet normal  0.000000e+00  5.448308e-01  8.385460e-01
   outer loop
     vertex  8.750000e+00 -9.585324e+01 -2.485351e+01
     vertex  5.750000e+00 -9.585324e+01 -2.485351e+01
     vertex  8.750000e+00 -9.589005e+01 -2.482959e+01
   endloop
 endfacet
 facet normal  0.000000e+00  5.216210e-01  8.531773e-01
   outer loop
     vertex  8.750000e+00 -9.581579e+01 -2.487640e+01
     vertex  5.750000e+00 -9.581579e+01 -2.487640e+01
     vertex  5.750000e+00 -9.585324e+01 -2.485351e+01
   endloop
 endfacet
 facet normal  0.000000e+00  4.980186e-01  8.671664e-01
   outer loop
     vertex  8.750000e+00 -9.581579e+01 -2.487640e+01
     vertex  5.750000e+00 -9.577772e+01 -2.489827e+01
     vertex  5.750000e+00 -9.581579e+01 -2.487640e+01
   endloop
 endfacet
 facet normal  0.000000e+00  5.216210e-01  8.531773e-01
   outer loop
     vertex  8.750000e+00 -9.581579e+01 -2.487640e+01
     vertex  5.750000e+00 -9.585324e+01 -2.485351e+01
     vertex  8.750000e+00 -9.585324e+01 -2.485351e+01
   endloop
 endfacet
 facet normal  0.000000e+00  4.980186e-01  8.671664e-01
   outer loop
     vertex  8.750000e+00 -9.577772e+01 -2.489827e+01
     vertex  5.750000e+00 -9.577772e+01 -2.489827e+01
     vertex  8.750000e+00 -9.581579e+01 -2.487640e+01
   endloop
 endfacet
 facet normal  0.000000e+00  4.740412e-01  8.805026e-01
   outer loop
     vertex  8.750000e+00 -9.573907e+01 -2.491908e+01
     vertex  5.750000e+00 -9.573907e+01 -2.491908e+01
     vertex  5.750000e+00 -9.577772e+01 -2.489827e+01
   endloop
 endfacet
 facet normal  0.000000e+00  4.740412e-01  8.805026e-01
   outer loop
     vertex  8.750000e+00 -9.573907e+01 -2.491908e+01
     vertex  5.750000e+00 -9.577772e+01 -2.489827e+01
     vertex  8.750000e+00 -9.577772e+01 -2.489827e+01
   endloop
 endfacet
 facet normal  0.000000e+00  4.497071e-01  8.931761e-01
   outer loop
     vertex  8.750000e+00 -9.569986e+01 -2.493882e+01
     vertex  5.750000e+00 -9.569986e+01 -2.493882e+01
     vertex  5.750000e+00 -9.573907e+01 -2.491908e+01
   endloop
 endfacet
 facet normal  0.000000e+00  4.250344e-01  9.051772e-01
   outer loop
     vertex  8.750000e+00 -9.569986e+01 -2.493882e+01
     vertex  5.750000e+00 -9.566012e+01 -2.495748e+01
     vertex  5.750000e+00 -9.569986e+01 -2.493882e+01
   endloop
 endfacet
 facet normal  0.000000e+00  4.497071e-01  8.931761e-01
   outer loop
     vertex  8.750000e+00 -9.569986e+01 -2.493882e+01
     vertex  5.750000e+00 -9.573907e+01 -2.491908e+01
     vertex  8.750000e+00 -9.573907e+01 -2.491908e+01
   endloop
 endfacet
 facet normal  0.000000e+00  4.250344e-01  9.051772e-01
   outer loop
     vertex  8.750000e+00 -9.566012e+01 -2.495748e+01
     vertex  5.750000e+00 -9.566012e+01 -2.495748e+01
     vertex  8.750000e+00 -9.569986e+01 -2.493882e+01
   endloop
 endfacet
 facet normal  0.000000e+00  4.000417e-01  9.164969e-01
   outer loop
     vertex  8.750000e+00 -9.561989e+01 -2.497504e+01
     vertex  5.750000e+00 -9.561989e+01 -2.497504e+01
     vertex  5.750000e+00 -9.566012e+01 -2.495748e+01
   endloop
 endfacet
 facet normal  0.000000e+00  4.000417e-01  9.164969e-01
   outer loop
     vertex  8.750000e+00 -9.561989e+01 -2.497504e+01
     vertex  5.750000e+00 -9.566012e+01 -2.495748e+01
     vertex  8.750000e+00 -9.566012e+01 -2.495748e+01
   endloop
 endfacet
 facet normal  0.000000e+00  3.747479e-01  9.271267e-01
   outer loop
     vertex  8.750000e+00 -9.557919e+01 -2.499149e+01
     vertex  5.750000e+00 -9.557919e+01 -2.499149e+01
     vertex  5.750000e+00 -9.561989e+01 -2.497504e+01
   endloop
 endfacet
 facet normal  0.000000e+00  3.491720e-01  9.370586e-01
   outer loop
     vertex  8.750000e+00 -9.557919e+01 -2.499149e+01
     vertex  5.750000e+00 -9.553805e+01 -2.500682e+01
     vertex  5.750000e+00 -9.557919e+01 -2.499149e+01
   endloop
 endfacet
 facet normal  0.000000e+00  3.747479e-01  9.271267e-01
   outer loop
     vertex  8.750000e+00 -9.557919e+01 -2.499149e+01
     vertex  5.750000e+00 -9.561989e+01 -2.497504e+01
     vertex  8.750000e+00 -9.561989e+01 -2.497504e+01
   endloop
 endfacet
 facet normal  0.000000e+00  3.491720e-01  9.370586e-01
   outer loop
     vertex  8.750000e+00 -9.553805e+01 -2.500682e+01
     vertex  5.750000e+00 -9.553805e+01 -2.500682e+01
     vertex  8.750000e+00 -9.557919e+01 -2.499149e+01
   endloop
 endfacet
 facet normal  0.000000e+00  3.233333e-01  9.462851e-01
   outer loop
     vertex  8.750000e+00 -9.549651e+01 -2.502101e+01
     vertex  5.750000e+00 -9.549651e+01 -2.502101e+01
     vertex  5.750000e+00 -9.553805e+01 -2.500682e+01
   endloop
 endfacet
 facet normal  0.000000e+00  3.233333e-01  9.462851e-01
   outer loop
     vertex  8.750000e+00 -9.549651e+01 -2.502101e+01
     vertex  5.750000e+00 -9.553805e+01 -2.500682e+01
     vertex  8.750000e+00 -9.553805e+01 -2.500682e+01
   endloop
 endfacet
 facet normal  0.000000e+00  2.972512e-01  9.547993e-01
   outer loop
     vertex  8.750000e+00 -9.545460e+01 -2.503406e+01
     vertex  5.750000e+00 -9.545460e+01 -2.503406e+01
     vertex  5.750000e+00 -9.549651e+01 -2.502101e+01
   endloop
 endfacet
 facet normal  0.000000e+00  2.709453e-01  9.625948e-01
   outer loop
     vertex  8.750000e+00 -9.545460e+01 -2.503406e+01
     vertex  5.750000e+00 -9.541234e+01 -2.504595e+01
     vertex  5.750000e+00 -9.545460e+01 -2.503406e+01
   endloop
 endfacet
 facet normal  0.000000e+00  2.972512e-01  9.547993e-01
   outer loop
     vertex  8.750000e+00 -9.545460e+01 -2.503406e+01
     vertex  5.750000e+00 -9.549651e+01 -2.502101e+01
     vertex  8.750000e+00 -9.549651e+01 -2.502101e+01
   endloop
 endfacet
 facet normal  0.000000e+00  2.709453e-01  9.625948e-01
   outer loop
     vertex  8.750000e+00 -9.541234e+01 -2.504595e+01
     vertex  5.750000e+00 -9.541234e+01 -2.504595e+01
     vertex  8.750000e+00 -9.545460e+01 -2.503406e+01
   endloop
 endfacet
 facet normal  0.000000e+00  2.444354e-01  9.696656e-01
   outer loop
     vertex  8.750000e+00 -9.536978e+01 -2.505668e+01
     vertex  5.750000e+00 -9.536978e+01 -2.505668e+01
     vertex  5.750000e+00 -9.541234e+01 -2.504595e+01
   endloop
 endfacet
 facet normal  0.000000e+00  2.444354e-01  9.696656e-01
   outer loop
     vertex  8.750000e+00 -9.536978e+01 -2.505668e+01
     vertex  5.750000e+00 -9.541234e+01 -2.504595e+01
     vertex  8.750000e+00 -9.541234e+01 -2.504595e+01
   endloop
 endfacet
 facet normal  0.000000e+00  2.177416e-01  9.760065e-01
   outer loop
     vertex  8.750000e+00 -9.532693e+01 -2.506624e+01
     vertex  5.750000e+00 -9.532693e+01 -2.506624e+01
     vertex  5.750000e+00 -9.536978e+01 -2.505668e+01
   endloop
 endfacet
 facet normal  0.000000e+00  1.908838e-01  9.816126e-01
   outer loop
     vertex  8.750000e+00 -9.532693e+01 -2.506624e+01
     vertex  5.750000e+00 -9.528384e+01 -2.507462e+01
     vertex  5.750000e+00 -9.532693e+01 -2.506624e+01
   endloop
 endfacet
 facet normal  0.000000e+00  2.177416e-01  9.760065e-01
   outer loop
     vertex  8.750000e+00 -9.532693e+01 -2.506624e+01
     vertex  5.750000e+00 -9.536978e+01 -2.505668e+01
     vertex  8.750000e+00 -9.536978e+01 -2.505668e+01
   endloop
 endfacet
 facet normal  0.000000e+00  1.908838e-01  9.816126e-01
   outer loop
     vertex  8.750000e+00 -9.528384e+01 -2.507462e+01
     vertex  5.750000e+00 -9.528384e+01 -2.507462e+01
     vertex  8.750000e+00 -9.532693e+01 -2.506624e+01
   endloop
 endfacet
 facet normal  0.000000e+00  1.638824e-01  9.864799e-01
   outer loop
     vertex  8.750000e+00 -9.524053e+01 -2.508182e+01
     vertex  5.750000e+00 -9.524053e+01 -2.508182e+01
     vertex  5.750000e+00 -9.528384e+01 -2.507462e+01
   endloop
 endfacet
 facet normal  0.000000e+00  1.638824e-01  9.864799e-01
   outer loop
     vertex  8.750000e+00 -9.524053e+01 -2.508182e+01
     vertex  5.750000e+00 -9.528384e+01 -2.507462e+01
     vertex  8.750000e+00 -9.528384e+01 -2.507462e+01
   endloop
 endfacet
 facet normal  0.000000e+00  1.367575e-01  9.906046e-01
   outer loop
     vertex  8.750000e+00 -9.519705e+01 -2.508782e+01
     vertex  5.750000e+00 -9.519705e+01 -2.508782e+01
     vertex  5.750000e+00 -9.524053e+01 -2.508182e+01
   endloop
 endfacet
 facet normal  0.000000e+00  1.095298e-01  9.939835e-01
   outer loop
     vertex  8.750000e+00 -9.519705e+01 -2.508782e+01
     vertex  5.750000e+00 -9.515341e+01 -2.509263e+01
     vertex  5.750000e+00 -9.519705e+01 -2.508782e+01
   endloop
 endfacet
 facet normal  0.000000e+00  1.367575e-01  9.906046e-01
   outer loop
     vertex  8.750000e+00 -9.519705e+01 -2.508782e+01
     vertex  5.750000e+00 -9.524053e+01 -2.508182e+01
     vertex  8.750000e+00 -9.524053e+01 -2.508182e+01
   endloop
 endfacet
 facet normal  0.000000e+00  1.095298e-01  9.939835e-01
   outer loop
     vertex  8.750000e+00 -9.515341e+01 -2.509263e+01
     vertex  5.750000e+00 -9.515341e+01 -2.509263e+01
     vertex  8.750000e+00 -9.519705e+01 -2.508782e+01
   endloop
 endfacet
 facet normal  0.000000e+00  8.221955e-02  9.966142e-01
   outer loop
     vertex  8.750000e+00 -9.510966e+01 -2.509624e+01
     vertex  5.750000e+00 -9.515341e+01 -2.509263e+01
     vertex  8.750000e+00 -9.515341e+01 -2.509263e+01
   endloop
 endfacet
 facet normal  0.000000e+00  8.221955e-02  9.966142e-01
   outer loop
     vertex  8.750000e+00 -9.510966e+01 -2.509624e+01
     vertex  5.750000e+00 -9.510966e+01 -2.509624e+01
     vertex  5.750000e+00 -9.515341e+01 -2.509263e+01
   endloop
 endfacet
 facet normal  0.000000e+00  5.484744e-02  9.984947e-01
   outer loop
     vertex  8.750000e+00 -9.510966e+01 -2.509624e+01
     vertex  5.750000e+00 -9.506583e+01 -2.509865e+01
     vertex  5.750000e+00 -9.510966e+01 -2.509624e+01
   endloop
 endfacet
 facet normal  0.000000e+00  5.484744e-02  9.984947e-01
   outer loop
     vertex  8.750000e+00 -9.506583e+01 -2.509865e+01
     vertex  5.750000e+00 -9.506583e+01 -2.509865e+01
     vertex  8.750000e+00 -9.510966e+01 -2.509624e+01
   endloop
 endfacet
 facet normal  0.000000e+00  2.743405e-02  9.996236e-01
   outer loop
     vertex  8.750000e+00 -9.506583e+01 -2.509865e+01
     vertex  5.750000e+00 -9.502195e+01 -2.509985e+01
     vertex  5.750000e+00 -9.506583e+01 -2.509865e+01
   endloop
 endfacet
 facet normal  0.000000e+00  2.743405e-02  9.996236e-01
   outer loop
     vertex  8.750000e+00 -9.502195e+01 -2.509985e+01
     vertex  5.750000e+00 -9.502195e+01 -2.509985e+01
     vertex  8.750000e+00 -9.506583e+01 -2.509865e+01
   endloop
 endfacet
 facet normal  0.000000e+00  0.000000e+00  1.000000e+00
   outer loop
     vertex  8.750000e+00 -9.502195e+01 -2.509985e+01
     vertex  5.750000e+00 -9.497805e+01 -2.509985e+01
     vertex  5.750000e+00 -9.502195e+01 -2.509985e+01
   endloop
 endfacet
 facet normal  0.000000e+00  0.000000e+00  1.000000e+00
   outer loop
     vertex  8.750000e+00 -9.497805e+01 -2.509985e+01
     vertex  5.750000e+00 -9.497805e+01 -2.509985e+01
     vertex  8.750000e+00 -9.502195e+01 -2.509985e+01
   endloop
 endfacet
 facet normal  0.000000e+00 -2.743405e-02  9.996236e-01
   outer loop
     vertex  8.750000e+00 -9.493417e+01 -2.509865e+01
     vertex  5.750000e+00 -9.497805e+01 -2.509985e+01
     vertex  8.750000e+00 -9.497805e+01 -2.509985e+01
   endloop
 endfacet
 facet normal  0.000000e+00 -2.743405e-02  9.996236e-01
   outer loop
     vertex  8.750000e+00 -9.493417e+01 -2.509865e+01
     vertex  5.750000e+00 -9.493417e+01 -2.509865e+01
     vertex  5.750000e+00 -9.497805e+01 -2.509985e+01
   endloop
 endfacet
 facet normal  0.000000e+00 -5.484744e-02  9.984947e-01
   outer loop
     vertex  8.750000e+00 -9.489034e+01 -2.509624e+01
     vertex  5.750000e+00 -9.493417e+01 -2.509865e+01
     vertex  8.750000e+00 -9.493417e+01 -2.509865e+01
   endloop
 endfacet
 facet normal  0.000000e+00 -5.484744e-02  9.984947e-01
   outer loop
     vertex  8.750000e+00 -9.489034e+01 -2.509624e+01
     vertex  5.750000e+00 -9.489034e+01 -2.509624e+01
     vertex  5.750000e+00 -9.493417e+01 -2.509865e+01
   endloop
 endfacet
 facet normal  0.000000e+00 -8.221955e-02  9.966142e-01
   outer loop
     vertex  8.750000e+00 -9.484659e+01 -2.509263e+01
     vertex  5.750000e+00 -9.489034e+01 -2.509624e+01
     vertex  8.750000e+00 -9.489034e+01 -2.509624e+01
   endloop
 endfacet
 facet normal  0.000000e+00 -8.221955e-02  9.966142e-01
   outer loop
     vertex  8.750000e+00 -9.484659e+01 -2.509263e+01
     vertex  5.750000e+00 -9.484659e+01 -2.509263e+01
     vertex  5.750000e+00 -9.489034e+01 -2.509624e+01
   endloop
 endfacet
 facet normal  0.000000e+00 -1.095298e-01  9.939835e-01
   outer loop
     vertex  8.750000e+00 -9.484659e+01 -2.509263e+01
     vertex  5.750000e+00 -9.480295e+01 -2.508782e+01
     vertex  5.750000e+00 -9.484659e+01 -2.509263e+01
   endloop
 endfacet
 facet normal  0.000000e+00 -1.095298e-01  9.939835e-01
   outer loop
     vertex  8.750000e+00 -9.480295e+01 -2.508782e+01
     vertex  5.750000e+00 -9.480295e+01 -2.508782e+01
     vertex  8.750000e+00 -9.484659e+01 -2.509263e+01
   endloop
 endfacet
 facet normal  0.000000e+00 -1.367575e-01  9.906046e-01
   outer loop
     vertex  8.750000e+00 -9.480295e+01 -2.508782e+01
     vertex  5.750000e+00 -9.475947e+01 -2.508182e+01
     vertex  5.750000e+00 -9.480295e+01 -2.508782e+01
   endloop
 endfacet
 facet normal  0.000000e+00 -1.367575e-01  9.906046e-01
   outer loop
     vertex  8.750000e+00 -9.475947e+01 -2.508182e+01
     vertex  5.750000e+00 -9.475947e+01 -2.508182e+01
     vertex  8.750000e+00 -9.480295e+01 -2.508782e+01
   endloop
 endfacet
 facet normal  0.000000e+00 -1.638824e-01  9.864799e-01
   outer loop
     vertex  8.750000e+00 -9.475947e+01 -2.508182e+01
     vertex  5.750000e+00 -9.471616e+01 -2.507462e+01
     vertex  5.750000e+00 -9.475947e+01 -2.508182e+01
   endloop
 endfacet
 facet normal  0.000000e+00 -1.638824e-01  9.864799e-01
   outer loop
     vertex  8.750000e+00 -9.471616e+01 -2.507462e+01
     vertex  5.750000e+00 -9.471616e+01 -2.507462e+01
     vertex  8.750000e+00 -9.475947e+01 -2.508182e+01
   endloop
 endfacet
 facet normal  0.000000e+00 -1.908838e-01  9.816126e-01
   outer loop
     vertex  8.750000e+00 -9.467307e+01 -2.506624e+01
     vertex  5.750000e+00 -9.471616e+01 -2.507462e+01
     vertex  8.750000e+00 -9.471616e+01 -2.507462e+01
   endloop
 endfacet
 facet normal  0.000000e+00 -1.908838e-01  9.816126e-01
   outer loop
     vertex  8.750000e+00 -9.467307e+01 -2.506624e+01
     vertex  5.750000e+00 -9.467307e+01 -2.506624e+01
     vertex  5.750000e+00 -9.471616e+01 -2.507462e+01
   endloop
 endfacet
 facet normal  0.000000e+00 -2.177416e-01  9.760065e-01
   outer loop
     vertex  8.750000e+00 -9.467307e+01 -2.506624e+01
     vertex  5.750000e+00 -9.463022e+01 -2.505668e+01
     vertex  5.750000e+00 -9.467307e+01 -2.506624e+01
   endloop
 endfacet
 facet normal  0.000000e+00 -2.177416e-01  9.760065e-01
   outer loop
     vertex  8.750000e+00 -9.463022e+01 -2.505668e+01
     vertex  5.750000e+00 -9.463022e+01 -2.505668e+01
     vertex  8.750000e+00 -9.467307e+01 -2.506624e+01
   endloop
 endfacet
 facet normal  0.000000e+00 -2.444354e-01  9.696656e-01
   outer loop
     vertex  8.750000e+00 -9.458766e+01 -2.504595e+01
     vertex  5.750000e+00 -9.458766e+01 -2.504595e+01
     vertex  5.750000e+00 -9.463022e+01 -2.505668e+01
   endloop
 endfacet
 facet normal  0.000000e+00 -2.709453e-01  9.625948e-01
   outer loop
     vertex  8.750000e+00 -9.458766e+01 -2.504595e+01
     vertex  5.750000e+00 -9.454540e+01 -2.503406e+01
     vertex  5.750000e+00 -9.458766e+01 -2.504595e+01
   endloop
 endfacet
 facet normal  0.000000e+00 -2.444354e-01  9.696656e-01
   outer loop
     vertex  8.750000e+00 -9.458766e+01 -2.504595e+01
     vertex  5.750000e+00 -9.463022e+01 -2.505668e+01
     vertex  8.750000e+00 -9.463022e+01 -2.505668e+01
   endloop
 endfacet
 facet normal  0.000000e+00 -2.709453e-01  9.625948e-01
   outer loop
     vertex  8.750000e+00 -9.454540e+01 -2.503406e+01
     vertex  5.750000e+00 -9.454540e+01 -2.503406e+01
     vertex  8.750000e+00 -9.458766e+01 -2.504595e+01
   endloop
 endfacet
 facet normal  0.000000e+00 -2.972512e-01  9.547993e-01
   outer loop
     vertex  8.750000e+00 -9.450349e+01 -2.502101e+01
     vertex  5.750000e+00 -9.450349e+01 -2.502101e+01
     vertex  5.750000e+00 -9.454540e+01 -2.503406e+01
   endloop
 endfacet
 facet normal  0.000000e+00 -2.972512e-01  9.547993e-01
   outer loop
     vertex  8.750000e+00 -9.450349e+01 -2.502101e+01
     vertex  5.750000e+00 -9.454540e+01 -2.503406e+01
     vertex  8.750000e+00 -9.454540e+01 -2.503406e+01
   endloop
 endfacet
 facet normal  0.000000e+00 -3.233333e-01  9.462851e-01
   outer loop
     vertex  8.750000e+00 -9.446195e+01 -2.500682e+01
     vertex  5.750000e+00 -9.446195e+01 -2.500682e+01
     vertex  5.750000e+00 -9.450349e+01 -2.502101e+01
   endloop
 endfacet
 facet normal  0.000000e+00 -3.491720e-01  9.370586e-01
   outer loop
     vertex  8.750000e+00 -9.446195e+01 -2.500682e+01
     vertex  5.750000e+00 -9.442081e+01 -2.499149e+01
     vertex  5.750000e+00 -9.446195e+01 -2.500682e+01
   endloop
 endfacet
 facet normal  0.000000e+00 -3.233333e-01  9.462851e-01
   outer loop
     vertex  8.750000e+00 -9.446195e+01 -2.500682e+01
     vertex  5.750000e+00 -9.450349e+01 -2.502101e+01
     vertex  8.750000e+00 -9.450349e+01 -2.502101e+01
   endloop
 endfacet
 facet normal  0.000000e+00 -3.491720e-01  9.370586e-01
   outer loop
     vertex  8.750000e+00 -9.442081e+01 -2.499149e+01
     vertex  5.750000e+00 -9.442081e+01 -2.499149e+01
     vertex  8.750000e+00 -9.446195e+01 -2.500682e+01
   endloop
 endfacet
 facet normal  0.000000e+00 -3.747479e-01  9.271267e-01
   outer loop
     vertex  8.750000e+00 -9.438011e+01 -2.497504e+01
     vertex  5.750000e+00 -9.438011e+01 -2.497504e+01
     vertex  5.750000e+00 -9.442081e+01 -2.499149e+01
   endloop
 endfacet
 facet normal  0.000000e+00 -3.747479e-01  9.271267e-01
   outer loop
     vertex  8.750000e+00 -9.438011e+01 -2.497504e+01
     vertex  5.750000e+00 -9.442081e+01 -2.499149e+01
     vertex  8.750000e+00 -9.442081e+01 -2.499149e+01
   endloop
 endfacet
 facet normal  0.000000e+00 -4.000417e-01  9.164969e-01
   outer loop
     vertex  8.750000e+00 -9.433988e+01 -2.495748e+01
     vertex  5.750000e+00 -9.433988e+01 -2.495748e+01
     vertex  5.750000e+00 -9.438011e+01 -2.497504e+01
   endloop
 endfacet
 facet normal  0.000000e+00 -4.250344e-01  9.051772e-01
   outer loop
     vertex  8.750000e+00 -9.433988e+01 -2.495748e+01
     vertex  5.750000e+00 -9.430014e+01 -2.493882e+01
     vertex  5.750000e+00 -9.433988e+01 -2.495748e+01
   endloop
 endfacet
 facet normal  0.000000e+00 -4.000417e-01  9.164969e-01
   outer loop
     vertex  8.750000e+00 -9.433988e+01 -2.495748e+01
     vertex  5.750000e+00 -9.438011e+01 -2.497504e+01
     vertex  8.750000e+00 -9.438011e+01 -2.497504e+01
   endloop
 endfacet
 facet normal  0.000000e+00 -4.497071e-01  8.931761e-01
   outer loop
     vertex  8.750000e+00 -9.430014e+01 -2.493882e+01
     vertex  5.750000e+00 -9.426093e+01 -2.491908e+01
     vertex  5.750000e+00 -9.430014e+01 -2.493882e+01
   endloop
 endfacet
 facet normal  0.000000e+00 -4.250344e-01  9.051772e-01
   outer loop
     vertex  8.750000e+00 -9.430014e+01 -2.493882e+01
     vertex  5.750000e+00 -9.430014e+01 -2.493882e+01
     vertex  8.750000e+00 -9.433988e+01 -2.495748e+01
   endloop
 endfacet
 facet normal  0.000000e+00 -4.497071e-01  8.931761e-01
   outer loop
     vertex  8.750000e+00 -9.426093e+01 -2.491908e+01
     vertex  5.750000e+00 -9.426093e+01 -2.491908e+01
     vertex  8.750000e+00 -9.430014e+01 -2.493882e+01
   endloop
 endfacet
 facet normal  0.000000e+00 -4.740412e-01  8.805026e-01
   outer loop
     vertex  8.750000e+00 -9.422228e+01 -2.489827e+01
     vertex  5.750000e+00 -9.422228e+01 -2.489827e+01
     vertex  5.750000e+00 -9.426093e+01 -2.491908e+01
   endloop
 endfacet
 facet normal  0.000000e+00 -4.740412e-01  8.805026e-01
   outer loop
     vertex  8.750000e+00 -9.422228e+01 -2.489827e+01
     vertex  5.750000e+00 -9.426093e+01 -2.491908e+01
     vertex  8.750000e+00 -9.426093e+01 -2.491908e+01
   endloop
 endfacet
 facet normal  0.000000e+00 -4.980186e-01  8.671664e-01
   outer loop
     vertex  8.750000e+00 -9.418421e+01 -2.487640e+01
     vertex  5.750000e+00 -9.418421e+01 -2.487640e+01
     vertex  5.750000e+00 -9.422228e+01 -2.489827e+01
   endloop
 endfacet
 facet normal  0.000000e+00 -5.216210e-01  8.531773e-01
   outer loop
     vertex  8.750000e+00 -9.418421e+01 -2.487640e+01
     vertex  5.750000e+00 -9.414676e+01 -2.485351e+01
     vertex  5.750000e+00 -9.418421e+01 -2.487640e+01
   endloop
 endfacet
 facet normal  0.000000e+00 -4.980186e-01  8.671664e-01
   outer loop
     vertex  8.750000e+00 -9.418421e+01 -2.487640e+01
     vertex  5.750000e+00 -9.422228e+01 -2.489827e+01
     vertex  8.750000e+00 -9.422228e+01 -2.489827e+01
   endloop
 endfacet
 facet normal  0.000000e+00 -5.216210e-01  8.531773e-01
   outer loop
     vertex  8.750000e+00 -9.414676e+01 -2.485351e+01
     vertex  5.750000e+00 -9.414676e+01 -2.485351e+01
     vertex  8.750000e+00 -9.418421e+01 -2.487640e+01
   endloop
 endfacet
 facet normal  0.000000e+00 -5.448308e-01  8.385460e-01
   outer loop
     vertex  8.750000e+00 -9.410995e+01 -2.482959e+01
     vertex  5.750000e+00 -9.414676e+01 -2.485351e+01
     vertex  8.750000e+00 -9.414676e+01 -2.485351e+01
   endloop
 endfacet
 facet normal  0.000000e+00 -5.448308e-01  8.385460e-01
   outer loop
     vertex  8.750000e+00 -9.410995e+01 -2.482959e+01
     vertex  5.750000e+00 -9.410995e+01 -2.482959e+01
     vertex  5.750000e+00 -9.414676e+01 -2.485351e+01
   endloop
 endfacet
 facet normal  0.000000e+00 -5.676304e-01  8.232835e-01
   outer loop
     vertex  8.750000e+00 -9.410995e+01 -2.482959e+01
     vertex  5.750000e+00 -9.407381e+01 -2.480467e+01
     vertex  5.750000e+00 -9.410995e+01 -2.482959e+01
   endloop
 endfacet
 facet normal  0.000000e+00 -5.676304e-01  8.232835e-01
   outer loop
     vertex  8.750000e+00 -9.407381e+01 -2.480467e+01
     vertex  5.750000e+00 -9.407381e+01 -2.480467e+01
     vertex  8.750000e+00 -9.410995e+01 -2.482959e+01
   endloop
 endfacet
 facet normal  0.000000e+00 -5.900028e-01  8.074012e-01
   outer loop
     vertex  8.750000e+00 -9.407381e+01 -2.480467e+01
     vertex  5.750000e+00 -9.403836e+01 -2.477877e+01
     vertex  5.750000e+00 -9.407381e+01 -2.480467e+01
   endloop
 endfacet
 facet normal  0.000000e+00 -5.900028e-01  8.074012e-01
   outer loop
     vertex  8.750000e+00 -9.403836e+01 -2.477877e+01
     vertex  5.750000e+00 -9.403836e+01 -2.477877e+01
     vertex  8.750000e+00 -9.407381e+01 -2.480467e+01
   endloop
 endfacet
 facet normal  0.000000e+00 -6.119310e-01  7.909112e-01
   outer loop
     vertex  8.750000e+00 -9.400364e+01 -2.475191e+01
     vertex  5.750000e+00 -9.403836e+01 -2.477877e+01
     vertex  8.750000e+00 -9.403836e+01 -2.477877e+01
   endloop
 endfacet
 facet normal  0.000000e+00 -6.119310e-01  7.909112e-01
   outer loop
     vertex  8.750000e+00 -9.400364e+01 -2.475191e+01
     vertex  5.750000e+00 -9.400364e+01 -2.475191e+01
     vertex  5.750000e+00 -9.403836e+01 -2.477877e+01
   endloop
 endfacet
 facet normal  0.000000e+00 -6.333986e-01  7.738257e-01
   outer loop
     vertex  8.750000e+00 -9.400364e+01 -2.475191e+01
     vertex  5.750000e+00 -9.396967e+01 -2.472410e+01
     vertex  5.750000e+00 -9.400364e+01 -2.475191e+01
   endloop
 endfacet
 facet normal  0.000000e+00 -6.333986e-01  7.738257e-01
   outer loop
     vertex  8.750000e+00 -9.396967e+01 -2.472410e+01
     vertex  5.750000e+00 -9.396967e+01 -2.472410e+01
     vertex  8.750000e+00 -9.400364e+01 -2.475191e+01
   endloop
 endfacet
 facet normal  0.000000e+00 -6.543893e-01  7.561578e-01
   outer loop
     vertex  8.750000e+00 -9.393648e+01 -2.469538e+01
     vertex  5.750000e+00 -9.396967e+01 -2.472410e+01
     vertex  8.750000e+00 -9.396967e+01 -2.472410e+01
   endloop
 endfacet
 facet normal  0.000000e+00 -6.543893e-01  7.561578e-01
   outer loop
     vertex  8.750000e+00 -9.393648e+01 -2.469538e+01
     vertex  5.750000e+00 -9.393648e+01 -2.469538e+01
     vertex  5.750000e+00 -9.396967e+01 -2.472410e+01
   endloop
 endfacet
 facet normal  0.000000e+00 -6.748875e-01  7.379206e-01
   outer loop
     vertex  8.750000e+00 -9.393648e+01 -2.469538e+01
     vertex  5.750000e+00 -9.390408e+01 -2.466575e+01
     vertex  5.750000e+00 -9.393648e+01 -2.469538e+01
   endloop
 endfacet
 facet normal  0.000000e+00 -6.748875e-01  7.379206e-01
   outer loop
     vertex  8.750000e+00 -9.390408e+01 -2.466575e+01
     vertex  5.750000e+00 -9.390408e+01 -2.466575e+01
     vertex  8.750000e+00 -9.393648e+01 -2.469538e+01
   endloop
 endfacet
 facet normal  0.000000e+00 -6.948776e-01  7.191280e-01
   outer loop
     vertex  8.750000e+00 -9.390408e+01 -2.466575e+01
     vertex  5.750000e+00 -9.387252e+01 -2.463524e+01
     vertex  5.750000e+00 -9.390408e+01 -2.466575e+01
   endloop
 endfacet
 facet normal  0.000000e+00 -6.948776e-01  7.191280e-01
   outer loop
     vertex  8.750000e+00 -9.387252e+01 -2.463524e+01
     vertex  5.750000e+00 -9.387252e+01 -2.463524e+01
     vertex  8.750000e+00 -9.390408e+01 -2.466575e+01
   endloop
 endfacet
 facet normal  0.000000e+00 -7.143447e-01  6.997940e-01
   outer loop
     vertex  8.750000e+00 -9.387252e+01 -2.463524e+01
     vertex  5.750000e+00 -9.384180e+01 -2.460389e+01
     vertex  5.750000e+00 -9.387252e+01 -2.463524e+01
   endloop
 endfacet
 facet normal  0.000000e+00 -7.143447e-01  6.997940e-01
   outer loop
     vertex  8.750000e+00 -9.384180e+01 -2.460389e+01
     vertex  5.750000e+00 -9.384180e+01 -2.460389e+01
     vertex  8.750000e+00 -9.387252e+01 -2.463524e+01
   endloop
 endfacet
 facet normal  0.000000e+00 -7.332740e-01  6.799333e-01
   outer loop
     vertex  8.750000e+00 -9.381195e+01 -2.457170e+01
     vertex  5.750000e+00 -9.384180e+01 -2.460389e+01
     vertex  8.750000e+00 -9.384180e+01 -2.460389e+01
   endloop
 endfacet
 facet normal  0.000000e+00 -7.332740e-01  6.799333e-01
   outer loop
     vertex  8.750000e+00 -9.381195e+01 -2.457170e+01
     vertex  5.750000e+00 -9.381195e+01 -2.457170e+01
     vertex  5.750000e+00 -9.384180e+01 -2.460389e+01
   endloop
 endfacet
 facet normal  0.000000e+00 -7.516513e-01  6.595607e-01
   outer loop
     vertex  8.750000e+00 -9.378299e+01 -2.453870e+01
     vertex  5.750000e+00 -9.381195e+01 -2.457170e+01
     vertex  8.750000e+00 -9.381195e+01 -2.457170e+01
   endloop
 endfacet
 facet normal  0.000000e+00 -7.516513e-01  6.595607e-01
   outer loop
     vertex  8.750000e+00 -9.378299e+01 -2.453870e+01
     vertex  5.750000e+00 -9.378299e+01 -2.453870e+01
     vertex  5.750000e+00 -9.381195e+01 -2.457170e+01
   endloop
 endfacet
 facet normal  0.000000e+00 -7.694628e-01  6.386916e-01
   outer loop
     vertex  8.750000e+00 -9.378299e+01 -2.453870e+01
     vertex  5.750000e+00 -9.375496e+01 -2.450492e+01
     vertex  5.750000e+00 -9.378299e+01 -2.453870e+01
   endloop
 endfacet
 facet normal  0.000000e+00 -7.694628e-01  6.386916e-01
   outer loop
     vertex  8.750000e+00 -9.375496e+01 -2.450492e+01
     vertex  5.750000e+00 -9.375496e+01 -2.450492e+01
     vertex  8.750000e+00 -9.378299e+01 -2.453870e+01
   endloop
 endfacet
 facet normal  0.000000e+00 -7.866951e-01  6.173417e-01
   outer loop
     vertex  8.750000e+00 -9.372786e+01 -2.447039e+01
     vertex  5.750000e+00 -9.375496e+01 -2.450492e+01
     vertex  8.750000e+00 -9.375496e+01 -2.450492e+01
   endloop
 endfacet
 facet normal  0.000000e+00 -7.866951e-01  6.173417e-01
   outer loop
     vertex  8.750000e+00 -9.372786e+01 -2.447039e+01
     vertex  5.750000e+00 -9.372786e+01 -2.447039e+01
     vertex  5.750000e+00 -9.375496e+01 -2.450492e+01
   endloop
 endfacet
 facet normal  0.000000e+00 -8.033352e-01  5.955271e-01
   outer loop
     vertex  8.750000e+00 -9.372786e+01 -2.447039e+01
     vertex  5.750000e+00 -9.370171e+01 -2.443512e+01
     vertex  5.750000e+00 -9.372786e+01 -2.447039e+01
   endloop
 endfacet
 facet normal  0.000000e+00 -8.033352e-01  5.955271e-01
   outer loop
     vertex  8.750000e+00 -9.370171e+01 -2.443512e+01
     vertex  5.750000e+00 -9.370171e+01 -2.443512e+01
     vertex  8.750000e+00 -9.372786e+01 -2.447039e+01
   endloop
 endfacet
 facet normal  0.000000e+00 -8.193706e-01  5.732642e-01
   outer loop
     vertex  8.750000e+00 -9.370171e+01 -2.443512e+01
     vertex  5.750000e+00 -9.367655e+01 -2.439915e+01
     vertex  5.750000e+00 -9.370171e+01 -2.443512e+01
   endloop
 endfacet
 facet normal  0.000000e+00 -8.193706e-01  5.732642e-01
   outer loop
     vertex  8.750000e+00 -9.367655e+01 -2.439915e+01
     vertex  5.750000e+00 -9.367655e+01 -2.439915e+01
     vertex  8.750000e+00 -9.370171e+01 -2.443512e+01
   endloop
 endfacet
 facet normal  0.000000e+00 -8.347891e-01  5.505698e-01
   outer loop
     vertex  8.750000e+00 -9.367655e+01 -2.439915e+01
     vertex  5.750000e+00 -9.365238e+01 -2.436251e+01
     vertex  5.750000e+00 -9.367655e+01 -2.439915e+01
   endloop
 endfacet
 facet normal  0.000000e+00 -8.347891e-01  5.505698e-01
   outer loop
     vertex  8.750000e+00 -9.365238e+01 -2.436251e+01
     vertex  5.750000e+00 -9.365238e+01 -2.436251e+01
     vertex  8.750000e+00 -9.367655e+01 -2.439915e+01
   endloop
 endfacet
 facet normal  0.000000e+00 -8.495793e-01  5.274609e-01
   outer loop
     vertex  8.750000e+00 -9.362922e+01 -2.432521e+01
     vertex  5.750000e+00 -9.365238e+01 -2.436251e+01
     vertex  8.750000e+00 -9.365238e+01 -2.436251e+01
   endloop
 endfacet
 facet normal  0.000000e+00 -8.495793e-01  5.274609e-01
   outer loop
     vertex  8.750000e+00 -9.362922e+01 -2.432521e+01
     vertex  5.750000e+00 -9.362922e+01 -2.432521e+01
     vertex  5.750000e+00 -9.365238e+01 -2.436251e+01
   endloop
 endfacet
 facet normal  0.000000e+00 -8.637299e-01  5.039550e-01
   outer loop
     vertex  8.750000e+00 -9.362922e+01 -2.432521e+01
     vertex  5.750000e+00 -9.360710e+01 -2.428729e+01
     vertex  5.750000e+00 -9.362922e+01 -2.432521e+01
   endloop
 endfacet
 facet normal  0.000000e+00 -8.637299e-01  5.039550e-01
   outer loop
     vertex  8.750000e+00 -9.360710e+01 -2.428729e+01
     vertex  5.750000e+00 -9.360710e+01 -2.428729e+01
     vertex  8.750000e+00 -9.362922e+01 -2.432521e+01
   endloop
 endfacet
 facet normal  0.000000e+00 -8.772303e-01  4.800697e-01
   outer loop
     vertex  8.750000e+00 -9.358603e+01 -2.424878e+01
     vertex  5.750000e+00 -9.360710e+01 -2.428729e+01
     vertex  8.750000e+00 -9.360710e+01 -2.428729e+01
   endloop
 endfacet
 facet normal  0.000000e+00 -8.772303e-01  4.800697e-01
   outer loop
     vertex  8.750000e+00 -9.358603e+01 -2.424878e+01
     vertex  5.750000e+00 -9.358603e+01 -2.424878e+01
     vertex  5.750000e+00 -9.360710e+01 -2.428729e+01
   endloop
 endfacet
 facet normal  0.000000e+00 -8.900704e-01  4.558231e-01
   outer loop
     vertex  8.750000e+00 -9.358603e+01 -2.424878e+01
     vertex  5.750000e+00 -9.356602e+01 -2.420971e+01
     vertex  5.750000e+00 -9.358603e+01 -2.424878e+01
   endloop
 endfacet
 facet normal  0.000000e+00 -8.900704e-01  4.558231e-01
   outer loop
     vertex  8.750000e+00 -9.356602e+01 -2.420971e+01
     vertex  5.750000e+00 -9.356602e+01 -2.420971e+01
     vertex  8.750000e+00 -9.358603e+01 -2.424878e+01
   endloop
 endfacet
 facet normal  0.000000e+00 -9.022405e-01  4.312333e-01
   outer loop
     vertex  8.750000e+00 -9.354709e+01 -2.417010e+01
     vertex  5.750000e+00 -9.356602e+01 -2.420971e+01
     vertex  8.750000e+00 -9.356602e+01 -2.420971e+01
   endloop
 endfacet
 facet normal  0.000000e+00 -9.022405e-01  4.312333e-01
   outer loop
     vertex  8.750000e+00 -9.354709e+01 -2.417010e+01
     vertex  5.750000e+00 -9.354709e+01 -2.417010e+01
     vertex  5.750000e+00 -9.356602e+01 -2.420971e+01
   endloop
 endfacet
 facet normal  0.000000e+00 -9.137314e-01  4.063188e-01
   outer loop
     vertex  8.750000e+00 -9.352925e+01 -2.412999e+01
     vertex  5.750000e+00 -9.354709e+01 -2.417010e+01
     vertex  8.750000e+00 -9.354709e+01 -2.417010e+01
   endloop
 endfacet
 facet normal  0.000000e+00 -9.137314e-01  4.063188e-01
   outer loop
     vertex  8.750000e+00 -9.352925e+01 -2.412999e+01
     vertex  5.750000e+00 -9.352925e+01 -2.412999e+01
     vertex  5.750000e+00 -9.354709e+01 -2.417010e+01
   endloop
 endfacet
 facet normal  0.000000e+00 -9.245344e-01  3.810986e-01
   outer loop
     vertex  8.750000e+00 -9.352925e+01 -2.412999e+01
     vertex  5.750000e+00 -9.351252e+01 -2.408941e+01
     vertex  5.750000e+00 -9.352925e+01 -2.412999e+01
   endloop
 endfacet
 facet normal  0.000000e+00 -9.245344e-01  3.810986e-01
   outer loop
     vertex  8.750000e+00 -9.351252e+01 -2.408941e+01
     vertex  5.750000e+00 -9.351252e+01 -2.408941e+01
     vertex  8.750000e+00 -9.352925e+01 -2.412999e+01
   endloop
 endfacet
 facet normal  0.000000e+00 -9.346415e-01  3.555914e-01
   outer loop
     vertex  8.750000e+00 -9.349691e+01 -2.404838e+01
     vertex  5.750000e+00 -9.349691e+01 -2.404838e+01
     vertex  5.750000e+00 -9.351252e+01 -2.408941e+01
   endloop
 endfacet
 facet normal  0.000000e+00 -9.346415e-01  3.555914e-01
   outer loop
     vertex  8.750000e+00 -9.349691e+01 -2.404838e+01
     vertex  5.750000e+00 -9.351252e+01 -2.408941e+01
     vertex  8.750000e+00 -9.351252e+01 -2.408941e+01
   endloop
 endfacet
 facet normal  0.000000e+00 -9.440450e-01  3.298166e-01
   outer loop
     vertex  8.750000e+00 -9.348243e+01 -2.400694e+01
     vertex  5.750000e+00 -9.348243e+01 -2.400694e+01
     vertex  5.750000e+00 -9.349691e+01 -2.404838e+01
   endloop
 endfacet
 facet normal  0.000000e+00 -9.527379e-01  3.037934e-01
   outer loop
     vertex  8.750000e+00 -9.348243e+01 -2.400694e+01
     vertex  5.750000e+00 -9.346909e+01 -2.396511e+01
     vertex  5.750000e+00 -9.348243e+01 -2.400694e+01
   endloop
 endfacet
 facet normal  0.000000e+00 -9.440450e-01  3.298166e-01
   outer loop
     vertex  8.750000e+00 -9.348243e+01 -2.400694e+01
     vertex  5.750000e+00 -9.349691e+01 -2.404838e+01
     vertex  8.750000e+00 -9.349691e+01 -2.404838e+01
   endloop
 endfacet
 facet normal  0.000000e+00 -9.607136e-01  2.775416e-01
   outer loop
     vertex  8.750000e+00 -9.346909e+01 -2.396511e+01
     vertex  5.750000e+00 -9.345691e+01 -2.392294e+01
     vertex  5.750000e+00 -9.346909e+01 -2.396511e+01
   endloop
 endfacet
 facet normal  0.000000e+00 -9.527379e-01  3.037934e-01
   outer loop
     vertex  8.750000e+00 -9.346909e+01 -2.396511e+01
     vertex  5.750000e+00 -9.346909e+01 -2.396511e+01
     vertex  8.750000e+00 -9.348243e+01 -2.400694e+01
   endloop
 endfacet
 facet normal  0.000000e+00 -9.607136e-01  2.775416e-01
   outer loop
     vertex  8.750000e+00 -9.345691e+01 -2.392294e+01
     vertex  5.750000e+00 -9.345691e+01 -2.392294e+01
     vertex  8.750000e+00 -9.346909e+01 -2.396511e+01
   endloop
 endfacet
 facet normal  0.000000e+00 -9.679661e-01  2.510809e-01
   outer loop
     vertex  8.750000e+00 -9.344589e+01 -2.388045e+01
     vertex  5.750000e+00 -9.345691e+01 -2.392294e+01
     vertex  8.750000e+00 -9.345691e+01 -2.392294e+01
   endloop
 endfacet
 facet normal  0.000000e+00 -9.679661e-01  2.510809e-01
   outer loop
     vertex  8.750000e+00 -9.344589e+01 -2.388045e+01
     vertex  5.750000e+00 -9.344589e+01 -2.388045e+01
     vertex  5.750000e+00 -9.345691e+01 -2.392294e+01
   endloop
 endfacet
 facet normal  0.000000e+00 -9.744899e-01  2.244312e-01
   outer loop
     vertex  8.750000e+00 -9.344589e+01 -2.388045e+01
     vertex  5.750000e+00 -9.343604e+01 -2.383767e+01
     vertex  5.750000e+00 -9.344589e+01 -2.388045e+01
   endloop
 endfacet
 facet normal  0.000000e+00 -9.744899e-01  2.244312e-01
   outer loop
     vertex  8.750000e+00 -9.343604e+01 -2.383767e+01
     vertex  5.750000e+00 -9.343604e+01 -2.383767e+01
     vertex  8.750000e+00 -9.344589e+01 -2.388045e+01
   endloop
 endfacet
 facet normal  0.000000e+00 -9.802802e-01  1.976125e-01
   outer loop
     vertex  8.750000e+00 -9.342736e+01 -2.379463e+01
     vertex  5.750000e+00 -9.343604e+01 -2.383767e+01
     vertex  8.750000e+00 -9.343604e+01 -2.383767e+01
   endloop
 endfacet
 facet normal  0.000000e+00 -9.802802e-01  1.976125e-01
   outer loop
     vertex  8.750000e+00 -9.342736e+01 -2.379463e+01
     vertex  5.750000e+00 -9.342736e+01 -2.379463e+01
     vertex  5.750000e+00 -9.343604e+01 -2.383767e+01
   endloop
 endfacet
 facet normal  0.000000e+00 -9.853326e-01  1.706451e-01
   outer loop
     vertex  8.750000e+00 -9.342736e+01 -2.379463e+01
     vertex  5.750000e+00 -9.341987e+01 -2.375138e+01
     vertex  5.750000e+00 -9.342736e+01 -2.379463e+01
   endloop
 endfacet
 facet normal  0.000000e+00 -9.853326e-01  1.706451e-01
   outer loop
     vertex  8.750000e+00 -9.341987e+01 -2.375138e+01
     vertex  5.750000e+00 -9.341987e+01 -2.375138e+01
     vertex  8.750000e+00 -9.342736e+01 -2.379463e+01
   endloop
 endfacet
 facet normal  0.000000e+00 -9.896432e-01  1.435492e-01
   outer loop
     vertex  8.750000e+00 -9.341987e+01 -2.375138e+01
     vertex  5.750000e+00 -9.341357e+01 -2.370794e+01
     vertex  5.750000e+00 -9.341987e+01 -2.375138e+01
   endloop
 endfacet
 facet normal  0.000000e+00 -9.896432e-01  1.435492e-01
   outer loop
     vertex  8.750000e+00 -9.341357e+01 -2.370794e+01
     vertex  5.750000e+00 -9.341357e+01 -2.370794e+01
     vertex  8.750000e+00 -9.341987e+01 -2.375138e+01
   endloop
 endfacet
 facet normal  0.000000e+00 -9.932088e-01  1.163452e-01
   outer loop
     vertex  8.750000e+00 -9.341357e+01 -2.370794e+01
     vertex  5.750000e+00 -9.340846e+01 -2.366433e+01
     vertex  5.750000e+00 -9.341357e+01 -2.370794e+01
   endloop
 endfacet
 facet normal  0.000000e+00 -9.932088e-01  1.163452e-01
   outer loop
     vertex  8.750000e+00 -9.340846e+01 -2.366433e+01
     vertex  5.750000e+00 -9.340846e+01 -2.366433e+01
     vertex  8.750000e+00 -9.341357e+01 -2.370794e+01
   endloop
 endfacet
 facet normal  0.000000e+00 -9.960268e-01  8.905371e-02
   outer loop
     vertex  8.750000e+00 -9.340455e+01 -2.362061e+01
     vertex  5.750000e+00 -9.340846e+01 -2.366433e+01
     vertex  8.750000e+00 -9.340846e+01 -2.366433e+01
   endloop
 endfacet
 facet normal  0.000000e+00 -9.960268e-01  8.905371e-02
   outer loop
     vertex  8.750000e+00 -9.340455e+01 -2.362061e+01
     vertex  5.750000e+00 -9.340455e+01 -2.362061e+01
     vertex  5.750000e+00 -9.340846e+01 -2.366433e+01
   endloop
 endfacet
 facet normal  0.000000e+00 -9.980950e-01  6.169515e-02
   outer loop
     vertex  8.750000e+00 -9.340455e+01 -2.362061e+01
     vertex  5.750000e+00 -9.340184e+01 -2.357680e+01
     vertex  5.750000e+00 -9.340455e+01 -2.362061e+01
   endloop
 endfacet
 facet normal  0.000000e+00 -9.980950e-01  6.169515e-02
   outer loop
     vertex  8.750000e+00 -9.340184e+01 -2.357680e+01
     vertex  5.750000e+00 -9.340184e+01 -2.357680e+01
     vertex  8.750000e+00 -9.340455e+01 -2.362061e+01
   endloop
 endfacet
 facet normal  0.000000e+00 -9.994119e-01  3.429014e-02
   outer loop
     vertex  8.750000e+00 -9.340034e+01 -2.353292e+01
     vertex  5.750000e+00 -9.340184e+01 -2.357680e+01
     vertex  8.750000e+00 -9.340184e+01 -2.357680e+01
   endloop
 endfacet
 facet normal  0.000000e+00 -9.994119e-01  3.429014e-02
   outer loop
     vertex  8.750000e+00 -9.340034e+01 -2.353292e+01
     vertex  5.750000e+00 -9.340034e+01 -2.353292e+01
     vertex  5.750000e+00 -9.340184e+01 -2.357680e+01
   endloop
 endfacet
 facet normal  0.000000e+00 -9.999765e-01  6.859319e-03
   outer loop
     vertex  8.750000e+00 -9.340034e+01 -2.353292e+01
     vertex  5.750000e+00 -9.340004e+01 -2.348903e+01
     vertex  5.750000e+00 -9.340034e+01 -2.353292e+01
   endloop
 endfacet
 facet normal  0.000000e+00 -9.999765e-01  6.859319e-03
   outer loop
     vertex  8.750000e+00 -9.340004e+01 -2.348903e+01
     vertex  5.750000e+00 -9.340004e+01 -2.348903e+01
     vertex  8.750000e+00 -9.340034e+01 -2.353292e+01
   endloop
 endfacet
 facet normal -0.000000e+00 -9.988475e-01 -4.799716e-02
   outer loop
     vertex  8.750000e+00 -9.340094e+01 -2.344514e+01
     vertex  5.750000e+00 -9.340305e+01 -2.340129e+01
     vertex  5.750000e+00 -9.340094e+01 -2.344514e+01
   endloop
 endfacet
 facet normal  0.000000e+00 -9.997883e-01 -2.057667e-02
   outer loop
     vertex  8.750000e+00 -9.340094e+01 -2.344514e+01
     vertex  5.750000e+00 -9.340004e+01 -2.348903e+01
     vertex  8.750000e+00 -9.340004e+01 -2.348903e+01
   endloop
 endfacet
 facet normal -0.000000e+00 -9.997883e-01 -2.057667e-02
   outer loop
     vertex  8.750000e+00 -9.340094e+01 -2.344514e+01
     vertex  5.750000e+00 -9.340094e+01 -2.344514e+01
     vertex  5.750000e+00 -9.340004e+01 -2.348903e+01
   endloop
 endfacet
 facet normal -0.000000e+00 -9.988475e-01 -4.799716e-02
   outer loop
     vertex  8.750000e+00 -9.340305e+01 -2.340129e+01
     vertex  5.750000e+00 -9.340305e+01 -2.340129e+01
     vertex  8.750000e+00 -9.340094e+01 -2.344514e+01
   endloop
 endfacet
 facet normal -0.000000e+00 -9.971548e-01 -7.538152e-02
   outer loop
     vertex  8.750000e+00 -9.340636e+01 -2.335751e+01
     vertex  5.750000e+00 -9.340636e+01 -2.335751e+01
     vertex  5.750000e+00 -9.340305e+01 -2.340129e+01
   endloop
 endfacet
 facet normal  0.000000e+00 -9.971548e-01 -7.538152e-02
   outer loop
     vertex  8.750000e+00 -9.340636e+01 -2.335751e+01
     vertex  5.750000e+00 -9.340305e+01 -2.340129e+01
     vertex  8.750000e+00 -9.340305e+01 -2.340129e+01
   endloop
 endfacet
 facet normal -0.000000e+00 -9.947114e-01 -1.027091e-01
   outer loop
     vertex  8.750000e+00 -9.341087e+01 -2.331385e+01
     vertex  5.750000e+00 -9.341087e+01 -2.331385e+01
     vertex  5.750000e+00 -9.340636e+01 -2.335751e+01
   endloop
 endfacet
 facet normal  0.000000e+00 -9.947114e-01 -1.027091e-01
   outer loop
     vertex  8.750000e+00 -9.341087e+01 -2.331385e+01
     vertex  5.750000e+00 -9.340636e+01 -2.335751e+01
     vertex  8.750000e+00 -9.340636e+01 -2.335751e+01
   endloop
 endfacet
 facet normal -0.000000e+00 -9.915193e-01 -1.299594e-01
   outer loop
     vertex  8.750000e+00 -9.341657e+01 -2.327032e+01
     vertex  5.750000e+00 -9.341657e+01 -2.327032e+01
     vertex  5.750000e+00 -9.341087e+01 -2.331385e+01
   endloop
 endfacet
 facet normal  0.000000e+00 -9.915193e-01 -1.299594e-01
   outer loop
     vertex  8.750000e+00 -9.341657e+01 -2.327032e+01
     vertex  5.750000e+00 -9.341087e+01 -2.331385e+01
     vertex  8.750000e+00 -9.341087e+01 -2.331385e+01
   endloop
 endfacet
 facet normal -0.000000e+00 -9.875808e-01 -1.571119e-01
   outer loop
     vertex  8.750000e+00 -9.342347e+01 -2.322697e+01
     vertex  5.750000e+00 -9.342347e+01 -2.322697e+01
     vertex  5.750000e+00 -9.341657e+01 -2.327032e+01
   endloop
 endfacet
 facet normal -0.000000e+00 -9.828989e-01 -1.841461e-01
   outer loop
     vertex  8.750000e+00 -9.342347e+01 -2.322697e+01
     vertex  5.750000e+00 -9.343155e+01 -2.318382e+01
     vertex  5.750000e+00 -9.342347e+01 -2.322697e+01
   endloop
 endfacet
 facet normal  0.000000e+00 -9.875808e-01 -1.571119e-01
   outer loop
     vertex  8.750000e+00 -9.342347e+01 -2.322697e+01
     vertex  5.750000e+00 -9.341657e+01 -2.327032e+01
     vertex  8.750000e+00 -9.341657e+01 -2.327032e+01
   endloop
 endfacet
 facet normal -0.000000e+00 -9.774771e-01 -2.110417e-01
   outer loop
     vertex  8.750000e+00 -9.343155e+01 -2.318382e+01
     vertex  5.750000e+00 -9.344082e+01 -2.314091e+01
     vertex  5.750000e+00 -9.343155e+01 -2.318382e+01
   endloop
 endfacet
 facet normal -0.000000e+00 -9.828989e-01 -1.841461e-01
   outer loop
     vertex  8.750000e+00 -9.343155e+01 -2.318382e+01
     vertex  5.750000e+00 -9.343155e+01 -2.318382e+01
     vertex  8.750000e+00 -9.342347e+01 -2.322697e+01
   endloop
 endfacet
 facet normal -0.000000e+00 -9.713194e-01 -2.377784e-01
   outer loop
     vertex  8.750000e+00 -9.344082e+01 -2.314091e+01
     vertex  5.750000e+00 -9.345125e+01 -2.309827e+01
     vertex  5.750000e+00 -9.344082e+01 -2.314091e+01
   endloop
 endfacet
 facet normal -0.000000e+00 -9.774771e-01 -2.110417e-01
   outer loop
     vertex  8.750000e+00 -9.344082e+01 -2.314091e+01
     vertex  5.750000e+00 -9.344082e+01 -2.314091e+01
     vertex  8.750000e+00 -9.343155e+01 -2.318382e+01
   endloop
 endfacet
 facet normal -0.000000e+00 -9.644306e-01 -2.643362e-01
   outer loop
     vertex  8.750000e+00 -9.345125e+01 -2.309827e+01
     vertex  5.750000e+00 -9.346286e+01 -2.305593e+01
     vertex  5.750000e+00 -9.345125e+01 -2.309827e+01
   endloop
 endfacet
 facet normal -0.000000e+00 -9.713194e-01 -2.377784e-01
   outer loop
     vertex  8.750000e+00 -9.345125e+01 -2.309827e+01
     vertex  5.750000e+00 -9.345125e+01 -2.309827e+01
     vertex  8.750000e+00 -9.344082e+01 -2.314091e+01
   endloop
 endfacet
 facet normal -0.000000e+00 -9.644306e-01 -2.643362e-01
   outer loop
     vertex  8.750000e+00 -9.346286e+01 -2.305593e+01
     vertex  5.750000e+00 -9.346286e+01 -2.305593e+01
     vertex  8.750000e+00 -9.345125e+01 -2.309827e+01
   endloop
 endfacet
 facet normal -0.000000e+00 -9.568158e-01 -2.906949e-01
   outer loop
     vertex  8.750000e+00 -9.347562e+01 -2.301393e+01
     vertex  5.750000e+00 -9.347562e+01 -2.301393e+01
     vertex  5.750000e+00 -9.346286e+01 -2.305593e+01
   endloop
 endfacet
 facet normal  0.000000e+00 -9.568158e-01 -2.906949e-01
   outer loop
     vertex  8.750000e+00 -9.347562e+01 -2.301393e+01
     vertex  5.750000e+00 -9.346286e+01 -2.305593e+01
     vertex  8.750000e+00 -9.346286e+01 -2.305593e+01
   endloop
 endfacet
 facet normal -0.000000e+00 -9.484807e-01 -3.168348e-01
   outer loop
     vertex  8.750000e+00 -9.348953e+01 -2.297229e+01
     vertex  5.750000e+00 -9.348953e+01 -2.297229e+01
     vertex  5.750000e+00 -9.347562e+01 -2.301393e+01
   endloop
 endfacet
 facet normal -0.000000e+00 -9.394317e-01 -3.427362e-01
   outer loop
     vertex  8.750000e+00 -9.348953e+01 -2.297229e+01
     vertex  5.750000e+00 -9.350457e+01 -2.293105e+01
     vertex  5.750000e+00 -9.348953e+01 -2.297229e+01
   endloop
 endfacet
 facet normal  0.000000e+00 -9.484807e-01 -3.168348e-01
   outer loop
     vertex  8.750000e+00 -9.348953e+01 -2.297229e+01
     vertex  5.750000e+00 -9.347562e+01 -2.301393e+01
     vertex  8.750000e+00 -9.347562e+01 -2.301393e+01
   endloop
 endfacet
 facet normal -0.000000e+00 -9.394317e-01 -3.427362e-01
   outer loop
     vertex  8.750000e+00 -9.350457e+01 -2.293105e+01
     vertex  5.750000e+00 -9.350457e+01 -2.293105e+01
     vertex  8.750000e+00 -9.348953e+01 -2.297229e+01
   endloop
 endfacet
 facet normal -0.000000e+00 -9.296754e-01 -3.683796e-01
   outer loop
     vertex  8.750000e+00 -9.352074e+01 -2.289024e+01
     vertex  5.750000e+00 -9.352074e+01 -2.289024e+01
     vertex  5.750000e+00 -9.350457e+01 -2.293105e+01
   endloop
 endfacet
 facet normal  0.000000e+00 -9.296754e-01 -3.683796e-01
   outer loop
     vertex  8.750000e+00 -9.352074e+01 -2.289024e+01
     vertex  5.750000e+00 -9.350457e+01 -2.293105e+01
     vertex  8.750000e+00 -9.350457e+01 -2.293105e+01
   endloop
 endfacet
 facet normal  0.000000e+00 -9.192194e-01 -3.937458e-01
   outer loop
     vertex  8.750000e+00 -9.353803e+01 -2.284989e+01
     vertex  5.750000e+00 -9.352074e+01 -2.289024e+01
     vertex  8.750000e+00 -9.352074e+01 -2.289024e+01
   endloop
 endfacet
 facet normal -0.000000e+00 -9.192194e-01 -3.937458e-01
   outer loop
     vertex  8.750000e+00 -9.353803e+01 -2.284989e+01
     vertex  5.750000e+00 -9.353803e+01 -2.284989e+01
     vertex  5.750000e+00 -9.352074e+01 -2.289024e+01
   endloop
 endfacet
 facet normal -0.000000e+00 -9.080714e-01 -4.188155e-01
   outer loop
     vertex  8.750000e+00 -9.353803e+01 -2.284989e+01
     vertex  5.750000e+00 -9.355642e+01 -2.281003e+01
     vertex  5.750000e+00 -9.353803e+01 -2.284989e+01
   endloop
 endfacet
 facet normal -0.000000e+00 -9.080714e-01 -4.188155e-01
   outer loop
     vertex  8.750000e+00 -9.355642e+01 -2.281003e+01
     vertex  5.750000e+00 -9.355642e+01 -2.281003e+01
     vertex  8.750000e+00 -9.353803e+01 -2.284989e+01
   endloop
 endfacet
 facet normal -0.000000e+00 -8.962398e-01 -4.435699e-01
   outer loop
     vertex  8.750000e+00 -9.357589e+01 -2.277068e+01
     vertex  5.750000e+00 -9.357589e+01 -2.277068e+01
     vertex  5.750000e+00 -9.355642e+01 -2.281003e+01
   endloop
 endfacet
 facet normal -0.000000e+00 -8.837335e-01 -4.679904e-01
   outer loop
     vertex  8.750000e+00 -9.357589e+01 -2.277068e+01
     vertex  5.750000e+00 -9.359643e+01 -2.273189e+01
     vertex  5.750000e+00 -9.357589e+01 -2.277068e+01
   endloop
 endfacet
 facet normal  0.000000e+00 -8.962398e-01 -4.435699e-01
   outer loop
     vertex  8.750000e+00 -9.357589e+01 -2.277068e+01
     vertex  5.750000e+00 -9.355642e+01 -2.281003e+01
     vertex  8.750000e+00 -9.355642e+01 -2.281003e+01
   endloop
 endfacet
 facet normal -0.000000e+00 -8.837335e-01 -4.679904e-01
   outer loop
     vertex  8.750000e+00 -9.359643e+01 -2.273189e+01
     vertex  5.750000e+00 -9.359643e+01 -2.273189e+01
     vertex  8.750000e+00 -9.357589e+01 -2.277068e+01
   endloop
 endfacet
 facet normal -0.000000e+00 -8.705620e-01 -4.920587e-01
   outer loop
     vertex  8.750000e+00 -9.359643e+01 -2.273189e+01
     vertex  5.750000e+00 -9.361803e+01 -2.269367e+01
     vertex  5.750000e+00 -9.359643e+01 -2.273189e+01
   endloop
 endfacet
 facet normal -0.000000e+00 -8.705620e-01 -4.920587e-01
   outer loop
     vertex  8.750000e+00 -9.361803e+01 -2.269367e+01
     vertex  5.750000e+00 -9.361803e+01 -2.269367e+01
     vertex  8.750000e+00 -9.359643e+01 -2.273189e+01
   endloop
 endfacet
 facet normal -0.000000e+00 -8.567352e-01 -5.157565e-01
   outer loop
     vertex  8.750000e+00 -9.361803e+01 -2.269367e+01
     vertex  5.750000e+00 -9.364067e+01 -2.265606e+01
     vertex  5.750000e+00 -9.361803e+01 -2.269367e+01
   endloop
 endfacet
 facet normal -0.000000e+00 -8.567352e-01 -5.157565e-01
   outer loop
     vertex  8.750000e+00 -9.364067e+01 -2.265606e+01
     vertex  5.750000e+00 -9.364067e+01 -2.265606e+01
     vertex  8.750000e+00 -9.361803e+01 -2.269367e+01
   endloop
 endfacet
 facet normal -0.000000e+00 -8.422635e-01 -5.390661e-01
   outer loop
     vertex  8.750000e+00 -9.366434e+01 -2.261909e+01
     vertex  5.750000e+00 -9.366434e+01 -2.261909e+01
     vertex  5.750000e+00 -9.364067e+01 -2.265606e+01
   endloop
 endfacet
 facet normal  0.000000e+00 -8.422635e-01 -5.390661e-01
   outer loop
     vertex  8.750000e+00 -9.366434e+01 -2.261909e+01
     vertex  5.750000e+00 -9.364067e+01 -2.265606e+01
     vertex  8.750000e+00 -9.364067e+01 -2.265606e+01
   endloop
 endfacet
 facet normal -0.000000e+00 -8.271577e-01 -5.619699e-01
   outer loop
     vertex  8.750000e+00 -9.368901e+01 -2.258278e+01
     vertex  5.750000e+00 -9.368901e+01 -2.258278e+01
     vertex  5.750000e+00 -9.366434e+01 -2.261909e+01
   endloop
 endfacet
 facet normal -0.000000e+00 -8.114292e-01 -5.844507e-01
   outer loop
     vertex  8.750000e+00 -9.368901e+01 -2.258278e+01
     vertex  5.750000e+00 -9.371466e+01 -2.254716e+01
     vertex  5.750000e+00 -9.368901e+01 -2.258278e+01
   endloop
 endfacet
 facet normal  0.000000e+00 -8.271577e-01 -5.619699e-01
   outer loop
     vertex  8.750000e+00 -9.368901e+01 -2.258278e+01
     vertex  5.750000e+00 -9.366434e+01 -2.261909e+01
     vertex  8.750000e+00 -9.366434e+01 -2.261909e+01
   endloop
 endfacet
 facet normal -0.000000e+00 -8.114292e-01 -5.844507e-01
   outer loop
     vertex  8.750000e+00 -9.371466e+01 -2.254716e+01
     vertex  5.750000e+00 -9.371466e+01 -2.254716e+01
     vertex  8.750000e+00 -9.368901e+01 -2.258278e+01
   endloop
 endfacet
 facet normal -0.000000e+00 -7.950900e-01 -6.064915e-01
   outer loop
     vertex  8.750000e+00 -9.374129e+01 -2.251225e+01
     vertex  5.750000e+00 -9.374129e+01 -2.251225e+01
     vertex  5.750000e+00 -9.371466e+01 -2.254716e+01
   endloop
 endfacet
 facet normal -0.000000e+00 -7.781522e-01 -6.280757e-01
   outer loop
     vertex  8.750000e+00 -9.374129e+01 -2.251225e+01
     vertex  5.750000e+00 -9.376886e+01 -2.247809e+01
     vertex  5.750000e+00 -9.374129e+01 -2.251225e+01
   endloop
 endfacet
 facet normal  0.000000e+00 -7.950900e-01 -6.064915e-01
   outer loop
     vertex  8.750000e+00 -9.374129e+01 -2.251225e+01
     vertex  5.750000e+00 -9.371466e+01 -2.254716e+01
     vertex  8.750000e+00 -9.371466e+01 -2.254716e+01
   endloop
 endfacet
 facet normal -0.000000e+00 -7.781522e-01 -6.280757e-01
   outer loop
     vertex  8.750000e+00 -9.376886e+01 -2.247809e+01
     vertex  5.750000e+00 -9.376886e+01 -2.247809e+01
     vertex  8.750000e+00 -9.374129e+01 -2.251225e+01
   endloop
 endfacet
 facet normal -0.000000e+00 -7.606287e-01 -6.491872e-01
   outer loop
     vertex  8.750000e+00 -9.376886e+01 -2.247809e+01
     vertex  5.750000e+00 -9.379736e+01 -2.244470e+01
     vertex  5.750000e+00 -9.376886e+01 -2.247809e+01
   endloop
 endfacet
 facet normal -0.000000e+00 -7.606287e-01 -6.491872e-01
   outer loop
     vertex  8.750000e+00 -9.379736e+01 -2.244470e+01
     vertex  5.750000e+00 -9.379736e+01 -2.244470e+01
     vertex  8.750000e+00 -9.376886e+01 -2.247809e+01
   endloop
 endfacet
 facet normal -0.000000e+00 -7.425325e-01 -6.698100e-01
   outer loop
     vertex  8.750000e+00 -9.382676e+01 -2.241211e+01
     vertex  5.750000e+00 -9.382676e+01 -2.241211e+01
     vertex  5.750000e+00 -9.379736e+01 -2.244470e+01
   endloop
 endfacet
 facet normal  0.000000e+00 -7.425325e-01 -6.698100e-01
   outer loop
     vertex  8.750000e+00 -9.382676e+01 -2.241211e+01
     vertex  5.750000e+00 -9.379736e+01 -2.244470e+01
     vertex  8.750000e+00 -9.379736e+01 -2.244470e+01
   endloop
 endfacet
 facet normal -0.000000e+00 -7.238775e-01 -6.899286e-01
   outer loop
     vertex  8.750000e+00 -9.385705e+01 -2.238033e+01
     vertex  5.750000e+00 -9.385705e+01 -2.238033e+01
     vertex  5.750000e+00 -9.382676e+01 -2.241211e+01
   endloop
 endfacet
 facet normal  0.000000e+00 -7.238775e-01 -6.899286e-01
   outer loop
     vertex  8.750000e+00 -9.385705e+01 -2.238033e+01
     vertex  5.750000e+00 -9.382676e+01 -2.241211e+01
     vertex  8.750000e+00 -9.382676e+01 -2.241211e+01
   endloop
 endfacet
 facet normal -0.000000e+00 -7.046775e-01 -7.095278e-01
   outer loop
     vertex  8.750000e+00 -9.388820e+01 -2.234940e+01
     vertex  5.750000e+00 -9.388820e+01 -2.234940e+01
     vertex  5.750000e+00 -9.385705e+01 -2.238033e+01
   endloop
 endfacet
 facet normal  0.000000e+00 -7.046775e-01 -7.095278e-01
   outer loop
     vertex  8.750000e+00 -9.388820e+01 -2.234940e+01
     vertex  5.750000e+00 -9.385705e+01 -2.238033e+01
     vertex  8.750000e+00 -9.385705e+01 -2.238033e+01
   endloop
 endfacet
 facet normal -0.000000e+00 -6.849470e-01 -7.285929e-01
   outer loop
     vertex  8.750000e+00 -9.392018e+01 -2.231933e+01
     vertex  5.750000e+00 -9.392018e+01 -2.231933e+01
     vertex  5.750000e+00 -9.388820e+01 -2.234940e+01
   endloop
 endfacet
 facet normal  0.000000e+00 -6.849470e-01 -7.285929e-01
   outer loop
     vertex  8.750000e+00 -9.392018e+01 -2.231933e+01
     vertex  5.750000e+00 -9.388820e+01 -2.234940e+01
     vertex  8.750000e+00 -9.388820e+01 -2.234940e+01
   endloop
 endfacet
 facet normal -0.000000e+00 -6.647010e-01 -7.471095e-01
   outer loop
     vertex  8.750000e+00 -9.395298e+01 -2.229015e+01
     vertex  5.750000e+00 -9.395298e+01 -2.229015e+01
     vertex  5.750000e+00 -9.392018e+01 -2.231933e+01
   endloop
 endfacet
 facet normal  0.000000e+00 -6.647010e-01 -7.471095e-01
   outer loop
     vertex  8.750000e+00 -9.395298e+01 -2.229015e+01
     vertex  5.750000e+00 -9.392018e+01 -2.231933e+01
     vertex  8.750000e+00 -9.392018e+01 -2.231933e+01
   endloop
 endfacet
 facet normal -0.000000e+00 -6.439545e-01 -7.650637e-01
   outer loop
     vertex  8.750000e+00 -9.398656e+01 -2.226188e+01
     vertex  5.750000e+00 -9.398656e+01 -2.226188e+01
     vertex  5.750000e+00 -9.395298e+01 -2.229015e+01
   endloop
 endfacet
 facet normal  0.000000e+00 -6.439545e-01 -7.650637e-01
   outer loop
     vertex  8.750000e+00 -9.398656e+01 -2.226188e+01
     vertex  5.750000e+00 -9.395298e+01 -2.229015e+01
     vertex  8.750000e+00 -9.395298e+01 -2.229015e+01
   endloop
 endfacet
 facet normal -0.000000e+00 -6.227234e-01 -7.824421e-01
   outer loop
     vertex  8.750000e+00 -9.402091e+01 -2.223454e+01
     vertex  5.750000e+00 -9.402091e+01 -2.223454e+01
     vertex  5.750000e+00 -9.398656e+01 -2.226188e+01
   endloop
 endfacet
 facet normal  0.000000e+00 -6.227234e-01 -7.824421e-01
   outer loop
     vertex  8.750000e+00 -9.402091e+01 -2.223454e+01
     vertex  5.750000e+00 -9.398656e+01 -2.226188e+01
     vertex  8.750000e+00 -9.398656e+01 -2.226188e+01
   endloop
 endfacet
 facet normal -0.000000e+00 -6.010234e-01 -7.992314e-01
   outer loop
     vertex  8.750000e+00 -9.405600e+01 -2.220816e+01
     vertex  5.750000e+00 -9.405600e+01 -2.220816e+01
     vertex  5.750000e+00 -9.402091e+01 -2.223454e+01
   endloop
 endfacet
 facet normal  0.000000e+00 -6.010234e-01 -7.992314e-01
   outer loop
     vertex  8.750000e+00 -9.405600e+01 -2.220816e+01
     vertex  5.750000e+00 -9.402091e+01 -2.223454e+01
     vertex  8.750000e+00 -9.402091e+01 -2.223454e+01
   endloop
 endfacet
 facet normal -0.000000e+00 -5.788711e-01 -8.154191e-01
   outer loop
     vertex  8.750000e+00 -9.409179e+01 -2.218275e+01
     vertex  5.750000e+00 -9.409179e+01 -2.218275e+01
     vertex  5.750000e+00 -9.405600e+01 -2.220816e+01
   endloop
 endfacet
 facet normal -0.000000e+00 -5.562829e-01 -8.309929e-01
   outer loop
     vertex  8.750000e+00 -9.409179e+01 -2.218275e+01
     vertex  5.750000e+00 -9.412827e+01 -2.215833e+01
     vertex  5.750000e+00 -9.409179e+01 -2.218275e+01
   endloop
 endfacet
 facet normal  0.000000e+00 -5.788711e-01 -8.154191e-01
   outer loop
     vertex  8.750000e+00 -9.409179e+01 -2.218275e+01
     vertex  5.750000e+00 -9.405600e+01 -2.220816e+01
     vertex  8.750000e+00 -9.405600e+01 -2.220816e+01
   endloop
 endfacet
 facet normal -0.000000e+00 -5.562829e-01 -8.309929e-01
   outer loop
     vertex  8.750000e+00 -9.412827e+01 -2.215833e+01
     vertex  5.750000e+00 -9.412827e+01 -2.215833e+01
     vertex  8.750000e+00 -9.409179e+01 -2.218275e+01
   endloop
 endfacet
 facet normal -0.000000e+00 -5.332761e-01 -8.459413e-01
   outer loop
     vertex  8.750000e+00 -9.416541e+01 -2.213492e+01
     vertex  5.750000e+00 -9.416541e+01 -2.213492e+01
     vertex  5.750000e+00 -9.412827e+01 -2.215833e+01
   endloop
 endfacet
 facet normal -0.000000e+00 -5.098678e-01 -8.602528e-01
   outer loop
     vertex  8.750000e+00 -9.416541e+01 -2.213492e+01
     vertex  5.750000e+00 -9.420317e+01 -2.211253e+01
     vertex  5.750000e+00 -9.416541e+01 -2.213492e+01
   endloop
 endfacet
 facet normal  0.000000e+00 -5.332761e-01 -8.459413e-01
   outer loop
     vertex  8.750000e+00 -9.416541e+01 -2.213492e+01
     vertex  5.750000e+00 -9.412827e+01 -2.215833e+01
     vertex  8.750000e+00 -9.412827e+01 -2.215833e+01
   endloop
 endfacet
 facet normal -0.000000e+00 -5.098678e-01 -8.602528e-01
   outer loop
     vertex  8.750000e+00 -9.420317e+01 -2.211253e+01
     vertex  5.750000e+00 -9.420317e+01 -2.211253e+01
     vertex  8.750000e+00 -9.416541e+01 -2.213492e+01
   endloop
 endfacet
 facet normal -0.000000e+00 -4.860756e-01 -8.739167e-01
   outer loop
     vertex  8.750000e+00 -9.424153e+01 -2.209120e+01
     vertex  5.750000e+00 -9.424153e+01 -2.209120e+01
     vertex  5.750000e+00 -9.420317e+01 -2.211253e+01
   endloop
 endfacet
 facet normal  0.000000e+00 -4.860756e-01 -8.739167e-01
   outer loop
     vertex  8.750000e+00 -9.424153e+01 -2.209120e+01
     vertex  5.750000e+00 -9.420317e+01 -2.211253e+01
     vertex  8.750000e+00 -9.420317e+01 -2.211253e+01
   endloop
 endfacet
 facet normal  0.000000e+00 -4.619176e-01 -8.869228e-01
   outer loop
     vertex  8.750000e+00 -9.428047e+01 -2.207092e+01
     vertex  5.750000e+00 -9.424153e+01 -2.209120e+01
     vertex  8.750000e+00 -9.424153e+01 -2.209120e+01
   endloop
 endfacet
 facet normal -0.000000e+00 -4.619176e-01 -8.869228e-01
   outer loop
     vertex  8.750000e+00 -9.428047e+01 -2.207092e+01
     vertex  5.750000e+00 -9.428047e+01 -2.207092e+01
     vertex  5.750000e+00 -9.424153e+01 -2.209120e+01
   endloop
 endfacet
 facet normal -0.000000e+00 -4.374119e-01 -8.992613e-01
   outer loop
     vertex  8.750000e+00 -9.428047e+01 -2.207092e+01
     vertex  5.750000e+00 -9.431995e+01 -2.205172e+01
     vertex  5.750000e+00 -9.428047e+01 -2.207092e+01
   endloop
 endfacet
 facet normal -0.000000e+00 -4.374119e-01 -8.992613e-01
   outer loop
     vertex  8.750000e+00 -9.431995e+01 -2.205172e+01
     vertex  5.750000e+00 -9.431995e+01 -2.205172e+01
     vertex  8.750000e+00 -9.428047e+01 -2.207092e+01
   endloop
 endfacet
 facet normal  0.000000e+00 -4.125769e-01 -9.109228e-01
   outer loop
     vertex  8.750000e+00 -9.435993e+01 -2.203360e+01
     vertex  5.750000e+00 -9.431995e+01 -2.205172e+01
     vertex  8.750000e+00 -9.431995e+01 -2.205172e+01
   endloop
 endfacet
 facet normal -0.000000e+00 -4.125769e-01 -9.109228e-01
   outer loop
     vertex  8.750000e+00 -9.435993e+01 -2.203360e+01
     vertex  5.750000e+00 -9.435993e+01 -2.203360e+01
     vertex  5.750000e+00 -9.431995e+01 -2.205172e+01
   endloop
 endfacet
 facet normal  0.000000e+00 -3.874313e-01 -9.218986e-01
   outer loop
     vertex  8.750000e+00 -9.440040e+01 -2.201660e+01
     vertex  5.750000e+00 -9.435993e+01 -2.203360e+01
     vertex  8.750000e+00 -9.435993e+01 -2.203360e+01
   endloop
 endfacet
 facet normal -0.000000e+00 -3.874313e-01 -9.218986e-01
   outer loop
     vertex  8.750000e+00 -9.440040e+01 -2.201660e+01
     vertex  5.750000e+00 -9.440040e+01 -2.201660e+01
     vertex  5.750000e+00 -9.435993e+01 -2.203360e+01
   endloop
 endfacet
 facet normal  0.000000e+00 -3.619940e-01 -9.321804e-01
   outer loop
     vertex  8.750000e+00 -9.444132e+01 -2.200071e+01
     vertex  5.750000e+00 -9.440040e+01 -2.201660e+01
     vertex  8.750000e+00 -9.440040e+01 -2.201660e+01
   endloop
 endfacet
 facet normal -0.000000e+00 -3.619940e-01 -9.321804e-01
   outer loop
     vertex  8.750000e+00 -9.444132e+01 -2.200071e+01
     vertex  5.750000e+00 -9.444132e+01 -2.200071e+01
     vertex  5.750000e+00 -9.440040e+01 -2.201660e+01
   endloop
 endfacet
 facet normal  0.000000e+00 -3.362843e-01 -9.417605e-01
   outer loop
     vertex  8.750000e+00 -9.448267e+01 -2.198594e+01
     vertex  5.750000e+00 -9.444132e+01 -2.200071e+01
     vertex  8.750000e+00 -9.444132e+01 -2.200071e+01
   endloop
 endfacet
 facet normal -0.000000e+00 -3.362843e-01 -9.417605e-01
   outer loop
     vertex  8.750000e+00 -9.448267e+01 -2.198594e+01
     vertex  5.750000e+00 -9.448267e+01 -2.198594e+01
     vertex  5.750000e+00 -9.444132e+01 -2.200071e+01
   endloop
 endfacet
 facet normal  0.000000e+00 -3.103214e-01 -9.506317e-01
   outer loop
     vertex  8.750000e+00 -9.452440e+01 -2.197232e+01
     vertex  5.750000e+00 -9.448267e+01 -2.198594e+01
     vertex  8.750000e+00 -9.448267e+01 -2.198594e+01
   endloop
 endfacet
 facet normal -0.000000e+00 -3.103214e-01 -9.506317e-01
   outer loop
     vertex  8.750000e+00 -9.452440e+01 -2.197232e+01
     vertex  5.750000e+00 -9.452440e+01 -2.197232e+01
     vertex  5.750000e+00 -9.448267e+01 -2.198594e+01
   endloop
 endfacet
 facet normal -0.000000e+00 -2.841250e-01 -9.587873e-01
   outer loop
     vertex  8.750000e+00 -9.452440e+01 -2.197232e+01
     vertex  5.750000e+00 -9.456649e+01 -2.195985e+01
     vertex  5.750000e+00 -9.452440e+01 -2.197232e+01
   endloop
 endfacet
 facet normal -0.000000e+00 -2.841250e-01 -9.587873e-01
   outer loop
     vertex  8.750000e+00 -9.456649e+01 -2.195985e+01
     vertex  5.750000e+00 -9.456649e+01 -2.195985e+01
     vertex  8.750000e+00 -9.452440e+01 -2.197232e+01
   endloop
 endfacet
 facet normal  0.000000e+00 -2.577146e-01 -9.662211e-01
   outer loop
     vertex  8.750000e+00 -9.460890e+01 -2.194854e+01
     vertex  5.750000e+00 -9.456649e+01 -2.195985e+01
     vertex  8.750000e+00 -9.456649e+01 -2.195985e+01
   endloop
 endfacet
 facet normal -0.000000e+00 -2.577146e-01 -9.662211e-01
   outer loop
     vertex  8.750000e+00 -9.460890e+01 -2.194854e+01
     vertex  5.750000e+00 -9.460890e+01 -2.194854e+01
     vertex  5.750000e+00 -9.456649e+01 -2.195985e+01
   endloop
 endfacet
 facet normal  0.000000e+00 -2.311102e-01 -9.729276e-01
   outer loop
     vertex  8.750000e+00 -9.465161e+01 -2.193839e+01
     vertex  5.750000e+00 -9.460890e+01 -2.194854e+01
     vertex  8.750000e+00 -9.460890e+01 -2.194854e+01
   endloop
 endfacet
 facet normal -0.000000e+00 -2.311102e-01 -9.729276e-01
   outer loop
     vertex  8.750000e+00 -9.465161e+01 -2.193839e+01
     vertex  5.750000e+00 -9.465161e+01 -2.193839e+01
     vertex  5.750000e+00 -9.460890e+01 -2.194854e+01
   endloop
 endfacet
 facet normal  0.000000e+00 -2.043319e-01 -9.789017e-01
   outer loop
     vertex  8.750000e+00 -9.469459e+01 -2.192942e+01
     vertex  5.750000e+00 -9.465161e+01 -2.193839e+01
     vertex  8.750000e+00 -9.465161e+01 -2.193839e+01
   endloop
 endfacet
 facet normal -0.000000e+00 -2.043319e-01 -9.789017e-01
   outer loop
     vertex  8.750000e+00 -9.469459e+01 -2.192942e+01
     vertex  5.750000e+00 -9.469459e+01 -2.192942e+01
     vertex  5.750000e+00 -9.465161e+01 -2.193839e+01
   endloop
 endfacet
 facet normal  0.000000e+00 -1.773998e-01 -9.841389e-01
   outer loop
     vertex  8.750000e+00 -9.473779e+01 -2.192163e+01
     vertex  5.750000e+00 -9.469459e+01 -2.192942e+01
     vertex  8.750000e+00 -9.469459e+01 -2.192942e+01
   endloop
 endfacet
 facet normal -0.000000e+00 -1.773998e-01 -9.841389e-01
   outer loop
     vertex  8.750000e+00 -9.473779e+01 -2.192163e+01
     vertex  5.750000e+00 -9.473779e+01 -2.192163e+01
     vertex  5.750000e+00 -9.469459e+01 -2.192942e+01
   endloop
 endfacet
 facet normal  0.000000e+00 -1.503341e-01 -9.886353e-01
   outer loop
     vertex  8.750000e+00 -9.478119e+01 -2.191503e+01
     vertex  5.750000e+00 -9.473779e+01 -2.192163e+01
     vertex  8.750000e+00 -9.473779e+01 -2.192163e+01
   endloop
 endfacet
 facet normal -0.000000e+00 -1.503341e-01 -9.886353e-01
   outer loop
     vertex  8.750000e+00 -9.478119e+01 -2.191503e+01
     vertex  5.750000e+00 -9.478119e+01 -2.191503e+01
     vertex  5.750000e+00 -9.473779e+01 -2.192163e+01
   endloop
 endfacet
 facet normal -0.000000e+00 -1.231552e-01 -9.923874e-01
   outer loop
     vertex  8.750000e+00 -9.478119e+01 -2.191503e+01
     vertex  5.750000e+00 -9.482475e+01 -2.190963e+01
     vertex  5.750000e+00 -9.478119e+01 -2.191503e+01
   endloop
 endfacet
 facet normal -0.000000e+00 -1.231552e-01 -9.923874e-01
   outer loop
     vertex  8.750000e+00 -9.482475e+01 -2.190963e+01
     vertex  5.750000e+00 -9.482475e+01 -2.190963e+01
     vertex  8.750000e+00 -9.478119e+01 -2.191503e+01
   endloop
 endfacet
 facet normal -0.000000e+00 -9.588368e-02 -9.953925e-01
   outer loop
     vertex  8.750000e+00 -9.486845e+01 -2.190542e+01
     vertex  5.750000e+00 -9.486845e+01 -2.190542e+01
     vertex  5.750000e+00 -9.482475e+01 -2.190963e+01
   endloop
 endfacet
 facet normal -0.000000e+00 -6.853995e-02 -9.976484e-01
   outer loop
     vertex  8.750000e+00 -9.486845e+01 -2.190542e+01
     vertex  5.750000e+00 -9.491224e+01 -2.190241e+01
     vertex  5.750000e+00 -9.486845e+01 -2.190542e+01
   endloop
 endfacet
 facet normal  0.000000e+00 -9.588368e-02 -9.953925e-01
   outer loop
     vertex  8.750000e+00 -9.486845e+01 -2.190542e+01
     vertex  5.750000e+00 -9.482475e+01 -2.190963e+01
     vertex  8.750000e+00 -9.482475e+01 -2.190963e+01
   endloop
 endfacet
 facet normal -0.000000e+00 -6.853995e-02 -9.976484e-01
   outer loop
     vertex  8.750000e+00 -9.491224e+01 -2.190241e+01
     vertex  5.750000e+00 -9.491224e+01 -2.190241e+01
     vertex  8.750000e+00 -9.486845e+01 -2.190542e+01
   endloop
 endfacet
 facet normal -0.000000e+00 -4.114462e-02 -9.991532e-01
   outer loop
     vertex  8.750000e+00 -9.495611e+01 -2.190060e+01
     vertex  5.750000e+00 -9.495611e+01 -2.190060e+01
     vertex  5.750000e+00 -9.491224e+01 -2.190241e+01
   endloop
 endfacet
 facet normal  0.000000e+00 -4.114462e-02 -9.991532e-01
   outer loop
     vertex  8.750000e+00 -9.495611e+01 -2.190060e+01
     vertex  5.750000e+00 -9.491224e+01 -2.190241e+01
     vertex  8.750000e+00 -9.491224e+01 -2.190241e+01
   endloop
 endfacet
 facet normal -0.000000e+00 -1.371831e-02 -9.999059e-01
   outer loop
     vertex  8.750000e+00 -9.500000e+01 -2.190000e+01
     vertex  5.750000e+00 -9.500000e+01 -2.190000e+01
     vertex  5.750000e+00 -9.495611e+01 -2.190060e+01
   endloop
 endfacet
 facet normal  0.000000e+00 -1.371831e-02 -9.999059e-01
   outer loop
     vertex  8.750000e+00 -9.500000e+01 -2.190000e+01
     vertex  5.750000e+00 -9.495611e+01 -2.190060e+01
     vertex  8.750000e+00 -9.495611e+01 -2.190060e+01
   endloop
 endfacet
endsolid
